날짜,시가,고가,저가,종가,거래량,매수_기관합계,매수_기타법인,매수_개인,매수_외국인합계,매도_기관합계,매도_기타법인,매도_개인,매도_외국인합계,전체,predictable
2016-11-01,196360.0,196360.0,196360.0,196360.0,4820808.0,115242680000.0,11809235000.0,597099000000.0,279191260000.0,209045180000.0,21093720000.0,594836600000.0,178366710000.0,1003342200000.0,0
2016-11-02,196360.0,196360.0,196360.0,196360.0,4820808.0,115242680000.0,11809235000.0,597099000000.0,279191260000.0,209045180000.0,21093720000.0,594836600000.0,178366710000.0,1003342200000.0,0
2016-11-03,196360.0,196360.0,196360.0,196360.0,4820808.0,115242680000.0,11809235000.0,597099000000.0,279191260000.0,209045180000.0,21093720000.0,594836600000.0,178366710000.0,1003342200000.0,0
2016-11-04,196360.0,196360.0,196360.0,196360.0,4820808.0,115242680000.0,11809235000.0,597099000000.0,279191260000.0,209045180000.0,21093720000.0,594836600000.0,178366710000.0,1003342200000.0,0
2016-11-07,196360.0,196360.0,196360.0,196360.0,4820808.0,115242680000.0,11809235000.0,597099000000.0,279191260000.0,209045180000.0,21093720000.0,594836600000.0,178366710000.0,1003342200000.0,0
2016-11-08,196360.0,196360.0,196360.0,196360.0,4820808.0,115242680000.0,11809235000.0,597099000000.0,279191260000.0,209045180000.0,21093720000.0,594836600000.0,178366710000.0,1003342200000.0,0
2016-11-09,196360.0,196360.0,196360.0,196360.0,4820808.0,115242680000.0,11809235000.0,597099000000.0,279191260000.0,209045180000.0,21093720000.0,594836600000.0,178366710000.0,1003342200000.0,0
2016-11-10,196360.0,215267.0,182541.0,209449.0,4820808.0,115242680000.0,11809235000.0,597099000000.0,279191260000.0,209045180000.0,21093720000.0,594836600000.0,178366710000.0,1003342200000.0,1
2016-11-11,217450.0,271267.0,206541.0,234903.0,5466482.0,115242680000.0,11809235000.0,597099000000.0,279191260000.0,209045180000.0,21093720000.0,594836600000.0,178366710000.0,1003342200000.0,1
2016-11-14,239994.0,258176.0,239994.0,255268.0,1999214.0,54678413000.0,10041203000.0,1085938000000.0,186054950000.0,86631910000.0,14033011000.0,1059517240000.0,176530420000.0,1336712600000.0,1
2016-11-15,260358.0,263994.0,236359.0,241449.0,1741200.0,10921950000.0,1277943600.0,437675100000.0,64446153000.0,23569318000.0,2672529400.0,436522100000.0,51557212000.0,514321150000.0,1
2016-11-16,245085.0,251631.0,237813.0,247267.0,1115367.0,6982025000.0,807732500.0,368074100000.0,70937880000.0,25457430000.0,4634293000.0,349243340000.0,67466666000.0,446801740000.0,1
2016-11-17,256722.0,258176.0,243631.0,243631.0,612594.0,2493628000.0,298738500.0,177855700000.0,99935720000.0,23284376000.0,5008127000.0,192264270000.0,60027010000.0,280583800000.0,1
2016-11-18,242904.0,244358.0,229085.0,244358.0,881327.0,6683773000.0,168151500.0,129560680000.0,21201043000.0,12961272000.0,1334665000.0,131729540000.0,11588176000.0,157613650000.0,1
2016-11-21,243631.0,250175.0,238540.0,245813.0,431194.0,10110197000.0,176315000.0,163524360000.0,39598625000.0,26714952000.0,1396638500.0,166724830000.0,18573080000.0,213409500000.0,1
2016-11-22,247267.0,253085.0,245813.0,248721.0,381581.0,1102717400.0,297836000.0,76690180000.0,30243215000.0,4991724000.0,267546000.0,88820040000.0,14254637000.0,108333950000.0,1
2016-11-23,250904.0,250904.0,239994.0,241449.0,308281.0,3022795500.0,36561000.0,68231090000.0,26101699000.0,2734791400.0,393351000.0,76225090000.0,18038907000.0,97392140000.0,1
2016-11-24,239994.0,240722.0,226177.0,226177.0,562656.0,640195500.0,219049000.0,64339497000.0,11540805000.0,8618203000.0,65264000.0,62449816000.0,5606264000.0,76739540000.0,1
2016-11-25,223995.0,237813.0,222541.0,235632.0,471650.0,3023877400.0,1340820000.0,111466700000.0,18000020000.0,16376730000.0,740545500.0,98620470000.0,18093668000.0,133831420000.0,1
2016-11-28,234176.0,240722.0,231268.0,234903.0,276213.0,12575793000.0,3255074000.0,70684205000.0,25332760000.0,13696553000.0,133415000.0,90364580000.0,7653279000.0,111847830000.0,1
2016-11-29,229085.0,231268.0,219631.0,228358.0,600278.0,4381227500.0,132103000.0,43120160000.0,19125578000.0,7654442500.0,16384500.0,46267073000.0,12821172000.0,66759070000.0,1
2016-11-30,226904.0,230539.0,218904.0,223995.0,1641798.0,7020174300.0,1339521000.0,99359970000.0,30967900000.0,19114537000.0,2053911000.0,93099130000.0,24419987000.0,138687560000.0,1
2016-12-01,223268.0,223995.0,209449.0,210176.0,572320.0,3460510000.0,480978000.0,115227090000.0,257953890000.0,51957230000.0,3402506000.0,131572000000.0,190190750000.0,377122500000.0,1
2016-12-02,210176.0,212359.0,202177.0,206541.0,471770.0,1493772000.0,428602500.0,100077890000.0,23615640000.0,14003242000.0,1743625500.0,64158368000.0,45710668000.0,125615900000.0,1
2016-12-05,208722.0,213086.0,206541.0,206541.0,273278.0,2407576600.0,521022000.0,64393335000.0,32335264000.0,3911610000.0,88981500.0,65353425000.0,30303180000.0,99657196000.0,1
2016-12-06,207268.0,215267.0,207268.0,212359.0,275087.0,2856247000.0,144500.0,34601560000.0,21242714000.0,3424184000.0,23685500.0,45398760000.0,9854030000.0,58700660000.0,1
2016-12-07,213086.0,221086.0,213086.0,218904.0,232123.0,3665776400.0,444348000.0,35382020000.0,20341932000.0,2903926500.0,82140000.0,43875020000.0,12972986000.0,59834073000.0,1
2016-12-08,221813.0,224722.0,213813.0,218904.0,241586.0,4413293600.0,114304500.0,26875610000.0,20489294000.0,3853851000.0,471180500.0,43788812000.0,3778659600.0,51892503000.0,1
2016-12-09,218904.0,218904.0,210176.0,210903.0,193560.0,13466724000.0,619156000.0,33772347000.0,6161494000.0,7642013000.0,382860500.0,33365983000.0,12628864000.0,54019720000.0,1
2016-12-12,210903.0,215267.0,207268.0,207995.0,211386.0,1821798500.0,146646500.0,29104419000.0,11202759000.0,11120489000.0,149190000.0,17540362000.0,13465581000.0,42275623000.0,1
2016-12-13,208722.0,211632.0,205086.0,211632.0,161625.0,8768385000.0,17805000.0,31874860000.0,4715787000.0,19580320000.0,49560000.0,20789600000.0,4957356500.0,45376836000.0,1
2016-12-14,213813.0,213813.0,207268.0,208722.0,124858.0,6173705000.0,91654500.0,20956203000.0,7351973400.0,3714917000.0,57550000.0,27050770000.0,3750297900.0,34573533000.0,1
2016-12-15,207268.0,209449.0,205086.0,207268.0,135886.0,2123989000.0,141924000.0,20601170000.0,3907594500.0,4405664000.0,0.0,15407052000.0,6961962000.0,26774678000.0,1
2016-12-16,207995.0,210176.0,205813.0,210176.0,156133.0,3761869600.0,180508000.0,22099470000.0,2822101500.0,1172202500.0,17905500.0,15766066000.0,11907774000.0,28863949000.0,1
2016-12-19,209449.0,219631.0,207995.0,218177.0,237865.0,2910389500.0,259542500.0,16745934000.0,13358851000.0,2896386000.0,142000000.0,16340825000.0,13895506000.0,33274716000.0,1
2016-12-20,220358.0,223268.0,218177.0,220358.0,178768.0,14222780000.0,89130500.0,26776388000.0,11339483000.0,2491564000.0,26925000.0,45494470000.0,4414824400.0,52427780000.0,1
2016-12-21,221813.0,222541.0,215267.0,215267.0,98807.0,11816096000.0,288165000.0,20753885000.0,7686505000.0,2621915400.0,154225000.0,32062351000.0,5706159000.0,40544650000.0,1
2016-12-22,215267.0,216723.0,209449.0,209449.0,104245.0,743491500.0,28628500.0,19884280000.0,1357690500.0,3222249000.0,133717500.0,15704350000.0,2953773600.0,22014090000.0,1
2016-12-23,209449.0,213086.0,209449.0,209449.0,58094.0,2202771500.0,1160500.0,19483886000.0,895252500.0,5093034500.0,330726000.0,13616956000.0,3542354000.0,22583070000.0,1
2016-12-26,210903.0,211632.0,209449.0,209449.0,42297.0,1103116500.0,576000.0,10088421000.0,1318805000.0,2311774500.0,438000.0,7790210600.0,2408496000.0,12510919000.0,1
2016-12-27,209449.0,213813.0,209449.0,211632.0,72375.0,407443000.0,5760000.0,7884534300.0,801250000.0,652861000.0,14741000.0,7912943600.0,518442000.0,9098988000.0,1
2016-12-28,214540.0,225449.0,213813.0,221086.0,212720.0,4268109000.0,295701000.0,8404178400.0,2759461000.0,874464500.0,17580000.0,13761918000.0,1073487500.0,15727449000.0,1
2016-12-29,219631.0,221813.0,217450.0,219631.0,84528.0,12159809000.0,9040000.0,31930458000.0,3947105500.0,2356837000.0,46838000.0,41516757000.0,4125978600.0,48046410000.0,1
2017-01-02,220358.0,229812.0,219631.0,227631.0,162670.0,4629967400.0,159261500.0,12868947000.0,1411773400.0,1738563500.0,307000000.0,13323102000.0,3701283600.0,19069950000.0,1
2017-01-03,227631.0,229812.0,224722.0,229812.0,109896.0,5078109000.0,1918381400.0,27276823000.0,3452890600.0,807051000.0,210177500.0,34875134000.0,1833844000.0,37726204000.0,1
2017-01-04,231995.0,234176.0,224722.0,224722.0,120968.0,7579271000.0,1003886500.0,14505714000.0,2581878000.0,597413000.0,1500657000.0,20399225000.0,3173454000.0,25670748000.0,1
2017-01-05,226904.0,229812.0,226904.0,229085.0,64470.0,1328996500.0,70785500.0,24785179000.0,2210501000.0,4156048400.0,393650000.0,20841302000.0,3004461600.0,28395463000.0,1
2017-01-06,229812.0,230539.0,226177.0,229085.0,59163.0,1021002500.0,634095000.0,8806735000.0,4644658700.0,2278228500.0,0.0,12032306000.0,795955500.0,15106490000.0,1
2017-01-09,229085.0,229812.0,222541.0,224722.0,83858.0,1867615500.0,412725000.0,9033182000.0,2530932500.0,1528324000.0,8607000.0,9223357000.0,3084166400.0,13844455000.0,1
2017-01-10,223995.0,223995.0,218904.0,219631.0,105226.0,244335500.0,599580500.0,14565291000.0,3856271600.0,3514980000.0,27990000.0,9963276000.0,5759232000.0,19265479000.0,1
2017-01-11,220358.0,234176.0,220358.0,231268.0,237059.0,328472500.0,2076697000.0,17958017000.0,3387052500.0,4122904000.0,15050000.0,10334318000.0,9277967000.0,23750240000.0,1
2017-01-12,229085.0,230539.0,224722.0,228358.0,101896.0,5119791000.0,1745925500.0,42798612000.0,5941555700.0,3813283000.0,1464325000.0,44618215000.0,5710060000.0,55605883000.0,1
2017-01-13,225449.0,229812.0,221813.0,222541.0,124317.0,1767793000.0,717719500.0,18150672000.0,3128304400.0,5526426600.0,590998000.0,14805392000.0,2841673000.0,23764490000.0,1
2017-01-16,223995.0,224722.0,219631.0,220358.0,84297.0,248931500.0,793653000.0,23695157000.0,3889963500.0,5320761300.0,0.0,14482039000.0,8824906000.0,28627706000.0,1
2017-01-17,219631.0,223995.0,218177.0,221086.0,74503.0,1153118000.0,419008500.0,15978029000.0,1519975000.0,2948235500.0,965481000.0,11214916000.0,3941498000.0,19070130000.0,1
2017-01-18,222541.0,223268.0,221086.0,222541.0,49470.0,483199500.0,13335500.0,11754375000.0,4598896600.0,4862253000.0,0.0,7960530400.0,4027023600.0,16849807000.0,1
2017-01-19,226177.0,227631.0,221086.0,221813.0,64732.0,471713000.0,31663000.0,7170819000.0,3570944000.0,435940500.0,106750000.0,6670762500.0,4031686000.0,11245139000.0,1
2017-01-20,221813.0,226177.0,221086.0,225449.0,53555.0,1303491000.0,828582500.0,11371296000.0,1369103000.0,895395500.0,3090000.0,9940124000.0,4033863400.0,14872473000.0,1
2017-01-23,226904.0,227631.0,223995.0,226177.0,60104.0,2371299000.0,10187000.0,5863794700.0,4066250500.0,348888000.0,64299000.0,9290810000.0,2607533600.0,12311530000.0,1
2017-01-24,226177.0,226904.0,221813.0,225449.0,75397.0,2462043000.0,22350000.0,7956910000.0,3468259000.0,929798000.0,21884000.0,10854203000.0,2103676500.0,13909562000.0,1
2017-01-25,226904.0,227631.0,221813.0,225449.0,94472.0,1182895000.0,310570000.0,10726701000.0,5023860700.0,3619924500.0,62000000.0,8981487000.0,4580615000.0,17244027000.0,1
2017-01-26,227631.0,238540.0,226177.0,234176.0,273435.0,1403560000.0,30929500.0,11582637000.0,8770613000.0,1779976000.0,19062500.0,13904310000.0,6084391000.0,21787740000.0,1
2017-01-31,235632.0,238540.0,233449.0,234176.0,153767.0,8750081000.0,2471978000.0,38267535000.0,16013949000.0,1633891500.0,1408655500.0,57025618000.0,5435381000.0,65503543000.0,1
2017-02-01,235632.0,237086.0,231995.0,237086.0,92813.0,5937670700.0,416050500.0,19298533000.0,11514872000.0,2415964400.0,1401792000.0,18932930000.0,14416439000.0,37167124000.0,1
2017-02-02,237813.0,251631.0,236359.0,249448.0,401456.0,1257691500.0,17934500.0,15844529000.0,5215680000.0,1250104000.0,2477537000.0,15050996000.0,3557198600.0,22335836000.0,1
2017-02-03,252358.0,256722.0,249448.0,251631.0,268216.0,17182829000.0,82213500.0,53714640000.0,30657737000.0,2759169500.0,361289000.0,85158550000.0,13358412000.0,101637420000.0,1
2017-02-06,250175.0,250904.0,242904.0,245085.0,168904.0,6431366000.0,5568500.0,37961790000.0,24924828000.0,1675083000.0,777435000.0,52203950000.0,14667086000.0,69323555000.0,1
2017-02-07,245085.0,250904.0,242904.0,249448.0,142865.0,3929747000.0,852643000.0,34242968000.0,3505533000.0,1927170600.0,413194000.0,28532451000.0,11658075000.0,42530890000.0,1
2017-02-08,249448.0,250175.0,234903.0,237086.0,251193.0,1345260000.0,968025000.0,22355184000.0,11625430000.0,1737291500.0,511500.0,23100015000.0,11456081000.0,36293900000.0,1
2017-02-09,237086.0,241449.0,233449.0,234176.0,147311.0,2864043000.0,191687500.0,45423830000.0,13520654000.0,5434803700.0,468812500.0,37104060000.0,18992540000.0,62000214000.0,1
2017-02-10,232722.0,234176.0,226904.0,229812.0,473250.0,2352538600.0,206278500.0,28002451000.0,5097101000.0,1255177000.0,266062500.0,17135585000.0,17001545000.0,35658370000.0,1
2017-02-13,226904.0,231995.0,226177.0,229812.0,118996.0,12970673000.0,3976666000.0,73161980000.0,20999133000.0,61689330000.0,345625000.0,34188737000.0,14884759000.0,111108450000.0,1
2017-02-14,229812.0,231995.0,227631.0,227631.0,101285.0,1368808000.0,350548000.0,17910166000.0,8339397600.0,1363386000.0,205250000.0,19178824000.0,7221459500.0,27968918000.0,1
2017-02-15,226904.0,234903.0,226904.0,233449.0,87582.0,870234500.0,69107500.0,20265023000.0,2543619600.0,1735898000.0,1016642500.0,11668196000.0,9327248000.0,23747985000.0,1
2017-02-16,234176.0,236359.0,230539.0,231268.0,89024.0,2592233500.0,988412000.0,14834912000.0,2354929000.0,483563500.0,102256500.0,16331625000.0,3853041000.0,20770486000.0,1
2017-02-17,226177.0,233449.0,225449.0,233449.0,129601.0,2553514500.0,1872881000.0,14647954000.0,2160400400.0,988175500.0,198610000.0,15426007000.0,4621957600.0,21234751000.0,1
2017-02-20,231995.0,234903.0,231268.0,234176.0,51171.0,1518154500.0,948252000.0,23170724000.0,4755254000.0,5476861000.0,0.0,20965016000.0,3950508000.0,30392383000.0,1
2017-02-21,234176.0,241449.0,233449.0,240722.0,110100.0,2549294600.0,99990000.0,9051682000.0,539437000.0,550195000.0,27370000.0,9831148000.0,1831691000.0,12240403000.0,1
2017-02-22,242177.0,242904.0,238540.0,239994.0,71607.0,6087751000.0,56287000.0,15502937000.0,5324601300.0,2276160500.0,265262000.0,21327038000.0,3103116500.0,26971576000.0,1
2017-02-23,239994.0,244358.0,239994.0,244358.0,97074.0,2506257000.0,1820500.0,11289593000.0,3847175400.0,1871766000.0,16600000.0,10202410000.0,5554070500.0,17644845000.0,1
2017-02-24,243631.0,244358.0,239994.0,240722.0,56453.0,7043276000.0,212215000.0,11347812000.0,5590728700.0,1183099000.0,319980000.0,19878482000.0,2812471600.0,24194032000.0,1
2017-02-27,242904.0,243631.0,238540.0,242177.0,59987.0,511639000.0,0.0,9062240000.0,4392983600.0,1885630500.0,664500000.0,8509018000.0,2907714000.0,13966862000.0,1
2017-02-28,242904.0,244358.0,236359.0,239267.0,101733.0,1452468500.0,134470500.0,6548085000.0,6697432600.0,2023980000.0,54850000.0,9388835000.0,3364791600.0,14832457000.0,1
2017-03-02,239994.0,241449.0,234176.0,234903.0,101465.0,1629815600.0,12753000.0,10587615000.0,12689783000.0,2414181400.0,722300000.0,13460191000.0,8323293700.0,24919966000.0,1
2017-03-03,234903.0,237086.0,233449.0,235632.0,49427.0,318763000.0,19168000.0,15574701000.0,8669993000.0,6280276000.0,92152000.0,9457566000.0,8752632000.0,24582625000.0,1
2017-03-06,236359.0,240722.0,235632.0,239267.0,63118.0,1940595500.0,65710000.0,6865352700.0,3044463000.0,952850000.0,32500000.0,9486822000.0,1443948500.0,11916121000.0,1
2017-03-07,239267.0,244358.0,237813.0,244358.0,92554.0,1953284000.0,6555500.0,8329078000.0,5134682600.0,1868771000.0,110677000.0,12102465000.0,1341687000.0,15423600000.0,1
2017-03-08,245813.0,250175.0,244358.0,247267.0,182139.0,4201894400.0,676463500.0,10715533000.0,7425334300.0,2287682600.0,6680000.0,18630355000.0,2094508000.0,23019225000.0,1
2017-03-09,247267.0,248721.0,244358.0,244358.0,73590.0,9281947000.0,765145000.0,22004249000.0,14137065000.0,8606524000.0,1646281000.0,31391506000.0,4544094700.0,46188405000.0,1
2017-03-10,244358.0,248721.0,242904.0,248721.0,100276.0,4213911000.0,1254390500.0,11212145000.0,1877167500.0,2491762400.0,70785000.0,12227655000.0,3767411500.0,18557614000.0,1
2017-03-13,247267.0,251631.0,246540.0,251631.0,92559.0,5183347000.0,3678277000.0,12404145000.0,4038368000.0,3780216000.0,2786441500.0,17140342000.0,1597138600.0,25304138000.0,1
2017-03-14,250904.0,254539.0,247267.0,248721.0,89477.0,4970800600.0,431677500.0,11409500000.0,6895906000.0,1869676500.0,1508451000.0,18373425000.0,1956330500.0,23707884000.0,1
2017-03-15,248721.0,252358.0,245085.0,252358.0,89682.0,2018635000.0,69141500.0,16420282000.0,4415129000.0,3378115000.0,172522000.0,16982070000.0,2390480400.0,22923188000.0,1
2017-03-16,253085.0,256722.0,253085.0,256722.0,126916.0,5743514600.0,738813500.0,11876624000.0,4569193000.0,802424000.0,932462000.0,16975607000.0,4217652500.0,22928146000.0,1
2017-03-17,255995.0,263267.0,255268.0,262540.0,203348.0,5998296600.0,209544000.0,22129530000.0,4842453500.0,957047000.0,1353300500.0,29951396000.0,918082500.0,33179824000.0,1
2017-03-20,261813.0,273448.0,257449.0,272721.0,243504.0,7775067000.0,617132000.0,34159395000.0,11683120000.0,3768378000.0,847736000.0,43930260000.0,5688341000.0,54234714000.0,1
2017-03-21,272721.0,290176.0,271267.0,280722.0,332597.0,10961623000.0,719176500.0,52019466000.0,3083483400.0,2713019000.0,8784447000.0,50238100000.0,5048184300.0,66783752000.0,1
2017-03-22,274904.0,283630.0,270540.0,273448.0,229221.0,12397648000.0,1221989500.0,73066770000.0,9402016000.0,7948684300.0,2044381400.0,74472505000.0,11622846000.0,96088420000.0,1
2017-03-23,276358.0,280722.0,267630.0,271994.0,190020.0,7116361700.0,412109000.0,50169487000.0,7187299000.0,3222194400.0,400667500.0,41834963000.0,19427432000.0,64885260000.0,1
2017-03-24,271994.0,279266.0,269811.0,272721.0,127585.0,2020169500.0,1073571500.0,42906660000.0,7136327000.0,5526645000.0,164903500.0,36375850000.0,11069331000.0,53136732000.0,1
2017-03-27,271267.0,272721.0,263267.0,264721.0,118810.0,1794508000.0,501804000.0,29351868000.0,4101861000.0,3911799600.0,2842000.0,26570795000.0,5264605700.0,35750040000.0,1
2017-03-28,267630.0,271267.0,265449.0,269084.0,70569.0,1955687000.0,199088000.0,27263492000.0,3120418600.0,3139953000.0,9784000.0,25947732000.0,3441218000.0,32538687000.0,1
2017-03-29,271994.0,274175.0,266176.0,266903.0,80321.0,2100393500.0,234000000.0,13389075000.0,3641756000.0,2410562000.0,184500.0,14057514000.0,2896965000.0,19365224000.0,1
2017-03-30,257449.0,261813.0,251631.0,257449.0,400197.0,874466500.0,151076000.0,19795016000.0,1412162600.0,1831586600.0,185401000.0,13242878000.0,6972855000.0,22232721000.0,1
2017-03-31,253812.0,255268.0,248721.0,251631.0,260494.0,10256675000.0,2411027000.0,81475160000.0,10588636000.0,13538264000.0,1035653000.0,63066108000.0,27091472000.0,104731500000.0,1
2017-04-03,249448.0,258176.0,249448.0,255995.0,144429.0,7697178000.0,3740761600.0,46216774000.0,9620904000.0,8235934000.0,192097000.0,36353053000.0,22494536000.0,67275616000.0,1
2017-04-04,255995.0,258176.0,253085.0,258176.0,74351.0,3024429000.0,172871500.0,31529937000.0,3052821500.0,2277263000.0,416658000.0,21239990000.0,13846149000.0,37780060000.0,1
2017-04-05,257449.0,264721.0,256722.0,264721.0,116122.0,1069491000.0,882795500.0,16139583000.0,1435020000.0,739155500.0,333361500.0,14224341000.0,4230031600.0,19526890000.0,1
2017-04-06,263267.0,264721.0,260358.0,263267.0,89689.0,4056015600.0,368513500.0,22385530000.0,4291567000.0,1887157000.0,93850500.0,24632259000.0,4488361000.0,31101626000.0,1
2017-04-07,263994.0,264721.0,257449.0,258903.0,105289.0,1831418500.0,117515500.0,18518632000.0,3639465500.0,1063957000.0,1430925400.0,14362244000.0,7249905000.0,24107030000.0,1
2017-04-10,257449.0,258176.0,252358.0,252358.0,91889.0,2823775000.0,152878500.0,19110128000.0,5958544400.0,3971508500.0,1024268500.0,12947740000.0,10101809000.0,28045326000.0,1
2017-04-11,253812.0,258176.0,253085.0,257449.0,100768.0,1358400000.0,987416500.0,17462313000.0,4138011000.0,1845371000.0,175500.0,16535976000.0,5564618000.0,23946140000.0,1
2017-04-12,256722.0,261813.0,255995.0,261813.0,87508.0,5275969500.0,5094000.0,13286350000.0,7882284000.0,885044500.0,536940500.0,15473636000.0,9554076000.0,26449697000.0,1
2017-04-13,263267.0,263267.0,259630.0,261085.0,57143.0,2503686000.0,419573500.0,10726958000.0,9646279000.0,487020000.0,35760000.0,15071428000.0,7702288000.0,23296496000.0,1
2017-04-14,259630.0,261813.0,258903.0,260358.0,36666.0,3347857000.0,4675500.0,9315303000.0,2644130000.0,454518000.0,603446500.0,10222933000.0,4031068000.0,15311965000.0,1
2017-04-17,260358.0,263994.0,260358.0,263267.0,56500.0,1740709000.0,162456500.0,6839419000.0,1038231000.0,146211500.0,41121000.0,8299088400.0,1294394500.0,9780816000.0,1
2017-04-18,265449.0,265449.0,261085.0,264721.0,49693.0,3341304600.0,156674000.0,9665165000.0,2030005500.0,1095020000.0,83080000.0,10235302000.0,3779747600.0,15193149000.0,1
2017-04-19,264721.0,270540.0,263267.0,267630.0,122354.0,3734042600.0,429660000.0,6583695400.0,2650796500.0,1063656000.0,627627000.0,7842665500.0,3864246000.0,13398194000.0,1
2017-04-20,268357.0,269084.0,264721.0,266903.0,58181.0,10096820000.0,142594000.0,19191562000.0,4131179500.0,517374000.0,679984500.0,24182440000.0,8182359000.0,33562157000.0,1
2017-04-21,269811.0,277812.0,268357.0,271994.0,158681.0,1580259000.0,358214500.0,10357221000.0,3618592500.0,1057162000.0,258300000.0,10452417000.0,4146408400.0,15914287000.0,1
2017-04-24,276358.0,277085.0,266176.0,266176.0,178066.0,1393908500.0,14637000.0,26832697000.0,16215309000.0,2832458500.0,2551144000.0,27565615000.0,11507335000.0,44456554000.0,1
2017-04-25,267630.0,269084.0,263267.0,267630.0,95477.0,3831138000.0,59438500.0,40822915000.0,4593195500.0,9243776000.0,4378196000.0,24093807000.0,11590908000.0,49306685000.0,1
2017-04-26,271994.0,272721.0,262540.0,263267.0,170526.0,4207484400.0,28735500.0,17678993000.0,4129555000.0,5765707300.0,8832000.0,13479196000.0,6791032300.0,26044768000.0,1
2017-04-27,265449.0,266903.0,263267.0,263994.0,100251.0,1213261000.0,293037500.0,40399348000.0,4425677300.0,5154481000.0,1981871000.0,23004690000.0,16190281000.0,46331322000.0,1
2017-04-28,263994.0,264721.0,252358.0,254539.0,247595.0,2277295600.0,93909000.0,18512601000.0,6253999600.0,5866656300.0,0.0,11818714000.0,9452435000.0,27137806000.0,1
2017-05-02,254539.0,261085.0,254539.0,260358.0,91686.0,688738000.0,742621000.0,54391763000.0,9231891000.0,7935385600.0,2948685600.0,33473528000.0,20697416000.0,65055015000.0,1
2017-05-04,261813.0,262540.0,257449.0,261813.0,94517.0,1026867500.0,154877000.0,15588895000.0,7585096700.0,5064011300.0,58945000.0,15704965000.0,3527813400.0,24355736000.0,1
2017-05-08,264721.0,267630.0,262540.0,266903.0,129599.0,718100000.0,152222500.0,14036308000.0,10288332000.0,7511099400.0,66185500.0,12748874000.0,4868803600.0,25194963000.0,1
2017-05-10,267630.0,267630.0,261085.0,261813.0,151234.0,4352700000.0,59285000.0,22551235000.0,8281837000.0,4852512300.0,36650000.0,23379802000.0,6976092000.0,35245056000.0,1
2017-05-11,263267.0,270540.0,261813.0,269084.0,170268.0,3717873400.0,267011500.0,24702566000.0,12129926000.0,9019147000.0,581510500.0,21688367000.0,9528353000.0,40817377000.0,1
2017-05-12,269084.0,269811.0,265449.0,269084.0,67979.0,3718377000.0,31522000.0,27518558000.0,15284758000.0,12255964000.0,90500000.0,30794787000.0,3411963400.0,46553215000.0,1
2017-05-15,269811.0,271994.0,267630.0,271267.0,76685.0,2057368000.0,245241000.0,11851983000.0,4453671400.0,1338009000.0,408051500.0,14414959000.0,2447243500.0,18608263000.0,1
2017-05-16,271994.0,272721.0,269084.0,271994.0,77223.0,2132152000.0,52210000.0,15596758000.0,3436598000.0,2034477400.0,680396000.0,16081782000.0,2421063000.0,21217718000.0,1
2017-05-17,272721.0,274904.0,270540.0,274904.0,88235.0,2401913600.0,750627000.0,10941667000.0,7278122500.0,3554208000.0,0.0,14639953000.0,3178169600.0,21372330000.0,1
2017-05-18,273448.0,278539.0,271994.0,277812.0,192460.0,1326500000.0,124301000.0,11984786000.0,11243820000.0,1464349000.0,441157500.0,21194682000.0,1579219500.0,24679408000.0,1
2017-05-19,279266.0,279994.0,274904.0,279994.0,94014.0,7692807000.0,3247550000.0,17327555000.0,26157492000.0,3876236500.0,733126500.0,34544296000.0,15271743000.0,54425403000.0,1
2017-05-22,280722.0,282176.0,276358.0,280722.0,109381.0,5173999600.0,86000000.0,12580239000.0,8935418000.0,2082821500.0,88919500.0,17747306000.0,6856609300.0,26775656000.0,1
2017-05-23,281449.0,285085.0,279994.0,285085.0,126659.0,1439555500.0,45370000.0,13685381000.0,16129927000.0,4775506400.0,240645000.0,16727271000.0,9556812000.0,31300233000.0,1
2017-05-24,287266.0,291630.0,284357.0,290903.0,203955.0,4712746500.0,1607413500.0,15844737000.0,14550604000.0,2339750000.0,700254500.0,26060257000.0,7615240000.0,36715500000.0,1
2017-05-25,290903.0,300358.0,288720.0,296721.0,176981.0,4001309400.0,42985000.0,31681710000.0,24679193000.0,7021242000.0,1955986000.0,42196374000.0,9231598000.0,60405200000.0,1
2017-05-26,298175.0,313447.0,295267.0,310539.0,290384.0,4058367500.0,1519928000.0,34061427000.0,13952992000.0,6821796000.0,1383643000.0,36155527000.0,9231748000.0,53592715000.0,1
2017-05-29,306175.0,319267.0,301085.0,309812.0,310449.0,5593114000.0,2040241000.0,62962850000.0,20482056000.0,8760352000.0,111046500.0,57688370000.0,24518490000.0,91078260000.0,1
2017-05-30,311266.0,312720.0,301812.0,307629.0,218697.0,1115338000.0,751081500.0,70694896000.0,26799260000.0,9326672000.0,2269083000.0,72713850000.0,15050974000.0,99360570000.0,1
2017-05-31,309812.0,319994.0,306902.0,319994.0,421823.0,839526500.0,5615983600.0,40497144000.0,21807485000.0,5375003600.0,1332399500.0,47896592000.0,14156143000.0,68760130000.0,1
2017-06-01,319994.0,333083.0,316357.0,333083.0,306967.0,1672671000.0,119923000.0,40097690000.0,94963170000.0,5956433400.0,381866500.0,41687160000.0,88827994000.0,136853455000.0,1
2017-06-02,338174.0,344720.0,327265.0,336720.0,411125.0,9985242000.0,2369234400.0,63984230000.0,26991958000.0,8140361700.0,1002241000.0,51838790000.0,42349270000.0,103330660000.0,1
2017-06-05,336720.0,338174.0,330175.0,338174.0,238003.0,17505004000.0,1322126500.0,95467990000.0,27420754000.0,16673298000.0,941527000.0,82833146000.0,41267896000.0,141715870000.0,1
2017-06-07,336720.0,356356.0,333083.0,356356.0,344340.0,19892357000.0,153181500.0,45951676000.0,15268338000.0,16588452000.0,1404634000.0,42194686000.0,21077780000.0,81265550000.0,1
2017-06-08,361447.0,369447.0,334539.0,342538.0,967567.0,19007720000.0,897589500.0,72251130000.0,30286973000.0,14802248000.0,3246688500.0,76634006000.0,27760472000.0,122443416000.0,1
2017-06-09,336720.0,338174.0,325084.0,326538.0,509072.0,91290124000.0,17265924000.0,205463730000.0,28711008000.0,66563666000.0,1738872400.0,158142900000.0,116285360000.0,342730800000.0,1
2017-06-12,327265.0,338174.0,327265.0,332356.0,243290.0,23774628000.0,2035788000.0,132199145000.0,13932665000.0,26236074000.0,4069889500.0,103377100000.0,38259167000.0,171942230000.0,1
2017-06-13,336720.0,356356.0,335993.0,356356.0,352950.0,11894973000.0,2152753400.0,60550664000.0,8445159400.0,6499812000.0,112120000.0,57893126000.0,18538492000.0,83043550000.0,1
2017-06-14,363629.0,363629.0,344720.0,354175.0,309890.0,16081126000.0,1850766000.0,97355210000.0,10346569000.0,5993423400.0,2152317400.0,101645130000.0,15842802000.0,125633675000.0,1
2017-06-15,354902.0,358539.0,344720.0,349084.0,199268.0,9488566000.0,708545500.0,93928160000.0,7957404000.0,4639005000.0,446619000.0,76469380000.0,30527674000.0,112082680000.0,1
2017-06-16,346901.0,353448.0,343265.0,349084.0,161621.0,6589212000.0,1077029500.0,56284230000.0,7304589000.0,9261949000.0,1270238000.0,42992020000.0,17730850000.0,71255065000.0,1
2017-06-19,351265.0,354175.0,346901.0,349811.0,118587.0,6123319300.0,267805500.0,35272450000.0,15997159000.0,4696643600.0,284450000.0,35580658000.0,17098983000.0,57660735000.0,1
2017-06-20,353448.0,353448.0,338903.0,340357.0,210701.0,6845116400.0,1334405000.0,27505789000.0,6900155400.0,2741122000.0,0.0,28925422000.0,10918922000.0,42585465000.0,1
2017-06-21,335993.0,344720.0,329448.0,338903.0,244498.0,7387188700.0,1214209000.0,56569373000.0,8893838000.0,7091474000.0,94305000.0,43831550000.0,23047280000.0,74064610000.0,1
2017-06-22,341811.0,348357.0,337447.0,346174.0,155548.0,9449146000.0,1273886000.0,51899216000.0,21249165000.0,7152269300.0,405080000.0,51482067000.0,24831998000.0,83871420000.0,1
2017-06-23,346901.0,362901.0,346901.0,362174.0,266635.0,11531599000.0,1236670000.0,31890663000.0,10249134000.0,1686609000.0,156919500.0,47606723000.0,5457814500.0,54908068000.0,1
2017-06-26,368720.0,436354.0,367265.0,410900.0,1011674.0,17515040000.0,3186199600.0,62961693000.0,13979966000.0,2752289500.0,4610546000.0,81857740000.0,8422326300.0,97642900000.0,1
2017-06-27,399992.0,413810.0,393447.0,412356.0,350375.0,14161591000.0,5707046000.0,365144080000.0,33293292000.0,26984858000.0,4488893000.0,341237500000.0,45594750000.0,418306000000.0,1
2017-06-28,406537.0,410173.0,403628.0,409446.0,252974.0,4136348000.0,835505000.0,123556490000.0,17310814000.0,6409182700.0,270262000.0,112158130000.0,27001577000.0,145839140000.0,1
2017-06-29,414537.0,439264.0,412356.0,431992.0,517735.0,4323812400.0,188254500.0,95018620000.0,5999124500.0,10307184000.0,105638000.0,61626880000.0,33490110000.0,105529810000.0,1
2017-06-30,429809.0,448718.0,416718.0,424718.0,574763.0,12006882000.0,900648500.0,193554380000.0,20333040000.0,9469785000.0,365533000.0,171039150000.0,45920490000.0,226794960000.0,1
2017-07-03,423264.0,423991.0,401446.0,407992.0,343172.0,2507342600.0,2253460000.0,236550640000.0,11051024000.0,36682826000.0,279146500.0,156956670000.0,58443813000.0,252362460000.0,1
2017-07-04,410173.0,423264.0,404355.0,420355.0,279970.0,1694104400.0,5306524000.0,118537994000.0,18733025000.0,17092926000.0,318457500.0,102448030000.0,24412232000.0,144271650000.0,1
2017-07-05,423991.0,424718.0,414537.0,420355.0,119140.0,2418248000.0,999890000.0,96762230000.0,18938920000.0,4901368000.0,2672824600.0,95401190000.0,16143913000.0,119119300000.0,1
2017-07-06,421809.0,432719.0,419628.0,421082.0,183463.0,1136965000.0,303000500.0,45365590000.0,4382834700.0,5506945000.0,102323500.0,36475396000.0,9103725000.0,51188388000.0,1
2017-07-07,419628.0,428355.0,415264.0,422537.0,117880.0,3189123600.0,489560500.0,57066900000.0,19062764000.0,7784118300.0,46543000.0,50919817000.0,21057872000.0,79808350000.0,1
2017-07-10,426173.0,429082.0,420355.0,423264.0,92653.0,4076895500.0,143625000.0,40099770000.0,6669141500.0,2446560500.0,29000000.0,37098220000.0,11415651000.0,50989433000.0,1
2017-07-11,424718.0,426173.0,416718.0,421082.0,80562.0,1996790500.0,595599000.0,33556324000.0,4050694000.0,1143024500.0,857534000.0,27424322000.0,10774527000.0,40199406000.0,1
2017-07-12,420355.0,423991.0,407265.0,407265.0,209560.0,2173735400.0,265298500.0,27218063000.0,5110072000.0,3518108400.0,204198500.0,22579452000.0,8465411600.0,34767167000.0,1
2017-07-13,410900.0,415991.0,395628.0,399992.0,306990.0,1485938600.0,291003000.0,75890740000.0,10518902000.0,9187306000.0,148509500.0,53115585000.0,25735180000.0,88186580000.0,1
2017-07-14,399992.0,399992.0,378175.0,386901.0,483543.0,4084627500.0,1742858500.0,98916820000.0,21822780000.0,6309837000.0,654776000.0,69282090000.0,50320380000.0,126567080000.0,1
2017-07-17,383265.0,397811.0,379629.0,388356.0,254464.0,18078714000.0,1937644000.0,148953430000.0,22192054000.0,8967543000.0,136264000.0,117685920000.0,64372118000.0,191161840000.0,1
2017-07-18,389083.0,392720.0,376719.0,378902.0,261638.0,10676028000.0,1779966000.0,74804590000.0,14616170000.0,3734926000.0,321996000.0,72469820000.0,25350015000.0,101876760000.0,1
2017-07-19,373811.0,384719.0,365810.0,382537.0,312580.0,2677151500.0,1490151000.0,81940595000.0,16215544000.0,9498973000.0,1131160400.0,62549200000.0,29144107000.0,102323440000.0,1
2017-07-20,386173.0,388356.0,380356.0,384719.0,114414.0,16505693000.0,765858000.0,84408400000.0,18002360000.0,4472684500.0,371712500.0,85842060000.0,28995856000.0,119682310000.0,1
2017-07-21,381810.0,395628.0,381810.0,392720.0,140207.0,5051634000.0,511531000.0,37731262000.0,1701156000.0,823078000.0,198375000.0,27004928000.0,16969202000.0,44995584000.0,1
2017-07-24,392720.0,397082.0,391991.0,397082.0,89616.0,2648191000.0,1594895500.0,45717664000.0,6204771300.0,3285433000.0,326326500.0,44628890000.0,7924871000.0,56165520000.0,1
2017-07-25,399992.0,424718.0,399265.0,417447.0,407180.0,3855964400.0,121643500.0,29265953000.0,2985378600.0,351714500.0,386943000.0,30780189000.0,4710093300.0,36228940000.0,1
2017-07-26,425446.0,426173.0,410173.0,415264.0,190120.0,16053913000.0,318630500.0,124895080000.0,32713691000.0,8069590000.0,862113000.0,149224390000.0,15825223000.0,173981300000.0,1
2017-07-27,418174.0,418901.0,402901.0,404355.0,159372.0,9218119000.0,7137500.0,58643067000.0,13763206000.0,1745560400.0,168137000.0,62939693000.0,16778137000.0,81631530000.0,1
2017-07-28,398538.0,399992.0,390537.0,392720.0,148229.0,2938200000.0,1864673000.0,57228760000.0,4590298600.0,1712237000.0,105726000.0,54217675000.0,10586293000.0,66621930000.0,1
2017-07-31,386173.0,403628.0,381083.0,395628.0,112582.0,6686866400.0,640758500.0,47152497000.0,5366198000.0,4625000000.0,109755000.0,42508427000.0,12603134000.0,59846316000.0,1
2017-08-01,388356.0,410173.0,387629.0,407265.0,125623.0,4036637400.0,248477500.0,35518900000.0,5711633000.0,1536396000.0,70679500.0,34199550000.0,9709019000.0,45515645000.0,1
2017-08-02,409446.0,409446.0,401446.0,405809.0,73718.0,6403683000.0,43786500.0,32755880000.0,12581973000.0,2809779500.0,235120000.0,38356115000.0,10384309000.0,51785322000.0,1
2017-08-03,407265.0,410173.0,394901.0,406537.0,116811.0,2551642000.0,58237000.0,25047355000.0,3001510000.0,1680097500.0,28050000.0,22532282000.0,6418315000.0,30658744000.0,1
2017-08-04,406537.0,410900.0,401446.0,404355.0,72167.0,12392312000.0,71297000.0,31767876000.0,3926075000.0,1578048000.0,1613316500.0,33592648000.0,11373545000.0,48157557000.0,1
2017-08-07,404355.0,413810.0,401446.0,407992.0,123381.0,5887034000.0,277500000.0,21694937000.0,2073688000.0,1975790000.0,277500000.0,18314275000.0,9365593000.0,29933158000.0,1
2017-08-08,410173.0,415264.0,401446.0,402901.0,107426.0,8273882600.0,1079777000.0,33312922000.0,9133269000.0,2567909400.0,288750500.0,45146214000.0,3796975600.0,51799850000.0,1
2017-08-09,398538.0,401446.0,394174.0,394901.0,91041.0,2623579000.0,41925000.0,38344237000.0,3824061000.0,2704817000.0,172288500.0,27055673000.0,14901022000.0,44833800000.0,1
2017-08-10,392720.0,398538.0,386173.0,391264.0,112355.0,3011155500.0,154302500.0,29526780000.0,4283654000.0,2570256400.0,573650500.0,32008280000.0,1823705000.0,36975890000.0,1
2017-08-11,381083.0,389810.0,381083.0,383992.0,124192.0,5580725000.0,191726500.0,35611955000.0,3641000400.0,4372647400.0,228978500.0,38255043000.0,2168738600.0,45025407000.0,1
2017-08-14,390537.0,395628.0,389810.0,394174.0,85353.0,5213975600.0,214364000.0,37535764000.0,5937586700.0,3020086000.0,312624000.0,43422520000.0,2146461400.0,48901690000.0,1
2017-08-16,399992.0,402901.0,395628.0,397811.0,67930.0,3130393000.0,29755000.0,21401520000.0,9737500000.0,1331883500.0,46989000.0,25094620000.0,7825675300.0,34299167000.0,1
2017-08-17,398538.0,403628.0,394174.0,395628.0,62193.0,1652922500.0,65073000.0,21713267000.0,4279245000.0,2042972500.0,19355000.0,16786683000.0,8861497000.0,27710507000.0,1
2017-08-18,394174.0,399992.0,393447.0,397082.0,59366.0,1114927000.0,29400000.0,20709194000.0,3511390500.0,2758403000.0,82150000.0,18267843000.0,4256515600.0,25364912000.0,1
2017-08-21,400719.0,402173.0,397082.0,399265.0,71284.0,2621180000.0,2194500.0,15100866000.0,6410138000.0,1804917500.0,0.0,15346925000.0,6982535700.0,24134377000.0,1
2017-08-22,405809.0,418901.0,405082.0,415991.0,243270.0,1876856400.0,13700000.0,14582408000.0,12659710000.0,912470000.0,0.0,15431148000.0,12789057000.0,29132675000.0,1
2017-08-23,418174.0,419628.0,405809.0,408719.0,133419.0,8954444000.0,329580000.0,72776940000.0,21043150000.0,609505000.0,518215500.0,90794460000.0,11181935000.0,103104110000.0,1
2017-08-24,408719.0,410900.0,403628.0,406537.0,79870.0,2261046000.0,704501000.0,47811310000.0,5309482500.0,3353070600.0,115965000.0,39670190000.0,12947116000.0,56086340000.0,1
2017-08-25,418901.0,421809.0,404355.0,407265.0,181762.0,3439710500.0,40781000.0,25545677000.0,4211141400.0,5798261000.0,8120000.0,22055460000.0,5375468000.0,33237310000.0,1
2017-08-28,407265.0,411627.0,405809.0,407265.0,66392.0,5700384300.0,904311000.0,66498265000.0,3619222000.0,3900671000.0,36497000.0,63749317000.0,9035697000.0,76722184000.0,1
2017-08-29,403628.0,409446.0,401446.0,409446.0,74035.0,1313376000.0,76641000.0,23180460000.0,3139576000.0,3246178000.0,840232500.0,20106220000.0,3517422600.0,27710054000.0,1
2017-08-30,409446.0,411627.0,406537.0,410173.0,60276.0,2841002000.0,288578000.0,22918083000.0,4691904500.0,2226990600.0,361838500.0,21694986000.0,6455751700.0,30739567000.0,1
2017-08-31,413810.0,414537.0,410900.0,411627.0,70540.0,4574088000.0,49818500.0,15150946000.0,5463443000.0,1016165500.0,0.0,20257974000.0,3964155400.0,25238295000.0,1
2017-09-01,414537.0,415264.0,407265.0,407992.0,74214.0,4257813000.0,521782500.0,20984234000.0,4011136500.0,1540794500.0,10188000.0,23253330000.0,4970653700.0,29774967000.0,1
2017-09-04,394174.0,405082.0,394174.0,401446.0,93020.0,1064105500.0,297246000.0,26805004000.0,2942531000.0,3502442000.0,466595000.0,13830090000.0,13309760000.0,31108887000.0,1
2017-09-05,402901.0,404355.0,399265.0,400719.0,57576.0,3697196000.0,598792000.0,30499300000.0,3410940000.0,1127721500.0,124094500.0,33197355000.0,3757056000.0,38206226000.0,1
2017-09-06,400719.0,415991.0,399992.0,413810.0,154517.0,3485446000.0,146349500.0,17244828000.0,2782828500.0,1972515500.0,41099500.0,18976496000.0,2669340000.0,23659450000.0,1
2017-09-07,417447.0,420355.0,410900.0,413083.0,136358.0,23296557000.0,56547500.0,29571138000.0,11974570000.0,801711500.0,660392500.0,55121290000.0,8315418600.0,64898810000.0,1
2017-09-08,416718.0,418901.0,412356.0,413083.0,70423.0,13233914000.0,1240785500.0,39490273000.0,4225314600.0,959812500.0,874056500.0,45747225000.0,10609196000.0,58190287000.0,1
2017-09-11,413083.0,417447.0,407992.0,415991.0,89946.0,4388164000.0,1038231000.0,21368338000.0,3115637500.0,1095368000.0,1096571500.0,20700160000.0,7018270700.0,29910370000.0,1
2017-09-12,418174.0,445082.0,416718.0,443627.0,500425.0,8081473000.0,485350000.0,27185983000.0,2436082000.0,895647000.0,287532000.0,28372060000.0,8633648000.0,38188890000.0,1
2017-09-13,447991.0,449445.0,437810.0,440718.0,245964.0,26881274000.0,2398502000.0,163119350000.0,30667129000.0,1567678500.0,4241892600.0,209394680000.0,7861995000.0,223066260000.0,1
2017-09-14,442900.0,473445.0,439264.0,471264.0,327553.0,12314190000.0,1561581000.0,91542350000.0,6366111000.0,4576879000.0,887020500.0,92674940000.0,13645391000.0,111784230000.0,1
2017-09-15,466900.0,482899.0,466173.0,474899.0,252483.0,14730830000.0,364326000.0,112241164000.0,26507140000.0,9663899000.0,6090002000.0,125227490000.0,12862067000.0,153843450000.0,1
2017-09-18,487990.0,492354.0,474899.0,477809.0,293472.0,3770379000.0,4980211700.0,105178145000.0,8539428000.0,8198417000.0,2525910500.0,91727946000.0,20015892000.0,122468160000.0,1
2017-09-19,477809.0,499626.0,467627.0,491627.0,256874.0,14445916000.0,3213673500.0,121556960000.0,5691235300.0,14450899000.0,5888382000.0,102952580000.0,21615920000.0,144907780000.0,1
2017-09-20,493808.0,501808.0,487990.0,491627.0,218386.0,13454654000.0,1911037000.0,101286810000.0,11915991000.0,5659630600.0,2159833600.0,104930700000.0,15818329000.0,128568490000.0,1
2017-09-21,497445.0,499626.0,484354.0,487263.0,148884.0,11082201000.0,596182500.0,91123960000.0,7995171300.0,6254221000.0,2130075000.0,89350000000.0,13063219000.0,110797510000.0,1
2017-09-22,481445.0,483627.0,462536.0,463263.0,293828.0,5556886000.0,4771102000.0,60051150000.0,4472929000.0,3837848600.0,914017000.0,63284363000.0,6815838700.0,74852065000.0,1
2017-09-25,461081.0,476355.0,460354.0,474172.0,121101.0,4282806000.0,6115899000.0,110081120000.0,20846270000.0,10260600000.0,468875000.0,111446024000.0,19150598000.0,141326100000.0,1
2017-09-26,474172.0,482172.0,468354.0,472718.0,102214.0,5838627300.0,1676144500.0,42383626000.0,8434823000.0,7285141500.0,445128500.0,46428185000.0,4174767000.0,58333225000.0,1
2017-09-27,473445.0,488717.0,472718.0,485809.0,101627.0,5108188000.0,403368000.0,41290120000.0,2962575600.0,1724784500.0,169813500.0,39367156000.0,8502497300.0,49764254000.0,1
2017-09-28,487990.0,488717.0,479263.0,480717.0,78975.0,5740644400.0,271006500.0,37775490000.0,6496881700.0,2071881500.0,63380000.0,42285560000.0,5863203300.0,50284024000.0,1
2017-09-29,482172.0,494535.0,481445.0,490900.0,112550.0,5118122000.0,351822000.0,30655156000.0,2899027000.0,4996887600.0,147760000.0,26374615000.0,7504863700.0,39024130000.0,1
2017-10-10,498899.0,509080.0,495262.0,506172.0,217058.0,14642475000.0,558527000.0,35403080000.0,5839655000.0,2001200500.0,1333069400.0,45195555000.0,7913912000.0,56443736000.0,1
2017-10-11,511263.0,517081.0,501808.0,505445.0,156775.0,12252962000.0,793221000.0,53763363000.0,45531165000.0,7480710000.0,645251500.0,74111470000.0,30103282000.0,112340710000.0,1
2017-10-12,507626.0,557807.0,502535.0,549079.0,335200.0,11050392000.0,619262000.0,59820960000.0,10497851000.0,6282108000.0,209447500.0,64748986000.0,10747924000.0,81988470000.0,1
2017-10-13,552716.0,597806.0,551262.0,565080.0,505542.0,19479845000.0,4239594500.0,139361680000.0,19560903000.0,12131107000.0,2828958000.0,150559440000.0,17122520000.0,182642030000.0,1
2017-10-16,574535.0,591988.0,551989.0,573079.0,230098.0,28788929000.0,1658154000.0,240493660000.0,24146962000.0,20779387000.0,2716697600.0,207767570000.0,63824050000.0,295087700000.0,1
2017-10-17,567261.0,586170.0,562171.0,580352.0,213751.0,8056731000.0,673207500.0,106925260000.0,18532446000.0,12925359000.0,1685961500.0,93857470000.0,25718858000.0,134187650000.0,1
2017-10-18,578170.0,591988.0,562898.0,565807.0,266872.0,7975476000.0,666887500.0,103981030000.0,13407590000.0,13323003000.0,849637000.0,93992320000.0,17866025000.0,126030990000.0,1
2017-10-19,559262.0,559989.0,538898.0,549079.0,363388.0,6091921400.0,1313441000.0,136512730000.0,12765970000.0,26305920000.0,693350000.0,112643950000.0,17040846000.0,156684080000.0,1
2017-10-20,549808.0,559262.0,549808.0,554170.0,124593.0,7405738000.0,399031500.0,150544700000.0,45425600000.0,47429493000.0,2633622500.0,136337160000.0,17374781000.0,203775070000.0,1
2017-10-23,553443.0,562171.0,549079.0,550535.0,100331.0,5649576000.0,506262500.0,55764300000.0,8843841000.0,17607932000.0,389693000.0,42720862000.0,10045494000.0,70763980000.0,1
2017-10-24,551262.0,559989.0,541080.0,554899.0,131095.0,5452406300.0,79285500.0,45902870000.0,5334173000.0,11529583000.0,709095500.0,36169790000.0,8360264700.0,56768733000.0,1
2017-10-25,559989.0,560716.0,528716.0,530899.0,219129.0,8466048500.0,253718000.0,50691903000.0,14668150000.0,7292808700.0,702450500.0,44299043000.0,21785522000.0,74079820000.0,1
2017-10-26,549079.0,554170.0,531626.0,538898.0,233435.0,6886624000.0,949141000.0,100103480000.0,13524838000.0,16979786000.0,672439000.0,67852964000.0,35958895000.0,121464090000.0,1
2017-10-27,546898.0,551989.0,532353.0,549079.0,113983.0,17014499000.0,361399000.0,94948120000.0,17455186000.0,10674483000.0,599309500.0,87563780000.0,30941640000.0,129779210000.0,1
2017-10-30,549808.0,556353.0,543262.0,543989.0,131956.0,8768667000.0,282048500.0,38164220000.0,16404010000.0,5291680300.0,535960500.0,41640698000.0,16150611000.0,63618950000.0,1
2017-10-31,543989.0,558534.0,541080.0,558534.0,125902.0,4650664400.0,3111317000.0,51825783000.0,14396863000.0,6712496000.0,32583000.0,38364422000.0,28875127000.0,73984630000.0,1
2017-11-01,562898.0,593442.0,560716.0,590534.0,260097.0,6070301000.0,1224943000.0,43555856000.0,20215826000.0,5766761500.0,427696500.0,51161660000.0,13710807000.0,71066930000.0,1
2017-11-02,597806.0,599261.0,568715.0,570898.0,266610.0,16677323000.0,1013939500.0,109225075000.0,27057607000.0,4593317400.0,842382000.0,133513355000.0,15024887000.0,153973950000.0,1
2017-11-03,573079.0,576716.0,562171.0,575262.0,127303.0,7743600600.0,913013000.0,133043740000.0,15935568000.0,3843586600.0,1164160000.0,101283790000.0,51344380000.0,157635920000.0,1
2017-11-06,575989.0,576716.0,567261.0,573806.0,95239.0,13915117000.0,514261500.0,50519180000.0,9560874000.0,2935343600.0,90088000.0,48579360000.0,22904642000.0,74509430000.0,1
2017-11-07,567988.0,571625.0,565080.0,565807.0,118258.0,11006622000.0,15342000.0,36028100000.0,8578141000.0,4954324500.0,11760000.0,35044844000.0,15617278000.0,55628206000.0,1
2017-11-08,557807.0,570898.0,552716.0,562898.0,129099.0,13724726000.0,341713000.0,40194590000.0,14404493000.0,6574554000.0,1199058600.0,32247670000.0,28644237000.0,68665520000.0,1
2017-11-09,572352.0,575262.0,559262.0,559989.0,96201.0,4175246600.0,176179500.0,50998280000.0,18922570000.0,4819749000.0,134234000.0,48656780000.0,20661514000.0,74272280000.0,1
2017-11-10,554170.0,558534.0,538898.0,546171.0,262179.0,7017397000.0,125803500.0,40681730000.0,7844902400.0,4603191000.0,120679500.0,36109885000.0,14836078000.0,55669834000.0,1
2017-11-13,541080.0,551989.0,541080.0,549808.0,143365.0,6118870500.0,1232622000.0,128086160000.0,11149053000.0,16026812000.0,565584000.0,98748326000.0,31245984000.0,146586710000.0,1
2017-11-14,553443.0,563625.0,551989.0,555626.0,128330.0,5314027000.0,1478596000.0,54200828000.0,19555668000.0,4876936700.0,333737500.0,54354485000.0,20983960000.0,80549120000.0,1
2017-11-15,555626.0,581807.0,549808.0,573079.0,359737.0,9783837000.0,1870042500.0,56405170000.0,5249912000.0,2840799500.0,119662000.0,50941100000.0,19407395000.0,73308955000.0,1
2017-11-16,581807.0,586170.0,561444.0,573806.0,154267.0,42604732000.0,2602131000.0,130506160000.0,33950960000.0,4584398300.0,1370876500.0,174203550000.0,29505160000.0,209663980000.0,1
2017-11-17,576716.0,579625.0,567988.0,575989.0,113169.0,11675482000.0,215353000.0,70555690000.0,8374038000.0,3701295600.0,618269500.0,73369510000.0,13131488000.0,90820560000.0,1
2017-11-20,589080.0,602170.0,574535.0,574535.0,275388.0,11904255000.0,298462000.0,36797264000.0,17521363000.0,6128015000.0,2085230000.0,47530500000.0,10777599000.0,66521346000.0,1
2017-11-21,578170.0,580352.0,569444.0,570171.0,162478.0,11363414000.0,598923000.0,134907410000.0,18184346000.0,8742904000.0,4329032000.0,131575830000.0,20406325000.0,165054090000.0,1
2017-11-22,573806.0,574535.0,554899.0,557807.0,176733.0,8033300500.0,599436000.0,69982314000.0,16910166000.0,6284168700.0,58813500.0,72724140000.0,16458105000.0,95525220000.0,1
2017-11-23,551262.0,559262.0,544717.0,556353.0,110714.0,7385330700.0,1037551000.0,85317650000.0,8011289600.0,12536749000.0,11730000.0,71105634000.0,18097703000.0,101751820000.0,1
2017-11-24,557080.0,560716.0,551262.0,551989.0,95347.0,3502322400.0,198946000.0,50367870000.0,8631311000.0,8000849400.0,299695500.0,42593575000.0,11806330000.0,62700450000.0,1
2017-11-27,549808.0,553443.0,543989.0,543989.0,110746.0,2640268500.0,125523500.0,45063426000.0,6257157000.0,2093720000.0,57375000.0,39639925000.0,12295358000.0,54086377000.0,1
2017-11-28,545444.0,551989.0,532353.0,533080.0,168498.0,3377317400.0,762750500.0,50183580000.0,7619456000.0,4343341000.0,112325500.0,43278266000.0,14209174000.0,61943108000.0,1
2017-11-29,527262.0,539625.0,525808.0,530172.0,128944.0,3475007500.0,1083910500.0,74297300000.0,13933456000.0,8247419400.0,379803000.0,56131383000.0,28031072000.0,92789680000.0,1
2017-11-30,530172.0,533080.0,494535.0,498172.0,530867.0,5413990400.0,4070754000.0,50716213000.0,9962899000.0,4849445000.0,2156087000.0,44140330000.0,19017994000.0,70163860000.0,1
2017-12-01,502535.0,531626.0,502535.0,528716.0,200185.0,10114671000.0,2134013400.0,127567815000.0,135372740000.0,17254832000.0,1219675500.0,111294960000.0,145419760000.0,275189240000.0,1
2017-12-04,529443.0,530172.0,517081.0,521444.0,96029.0,7694046700.0,2235243500.0,78855586000.0,18169516000.0,3843115000.0,164736000.0,87538130000.0,15408409000.0,106954390000.0,1
2017-12-05,524353.0,526535.0,509807.0,517081.0,102881.0,3628923000.0,1184687000.0,40522166000.0,6033231400.0,2960925000.0,0.0,33062826000.0,15345255000.0,51369005000.0,1
2017-12-06,519262.0,520717.0,496718.0,501081.0,141759.0,4459098000.0,1510393000.0,42846527000.0,5750669300.0,5841802000.0,97402500.0,37056410000.0,11571072000.0,54566687000.0,1
2017-12-07,499626.0,500353.0,471264.0,478536.0,287212.0,3143748000.0,1993173000.0,64381820000.0,3838673400.0,3571312400.0,137155000.0,58624045000.0,11024900000.0,73357410000.0,1
2017-12-08,481445.0,501808.0,481445.0,490171.0,182319.0,9435545000.0,2244844500.0,113165500000.0,16532796000.0,15082227000.0,2663410000.0,109239920000.0,14393131000.0,141378680000.0,1
2017-12-11,501808.0,522899.0,497445.0,521444.0,209357.0,6523720700.0,334158000.0,62929744000.0,21989364000.0,2430116600.0,2330244600.0,69163120000.0,17853500000.0,91776980000.0,1
2017-12-12,520717.0,528716.0,509807.0,512717.0,158757.0,25131741000.0,501309500.0,72887270000.0,11614626000.0,2440805400.0,2106236500.0,84439980000.0,21147927000.0,110134950000.0,1
2017-12-13,514898.0,529443.0,514171.0,527262.0,121941.0,8750908000.0,1218554500.0,49422365000.0,24682060000.0,2306997000.0,188718000.0,45407187000.0,36170990000.0,84073890000.0,1
2017-12-14,533807.0,543989.0,524353.0,525081.0,169829.0,18986678000.0,2575233000.0,34044619000.0,10001102000.0,1770728000.0,605379500.0,56798794000.0,6432732700.0,65607635000.0,1
2017-12-15,530899.0,533080.0,525808.0,527262.0,77777.0,21941344000.0,127349000.0,60576805000.0,10022105000.0,16873413000.0,2636070000.0,59424580000.0,13733540000.0,92667600000.0,1
2017-12-18,531626.0,532353.0,511990.0,514171.0,110185.0,7712053000.0,37803500.0,23141569000.0,11232643000.0,1501839500.0,240883500.0,26871462000.0,13509884000.0,42124070000.0,1
2017-12-19,509080.0,517808.0,503990.0,514171.0,94358.0,4746629600.0,566863000.0,41622905000.0,11710072000.0,4115836400.0,60715000.0,39912325000.0,14557590000.0,58646467000.0,1
2017-12-20,519262.0,523626.0,507626.0,517081.0,108363.0,3519611000.0,449995000.0,26385936000.0,18874536000.0,2774651400.0,1566401000.0,32497281000.0,12391743000.0,49230080000.0,1
2017-12-21,515627.0,517808.0,507626.0,507626.0,109957.0,13480624000.0,123290500.0,21201637000.0,22846022000.0,935126000.0,743364500.0,30898098000.0,25074987000.0,57651573000.0,1
2017-12-22,508353.0,512717.0,503990.0,504717.0,139099.0,8412315600.0,211840000.0,25361637000.0,23527893000.0,3405568500.0,1423253500.0,24627910000.0,28056953000.0,57513685000.0,1
2017-12-26,503990.0,510536.0,496718.0,501081.0,139622.0,6206222300.0,2326555000.0,36948353000.0,26638957000.0,3851367400.0,3998672000.0,39555390000.0,24714658000.0,72120090000.0,1
2017-12-27,510536.0,533080.0,507626.0,532353.0,186024.0,12636297000.0,722814000.0,49240793000.0,9319733000.0,2053289500.0,4143050000.0,59559580000.0,6163718000.0,71919640000.0,1
2017-12-28,537444.0,543262.0,533807.0,539625.0,121550.0,21556836000.0,959916500.0,62632985000.0,14856945000.0,13844104000.0,429357500.0,79153350000.0,6579868000.0,100006680000.0,1
2018-01-02,533807.0,568715.0,533807.0,566534.0,274879.0,16503784000.0,677524000.0,44401983000.0,5552312300.0,2640063500.0,1815600500.0,50375262000.0,12304676000.0,67135603000.0,1
2018-01-03,568715.0,575262.0,559989.0,568715.0,181812.0,22955672000.0,2725765000.0,111546100000.0,19198286000.0,4287861000.0,6322580000.0,134935920000.0,10879457000.0,156425810000.0,1
2018-01-04,569444.0,571625.0,554899.0,557080.0,154170.0,23540527000.0,57949000.0,71660840000.0,10695431000.0,5773249000.0,188259000.0,82655040000.0,17338196000.0,105954750000.0,1
2018-01-05,557080.0,568715.0,552716.0,567261.0,101111.0,10422632000.0,75619500.0,70282576000.0,7821136000.0,7458727000.0,582946500.0,61727680000.0,18832610000.0,88601960000.0,1
2018-01-08,571625.0,581807.0,559989.0,581080.0,249610.0,4830499300.0,141943500.0,47345213000.0,6006347000.0,5935467000.0,50025500.0,45135217000.0,7203292700.0,58324005000.0,1
2018-01-09,581807.0,619625.0,575262.0,594171.0,424232.0,33840204000.0,3767171600.0,101185810000.0,8648363000.0,9315389000.0,3916408600.0,125004550000.0,9205196000.0,147441550000.0,1
2018-01-10,603625.0,613807.0,567988.0,583261.0,276383.0,38240090000.0,3973931000.0,203123400000.0,16023563000.0,16572316000.0,2037182500.0,225006900000.0,17744587000.0,261360980000.0,1
2018-01-11,581807.0,588351.0,574535.0,577443.0,105128.0,15853109000.0,2390559000.0,128400210000.0,20043198000.0,13334898000.0,3756479500.0,121598600000.0,27997100000.0,166687080000.0,1
2018-01-12,583261.0,621806.0,578170.0,605079.0,491668.0,10556236000.0,704760500.0,41439703000.0,9846474000.0,10467759000.0,1051007500.0,47053582000.0,3974824000.0,62547173000.0,1
2018-01-15,627623.0,644351.0,605079.0,610170.0,298470.0,52363805000.0,3071107600.0,200551510000.0,48638920000.0,16919225000.0,1777696000.0,265433660000.0,20494768000.0,304625350000.0,1
2018-01-16,610170.0,613807.0,588351.0,602170.0,168477.0,22011023000.0,2810125600.0,153869030000.0,10449488000.0,13789838000.0,1852981500.0,142825130000.0,30671710000.0,189139650000.0,1
2018-01-17,602170.0,602170.0,571625.0,578170.0,215159.0,11732682000.0,685525000.0,83687680000.0,7314200600.0,12935549000.0,1453718500.0,79992530000.0,9038288000.0,103420084000.0,1
2018-01-18,573806.0,586170.0,572352.0,581807.0,82934.0,9594151000.0,1136969500.0,109390430000.0,8410663400.0,22189910000.0,2195909400.0,88998560000.0,15147840000.0,128532220000.0,1
2018-01-19,584716.0,586897.0,563625.0,563625.0,138295.0,3933343500.0,269018000.0,36371310000.0,8747173000.0,4837842000.0,772700000.0,38269166000.0,5441136600.0,49320845000.0,1
2018-01-22,564353.0,573079.0,548352.0,563625.0,109682.0,4021043000.0,659645000.0,71498350000.0,4484735500.0,20330832000.0,756627500.0,45035094000.0,14541220000.0,80663770000.0,1
2018-01-23,570171.0,586897.0,567261.0,586897.0,129633.0,4073091000.0,1398401000.0,46806610000.0,10765252000.0,10016809000.0,245735500.0,34714264000.0,18066547000.0,63043355000.0,1
2018-01-24,588351.0,597806.0,579625.0,591261.0,126345.0,18152073000.0,652570000.0,38697927000.0,19404870000.0,3803274000.0,167291500.0,53165510000.0,19771363000.0,76907440000.0,1
2018-01-25,591261.0,594898.0,581080.0,589080.0,98074.0,8099716600.0,790027000.0,45932347000.0,21351560000.0,3260997000.0,198495000.0,59873485000.0,12840672000.0,76173650000.0,1
2018-01-26,592715.0,608716.0,592715.0,607987.0,199604.0,3248276000.0,248431000.0,33341635000.0,22024954000.0,11145349000.0,715082500.0,38744564000.0,8258303000.0,58863297000.0,1
2018-01-29,613807.0,646532.0,613807.0,639261.0,533644.0,18528020000.0,1112832000.0,67450110000.0,35939824000.0,13424278000.0,2058322000.0,96395110000.0,11153081000.0,123030790000.0,1
2018-01-30,643624.0,665441.0,625442.0,634170.0,350212.0,28116950000.0,6961717000.0,167853690000.0,145404620000.0,7151817700.0,1873383600.0,275695340000.0,63616442000.0,348336980000.0,1
2018-01-31,622533.0,646532.0,622533.0,637806.0,163068.0,24497924000.0,2258700000.0,157339520000.0,46236730000.0,10088814000.0,1349206500.0,160542620000.0,58352230000.0,230332870000.0,1
2018-02-01,653079.0,653806.0,621079.0,645078.0,220171.0,11076670000.0,394865500.0,80440490000.0,13956551000.0,5411103000.0,989010000.0,83062670000.0,16405799000.0,105868580000.0,1
2018-02-02,652350.0,653079.0,631260.0,639988.0,165249.0,29279435000.0,455435500.0,88358700000.0,26150246000.0,11179175000.0,1730049500.0,108748980000.0,22585612000.0,144243820000.0,1
2018-02-05,621806.0,631987.0,614534.0,619625.0,161966.0,14470245000.0,278741000.0,72649810000.0,20825571000.0,6064912400.0,800585000.0,73894750000.0,27464122000.0,108224370000.0,1
2018-02-06,589080.0,617442.0,581807.0,604352.0,292900.0,8755070000.0,409413000.0,70098760000.0,24085398000.0,12136535000.0,2899932400.0,67865645000.0,20446530000.0,103348640000.0,1
2018-02-07,619625.0,621079.0,586170.0,586897.0,151392.0,11943647000.0,2106329500.0,128050274000.0,36243775000.0,30350463000.0,1612955500.0,117875860000.0,28504752000.0,178344030000.0,1
2018-02-08,586897.0,599261.0,570171.0,591988.0,177905.0,7665991000.0,561523500.0,72862210000.0,12712065000.0,13995709000.0,313776000.0,65076417000.0,14415886000.0,93801790000.0,1
2018-02-09,573079.0,588351.0,572352.0,582534.0,125408.0,24435413000.0,470946500.0,62972700000.0,19072810000.0,16060504000.0,1574695000.0,54707350000.0,34609320000.0,106951870000.0,1
2018-02-12,586170.0,617442.0,584716.0,613807.0,166094.0,4636250000.0,714784000.0,55654883000.0,13690101000.0,11009001000.0,25629500.0,51973610000.0,11687772000.0,74696016000.0,1
2018-02-13,625442.0,629079.0,615261.0,623261.0,133039.0,21907673000.0,353100500.0,50509357000.0,29901883000.0,8291367000.0,1534001500.0,82482400000.0,10364247000.0,102672015000.0,1
2018-02-14,626169.0,634170.0,622533.0,634170.0,149879.0,21652240000.0,892590000.0,41272010000.0,21031612000.0,4884331000.0,531011000.0,62753866000.0,16679245000.0,84848450000.0,1
2018-02-19,634897.0,645078.0,623988.0,625442.0,127965.0,18102225000.0,289035000.0,34156851000.0,44309320000.0,3566348000.0,4607082500.0,67197714000.0,21486287000.0,96857430000.0,1
2018-02-20,626169.0,632714.0,616715.0,618170.0,78985.0,4485661000.0,401750500.0,49867220000.0,28489005000.0,8825934000.0,309174000.0,62868310000.0,11240217000.0,83243630000.0,1
2018-02-21,618897.0,623988.0,614534.0,618170.0,70310.0,5757985000.0,238024000.0,32327676000.0,12050305000.0,5256760300.0,649128000.0,31917005000.0,12551095000.0,50373990000.0,1
2018-02-22,621806.0,649442.0,621806.0,644351.0,251473.0,6072529400.0,145333000.0,21214634000.0,17083609000.0,4275710500.0,298540000.0,23929616000.0,16012240000.0,44516106000.0,1
2018-02-23,650169.0,657442.0,645078.0,654533.0,148966.0,26305468000.0,415752500.0,75086990000.0,63109100000.0,9466249000.0,1303851000.0,145889660000.0,8257551000.0,164917310000.0,1
2018-02-26,664714.0,669078.0,655260.0,667624.0,128216.0,19306650000.0,1001772000.0,55913054000.0,23282020000.0,4716637000.0,1002532500.0,80609575000.0,13174750000.0,99503500000.0,1
2018-02-27,672715.0,675623.0,656714.0,660351.0,137066.0,14643105000.0,355820000.0,44683837000.0,27414716000.0,4705561600.0,1150269000.0,67059640000.0,14182009000.0,87097475000.0,1
2018-02-28,653079.0,671259.0,651623.0,654533.0,124621.0,13985994000.0,1136755500.0,53637190000.0,24752560000.0,6772580400.0,44308500.0,70740130000.0,15955478000.0,93512500000.0,1
2018-03-02,648715.0,679987.0,646532.0,677078.0,152767.0,4815536600.0,292571000.0,55735714000.0,23180784000.0,5778033700.0,144041000.0,61133165000.0,16969363000.0,84024610000.0,1
2018-03-05,682169.0,682169.0,661805.0,677078.0,122729.0,12484317000.0,126183500.0,53076600000.0,38339764000.0,8679184000.0,382538000.0,79302660000.0,15662487000.0,104026860000.0,1
2018-03-06,677806.0,682169.0,647988.0,653079.0,239734.0,6106680000.0,479225000.0,55074330000.0,22812815000.0,6439399400.0,1219882500.0,60096373000.0,16717394000.0,84473045000.0,1
2018-03-07,642897.0,667624.0,635624.0,651623.0,148940.0,7568802300.0,693172500.0,129370820000.0,23859202000.0,48424305000.0,667803000.0,86746880000.0,25652998000.0,161492000000.0,1
2018-03-08,653079.0,659624.0,648715.0,655987.0,81312.0,7506421000.0,614665000.0,53435870000.0,38077972000.0,21780525000.0,644661000.0,67877495000.0,9332253000.0,99634930000.0,1
2018-03-09,661805.0,674896.0,654533.0,661805.0,119401.0,13477153000.0,320036000.0,21272680000.0,19497048000.0,16418515000.0,247850500.0,32139260000.0,5761291000.0,54566916000.0,1
2018-03-12,666895.0,671259.0,661805.0,666895.0,68287.0,12446472000.0,1765283000.0,40500208000.0,26736830000.0,18738713000.0,240147500.0,52860498000.0,9609433000.0,81448790000.0,1
2018-03-13,661805.0,663260.0,649442.0,658897.0,124892.0,10819182000.0,898866500.0,23277597000.0,11536561000.0,15034007000.0,249997000.0,24626137000.0,6622066000.0,46532207000.0,1
2018-03-14,653079.0,655260.0,644351.0,647259.0,86615.0,8723650000.0,366046000.0,53305910000.0,21477194000.0,30644374000.0,794975500.0,35256173000.0,17177274000.0,83872790000.0,1
2018-03-15,642169.0,654533.0,642169.0,647988.0,75413.0,4528910000.0,396894500.0,45217830000.0,7310414000.0,14634227000.0,168027000.0,27857510000.0,14794281000.0,57454047000.0,1
2018-03-16,647988.0,654533.0,645078.0,651623.0,61732.0,8869646000.0,293769500.0,30170882000.0,10723983000.0,14437210000.0,762797000.0,23581684000.0,11276591000.0,50058280000.0,1
2018-03-19,651623.0,659624.0,649442.0,654533.0,59531.0,4843766300.0,753312000.0,18611012000.0,16901729000.0,7885339600.0,852025000.0,21829980000.0,10542475000.0,41109820000.0,1
2018-03-20,651623.0,672715.0,651623.0,671986.0,117308.0,5603832000.0,27726000.0,18144315000.0,16061332000.0,4336306000.0,163876000.0,23264620000.0,12072401000.0,39837204000.0,1
2018-03-21,671259.0,674896.0,665441.0,669805.0,80200.0,20026905000.0,629409000.0,30605488000.0,28597731000.0,5377935000.0,109592000.0,65210573000.0,9161432000.0,79859530000.0,1
2018-03-22,673442.0,709077.0,669805.0,694532.0,282856.0,10885673000.0,263093500.0,29036220000.0,14866497000.0,5044447000.0,741435000.0,36880417000.0,12385186000.0,55051485000.0,1
2018-03-23,680714.0,718532.0,677078.0,700350.0,217174.0,37336412000.0,3964350000.0,104095530000.0,55635517000.0,7840580600.0,1718533500.0,177366800000.0,14105904000.0,201031810000.0,1
2018-03-26,701805.0,717805.0,701805.0,714895.0,137879.0,18311280000.0,1317630000.0,91739595000.0,44494615000.0,13233417000.0,1096329000.0,112341630000.0,29191750000.0,155863120000.0,1
2018-03-27,725804.0,730167.0,718532.0,727259.0,128287.0,9371510000.0,1427439000.0,54769240000.0,34862256000.0,9617111000.0,1649030000.0,67809420000.0,21354880000.0,100430440000.0,1
2018-03-28,716351.0,722895.0,676350.0,676350.0,302856.0,12576837000.0,2508885500.0,62543120000.0,17739547000.0,7905818600.0,3348932000.0,70212200000.0,13901440000.0,95368390000.0,1
2018-03-29,678533.0,707623.0,677806.0,706896.0,151860.0,8348118000.0,2733042000.0,180373230000.0,24351955000.0,34260892000.0,5048219600.0,145680020000.0,30817214000.0,215806350000.0,1
2018-03-30,712714.0,715622.0,693078.0,708350.0,96463.0,15462122000.0,3972172000.0,65497600000.0,22916674000.0,5627704300.0,1112959500.0,82389615000.0,18718294000.0,107848565000.0,1
2018-04-02,708350.0,712714.0,701805.0,706896.0,61115.0,14760291000.0,322947500.0,37468656000.0,17257294000.0,2986233600.0,1412465000.0,42239894000.0,23170595000.0,69809185000.0,1
2018-04-03,703986.0,711987.0,698169.0,706168.0,85627.0,5517726000.0,164027500.0,23707316000.0,14824661000.0,5030292500.0,1653322500.0,27887059000.0,9643055000.0,44213730000.0,1
2018-04-04,712714.0,734531.0,706896.0,731623.0,205058.0,4015268600.0,175598500.0,36060960000.0,21582040000.0,13606794000.0,302777500.0,31640812000.0,16283485000.0,61833867000.0,1
2018-04-05,728713.0,734531.0,722168.0,730167.0,129602.0,26001633000.0,748620000.0,60089580000.0,65979404000.0,11077440000.0,2221323000.0,125353270000.0,14167205000.0,152819240000.0,1
2018-04-06,740349.0,776713.0,738895.0,754894.0,197534.0,7806972400.0,2169632000.0,52221776000.0,34638893000.0,10466076000.0,182332500.0,71961210000.0,14227664000.0,96837270000.0,1
2018-04-09,767985.0,843620.0,762167.0,817439.0,365154.0,17328030000.0,811460000.0,92358650000.0,42771610000.0,13124166000.0,438258000.0,122566060000.0,17141266000.0,153269750000.0,1
2018-04-10,837802.0,872710.0,818893.0,847983.0,446574.0,31230132000.0,1402788000.0,205669380000.0,64315556000.0,31537338000.0,2904431000.0,227188240000.0,40987840000.0,302617850000.0,1
2018-04-11,853803.0,859620.0,821802.0,849439.0,225119.0,33749232000.0,1752706000.0,319006200000.0,33308928000.0,30357316000.0,6668980000.0,275353900000.0,75436900000.0,387817080000.0,1
2018-04-12,839257.0,852347.0,821802.0,821802.0,183868.0,5594962000.0,2346174000.0,149183020000.0,36424876000.0,26709004000.0,1624379000.0,121795260000.0,43420390000.0,193549030000.0,1
2018-04-13,808711.0,830530.0,791258.0,829074.0,204022.0,5001789000.0,1325803000.0,131638910000.0,18484310000.0,44739300000.0,609445000.0,85341450000.0,25760612000.0,156450820000.0,1
2018-04-16,820348.0,837802.0,815985.0,824712.0,94441.0,10591895000.0,582493000.0,119308845000.0,39549460000.0,33323295000.0,1834257000.0,104123380000.0,30751762000.0,170032700000.0,1
2018-04-17,821802.0,823257.0,794166.0,801439.0,174870.0,4402416000.0,1034051000.0,61205094000.0,13255090000.0,8292030000.0,439963000.0,52563640000.0,18601015000.0,79896650000.0,1
2018-04-18,805803.0,818893.0,781076.0,783985.0,143333.0,4310046000.0,2241396000.0,113529600000.0,23767427000.0,23541873000.0,1474088000.0,93549240000.0,25283267000.0,143848470000.0,1
2018-04-19,776713.0,778167.0,734531.0,737441.0,320233.0,8109660000.0,524602000.0,89128300000.0,19089010000.0,25097870000.0,2245280000.0,72607260000.0,16901163000.0,116851570000.0,1
2018-04-20,735987.0,757804.0,725804.0,735987.0,265624.0,19300219000.0,7280653000.0,183382970000.0,36033860000.0,38746386000.0,3933914000.0,134653830000.0,68663562000.0,245997700000.0,1
2018-04-23,730167.0,730167.0,684350.0,687987.0,389677.0,19805626000.0,3482910000.0,139405740000.0,38381620000.0,23065205000.0,3472104000.0,86306730000.0,88231850000.0,201075900000.0,1
2018-04-24,693078.0,711987.0,687987.0,689441.0,225574.0,16105765000.0,7834507000.0,214718220000.0,39661285000.0,40152460000.0,1546744400.0,172802110000.0,63818445000.0,278319760000.0,1
2018-04-25,676350.0,707623.0,654533.0,695986.0,305258.0,11899231000.0,658195000.0,126852180000.0,22430048000.0,8674383000.0,10112791000.0,103208460000.0,39844016000.0,161839640000.0,1
2018-04-26,709804.0,727259.0,706896.0,725076.0,226202.0,27027972000.0,1401125000.0,137197520000.0,47721484000.0,18962053000.0,389323000.0,110735330000.0,83261400000.0,213348090000.0,1
2018-04-27,735987.0,738895.0,718532.0,735987.0,149733.0,24680684000.0,555051000.0,113631750000.0,28009757000.0,15356828000.0,5437982000.0,87542374000.0,58540052000.0,166877230000.0,1
2018-04-30,728713.0,738895.0,705440.0,709804.0,158104.0,10503733000.0,1027116000.0,70289620000.0,30274669000.0,12371144000.0,193285000.0,64302293000.0,35228414000.0,112095130000.0,1
2018-05-02,597079.0,647988.0,569444.0,587624.0,1566322.0,7501866500.0,2613656600.0,82980270000.0,22572892000.0,18300117000.0,646986500.0,65971720000.0,30749856000.0,115668680000.0,1
2018-05-03,583989.0,610170.0,564353.0,567261.0,829347.0,61604573000.0,9324886000.0,780281100000.0,117428355000.0,89665310000.0,5564285000.0,788876200000.0,84533084000.0,968638900000.0,1
2018-05-04,551262.0,561444.0,509080.0,522899.0,1022417.0,19374017000.0,3820149000.0,392661900000.0,82222390000.0,31832699000.0,1807277400.0,344192250000.0,120246230000.0,498078450000.0,1
2018-05-08,519262.0,559262.0,514171.0,538898.0,829085.0,36216860000.0,20728551000.0,416890100000.0,83474830000.0,56742460000.0,9729578000.0,429584700000.0,61253580000.0,557310350000.0,1
2018-05-09,538898.0,592715.0,536717.0,578898.0,830547.0,82889500000.0,6964208600.0,310719200000.0,60244510000.0,22992509000.0,5542507000.0,359587640000.0,72694740000.0,460817400000.0,1
2018-05-10,587624.0,597079.0,553443.0,566534.0,396215.0,32871550000.0,3760002600.0,314889540000.0,133191040000.0,32672090000.0,4945573000.0,334606000000.0,112488464000.0,484712120000.0,1
2018-05-11,557080.0,579625.0,555626.0,562171.0,182094.0,10539753000.0,2622318000.0,180061200000.0,39376302000.0,24974758000.0,1194231600.0,143470380000.0,62960194000.0,232599570000.0,1
2018-05-14,565080.0,567261.0,527262.0,535990.0,289105.0,11452870000.0,642680000.0,67134230000.0,26095088000.0,15625634000.0,77555000.0,63825180000.0,25796500000.0,105324860000.0,1
2018-05-15,539625.0,573079.0,533807.0,565080.0,286169.0,7196228600.0,2221677600.0,125640950000.0,24545174000.0,12210828000.0,834158500.0,119295630000.0,27263412000.0,159604030000.0,1
2018-05-16,570898.0,603625.0,564353.0,602170.0,489647.0,29938220000.0,695846000.0,92856500000.0,38491783000.0,6283223000.0,1075778000.0,131192910000.0,23430429000.0,161982350000.0,1
2018-05-17,606533.0,609443.0,572352.0,578898.0,409626.0,28781700000.0,6431611400.0,216379930000.0,43821780000.0,11964731000.0,5007885000.0,235672650000.0,42769756000.0,295415020000.0,1
2018-05-18,624715.0,625442.0,590534.0,594171.0,431553.0,9572677000.0,1442050000.0,191332100000.0,45105710000.0,45324906000.0,481674500.0,162873850000.0,38772113000.0,247452550000.0,1
2018-05-21,597806.0,609443.0,593442.0,596352.0,133572.0,24992283000.0,7465982000.0,214708680000.0,22573855000.0,11940422000.0,5943965700.0,212495120000.0,39361280000.0,269740800000.0,1
2018-05-23,592715.0,601443.0,574535.0,581080.0,143244.0,7614178300.0,6570405400.0,63653030000.0,4204932600.0,11427317000.0,110881500.0,61249647000.0,9254703000.0,82042550000.0,1
2018-05-24,585443.0,610170.0,585443.0,607987.0,198627.0,4305786400.0,5146413600.0,71511980000.0,4590657000.0,12448349000.0,1811511000.0,56493842000.0,14801134000.0,85554840000.0,1
2018-05-25,608716.0,634897.0,608716.0,626169.0,273200.0,20726876000.0,557509000.0,73616785000.0,27383590000.0,4942905000.0,1413062000.0,103380000000.0,12548787000.0,122284760000.0,1
2018-05-28,612351.0,631987.0,604352.0,623988.0,155014.0,27166276000.0,4132259000.0,110604706000.0,33606803000.0,9719657000.0,4612601000.0,134944236000.0,26233550000.0,175510040000.0,1
2018-05-29,623261.0,643624.0,623261.0,629806.0,134615.0,6353277400.0,841211000.0,72348250000.0,18698279000.0,9399296000.0,1190422000.0,69379750000.0,18271541000.0,98241010000.0,1
2018-05-30,626896.0,629806.0,613078.0,618897.0,122928.0,6046823000.0,826683500.0,60999750000.0,19365358000.0,8122605000.0,1577979000.0,58672873000.0,18865158000.0,87238615000.0,1
2018-05-31,619625.0,645805.0,618897.0,632714.0,228060.0,5144999400.0,790493500.0,54304770000.0,17682885000.0,9227761000.0,2194127000.0,43507970000.0,22993290000.0,77923150000.0,1
2018-06-01,639988.0,681441.0,635624.0,656714.0,322659.0,11638864000.0,1604726000.0,87468310000.0,47197310000.0,9168737000.0,909853500.0,93635120000.0,44195510000.0,147909210000.0,1
2018-06-04,641442.0,652350.0,586170.0,609443.0,463324.0,15952735000.0,397443500.0,174522610000.0,28123343000.0,15340300000.0,1572838500.0,177108760000.0,24974234000.0,218996150000.0,1
2018-06-05,625442.0,634897.0,610170.0,612351.0,167190.0,10334237000.0,1405457000.0,257954730000.0,22355233000.0,49875243000.0,1248259000.0,193741280000.0,47184870000.0,292049650000.0,1
2018-06-07,612351.0,623261.0,603625.0,610897.0,140853.0,10207170000.0,1218235000.0,84341180000.0,10484685000.0,13592594000.0,295246000.0,76241530000.0,16121903000.0,106251260000.0,1
2018-06-08,617442.0,626896.0,612351.0,612351.0,88148.0,4368665600.0,528270000.0,58037432000.0,25501817000.0,10617506000.0,1403443500.0,45630300000.0,30784936000.0,88436190000.0,1
2018-06-11,606533.0,613807.0,605079.0,610897.0,63768.0,2361097000.0,341972500.0,36518290000.0,16489294000.0,11651351000.0,156300000.0,35977597000.0,7925402000.0,55710650000.0,1
2018-06-12,612351.0,628352.0,610170.0,624715.0,96908.0,3737435400.0,1449772500.0,20258277000.0,14327408000.0,4006579000.0,451612500.0,28603050000.0,6711651300.0,39772893000.0,1
2018-06-14,621079.0,621079.0,590534.0,593442.0,164678.0,11447328000.0,1955667000.0,28641946000.0,19534078000.0,2368070400.0,893910500.0,45787038000.0,12530002000.0,61579020000.0,1
2018-06-15,597079.0,604352.0,590534.0,593442.0,123752.0,12801177000.0,1479721500.0,70665380000.0,16206317000.0,13241061000.0,833682500.0,55434895000.0,31642958000.0,101152600000.0,1
2018-06-18,589080.0,610170.0,588351.0,592715.0,98684.0,13596867000.0,618943500.0,40711356000.0,20619076000.0,14316680000.0,123150000.0,30561149000.0,30545265000.0,75546240000.0,1
2018-06-19,592715.0,598534.0,554170.0,554170.0,161445.0,15653305000.0,300167500.0,34198882000.0,10230399000.0,7164761600.0,878549500.0,42416090000.0,9923352000.0,60382753000.0,1
2018-06-20,567988.0,624715.0,567261.0,610897.0,268868.0,6853135000.0,2192134400.0,72371750000.0,12296097000.0,25775366000.0,104381500.0,55076590000.0,12756775000.0,93713110000.0,1
2018-06-21,610897.0,619625.0,597806.0,603625.0,103132.0,24665805000.0,645875500.0,103923384000.0,35888130000.0,12498659000.0,916535000.0,130253324000.0,21454674000.0,165123200000.0,1
2018-06-22,610170.0,647988.0,604352.0,636351.0,232022.0,6660614000.0,250836000.0,46770350000.0,10728751000.0,6790016000.0,413916000.0,45340058000.0,11866557000.0,64410546000.0,1
2018-06-25,637078.0,637806.0,607987.0,611624.0,111007.0,28932907000.0,373117500.0,101946950000.0,18532270000.0,7505133600.0,2570106000.0,128125160000.0,11584851000.0,149785250000.0,1
2018-06-26,596352.0,609443.0,582534.0,605079.0,146096.0,5927076000.0,473294500.0,57857085000.0,5716247600.0,11419459000.0,59629500.0,38217720000.0,20276894000.0,69973705000.0,1
2018-06-27,602897.0,620352.0,600716.0,607987.0,78036.0,11331377000.0,919522500.0,67729093000.0,8729388000.0,10163564000.0,111739500.0,57936765000.0,20497314000.0,88709380000.0,1
2018-06-28,605079.0,612351.0,594171.0,594898.0,56123.0,15229796000.0,528692000.0,26502111000.0,6643698700.0,5475039700.0,146424000.0,35094760000.0,8188074500.0,48904300000.0,1
2018-06-29,623261.0,623261.0,599261.0,606533.0,131262.0,5255387000.0,51697500.0,24464603000.0,4664219600.0,8724814000.0,252109000.0,16652138000.0,8806845000.0,34435908000.0,1
2018-07-02,611624.0,616715.0,597806.0,602897.0,77969.0,22806520000.0,181177500.0,46118080000.0,13018144000.0,16311942000.0,1492155500.0,51739464000.0,12580359000.0,82123920000.0,1
2018-07-03,609443.0,626896.0,598534.0,623988.0,114765.0,8844239000.0,463444000.0,26923497000.0,12435257000.0,8455183400.0,576335500.0,30690861000.0,8944058000.0,48666440000.0,1
2018-07-04,623261.0,626896.0,610897.0,613078.0,73654.0,23467830000.0,18252500.0,39775646000.0,9374125000.0,11131597000.0,551223000.0,50851190000.0,10101845000.0,72635850000.0,1
2018-07-05,613078.0,621806.0,597806.0,600716.0,60006.0,9700625000.0,98505000.0,29286183000.0,7515298300.0,7698278000.0,32525500.0,29866754000.0,9003052000.0,46600610000.0,1
2018-07-06,601443.0,603625.0,558534.0,596352.0,177168.0,3766613000.0,84400000.0,26946003000.0,6469852700.0,5992888300.0,113085500.0,24775598000.0,6385297000.0,37266870000.0,1
2018-07-09,605806.0,631987.0,605806.0,621079.0,154867.0,10756099000.0,387710000.0,77021880000.0,18012040000.0,15327680000.0,1366438000.0,70375530000.0,19108086000.0,106177730000.0,1
2018-07-10,615261.0,619625.0,603625.0,606533.0,99669.0,27191253000.0,300520000.0,53056560000.0,17889483000.0,7489743000.0,722883000.0,81675756000.0,8549435400.0,98437820000.0,1
2018-07-11,602897.0,613807.0,597806.0,603625.0,54717.0,6678524400.0,1299941000.0,46408557000.0,7724661000.0,15514642000.0,59726000.0,36542538000.0,9994780000.0,62111687000.0,1
2018-07-12,605079.0,636351.0,603625.0,623988.0,184754.0,5108703000.0,268681000.0,22147693000.0,6502205000.0,7946903000.0,111929500.0,21003276000.0,4965172000.0,34027280000.0,1
2018-07-13,589080.0,602170.0,577443.0,584716.0,534907.0,19614415000.0,931816500.0,74569810000.0,21509612000.0,26267828000.0,983008500.0,77567450000.0,11807364000.0,116625650000.0,1
2018-07-16,594171.0,607260.0,591261.0,596352.0,163603.0,34612410000.0,2258534400.0,263152100000.0,22489270000.0,34271234000.0,1600711600.0,257759130000.0,28881234000.0,322512320000.0,1
2018-07-17,597079.0,607987.0,597079.0,600716.0,69689.0,9049764000.0,614505500.0,62267986000.0,28114995000.0,8894414000.0,1023431500.0,76028460000.0,14100947000.0,100047250000.0,1
2018-07-18,607987.0,607987.0,598534.0,602897.0,66315.0,10919724000.0,294227500.0,22414535000.0,9320264000.0,2320758500.0,864630500.0,33133255000.0,6630108000.0,42948750000.0,1
2018-07-19,604352.0,631987.0,604352.0,615988.0,214754.0,3217386000.0,287834000.0,16906988000.0,20536664000.0,3339547400.0,11194500.0,31574446000.0,6023684600.0,40948870000.0,1
2018-07-20,620352.0,624715.0,611624.0,617442.0,73440.0,10639338000.0,373889500.0,56221127000.0,68713136000.0,9446371000.0,978309500.0,95589210000.0,29933603000.0,135947490000.0,1
2018-07-23,623988.0,623988.0,600716.0,602897.0,124018.0,4538768000.0,178909500.0,22518034000.0,19239262000.0,4483911700.0,50495500.0,28125264000.0,13815302000.0,46474973000.0,1
2018-07-24,612351.0,616715.0,591988.0,597079.0,91921.0,9299935000.0,179783000.0,30441409000.0,37405454000.0,9767449000.0,268925000.0,35670130000.0,31620080000.0,77326580000.0,1
2018-07-25,597806.0,603625.0,564353.0,565080.0,246169.0,10873478000.0,2872500.0,32336216000.0,13901773000.0,13974199000.0,569303000.0,33448550000.0,9122287000.0,57114340000.0,1
2018-07-26,562898.0,568715.0,527989.0,544717.0,300934.0,8120412700.0,1451001000.0,124403200000.0,11064200000.0,16855920000.0,687536000.0,76065900000.0,51429466000.0,145038820000.0,1
2018-07-27,544717.0,557807.0,535990.0,544717.0,106347.0,6864593400.0,932115000.0,145353160000.0,14361637000.0,22419010000.0,610907000.0,89780060000.0,54701523000.0,167511500000.0,1
2018-07-30,539625.0,549808.0,531626.0,539625.0,90644.0,7188356600.0,1087765000.0,46167015000.0,5192610300.0,3664617000.0,320756000.0,38296154000.0,17354217000.0,59635745000.0,1
2018-07-31,540353.0,545444.0,537444.0,542535.0,79362.0,2013638500.0,307680500.0,40315687000.0,7304178000.0,7399479300.0,195800000.0,32365292000.0,9980613000.0,49941185000.0,1
2018-08-01,544717.0,563625.0,542535.0,557080.0,105905.0,2467050500.0,390641500.0,32808552000.0,8318432000.0,8799941000.0,336071000.0,21967649000.0,12881017000.0,43984680000.0,1
2018-08-02,558534.0,565807.0,548352.0,549808.0,68973.0,6813347000.0,890597000.0,39771095000.0,12861284000.0,4302675000.0,145682000.0,42882810000.0,13005155000.0,60336320000.0,1
2018-08-03,577443.0,589807.0,560716.0,570171.0,265684.0,1083838500.0,1290072400.0,32339356000.0,4478064600.0,4921281000.0,2692000.0,27748172000.0,6519187500.0,39191330000.0,1
2018-08-06,570898.0,579625.0,570898.0,578898.0,75809.0,21567824000.0,843235500.0,106335830000.0,27515623000.0,13909612000.0,1581331500.0,114834440000.0,25937132000.0,156262510000.0,1
2018-08-07,599261.0,617442.0,591261.0,616715.0,317057.0,11059265000.0,88579000.0,26110669000.0,7460585500.0,4981295000.0,40166500.0,33564033000.0,6133603300.0,44719096000.0,1
2018-08-08,625442.0,664714.0,612351.0,660351.0,418561.0,44491740000.0,1361866500.0,127865060000.0,23597660000.0,13094509000.0,3492273000.0,153100600000.0,27628958000.0,197316330000.0,1
2018-08-09,665441.0,698169.0,658897.0,669078.0,391998.0,47712215000.0,7079636000.0,197997540000.0,22518798000.0,18507977000.0,2353751000.0,237408880000.0,17037587000.0,275308180000.0,1
2018-08-10,661078.0,681441.0,653806.0,674896.0,167095.0,14452798000.0,1169376000.0,220859300000.0,35696443000.0,23856138000.0,1571047600.0,217074400000.0,29676323000.0,272177920000.0,1
2018-08-13,679260.0,683623.0,648715.0,648715.0,187690.0,8896775000.0,1461567500.0,77098280000.0,27328145000.0,6695137300.0,4233126400.0,89920530000.0,13935978000.0,114784760000.0,1
2018-08-14,647988.0,666168.0,647259.0,663260.0,105465.0,8722723000.0,1105499500.0,96256740000.0,20718530000.0,20908399000.0,3408392000.0,85112950000.0,17373753000.0,126803490000.0,1
2018-08-16,648715.0,650896.0,628352.0,639988.0,205481.0,8606006000.0,661502500.0,49391510000.0,12498236000.0,3998719500.0,499181000.0,56408290000.0,10251063000.0,71157250000.0,1
2018-08-17,645078.0,676350.0,642897.0,666168.0,156922.0,12318525000.0,620933500.0,80915110000.0,40744640000.0,9832117000.0,668378000.0,78403340000.0,45695373000.0,134599205000.0,1
2018-08-20,673442.0,676350.0,658897.0,659624.0,75229.0,22330604000.0,831985500.0,61506230000.0,20907993000.0,4916282400.0,723867500.0,75739760000.0,24196903000.0,105576810000.0,1
2018-08-21,665441.0,669078.0,652350.0,660351.0,106134.0,6712387600.0,263657000.0,34349986000.0,9815211000.0,2682029000.0,159937000.0,33184854000.0,15114419000.0,51141240000.0,1
2018-08-22,664714.0,666168.0,655260.0,658897.0,74509.0,12799537000.0,161672500.0,41003336000.0,17848353000.0,8155545000.0,323040000.0,43809698000.0,19524612000.0,71812900000.0,1
2018-08-23,658170.0,661078.0,645805.0,655260.0,93281.0,9644673000.0,108940000.0,28512522000.0,12048791000.0,7373251000.0,86691500.0,28319246000.0,14535737000.0,50314930000.0,1
2018-08-24,656714.0,667624.0,647259.0,666168.0,91414.0,5840253000.0,179208500.0,34639540000.0,21588697000.0,8292235000.0,182862000.0,38369346000.0,15403254000.0,62247700000.0,1
2018-08-27,670532.0,679260.0,659624.0,661078.0,101309.0,13493633000.0,342616000.0,29837270000.0,18255573000.0,3641531400.0,394393500.0,52593512000.0,5299653600.0,61929090000.0,1
2018-08-28,663987.0,666168.0,653079.0,653806.0,67297.0,15169619000.0,1054145500.0,42069205000.0,10985032000.0,5565601000.0,1080324000.0,44947485000.0,17684590000.0,69278000000.0,1
2018-08-29,656714.0,662533.0,653806.0,654533.0,45266.0,5363973000.0,76121000.0,29361005000.0,10528987000.0,8761443000.0,239126000.0,26052674000.0,10276844000.0,45330088000.0,1
2018-08-30,657442.0,658897.0,647988.0,649442.0,63742.0,9420641000.0,106758500.0,15435138000.0,5502573000.0,4433175000.0,119433500.0,17907320000.0,8005181400.0,30465110000.0,1
2018-08-31,658897.0,682896.0,658170.0,673442.0,215449.0,5102921000.0,337695500.0,28016410000.0,9076168000.0,12115654000.0,4495000.0,20988074000.0,9424974000.0,42533196000.0,1
2018-09-03,680714.0,689441.0,676350.0,686532.0,130589.0,24515373000.0,837106000.0,92473926000.0,30238138000.0,15240846000.0,744396000.0,107279010000.0,24800290000.0,148064530000.0,1
2018-09-04,693078.0,693805.0,674896.0,683623.0,114403.0,11601410000.0,1009831000.0,58092840000.0,20762962000.0,5083164000.0,302339500.0,67753325000.0,18328216000.0,91467040000.0,1
2018-09-05,687260.0,690168.0,671259.0,673442.0,75474.0,12828802000.0,601092000.0,58255593000.0,8671005000.0,5987409000.0,859912000.0,50791346000.0,22717827000.0,80356490000.0,1
2018-09-06,674169.0,678533.0,663260.0,667624.0,68113.0,4255463400.0,555462500.0,38539470000.0,9199930000.0,8040387000.0,161641000.0,28934162000.0,15414134000.0,52550324000.0,1
2018-09-07,667624.0,673442.0,660351.0,666168.0,67493.0,6553144300.0,685409000.0,32316758000.0,7103156700.0,8850351000.0,132428500.0,28347515000.0,9328175000.0,46658470000.0,1
2018-09-10,661805.0,674896.0,659624.0,672715.0,54947.0,7832797700.0,138382000.0,29069894000.0,8927498000.0,6862388700.0,83666500.0,28188037000.0,10834479000.0,45968572000.0,1
2018-09-11,673442.0,680714.0,669078.0,678533.0,49468.0,5225632000.0,172408000.0,14898830000.0,17321940000.0,5395536400.0,26159000.0,25089650000.0,7107465000.0,37618810000.0,1
2018-09-12,683623.0,690168.0,677078.0,679987.0,89929.0,5842777000.0,94124000.0,13902953000.0,14427792000.0,2534433500.0,25665000.0,27644785000.0,4062763000.0,34267646000.0,1
2018-09-13,688714.0,690895.0,674169.0,682169.0,71578.0,11999588000.0,179962000.0,32603871000.0,18195337000.0,7002508300.0,2532780500.0,43789484000.0,9653984000.0,62978757000.0,1
2018-09-14,682896.0,690168.0,679987.0,685077.0,70385.0,11954229000.0,370039500.0,28162339000.0,9364934000.0,6428385000.0,420152000.0,26550256000.0,16452747000.0,49851540000.0,1
2018-09-17,689441.0,708350.0,687987.0,706896.0,175108.0,14701253000.0,452589500.0,21074196000.0,13217168000.0,6238023000.0,2355000.0,35554476000.0,7650351600.0,49445204000.0,1
2018-09-18,706896.0,741804.0,701077.0,737441.0,233357.0,22712674000.0,568150000.0,79652770000.0,22446017000.0,5560725500.0,747232000.0,113335480000.0,5736174000.0,125379610000.0,1
2018-09-19,744713.0,754894.0,730167.0,737441.0,135808.0,44680258000.0,1453451000.0,96495580000.0,30645400000.0,19273632000.0,902496000.0,141810860000.0,11287711000.0,173274700000.0,1
2018-09-20,740349.0,799985.0,738895.0,767985.0,329413.0,29619550000.0,472603000.0,60422890000.0,12616749000.0,17204017000.0,69803000.0,76335866000.0,9522108000.0,103131790000.0,1
2018-09-21,782530.0,783985.0,749076.0,770895.0,149331.0,65178490000.0,757412000.0,149462480000.0,44166267000.0,15365749000.0,669669000.0,191986170000.0,51543070000.0,259564650000.0,1
2018-09-27,772349.0,808711.0,766531.0,794166.0,146795.0,36174053000.0,576225000.0,62705250000.0,17978100000.0,17243222000.0,689706000.0,71744500000.0,27756202000.0,117433630000.0,1
2018-09-28,798530.0,799985.0,765076.0,776713.0,148228.0,27318809000.0,1409021000.0,61862290000.0,28713800000.0,16301930000.0,403620000.0,67957465000.0,34640904000.0,119303920000.0,1
2018-10-01,779621.0,783985.0,751986.0,782530.0,131397.0,19680037000.0,863742000.0,77778936000.0,19971684000.0,16141837000.0,493595000.0,65200790000.0,36458172000.0,118294400000.0,1
2018-10-02,783985.0,786894.0,747622.0,749076.0,129385.0,7445408000.0,1687846000.0,62813626000.0,30722873000.0,26999030000.0,400199000.0,55807492000.0,19463030000.0,102669754000.0,1
2018-10-04,754894.0,767985.0,749076.0,765076.0,130611.0,9639239000.0,622839000.0,66750382000.0,24207286000.0,17635630000.0,52043000.0,43430146000.0,40101930000.0,101219746000.0,1
2018-10-05,757804.0,770895.0,734531.0,738895.0,121107.0,13186459000.0,358051000.0,35708130000.0,52070244000.0,8599869000.0,1424261000.0,46991500000.0,44307255000.0,101322880000.0,1
2018-10-08,735987.0,754894.0,726532.0,740349.0,83102.0,18003320000.0,487714000.0,58560197000.0,15321908000.0,8063049000.0,708016000.0,38944334000.0,44657740000.0,92373140000.0,1
2018-10-10,744713.0,746168.0,708350.0,709804.0,157356.0,17258822000.0,638245000.0,30634646000.0,14643198000.0,5975267300.0,15180000.0,31475935000.0,25708528000.0,63174910000.0,1
2018-10-11,676350.0,701805.0,663260.0,679260.0,222660.0,11160287000.0,505264000.0,73074400000.0,31620182000.0,11459188000.0,532072500.0,49984692000.0,54384177000.0,116360135000.0,1
2018-10-12,677078.0,695986.0,661078.0,690168.0,171978.0,31093404000.0,1085633500.0,91054180000.0,31883151000.0,18539268000.0,1186260000.0,74931290000.0,60459553000.0,155116370000.0,1
2018-10-15,690168.0,693078.0,673442.0,676350.0,83542.0,14711272000.0,1766506000.0,80456620000.0,23222237000.0,15829171000.0,228754500.0,64598520000.0,39500194000.0,120156635000.0,1
2018-10-16,678533.0,687987.0,673442.0,679987.0,51166.0,8331425300.0,110192500.0,35954810000.0,14024455000.0,9750004000.0,330100000.0,34110431000.0,14230350000.0,58420883000.0,1
2018-10-17,685077.0,689441.0,626896.0,654533.0,360021.0,5051118600.0,430713000.0,21516910000.0,8720398000.0,5283732000.0,1432956000.0,19357960000.0,9644493000.0,35719140000.0,1
2018-10-18,651623.0,666168.0,641442.0,645805.0,98408.0,22660686000.0,1978491000.0,190696420000.0,23617819000.0,43915534000.0,1338033000.0,163080390000.0,30619468000.0,238953430000.0,1
2018-10-19,638534.0,661078.0,628352.0,658897.0,120567.0,5658064400.0,336363000.0,45454510000.0,14155312000.0,7079084500.0,211343000.0,40353170000.0,17960653000.0,65604250000.0,1
2018-10-22,650896.0,653806.0,645078.0,650169.0,58824.0,7566022000.0,279044000.0,46076280000.0,25450807000.0,7541457400.0,135800000.0,50669683000.0,21025214000.0,79372160000.0,1
2018-10-23,639988.0,639988.0,597806.0,607260.0,291702.0,7100245000.0,267116000.0,22932584000.0,8869132000.0,10669093000.0,78397500.0,17074588000.0,11346999000.0,39169077000.0,1
2018-10-24,610897.0,615988.0,581807.0,585443.0,179468.0,16695376000.0,1092516000.0,138618520000.0,26913140000.0,39028875000.0,280904000.0,78623910000.0,65385865000.0,183319540000.0,1
2018-10-25,565080.0,578898.0,543262.0,568715.0,345602.0,10720981000.0,658159000.0,69128260000.0,29055126000.0,15108617000.0,69843000.0,63998620000.0,30385447000.0,109562530000.0,1
2018-10-26,575989.0,577443.0,539625.0,541080.0,201823.0,20039442000.0,2281732000.0,129960120000.0,46391173000.0,22723709000.0,56628500.0,105512280000.0,70379840000.0,198672470000.0,1
2018-10-29,541080.0,561444.0,526535.0,527262.0,183943.0,12403158000.0,2054783000.0,79922950000.0,19324475000.0,14163907000.0,315120000.0,57378550000.0,41847783000.0,113705360000.0,1
2018-10-30,527262.0,581807.0,517081.0,578898.0,276523.0,11938726000.0,925748000.0,68621110000.0,20918630000.0,8516245000.0,592396500.0,65728565000.0,27567008000.0,102404210000.0,1
2018-10-31,585443.0,594171.0,548352.0,563625.0,230260.0,36916945000.0,1739460000.0,83961450000.0,33879425000.0,6431335400.0,498009500.0,97238650000.0,52329284000.0,156497280000.0,1
2018-11-01,564353.0,581807.0,563625.0,567261.0,149675.0,9435131000.0,1379399000.0,103653930000.0,19716940000.0,19571410000.0,1010224500.0,63759077000.0,49844687000.0,134185400000.0,1
2018-11-02,562898.0,586170.0,552716.0,583989.0,191695.0,8613051000.0,221474500.0,58860670000.0,19916790000.0,18498367000.0,174229000.0,49383800000.0,19555590000.0,87611990000.0,1
2018-11-05,577443.0,591988.0,573079.0,580352.0,113647.0,6107305000.0,827682500.0,78935540000.0,26694812000.0,15955463000.0,2221918000.0,80471286000.0,13916672000.0,112565340000.0,1
2018-11-06,597806.0,598534.0,574535.0,583261.0,96607.0,3196548000.0,242326500.0,44849775000.0,19231535000.0,15373312000.0,743280500.0,32126145000.0,19277443000.0,67520184000.0,1
2018-11-07,581080.0,589807.0,575989.0,581807.0,95446.0,4952385500.0,402051000.0,47224220000.0,5488182300.0,5457397000.0,112620000.0,39069720000.0,13427103000.0,58066840000.0,1
2018-11-08,559989.0,573079.0,556353.0,559262.0,252822.0,5453408000.0,734978500.0,35342004000.0,15357559000.0,10461092000.0,540706000.0,37461740000.0,8424413700.0,56887950000.0,1
2018-11-09,555626.0,556353.0,533080.0,535263.0,198616.0,6379953000.0,1485375500.0,104659080000.0,32826194000.0,35431653000.0,692697500.0,81285740000.0,27940514000.0,145350600000.0,1
2018-11-12,495991.0,499626.0,408719.0,415264.0,1010409.0,6043191000.0,733866000.0,76443450000.0,26729880000.0,25771800000.0,941052000.0,54556920000.0,28680608000.0,109950390000.0,1
2018-11-13,413083.0,477809.0,411627.0,455990.0,1013038.0,22185560000.0,6226663400.0,372958040000.0,65220223000.0,76596740000.0,6206570000.0,307552550000.0,76234620000.0,466590470000.0,1
2018-11-14,455990.0,529443.0,439264.0,486536.0,1004321.0,30642448000.0,2454804000.0,375011280000.0,56269713000.0,50738545000.0,9297197000.0,354446100000.0,49896403000.0,464378230000.0,0
2018-11-15,460272.78,460272.78,460272.78,460272.78,1001772.06,30838895000.0,3329887500.0,413371920000.0,50972210000.0,39194554000.0,3464524500.0,400646600000.0,55207230000.0,498512920000.0,0
2018-11-16,464555.56,464555.56,464555.56,464555.56,999223.06,32571408000.0,3292633600.0,414515530000.0,50150980000.0,40793924000.0,3506465500.0,398889880000.0,57340280000.0,500530540000.0,0
2018-11-19,477403.88,477403.88,477403.88,477403.88,991576.2,34303922000.0,3255379700.0,415659100000.0,49329754000.0,42393290000.0,3548406500.0,397133120000.0,59473334000.0,502548170000.0,0
2018-11-20,481686.66,481686.66,481686.66,481686.66,989027.25,39501464000.0,3143617800.0,419089870000.0,46866067000.0,47191396000.0,3674229800.0,391862900000.0,65872482000.0,508601000000.0,0
2018-11-21,485969.44,485969.44,485969.44,485969.44,986478.25,41233977000.0,3106364000.0,420233450000.0,46044840000.0,48790760000.0,3716170800.0,390106150000.0,68005536000.0,510618630000.0,0
2018-11-22,490252.22,490252.22,490252.22,490252.22,983929.3,42966490000.0,3069110000.0,421377050000.0,45223612000.0,50390130000.0,3758111700.0,388349430000.0,70138585000.0,512636260000.0,0
2018-11-23,494535.0,494535.0,494535.0,494535.0,981380.3,44699005000.0,3031856000.0,422520620000.0,44402385000.0,51989500000.0,3800052700.0,386592670000.0,72271634000.0,514653880000.0,0
2018-11-26,507383.34,507383.34,507383.34,507383.34,973733.44,46431520000.0,2994602200.0,423664220000.0,43581153000.0,53588865000.0,3841993700.0,384835940000.0,74404680000.0,516671500000.0,0
2018-11-27,511666.12,511666.12,511666.12,511666.12,971184.5,51629060000.0,2882840300.0,427094970000.0,41117470000.0,58386970000.0,3967816700.0,379565700000.0,80803840000.0,522724340000.0,0
2018-11-28,515948.88,515948.88,515948.88,515948.88,968635.5,53361574000.0,2845586400.0,428238570000.0,40296243000.0,59986338000.0,4009757700.0,377808980000.0,82936890000.0,524741970000.0,0
2018-11-29,520231.66,520231.66,520231.66,520231.66,966086.56,55094088000.0,2808332500.0,429382140000.0,39475016000.0,61585707000.0,4051699000.0,376052220000.0,85069940000.0,526759600000.0,0
2018-11-30,524514.44,524514.44,524514.44,524514.44,963537.56,56826600000.0,2771078700.0,430525740000.0,38653790000.0,63185076000.0,4093640000.0,374295500000.0,87202990000.0,528777200000.0,0
2018-12-03,537362.75,537362.75,537362.75,537362.75,955890.7,58559115000.0,2733824800.0,431669300000.0,37832557000.0,64784440000.0,4135581000.0,372538740000.0,89336040000.0,530794840000.0,0
2018-12-04,541645.56,541645.56,541645.56,541645.56,953341.75,63756657000.0,2622062800.0,435100100000.0,35368874000.0,69582545000.0,4261404000.0,367268530000.0,95735190000.0,536847680000.0,0
2018-12-05,545928.3,545928.3,545928.3,545928.3,950792.75,65489170000.0,2584809000.0,436243660000.0,34547646000.0,71181920000.0,4303345000.0,365511770000.0,97868240000.0,538865300000.0,0
2018-12-06,550211.1,550211.1,550211.1,550211.1,948243.8,67221684000.0,2547555000.0,437387260000.0,33726417000.0,72781280000.0,4345286000.0,363755040000.0,100001290000.0,540882930000.0,0
2018-12-07,554493.9,554493.9,554493.9,554493.9,945694.9,68954190000.0,2510301200.0,438530830000.0,32905190000.0,74380650000.0,4387227000.0,361998300000.0,102134340000.0,542900550000.0,0
2018-12-10,567342.25,567342.25,567342.25,567342.25,938047.94,70686710000.0,2473047300.0,439674440000.0,32083960000.0,75980020000.0,4429168000.0,360241560000.0,104267390000.0,544918180000.0,0
2018-12-11,571625.0,610897.0,559989.0,573079.0,935499.0,75884250000.0,2361285400.0,443105180000.0,29620275000.0,80778125000.0,4554991000.0,354971320000.0,110666550000.0,550971050000.0,1
2018-12-12,573806.0,583989.0,554170.0,573806.0,300546.0,77616770000.0,2324031500.0,444248800000.0,28799048000.0,82377490000.0,4596932000.0,353214600000.0,112799600000.0,552988640000.0,1
2018-12-13,580352.0,609443.0,577443.0,596352.0,441359.0,31558738000.0,241272500.0,122940810000.0,21049870000.0,7833449000.0,709261000.0,108141460000.0,59106517000.0,175790690000.0,1
2018-12-14,573079.0,583261.0,567261.0,569444.0,314131.0,37587220000.0,943351000.0,183226940000.0,47603724000.0,32601856000.0,284826000.0,190716380000.0,45758170000.0,269361220000.0,1
2018-12-17,564353.0,565080.0,530172.0,541808.0,270534.0,25316184000.0,12980163000.0,115344654000.0,30754882000.0,13668136000.0,337784000.0,127058890000.0,43331076000.0,184395890000.0,1
2018-12-18,530899.0,552716.0,530172.0,533080.0,191406.0,7331379000.0,540452000.0,110519020000.0,31321727000.0,30714075000.0,503420500.0,95308530000.0,23186555000.0,149712580000.0,1
2018-12-19,533080.0,540353.0,517808.0,535263.0,158858.0,21519372000.0,1622146000.0,65180970000.0,17697310000.0,7468595000.0,424040000.0,58835657000.0,39291507000.0,106019800000.0,1
2018-12-20,525808.0,530172.0,498172.0,500353.0,247250.0,9277578000.0,803457000.0,60941100000.0,15220352000.0,2975889000.0,1009215500.0,65914910000.0,16342472000.0,86242484000.0,1
2018-12-21,498899.0,515627.0,487990.0,509080.0,152908.0,12253617000.0,1096388000.0,93773920000.0,23131275000.0,17737580000.0,1194495000.0,88013020000.0,23310109000.0,130255200000.0,1
2018-12-24,505445.0,521444.0,503990.0,506899.0,87231.0,15280768000.0,668727000.0,43113615000.0,20615635000.0,4763228700.0,645886500.0,52393284000.0,21876349000.0,79678740000.0,1
2018-12-26,497445.0,524353.0,495991.0,523626.0,151243.0,5816559600.0,92863000.0,32342465000.0,7582745600.0,4987192000.0,426776500.0,35264920000.0,5155742000.0,45834633000.0,1
2018-12-27,542535.0,547625.0,534534.0,539625.0,132455.0,26122183000.0,466341000.0,39304868000.0,13531032000.0,3596247600.0,1032372000.0,68254765000.0,6541040600.0,79424420000.0,1
2018-12-28,548352.0,575989.0,548352.0,562171.0,171996.0,9499289000.0,121862000.0,46722855000.0,16985632000.0,9497927000.0,370500.0,49403703000.0,14427639000.0,73329640000.0,1
2019-01-02,566534.0,570171.0,541080.0,543989.0,99614.0,25330540000.0,5217545000.0,60583490000.0,8501075500.0,10824321000.0,1827410600.0,76552260000.0,10428664000.0,99632650000.0,1
2019-01-03,551262.0,559989.0,544717.0,547625.0,87801.0,6005161500.0,186134500.0,45302200000.0,5049276400.0,10032914000.0,2740500.0,36298162000.0,10208952000.0,56542770000.0,1
2019-01-04,549808.0,560716.0,547625.0,554170.0,79303.0,11030185000.0,156387500.0,30296842000.0,8104345000.0,9882149000.0,7973000.0,32537172000.0,7160466000.0,49587760000.0,1
2019-01-07,561444.0,568715.0,558534.0,564353.0,74116.0,10074627000.0,54483000.0,27329915000.0,7540747000.0,6188688400.0,35632000.0,30610192000.0,8165258000.0,44999770000.0,1
2019-01-08,558534.0,565807.0,551989.0,561444.0,63372.0,8842173000.0,7710000.0,22987500000.0,10859922000.0,4799801300.0,85479000.0,27014048000.0,10797978000.0,42697306000.0,1
2019-01-09,565080.0,566534.0,554899.0,562898.0,58912.0,2830958600.0,116825500.0,23678202000.0,9661253000.0,5640274000.0,51442500.0,23231234000.0,7364287000.0,36287240000.0,1
2019-01-10,565080.0,568715.0,562171.0,564353.0,58986.0,2824563500.0,76541000.0,19458550000.0,11534489000.0,6600001000.0,19727500.0,19654304000.0,7620111000.0,33894142000.0,1
2019-01-11,567988.0,575262.0,564353.0,575262.0,73010.0,7942947300.0,424851500.0,18799300000.0,6971807000.0,4619927600.0,331809000.0,24403597000.0,4783573500.0,34138907000.0,1
2019-01-14,577443.0,592715.0,577443.0,586170.0,125527.0,12304153000.0,100453000.0,22163597000.0,8145253000.0,3262175500.0,147616500.0,32872110000.0,6431552500.0,42713457000.0,1
2019-01-15,583261.0,593442.0,583261.0,587624.0,85263.0,15931832000.0,175969000.0,40745787000.0,18586468000.0,4618609700.0,526178000.0,53212385000.0,17082884000.0,75440054000.0,1
2019-01-16,589080.0,591261.0,578898.0,580352.0,75179.0,11275517000.0,655269500.0,28088685000.0,11255770000.0,5441886000.0,135766500.0,30178900000.0,15518689000.0,51275240000.0,1
2019-01-17,580352.0,581080.0,559262.0,561444.0,110358.0,9536358000.0,557905000.0,28230908000.0,6446587000.0,10599305000.0,103680000.0,23787230000.0,10281542000.0,44771760000.0,1
2019-01-18,563625.0,581807.0,556353.0,581807.0,89548.0,6960380400.0,328711500.0,48368853000.0,8587861000.0,14307498000.0,611632500.0,35635507000.0,13691172000.0,64245810000.0,1
2019-01-21,589807.0,596352.0,576716.0,577443.0,88815.0,6992037000.0,68606500.0,17496498000.0,28146844000.0,5440422000.0,15826500.0,29590770000.0,17656970000.0,52703986000.0,1
2019-01-22,578170.0,591988.0,573079.0,587624.0,124332.0,5764032500.0,173627500.0,39672930000.0,7603979300.0,7549262000.0,39744000.0,31194378000.0,14431184000.0,53214570000.0,1
2019-01-23,589080.0,589807.0,575989.0,580352.0,81815.0,9786868000.0,1616481500.0,56635460000.0,6282049500.0,4659610000.0,270104000.0,53743727000.0,15647419000.0,74320860000.0,1
2019-01-24,578898.0,584716.0,578170.0,583989.0,56598.0,6903557000.0,993599000.0,32006950000.0,8795237000.0,6492175000.0,748884000.0,26592797000.0,14865489000.0,48699343000.0,1
2019-01-25,581080.0,587624.0,581080.0,586170.0,59295.0,4044605000.0,239101500.0,20346458000.0,9069323000.0,7336965600.0,1360086500.0,22435158000.0,2567278000.0,33699488000.0,1
2019-01-28,586170.0,593442.0,581807.0,584716.0,81566.0,4488380000.0,169670000.0,15680077000.0,15158017000.0,8124439000.0,822351500.0,23381637000.0,3167716600.0,35496145000.0,1
2019-01-29,581080.0,583261.0,565080.0,570171.0,132825.0,3281781000.0,132578500.0,27271885000.0,18241604000.0,10264938000.0,221150000.0,29138602000.0,9303156000.0,48927846000.0,1
2019-01-30,570898.0,570898.0,559989.0,564353.0,121587.0,3667679000.0,889180000.0,63759130000.0,9361217000.0,23221518000.0,598440000.0,31799763000.0,22057484000.0,77677210000.0,1
2019-01-31,570898.0,581807.0,570171.0,580352.0,108336.0,10688195000.0,77177000.0,45616750000.0,13825175000.0,11621412000.0,81283000.0,30701418000.0,27803185000.0,70207300000.0,1
2019-02-01,578170.0,581807.0,561444.0,565080.0,177621.0,20303155000.0,1595715500.0,27744900000.0,14311195000.0,7346276400.0,554585000.0,51284492000.0,4769610000.0,63954964000.0,1
2019-02-07,564353.0,564353.0,549079.0,550535.0,160828.0,5017504000.0,877430500.0,80817950000.0,16079332000.0,35334130000.0,179109500.0,32743274000.0,34535694000.0,102792210000.0,1
2019-02-08,551262.0,555626.0,549808.0,550535.0,74596.0,4880306700.0,1299072000.0,78049200000.0,6630049300.0,17763267000.0,978988000.0,38017466000.0,34098905000.0,90858630000.0,1
2019-02-11,555626.0,560716.0,550535.0,550535.0,69291.0,5929452000.0,391385000.0,26216542000.0,9619455000.0,11619242000.0,4170000.0,21612003000.0,8921420000.0,42156835000.0,1
2019-02-12,551989.0,554170.0,547625.0,548352.0,51424.0,6329425400.0,358399000.0,27768424000.0,4909606000.0,7547986000.0,2304879600.0,22840990000.0,6671998500.0,39365853000.0,1
2019-02-13,551989.0,555626.0,549079.0,551989.0,54478.0,4810943500.0,71278500.0,20918493000.0,3104833000.0,5738991600.0,96894000.0,12502751000.0,10566912000.0,28905550000.0,1
2019-02-14,549808.0,555626.0,545444.0,555626.0,73242.0,7609995000.0,1276174000.0,17838987000.0,4003754500.0,9604268000.0,152809500.0,13468785000.0,7503048000.0,30728910000.0,1
2019-02-15,553443.0,554170.0,549808.0,552716.0,46597.0,6964277000.0,215068500.0,20017263000.0,14019139000.0,5748942000.0,413100000.0,20523104000.0,14530602000.0,41215746000.0,1
2019-02-18,553443.0,553443.0,549808.0,551262.0,43712.0,5135393000.0,133712000.0,13261629000.0,7778870300.0,6904651300.0,0.0,13073192000.0,6331761000.0,26309605000.0,1
2019-02-19,553443.0,562171.0,550535.0,559262.0,73098.0,4241841000.0,555105000.0,17068806000.0,2811808000.0,6702547000.0,79485000.0,13681654000.0,4213874400.0,24677560000.0,1
2019-02-20,562898.0,564353.0,559262.0,564353.0,81001.0,6659384000.0,241354000.0,26092660000.0,8768249000.0,4143541000.0,131018000.0,32423557000.0,5063531500.0,41761650000.0,1
2019-02-21,564353.0,564353.0,553443.0,554170.0,69509.0,5799843000.0,221979000.0,27233577000.0,13336124000.0,4490994000.0,187760500.0,32356264000.0,9556506000.0,46591525000.0,1
2019-02-22,550535.0,553443.0,546898.0,547625.0,67305.0,1828259500.0,414921000.0,33933650000.0,3385509000.0,10649343000.0,195578000.0,19352148000.0,9365271000.0,39562340000.0,1
2019-02-25,546898.0,546898.0,535263.0,538171.0,100843.0,2530985500.0,531114500.0,32098312000.0,2643942400.0,5198419000.0,148538000.0,18692934000.0,13764464000.0,37804356000.0,1
2019-02-26,538898.0,543989.0,535990.0,536717.0,73893.0,3218242600.0,595397500.0,48382770000.0,3384360400.0,9138479000.0,246721500.0,28841163000.0,17354408000.0,55580770000.0,1
2019-02-27,535263.0,543262.0,535263.0,541080.0,40116.0,6584001500.0,340908000.0,24923714000.0,8907286000.0,7015307000.0,490201500.0,20811518000.0,12438883000.0,40755910000.0,1
2019-02-28,544717.0,547625.0,541080.0,546898.0,124369.0,4114782500.0,67252000.0,11272118000.0,6715149000.0,1914214000.0,25564500.0,13626315000.0,6603208000.0,22169300000.0,1
2019-03-04,548352.0,551989.0,547625.0,547625.0,51113.0,13897726000.0,229377000.0,20978424000.0,34313742000.0,3966618600.0,185373000.0,34553400000.0,30713876000.0,69419270000.0,1
2019-03-05,548352.0,559262.0,548352.0,555626.0,110745.0,6662040600.0,134735500.0,14979825000.0,6968106000.0,4804846000.0,76102500.0,18458763000.0,5404995000.0,28744706000.0,1
2019-03-06,556353.0,556353.0,546898.0,549808.0,49248.0,24769559000.0,139637500.0,26436057000.0,11704598000.0,2543942000.0,142877000.0,44239070000.0,16123964000.0,63049850000.0,1
2019-03-07,551989.0,554170.0,543989.0,545444.0,44905.0,7707684400.0,230307000.0,15642705000.0,4165572000.0,3593772000.0,26530000.0,17738470000.0,6387498000.0,27746270000.0,1
2019-03-08,545444.0,550535.0,542535.0,543262.0,33942.0,9171503000.0,148980500.0,10561844000.0,5321014300.0,2336996600.0,3770000.0,12101300000.0,10761276000.0,25203343000.0,1
2019-03-11,538898.0,541080.0,531626.0,534534.0,54777.0,5568685000.0,373500.0,10988876000.0,2368339000.0,3935272400.0,31458000.0,10549796000.0,4409747500.0,18926273000.0,1
2019-03-12,535263.0,541080.0,533080.0,538171.0,50771.0,5042623000.0,15825000.0,22840453000.0,2047651000.0,7196540000.0,221780500.0,17774760000.0,4753471000.0,29946552000.0,1
2019-03-13,535990.0,541080.0,533080.0,533807.0,50300.0,7318880000.0,38983000.0,16773062000.0,3722446000.0,6515292000.0,294000000.0,15036223000.0,6007855600.0,27853371000.0,1
2019-03-14,534534.0,534534.0,517081.0,517808.0,135863.0,7984431600.0,41833000.0,14117244000.0,5432534500.0,12155404000.0,2217000.0,10518913000.0,4899508700.0,27576044000.0,1
2019-03-15,503263.0,503990.0,488717.0,495991.0,229703.0,9490087000.0,679700500.0,55210730000.0,7190334000.0,22674260000.0,108719500.0,29605569000.0,20182300000.0,72570850000.0,1
2019-03-18,491627.0,501808.0,488717.0,493808.0,97041.0,12084905000.0,965985500.0,82775376000.0,21224462000.0,19743742000.0,4713509000.0,67975254000.0,24618228000.0,117050730000.0,1
2019-03-19,494535.0,511263.0,494535.0,509080.0,86690.0,5649879000.0,1320937500.0,34233199000.0,7889238000.0,10124997000.0,0.0,24110780000.0,14857475000.0,49093255000.0,1
2019-03-20,508353.0,514171.0,503263.0,511263.0,38362.0,4795238000.0,3572010000.0,28081484000.0,8528260000.0,2415659500.0,235676000.0,33063720000.0,9261937000.0,44976992000.0,1
2019-03-21,505445.0,511263.0,502535.0,506899.0,44045.0,2249223000.0,48240500.0,12619626000.0,5029159400.0,2839585500.0,150965500.0,12887958000.0,4067740000.0,19946248000.0,1
2019-03-22,495262.0,495991.0,477082.0,492354.0,202600.0,3948555000.0,88624000.0,14700790000.0,4167708400.0,5588526600.0,245886000.0,11741294000.0,5329971000.0,22905678000.0,1
2019-03-25,488717.0,495991.0,487990.0,488717.0,46088.0,22229758000.0,813898000.0,65173270000.0,13332333000.0,23940660000.0,199735500.0,32797850000.0,44611015000.0,101549260000.0,1
2019-03-26,490171.0,493808.0,488717.0,488717.0,47568.0,1957987000.0,324466000.0,14776203000.0,6146486300.0,4531303400.0,271157000.0,12758890000.0,5643791400.0,23205143000.0,1
2019-03-27,488717.0,493081.0,469808.0,471991.0,109405.0,3248012500.0,143648000.0,11956330000.0,8571595300.0,5691262000.0,30240000.0,10021894000.0,8176190500.0,23919587000.0,1
2019-03-28,466173.0,468354.0,455263.0,465445.0,123504.0,3773109500.0,418687000.0,40503490000.0,8917744000.0,15737268000.0,452294500.0,26233995000.0,11189470000.0,53613027000.0,1
2019-03-29,465445.0,471991.0,461081.0,464718.0,96053.0,4790116000.0,805839000.0,33172357000.0,19552586000.0,11750174000.0,63048500.0,26582264000.0,19925412000.0,58320896000.0,1
2019-04-01,463263.0,477809.0,461081.0,476355.0,66031.0,3251339500.0,192901500.0,21051280000.0,21241670000.0,8467945000.0,12499500.0,17535894000.0,19720851000.0,45737190000.0,1
2019-04-02,479263.0,509807.0,478536.0,507626.0,160548.0,4345769000.0,150117000.0,16395880000.0,10993048000.0,4133186600.0,133327000.0,20245930000.0,7372370400.0,31884814000.0,1
2019-04-03,507626.0,516354.0,497445.0,510536.0,90200.0,26322862000.0,319558000.0,37017387000.0,18298622000.0,3939094500.0,917303500.0,56735027000.0,20367004000.0,81958430000.0,1
2019-04-04,510536.0,511990.0,501808.0,502535.0,49778.0,11518369000.0,86457500.0,22790322000.0,12813697000.0,4812750000.0,541990000.0,30410887000.0,11443217000.0,47208845000.0,1
2019-04-05,501808.0,509807.0,496718.0,500353.0,44750.0,5073452500.0,79921000.0,13742606000.0,6867379000.0,2187484400.0,68243000.0,13796522000.0,9711109000.0,25763359000.0,1
2019-04-08,501081.0,503990.0,495262.0,502535.0,40445.0,2339050500.0,58452000.0,13689429000.0,6863866000.0,5136373000.0,153808000.0,10870492000.0,6790124500.0,22950797000.0,1
2019-04-09,504717.0,519262.0,504717.0,518535.0,84140.0,4507033600.0,59912500.0,9522877000.0,6632882700.0,4073372400.0,0.0,13313701000.0,3335632400.0,20722706000.0,1
2019-04-10,519989.0,530899.0,518535.0,528716.0,100084.0,12621617000.0,238638000.0,14207945000.0,17361904000.0,3774867500.0,23062500.0,34771698000.0,5860476400.0,44430103000.0,1
2019-04-11,529443.0,530899.0,523626.0,530899.0,63717.0,11293526000.0,137747000.0,14417783000.0,28001468000.0,3147661000.0,206352500.0,38784300000.0,11712213000.0,53850526000.0,1
2019-04-12,529443.0,535263.0,527989.0,531626.0,45390.0,6637172000.0,1477435000.0,9700693000.0,16625562000.0,8906464000.0,167205000.0,19260756000.0,6106437600.0,34440864000.0,1
2019-04-15,530172.0,537444.0,527262.0,534534.0,56948.0,3254017000.0,435393500.0,8046584000.0,12997787000.0,4599367700.0,3655000.0,14284184000.0,5846575000.0,24733782000.0,1
2019-04-16,534534.0,536717.0,530899.0,533080.0,75272.0,5791355000.0,51911500.0,8073512000.0,17244842000.0,3480567000.0,142785500.0,23548758000.0,3989509000.0,31161620000.0,1
2019-04-17,533807.0,539625.0,533080.0,536717.0,48218.0,4356454000.0,178580000.0,8844150000.0,27742822000.0,7582125000.0,52082000.0,12671015000.0,20816783000.0,41122005000.0,1
2019-04-18,533807.0,534534.0,522171.0,523626.0,81133.0,3543720400.0,59982000.0,8102525400.0,14759598000.0,5548134400.0,3695000.0,14720440000.0,6193556500.0,26465827000.0,1
2019-04-19,526535.0,543262.0,522171.0,538898.0,75541.0,2792475000.0,7914000.0,19623342000.0,21199364000.0,6830401500.0,169400000.0,17908152000.0,18715140000.0,43623092000.0,1
2019-04-22,541080.0,551989.0,540353.0,546898.0,61286.0,7056766500.0,59145000.0,15636606000.0,18844613000.0,2022419500.0,662741500.0,35132187000.0,3779781400.0,41597130000.0,1
2019-04-23,546898.0,549079.0,535990.0,538898.0,56950.0,15424544000.0,171550500.0,15007495000.0,3828759600.0,3844409600.0,1251868000.0,25716576000.0,3619495000.0,34432350000.0,1
2019-04-24,539625.0,546898.0,525081.0,526535.0,56068.0,3377146000.0,287215000.0,17036470000.0,10736666000.0,3857248500.0,95472000.0,14172688000.0,13312088000.0,31437496000.0,1
2019-04-25,509080.0,519262.0,488717.0,492354.0,216642.0,1401173500.0,61262000.0,20405731000.0,8680432000.0,9772985000.0,11946000.0,15321796000.0,5441871400.0,30548599000.0,1
2019-04-26,484354.0,508353.0,477809.0,502535.0,137133.0,7220597000.0,1608182500.0,78621250000.0,23439573000.0,27587944000.0,879688000.0,59640087000.0,22781889000.0,110889610000.0,1
2019-04-29,499626.0,505445.0,492354.0,505445.0,69413.0,7649673000.0,423285000.0,43845652000.0,17272080000.0,11981815000.0,34910500.0,39643000000.0,17530964000.0,69190690000.0,1
2019-04-30,495991.0,502535.0,493081.0,494535.0,72978.0,3825258000.0,199398500.0,23976413000.0,7445969000.0,7134394400.0,77855000.0,19216290000.0,9018499000.0,35447040000.0,1
2019-05-02,493081.0,498899.0,488717.0,490171.0,63163.0,2355262500.0,88716000.0,24869915000.0,9704933000.0,15623890000.0,343250000.0,14595225000.0,6456462000.0,37018830000.0,1
2019-05-03,492354.0,495991.0,485081.0,485809.0,46338.0,4057896400.0,144304500.0,21985124000.0,5648478000.0,11719665000.0,0.0,12898859000.0,7217278000.0,31835802000.0,1
2019-05-07,470535.0,479990.0,466900.0,469808.0,96405.0,907526500.0,88590000.0,17294150000.0,4839816000.0,7092008400.0,0.0,7328182300.0,8709890000.0,23130081000.0,1
2019-05-08,445809.0,450899.0,431992.0,433446.0,362134.0,3732701400.0,596879500.0,32297888000.0,10068716000.0,12476435000.0,0.0,26163642000.0,8056108500.0,46696186000.0,1
2019-05-09,430536.0,447264.0,427628.0,435627.0,159955.0,12865718000.0,1780841500.0,123360930000.0,25026116000.0,48201830000.0,108338500.0,88956660000.0,25766775000.0,163033600000.0,1
2019-05-10,434173.0,442173.0,431263.0,433446.0,95176.0,7014853600.0,242890500.0,42427170000.0,22191897000.0,11181355000.0,102590000.0,40712045000.0,19880827000.0,71876810000.0,1
2019-05-13,426173.0,427628.0,408719.0,414537.0,121355.0,4475358000.0,404055000.0,31571522000.0,5979681300.0,7451623000.0,12000000.0,20485489000.0,14481504000.0,42430616000.0,1
2019-05-14,420355.0,471991.0,420355.0,445809.0,274266.0,4042474500.0,286841500.0,37730263000.0,9638711000.0,11387534000.0,376031000.0,33381347000.0,6553376300.0,51698290000.0,1
2019-05-15,450172.0,463263.0,443627.0,450899.0,105529.0,10083556000.0,3282075000.0,83292660000.0,27604263000.0,6925167000.0,1825469400.0,88126330000.0,27385586000.0,124262556000.0,1
2019-05-16,445809.0,448718.0,434900.0,435627.0,66668.0,6029674500.0,180579500.0,26858656000.0,15610542000.0,7050618000.0,2144421500.0,23010304000.0,16474108000.0,48679453000.0,1
2019-05-17,438537.0,450899.0,438537.0,441445.0,44811.0,2885072000.0,764154500.0,17301400000.0,9101334000.0,2549847000.0,0.0,19045732000.0,8456381400.0,30051960000.0,1
2019-05-20,443627.0,445809.0,426901.0,426901.0,67650.0,3414831600.0,0.0,11502124000.0,5476041700.0,1414394000.0,88380000.0,14917036000.0,3973187000.0,20392997000.0,1
2019-05-21,426173.0,434900.0,425446.0,427628.0,46032.0,2762451000.0,432878000.0,20655920000.0,6108926500.0,5606666000.0,697300000.0,11375804000.0,12280405000.0,29960176000.0,1
2019-05-22,429809.0,446537.0,429809.0,442173.0,69544.0,4243844000.0,91915000.0,9497962000.0,6453975000.0,4188950000.0,267350000.0,10985752000.0,4845644000.0,20287697000.0,1
2019-05-23,436354.0,444354.0,430536.0,434900.0,76824.0,4443002400.0,113509500.0,12697856000.0,14150242000.0,4033714400.0,20328000.0,20079086000.0,7271481000.0,31404610000.0,1
2019-05-24,430536.0,434173.0,424718.0,429082.0,67521.0,5030057500.0,686065500.0,17129540000.0,11531552000.0,11202014000.0,69522000.0,14286626000.0,8819053000.0,34377216000.0,1
2019-05-27,433446.0,434173.0,415264.0,423264.0,64247.0,3390356000.0,60898000.0,18442394000.0,7652054000.0,5166081500.0,355112000.0,16151571000.0,7872938000.0,29545703000.0,1
2019-05-28,421809.0,431263.0,420355.0,427628.0,88465.0,2335675400.0,5805000.0,15747970000.0,9753102000.0,7850200600.0,138675000.0,14919538000.0,4934140000.0,27842554000.0,1
2019-05-29,430536.0,432719.0,419628.0,421082.0,55031.0,2458927600.0,339325000.0,8530333700.0,27350452000.0,1233394000.0,117807500.0,10664059000.0,26663778000.0,38679040000.0,1
2019-05-30,421082.0,423991.0,408719.0,412356.0,80527.0,1268901500.0,1074744400.0,14813942000.0,6633835000.0,4502322700.0,8685000.0,10773931000.0,8506484000.0,23791423000.0,1
2019-05-31,413083.0,436354.0,409446.0,436354.0,97498.0,1129973500.0,895755500.0,22502470000.0,9450198000.0,7186888000.0,731448500.0,17292073000.0,8767988000.0,33978397000.0,1
2019-06-03,436354.0,439264.0,426173.0,437083.0,37294.0,5272707600.0,17910000.0,12091032000.0,25305230000.0,2712990500.0,433837500.0,28075284000.0,11464767000.0,42686878000.0,1
2019-06-04,443627.0,459627.0,442900.0,457446.0,98870.0,3115091000.0,6612500.0,6473899000.0,7059330600.0,3463673000.0,430481000.0,10132066000.0,2628712400.0,16654933000.0,1
2019-06-05,458173.0,458173.0,448718.0,453809.0,58959.0,12129094000.0,354962500.0,22137570000.0,11475117000.0,1663833000.0,2686086000.0,33715452000.0,8031371300.0,46096744000.0,1
2019-06-07,454536.0,454536.0,441445.0,444354.0,47066.0,5254320600.0,32595000.0,14018618000.0,8077956000.0,1776099500.0,213752000.0,10509877000.0,14883761000.0,27383489000.0,1
2019-06-10,452355.0,453082.0,442900.0,444354.0,30923.0,2181012000.0,291288500.0,16854289000.0,2145456500.0,2340150500.0,6110000.0,10289321000.0,8836466000.0,21472047000.0,1
2019-06-11,445082.0,450172.0,444354.0,446537.0,26987.0,1358791000.0,162008500.0,9869040000.0,2711762000.0,1685597000.0,0.0,6999538700.0,5416466000.0,14101601000.0,1
2019-06-12,446537.0,450172.0,443627.0,447991.0,29751.0,2724609500.0,85728000.0,5560606700.0,3986678500.0,940214000.0,0.0,9259842000.0,2157567000.0,12357623000.0,1
2019-06-13,447264.0,463263.0,447264.0,460354.0,70904.0,3786805000.0,19023500.0,4034377000.0,5788734500.0,2070036000.0,15102000.0,6547431400.0,4996370400.0,13628940000.0,1
2019-06-14,460354.0,460354.0,453809.0,455263.0,45582.0,13103887000.0,0.0,13690841000.0,6456252000.0,4626072000.0,397629000.0,19042355000.0,9184925000.0,33250982000.0,1
2019-06-17,453082.0,456719.0,447991.0,449445.0,24836.0,6596428300.0,152504500.0,8595217000.0,5952698400.0,1929500000.0,62700000.0,8203371500.0,11101277000.0,21296849000.0,1
2019-06-18,450172.0,459627.0,450172.0,456719.0,46222.0,2164688000.0,171417000.0,7571901000.0,1570390500.0,1431312000.0,9270000.0,6525816300.0,3511998000.0,11478397000.0,1
2019-06-19,459627.0,462536.0,455263.0,458173.0,34554.0,7473692000.0,34530000.0,8226342000.0,5856853000.0,1546734000.0,374850000.0,12913913000.0,6755920000.0,21591417000.0,1
2019-06-20,458900.0,461809.0,458173.0,461081.0,31229.0,2588104400.0,9420000.0,7546139600.0,6072038000.0,1902892000.0,17717000.0,10615677000.0,3679416600.0,16215702000.0,1
2019-06-21,461809.0,462536.0,457446.0,461081.0,38575.0,2745674500.0,340046000.0,5521184300.0,6114538500.0,1007932000.0,9796000.0,9684181000.0,4019534000.0,14721444000.0,1
2019-06-24,457446.0,468354.0,457446.0,467627.0,41318.0,1739372500.0,319445000.0,4953391600.0,11157725000.0,4633192000.0,31185000.0,5943506400.0,7562051000.0,18169934000.0,1
2019-06-25,465445.0,469808.0,453809.0,455263.0,44283.0,7261168000.0,319000000.0,8784008000.0,3330133500.0,1575933000.0,205413000.0,15582403000.0,2330561500.0,19694310000.0,1
2019-06-26,454536.0,462536.0,454536.0,455990.0,27354.0,4134375400.0,35998500.0,12048941000.0,4627522000.0,3716549400.0,24687500.0,10424988000.0,6680613000.0,20846838000.0,1
2019-06-27,455990.0,463990.0,453809.0,458173.0,37937.0,3043686000.0,205328000.0,7353263600.0,2214817500.0,3622283000.0,0.0,6783499300.0,2411312400.0,12817095000.0,1
2019-06-28,461081.0,468354.0,458900.0,465445.0,39782.0,4935610000.0,105695500.0,7139736600.0,5694015500.0,2417045500.0,136675000.0,12002089000.0,3319248000.0,17875057000.0,1
2019-07-01,466173.0,469808.0,463990.0,466900.0,26340.0,4411472400.0,179993500.0,8051622400.0,6288089600.0,1914178600.0,189032500.0,13359580000.0,3468386600.0,18931177000.0,1
2019-07-02,466173.0,472718.0,463263.0,471264.0,30997.0,3387102000.0,104189500.0,6507920000.0,2588969500.0,1187455500.0,1923000.0,8083303400.0,3315499000.0,12588182000.0,1
2019-07-03,471264.0,476355.0,460354.0,462536.0,44535.0,4292368400.0,323452500.0,7287772700.0,3032962600.0,1358985000.0,2916000.0,12019061000.0,1555594500.0,14936556000.0,1
2019-07-04,463263.0,465445.0,450899.0,455990.0,41918.0,3019555600.0,390542500.0,13092170000.0,4830909000.0,6045956600.0,649905500.0,9691858000.0,4945456600.0,21333176000.0,1
2019-07-05,454536.0,458900.0,453809.0,456719.0,22952.0,1649904500.0,629681500.0,14036670000.0,3247750000.0,4339394600.0,163146000.0,9909289000.0,5152177700.0,19564007000.0,1
2019-07-08,456719.0,465445.0,450172.0,460354.0,46067.0,2362580500.0,67492500.0,4896945000.0,3403833600.0,811991500.0,0.0,6964054500.0,2954805500.0,10730851000.0,1
2019-07-09,461809.0,464718.0,438537.0,441445.0,66093.0,7174801000.0,76820000.0,7719673300.0,6615536000.0,1507699500.0,682054000.0,15914550000.0,3482527000.0,21586831000.0,1
2019-07-10,442173.0,442173.0,430536.0,435627.0,75955.0,4266691600.0,155092500.0,20326769000.0,5684267500.0,5729498600.0,0.0,13014080000.0,11689242000.0,30432820000.0,1
2019-07-11,434900.0,440718.0,433446.0,438537.0,45870.0,834041000.0,1167046500.0,23261893000.0,8590870000.0,8607965000.0,298844000.0,12712106000.0,12234934000.0,33853850000.0,1
2019-07-12,437810.0,438537.0,431992.0,438537.0,33914.0,2154252000.0,335375000.0,11900412000.0,6122700300.0,4586726400.0,952647000.0,11098857000.0,3874508500.0,20512740000.0,1
2019-07-15,437810.0,439264.0,431263.0,431263.0,35487.0,1787709000.0,3292000.0,9451600000.0,3888550400.0,1804700500.0,0.0,7277158000.0,6049292300.0,15131151000.0,1
2019-07-16,429082.0,434900.0,427628.0,429809.0,40588.0,1377031000.0,78035000.0,12987238000.0,1308734500.0,2587702500.0,861285500.0,7914880500.0,4387170300.0,15751039000.0,1
2019-07-17,425446.0,426173.0,413810.0,417447.0,117807.0,2360950000.0,30939000.0,10059794000.0,5452331500.0,1870995000.0,53963000.0,7839765000.0,8139291600.0,17904015000.0,1
2019-07-18,416718.0,421082.0,413810.0,415991.0,53944.0,7148081000.0,639471000.0,28354828000.0,14235758000.0,12814817000.0,320156500.0,18545957000.0,18697208000.0,50378138000.0,1
2019-07-19,415264.0,419628.0,413810.0,418174.0,92014.0,2106523000.0,246276000.0,13860963000.0,6829056500.0,11349188000.0,14356500.0,4959548400.0,6719726000.0,23042818000.0,1
2019-07-22,433446.0,434173.0,419628.0,421809.0,86483.0,3091239000.0,629760000.0,26654022000.0,8773209000.0,16689595000.0,615123500.0,13480588000.0,8362922500.0,39148230000.0,1
2019-07-23,421809.0,424718.0,419628.0,420355.0,42734.0,1913222000.0,241420000.0,28434598000.0,7237283000.0,10537420000.0,58667000.0,17946670000.0,9283767000.0,37826523000.0,1
2019-07-24,419628.0,419628.0,408719.0,408719.0,141987.0,1435398500.0,31955000.0,9966102000.0,7023541000.0,3074127000.0,369800000.0,8970819000.0,6042251000.0,18456998000.0,1
2019-07-25,407265.0,407992.0,392720.0,393447.0,121371.0,3365167000.0,1877819500.0,49414710000.0,5007090000.0,9856218000.0,0.0,18439000000.0,31369568000.0,59664790000.0,1
2019-07-26,388356.0,402901.0,386901.0,400719.0,107738.0,3024931000.0,788860500.0,36562900000.0,8776709000.0,5891753500.0,4943063000.0,24932444000.0,13386139000.0,49153400000.0,1
2019-07-29,397082.0,404355.0,394174.0,397082.0,55820.0,4788409300.0,54974000.0,13905980000.0,25106465000.0,2007274000.0,1182016500.0,23479340000.0,17187199000.0,43855827000.0,1
2019-07-30,396355.0,410173.0,396355.0,402173.0,55588.0,3018267400.0,85701500.0,7830072000.0,11799526000.0,4273790500.0,425327500.0,13411463000.0,4622985700.0,22733568000.0,1
2019-07-31,405082.0,407265.0,392720.0,407265.0,71369.0,4804022000.0,0.0,6752843000.0,11393184000.0,2509378000.0,14845000.0,11815900000.0,8609924000.0,22950048000.0,1
2019-08-01,406537.0,409446.0,402901.0,404355.0,35808.0,6900279000.0,4709000.0,7098362400.0,15293062000.0,4417058000.0,86211000.0,13348949000.0,11444194000.0,29296413000.0,1
2019-08-02,398538.0,407265.0,393447.0,405082.0,62352.0,2519860000.0,150160000.0,5800518700.0,6423444500.0,1448605400.0,0.0,8571908000.0,4873469400.0,14893983000.0,1
2019-08-05,398538.0,401446.0,375265.0,375992.0,165237.0,9933110000.0,0.0,5366411000.0,10428142000.0,2180540400.0,278356500.0,10556448000.0,12712318000.0,25727662000.0,1
2019-08-06,364356.0,383992.0,351265.0,367993.0,154515.0,5600712000.0,161012500.0,26425672000.0,32502570000.0,4593649700.0,80508000.0,31857523000.0,28158288000.0,64689967000.0,1
2019-08-07,370174.0,378175.0,362174.0,362901.0,98044.0,7905475600.0,281611000.0,25360075000.0,25208814000.0,2522314000.0,108858000.0,32209392000.0,23915411000.0,58755973000.0,1
2019-08-08,367993.0,367993.0,357083.0,362901.0,113939.0,5369342500.0,250505500.0,17471074000.0,13787158000.0,3524296000.0,258702000.0,15256046000.0,17839034000.0,36878078000.0,1
2019-08-09,365810.0,399265.0,365810.0,391991.0,168775.0,9796842000.0,22729000.0,19759456000.0,12714299000.0,6968858600.0,45848500.0,14952799000.0,20325820000.0,42293326000.0,1
2019-08-12,394901.0,426173.0,394901.0,420355.0,161326.0,7965319000.0,354164500.0,29441407000.0,28649622000.0,5480641000.0,102870000.0,40675790000.0,20151210000.0,66410512000.0,1
2019-08-13,414537.0,436354.0,413083.0,415264.0,190380.0,10876390000.0,2817773000.0,36313510000.0,18544794000.0,3813457400.0,524949500.0,50934590000.0,13279469000.0,68552470000.0,1
2019-08-14,423264.0,429809.0,417447.0,421809.0,79776.0,6131928600.0,113972500.0,41110733000.0,35317215000.0,12624233000.0,801838500.0,38890148000.0,30357629000.0,82673844000.0,1
2019-08-16,415991.0,423991.0,414537.0,418174.0,66470.0,2000343600.0,72450000.0,14636543000.0,17794701000.0,4189997000.0,0.0,19843975000.0,10470065000.0,34504036000.0,1
2019-08-19,421809.0,423991.0,410173.0,412356.0,43786.0,3026532000.0,36832500.0,12963135000.0,12453692000.0,10939074000.0,70395500.0,10725944000.0,6744779000.0,28480193000.0,1
2019-08-20,413810.0,416718.0,404355.0,412356.0,50219.0,2311296000.0,1001345000.0,11364447000.0,3919681500.0,1478388000.0,0.0,8647524000.0,8470858000.0,18596770000.0,1
2019-08-21,412356.0,418901.0,410173.0,412356.0,35731.0,6051056000.0,62086500.0,9427997000.0,5607452000.0,2263049000.0,0.0,8824424000.0,10061118000.0,21148592000.0,1
2019-08-22,414537.0,415264.0,407265.0,409446.0,39148.0,4371927600.0,284000.0,7293367300.0,3470590000.0,1803495600.0,14150000.0,8184315400.0,5134208000.0,15136169000.0,1
2019-08-23,404355.0,415991.0,404355.0,412356.0,67705.0,4828698000.0,30010000.0,7409528000.0,4195971600.0,2847077000.0,115605000.0,4197049600.0,9304476000.0,16464208000.0,1
2019-08-26,405082.0,408719.0,392720.0,394901.0,61814.0,12691457000.0,5933000.0,5481452500.0,10443522000.0,1644719000.0,3379000.0,10769767000.0,16204500000.0,28622365000.0,1
2019-08-27,399265.0,404355.0,394901.0,401446.0,73474.0,4135632000.0,153097000.0,14591601000.0,6508365300.0,4069309000.0,0.0,12567958000.0,8751430000.0,25388696000.0,1
2019-08-28,400719.0,418901.0,399265.0,416718.0,144041.0,9239990000.0,49201500.0,7951809500.0,12890327000.0,3909390600.0,126117000.0,8897107000.0,17198715000.0,30131330000.0,1
2019-08-29,421809.0,442173.0,380356.0,396355.0,534588.0,21709443000.0,919578500.0,22883631000.0,15378674000.0,1651606000.0,57462500.0,25570105000.0,33612150000.0,60891324000.0,1
2019-08-30,399265.0,408719.0,388356.0,391264.0,211822.0,31921506000.0,1002452000.0,155850340000.0,37704030000.0,36028190000.0,1772755500.0,154319540000.0,34357844000.0,226478330000.0,1
2019-09-02,389083.0,389083.0,379629.0,388356.0,88967.0,1867653000.0,1722369500.0,56821530000.0,25229498000.0,17511006000.0,276202000.0,40676320000.0,27177527000.0,85641050000.0,1
2019-09-03,388356.0,397082.0,386901.0,395628.0,62655.0,1464879500.0,1146118000.0,22400874000.0,10025620000.0,7566969000.0,202506000.0,22526005000.0,4742012400.0,35037490000.0,1
2019-09-04,392720.0,404355.0,391264.0,404355.0,79459.0,1290239500.0,138430000.0,12260970000.0,11610410000.0,2124798500.0,8160000.0,17862361000.0,5304730000.0,25300050000.0,1
2019-09-05,407265.0,410900.0,404355.0,406537.0,56534.0,7671201300.0,349415000.0,13722834000.0,10822748000.0,1219039000.0,1084410000.0,22396641000.0,7866108000.0,32566198000.0,1
2019-09-06,407265.0,409446.0,401446.0,403628.0,42815.0,2355690500.0,344325000.0,9800387000.0,11071401000.0,2086274000.0,115130000.0,14674789000.0,6695610000.0,23571804000.0,1
2019-09-09,403628.0,410900.0,403628.0,407265.0,35060.0,1758125400.0,28279500.0,8148759600.0,7814998000.0,1723142500.0,0.0,8072191500.0,7954828300.0,17750163000.0,1
2019-09-10,421809.0,421809.0,407992.0,412356.0,75960.0,2795187000.0,3926500.0,4585089000.0,7252320000.0,1330723000.0,25569000.0,11184220000.0,2096010500.0,14636522000.0,1
2019-09-11,415264.0,426173.0,412356.0,426173.0,101163.0,2714020600.0,175627500.0,16338593000.0,13014535000.0,3518973400.0,57415000.0,17787585000.0,10878804000.0,32242776000.0,1
2019-09-16,428355.0,431263.0,419628.0,426901.0,54627.0,14349495000.0,407781000.0,11516765000.0,17360796000.0,5303805000.0,917735000.0,29547053000.0,7866244000.0,43634840000.0,1
2019-09-17,434900.0,460354.0,434173.0,458173.0,230230.0,5489256000.0,369755000.0,10198441000.0,7758531600.0,1873238000.0,1133520000.0,13949476000.0,6859749400.0,23815983000.0,1
2019-09-18,461809.0,469081.0,455263.0,459627.0,98258.0,30677322000.0,462849000.0,39350080000.0,35708256000.0,2672980000.0,2771801000.0,85786010000.0,14967717000.0,106198510000.0,1
2019-09-19,459627.0,487263.0,459627.0,478536.0,183774.0,13652561000.0,45870000.0,21079876000.0,11666866000.0,2352299000.0,9209000.0,27653669000.0,16429996000.0,46445170000.0,1
2019-09-20,481445.0,497445.0,481445.0,492354.0,158178.0,19080946000.0,16855000.0,37187875000.0,33581093000.0,11076902000.0,974768000.0,62441080000.0,15374019000.0,89866764000.0,1
2019-09-23,491627.0,491627.0,456719.0,461081.0,191122.0,17064705000.0,214095000.0,32616305000.0,29575760000.0,7120137000.0,779256500.0,41248090000.0,30323384000.0,79470860000.0,1
2019-09-24,456719.0,479990.0,452355.0,463263.0,142952.0,6467804700.0,248631500.0,55635657000.0,29216930000.0,11512451000.0,198246000.0,51473514000.0,28384810000.0,91569020000.0,1
2019-09-25,463263.0,471264.0,461081.0,462536.0,56753.0,7075966000.0,35340000.0,35113554000.0,25884150000.0,2166379500.0,193541000.0,36363874000.0,29385216000.0,68109013000.0,1
2019-09-26,462536.0,471991.0,460354.0,461809.0,49000.0,6499793000.0,158500000.0,11024536000.0,9300078000.0,1223710000.0,370592000.0,13983588000.0,11405016000.0,26982906000.0,1
2019-09-27,465445.0,465445.0,452355.0,453082.0,51042.0,2211640000.0,30482000.0,10293845000.0,10776923000.0,3133312500.0,29534000.0,10905583000.0,9244461000.0,23312890000.0,1
2019-09-30,450172.0,455263.0,437810.0,447264.0,58154.0,1238790000.0,327100000.0,12375170000.0,9811826000.0,3657240600.0,7790000.0,10836033000.0,9251823000.0,23752886000.0,1
2019-10-01,447991.0,469808.0,443627.0,469808.0,70536.0,1862324000.0,306120000.0,13469024000.0,10876443000.0,3409432600.0,0.0,12664247000.0,10440231000.0,26513910000.0,1
2019-10-02,461809.0,470535.0,455990.0,462536.0,55146.0,9424742000.0,188111000.0,15726027000.0,7882577000.0,2852518400.0,0.0,24093422000.0,6275518000.0,33221458000.0,1
2019-10-04,466173.0,472718.0,463990.0,466173.0,52728.0,3557660400.0,205790000.0,12223615000.0,10233910000.0,3215810000.0,32170000.0,13226395000.0,9746600000.0,26220974000.0,1
2019-10-07,471264.0,477082.0,468354.0,474172.0,47378.0,2951000000.0,6450000.0,8947939000.0,13379183000.0,1916610600.0,7056000.0,14073818000.0,9287087000.0,25284571000.0,1
2019-10-08,474172.0,479990.0,467627.0,478536.0,71629.0,5605303300.0,32550000.0,9821872000.0,7468104700.0,1648964000.0,32600000.0,16659418000.0,4586848000.0,22927830000.0,1
2019-10-10,474172.0,478536.0,467627.0,474172.0,44267.0,10052180000.0,82000000.0,9273483000.0,15493057000.0,6252748000.0,39151000.0,16568780000.0,12040040000.0,34900718000.0,1
2019-10-11,478536.0,478536.0,471264.0,472718.0,38499.0,6028016000.0,19467000.0,9014115000.0,6348654000.0,6820033000.0,74995000.0,7339702000.0,7175522300.0,21410253000.0,1
2019-10-14,476355.0,479990.0,471991.0,479263.0,55608.0,3871770600.0,0.0,6821225000.0,7994746000.0,5839817700.0,93443500.0,6918877700.0,5835603000.0,18687742000.0,1
2019-10-15,478536.0,479263.0,473445.0,474172.0,22057.0,6459954700.0,328000.0,7964671000.0,12788279000.0,3177742600.0,6500000.0,17636289000.0,6392701400.0,27213232000.0,1
2019-10-16,476355.0,493081.0,475626.0,493081.0,114320.0,2121805400.0,1965000.0,5579110000.0,3033679600.0,1814162600.0,9810000.0,5085816300.0,3826771000.0,10736560000.0,1
2019-10-17,498899.0,511990.0,497445.0,501808.0,148558.0,13444286000.0,283206500.0,23227316000.0,19924240000.0,1945936000.0,605815000.0,43566547000.0,10760754000.0,56879050000.0,1
2019-10-18,501808.0,508353.0,497445.0,500353.0,42744.0,9271414000.0,188828000.0,39287150000.0,28193452000.0,8810195000.0,1648521500.0,49479565000.0,17002565000.0,76940845000.0,1
2019-10-21,499626.0,500353.0,492354.0,493808.0,34387.0,2598614500.0,318490500.0,11304405000.0,7776725500.0,3775907000.0,37940000.0,13829675000.0,4354714000.0,21998236000.0,1
2019-10-22,495991.0,508353.0,495991.0,500353.0,60670.0,3115506000.0,95534000.0,11234210000.0,2966748400.0,1574265500.0,30945000.0,11432622000.0,4374165500.0,17411998000.0,1
2019-10-23,548352.0,553443.0,530899.0,541808.0,379658.0,9606937000.0,85032000.0,12532411000.0,9013332000.0,5618914300.0,44031500.0,19679891000.0,5894874000.0,31237712000.0,1
2019-10-24,549808.0,552716.0,535263.0,549808.0,148296.0,50520030000.0,563121500.0,83148370000.0,76477410000.0,26247268000.0,2378786600.0,156201940000.0,25880943000.0,210708940000.0,1
2019-10-25,551262.0,563625.0,546898.0,557807.0,113310.0,5791206000.0,243280000.0,31602321000.0,45233287000.0,13724522000.0,124194500.0,56096903000.0,12924475000.0,82870090000.0,1
2019-10-28,563625.0,578898.0,562171.0,578898.0,136537.0,4392789000.0,11610000.0,28288944000.0,31928807000.0,5447615500.0,1106955500.0,47035384000.0,11032197000.0,64622150000.0,1
2019-10-29,578170.0,584716.0,567261.0,582534.0,144875.0,13239856000.0,4239542500.0,42464300000.0,20182618000.0,4996200400.0,2072698000.0,66924184000.0,6133234700.0,80126310000.0,1
2019-10-30,583261.0,584716.0,565080.0,577443.0,93382.0,7788933600.0,325846000.0,32773636000.0,44949553000.0,13375985000.0,788567000.0,55731683000.0,15941734000.0,85837970000.0,1
2019-10-31,581807.0,586170.0,577443.0,579625.0,74519.0,2629932000.0,246070000.0,26015928000.0,25978120000.0,13888246000.0,245501000.0,30235435000.0,10500869000.0,54870053000.0,1
2019-11-01,578170.0,579625.0,567988.0,575989.0,55552.0,3392095500.0,369426500.0,15065159000.0,25568008000.0,7000335400.0,524225000.0,29998092000.0,6872035300.0,44394690000.0,1
2019-11-04,583261.0,583989.0,578170.0,583261.0,58630.0,4540391400.0,307013000.0,14483287000.0,13254059000.0,8785594000.0,550356000.0,17894328000.0,5354473000.0,32584751000.0,1
2019-11-05,585443.0,585443.0,580352.0,581080.0,51443.0,5169314000.0,20399000.0,12850912000.0,16900867000.0,2673927400.0,729768500.0,28180080000.0,3357715500.0,34941493000.0,1
2019-11-06,581080.0,585443.0,579625.0,581080.0,39044.0,3001408500.0,129887500.0,11310642000.0,16215132000.0,6896566300.0,192626000.0,11245283000.0,12322595000.0,30657071000.0,1
2019-11-07,583261.0,589080.0,582534.0,588351.0,66256.0,2240262000.0,2246311000.0,10448534000.0,8326868000.0,4833076700.0,576300000.0,16051786000.0,1800812000.0,23261975000.0,1
2019-11-08,588351.0,589080.0,565080.0,567261.0,83712.0,5443706000.0,97778500.0,17909154000.0,16351370000.0,4006274600.0,1216620000.0,30358034000.0,4221078500.0,39802008000.0,1
2019-11-11,565080.0,584716.0,565080.0,581080.0,66885.0,4037722000.0,226865000.0,33215529000.0,11664451000.0,13389390000.0,150878000.0,27396983000.0,8207315500.0,49144566000.0,1
2019-11-12,581807.0,581807.0,574535.0,578898.0,31654.0,5172379000.0,282585500.0,17582119000.0,16397508000.0,5269313000.0,16183500.0,26404006000.0,7745089000.0,39434592000.0,1
2019-11-13,577443.0,578898.0,565807.0,566534.0,52221.0,3598997000.0,205935000.0,9831169000.0,5082917400.0,3604234500.0,79500000.0,9334196000.0,5701088000.0,18719020000.0,1
2019-11-14,567988.0,578898.0,567988.0,575262.0,36753.0,2366798000.0,465818500.0,17953004000.0,9685280000.0,7112889000.0,1978901500.0,11930831000.0,9448279000.0,30470900000.0,1
2019-11-15,571625.0,578898.0,571625.0,578898.0,40716.0,6572809000.0,194053000.0,8582263300.0,6235484700.0,5974160000.0,7900000.0,12507914000.0,3094635500.0,21584610000.0,1
2019-11-18,578898.0,586170.0,578898.0,584716.0,63538.0,7419732000.0,510155000.0,6012517400.0,10124251000.0,4360556000.0,397500.0,16810978000.0,2894723600.0,24066656000.0,1
2019-11-19,586897.0,586897.0,575989.0,580352.0,32696.0,12360844000.0,196791000.0,10654137000.0,14788096000.0,2433566500.0,885583000.0,30945278000.0,3735442400.0,37999870000.0,1
2019-11-20,576716.0,583261.0,573079.0,581080.0,47038.0,4923411500.0,6357000.0,9604745000.0,4891294000.0,4818204000.0,91275000.0,8141075000.0,6375254000.0,19425808000.0,1
2019-11-21,581080.0,581080.0,558534.0,568715.0,67396.0,6635498500.0,317887000.0,10058039000.0,10787230000.0,6936368600.0,90215500.0,13163565000.0,7608505000.0,27798655000.0,1
2019-11-22,563625.0,568715.0,553443.0,559989.0,55427.0,5965868500.0,135555500.0,21589207000.0,11438234000.0,8361691600.0,303388500.0,19119327000.0,11344458000.0,39128867000.0,1
2019-11-25,565807.0,571625.0,561444.0,568715.0,54512.0,5209507300.0,388397000.0,15115167000.0,11062747000.0,8495046700.0,741063500.0,14158754000.0,8380955000.0,31775818000.0,1
2019-11-26,568715.0,573806.0,565807.0,565807.0,67345.0,6886573000.0,85070500.0,13048160000.0,11714698000.0,1892755000.0,17585000.0,15044252000.0,14779910000.0,31734501000.0,1
2019-11-27,571625.0,578170.0,562171.0,577443.0,48473.0,8619241000.0,47371500.0,9141116000.0,21328243000.0,2098148000.0,7860000.0,8957661000.0,28072303000.0,39135973000.0,1
2019-11-28,575989.0,581807.0,575989.0,580352.0,45990.0,5246967300.0,47436000.0,9044079000.0,13988817000.0,3864383000.0,258190000.0,16602741000.0,7601985500.0,28327300000.0,1
2019-11-29,583989.0,585443.0,571625.0,572352.0,49736.0,6336373000.0,333967000.0,5700161000.0,14955085000.0,1950979000.0,224232000.0,21017235000.0,4133140500.0,27325585000.0,1
2019-12-02,573079.0,578898.0,562898.0,567261.0,42976.0,3422603500.0,24885500.0,10505003000.0,15353236000.0,6420748000.0,44643500.0,10136039000.0,12704298000.0,29305730000.0,1
2019-12-03,561444.0,573079.0,559989.0,573079.0,34578.0,6759089700.0,147716000.0,10780517000.0,7278040000.0,3990336500.0,13632500.0,9761174000.0,11200219000.0,24965362000.0,1
2019-12-04,572352.0,575262.0,565080.0,569444.0,40311.0,6604965400.0,14717500.0,5542663000.0,7922289000.0,3777217000.0,8508500.0,9539505000.0,6759404000.0,20084636000.0,1
2019-12-05,569444.0,575989.0,559989.0,575989.0,46754.0,6066350600.0,20652500.0,8335229000.0,9033287000.0,5526038500.0,307021500.0,7672501000.0,9949958000.0,23455519000.0,1
2019-12-06,576716.0,577443.0,567261.0,574535.0,58194.0,8809991000.0,33292500.0,9418254000.0,9019219000.0,1806917500.0,274021500.0,19273527000.0,5926290400.0,27280757000.0,1
2019-12-09,568715.0,573079.0,559989.0,564353.0,42543.0,11015938000.0,58874500.0,16368408000.0,6534905000.0,14537209000.0,822650000.0,10065630000.0,8552636400.0,33978126000.0,1
2019-12-10,558534.0,568715.0,557080.0,567261.0,29062.0,4822092000.0,61726000.0,14427173000.0,5280022500.0,6407873000.0,170208000.0,8291007000.0,9721925000.0,24591014000.0,1
2019-12-11,569444.0,572352.0,562898.0,565807.0,26713.0,3453835500.0,0.0,6494023700.0,6850429400.0,3402365000.0,1557500.0,11417632000.0,1976734000.0,16798289000.0,1
2019-12-12,565080.0,570171.0,564353.0,567261.0,62824.0,4717592600.0,400677500.0,4461917000.0,5897331000.0,3478431000.0,94532500.0,5953666000.0,5950888400.0,15477518000.0,1
2019-12-13,571625.0,577443.0,570171.0,575989.0,59836.0,14964184000.0,124715000.0,7005796000.0,14404944000.0,13649574000.0,830855500.0,11862101000.0,10157108000.0,36499640000.0,1
2019-12-16,574535.0,580352.0,573079.0,574535.0,45957.0,10660207000.0,87349000.0,13352969000.0,11092588000.0,3221101600.0,91120000.0,22571630000.0,9309261000.0,35193110000.0,1
2019-12-17,573079.0,575989.0,570171.0,574535.0,49892.0,10803329000.0,63255000.0,8968176000.0,7305289700.0,2431045400.0,195260000.0,13724077000.0,10789667000.0,27140049000.0,1
2019-12-18,575989.0,577443.0,572352.0,573806.0,50639.0,7650476500.0,472269500.0,10338449000.0,10833558000.0,7047398000.0,65580000.0,13614812000.0,8566962000.0,29294752000.0,1
2019-12-19,573806.0,576716.0,572352.0,575262.0,39937.0,6534676500.0,55778500.0,12435056000.0,10777933000.0,6938055700.0,132451500.0,14039227000.0,8693710000.0,29803444000.0,1
2019-12-20,575989.0,578170.0,575262.0,576716.0,50774.0,8064316400.0,59251000.0,7733108000.0,7655392000.0,4194538000.0,99270500.0,13341245000.0,5877014000.0,23512068000.0,1
2019-12-23,578898.0,615988.0,578170.0,614534.0,258561.0,9513928000.0,392210000.0,6949940000.0,13112458000.0,4184898000.0,1166291500.0,17331575000.0,7285771300.0,29968536000.0,1
2019-12-24,613078.0,629806.0,605079.0,606533.0,114869.0,34797320000.0,1516819500.0,72019950000.0,51383050000.0,4250718500.0,3375279600.0,141715880000.0,10375255000.0,159717150000.0,1
2019-12-26,610897.0,610897.0,600716.0,601443.0,93825.0,16592692000.0,1034603500.0,48587145000.0,5968595000.0,4072494000.0,265496000.0,53814450000.0,14030597000.0,72183040000.0,1
2019-12-27,609443.0,637078.0,603625.0,624715.0,149487.0,24430602000.0,152978500.0,29102377000.0,4389981700.0,939303000.0,2841087500.0,47142210000.0,7153339000.0,58075940000.0,1
2019-12-30,625442.0,642897.0,623261.0,629806.0,91895.0,13867498000.0,421269000.0,61080490000.0,19878080000.0,17626153000.0,144637500.0,69432630000.0,8043917000.0,95247335000.0,1
2020-01-02,629806.0,639261.0,618897.0,623261.0,72711.0,6846403000.0,275069500.0,42651275000.0,9711488000.0,10568710000.0,674709000.0,28368417000.0,19872401000.0,59484238000.0,1
2020-01-03,627623.0,634897.0,608716.0,613807.0,83139.0,5365191700.0,508911000.0,35801150000.0,4804500000.0,21188920000.0,946438500.0,17180858000.0,7163536400.0,46479753000.0,1
2020-01-06,602897.0,605806.0,597806.0,599261.0,67135.0,5128702000.0,991481000.0,35402306000.0,11126055000.0,14426687000.0,287559000.0,31522134000.0,6412162600.0,52648542000.0,1
2020-01-07,604352.0,610170.0,597806.0,609443.0,57518.0,5723522600.0,369922000.0,28715614000.0,6489855500.0,9038684000.0,587530500.0,24663480000.0,7009218000.0,41298915000.0,1
2020-01-08,599989.0,603625.0,583261.0,594171.0,102046.0,4794235400.0,1221183000.0,18604964000.0,11073007000.0,6530295300.0,147354500.0,18267896000.0,10747844000.0,35693388000.0,1
2020-01-09,606533.0,613078.0,605079.0,610897.0,57868.0,6513609000.0,1071211000.0,45347900000.0,9101393000.0,7789433300.0,951999000.0,46468870000.0,6823811600.0,62034113000.0,1
2020-01-10,613807.0,638534.0,607987.0,634897.0,123677.0,8063008000.0,1330956000.0,19911432000.0,6792792000.0,4783974400.0,966462000.0,22282906000.0,8064844300.0,36098187000.0,1
2020-01-13,638534.0,645078.0,632714.0,640715.0,83335.0,14420353000.0,1863922000.0,37357660000.0,25992194000.0,6793717000.0,613599500.0,67131860000.0,5094952000.0,79634130000.0,1
2020-01-14,640715.0,642897.0,629806.0,632714.0,70815.0,7817422300.0,758736500.0,30032000000.0,15940779000.0,5173420500.0,436150000.0,31932617000.0,17006751000.0,54548940000.0,1
2020-01-15,630533.0,634897.0,625442.0,631987.0,41197.0,4082609000.0,358041500.0,32067709000.0,9518046000.0,7113271300.0,370252000.0,24494172000.0,14048709000.0,46026404000.0,1
2020-01-16,632714.0,638534.0,626169.0,634897.0,46620.0,3966296600.0,69092500.0,15755770000.0,6764218400.0,4772199400.0,351827000.0,14259965000.0,7171386000.0,26555378000.0,1
2020-01-17,634897.0,638534.0,628352.0,635624.0,45227.0,8483666400.0,232456500.0,15394151000.0,6072433700.0,5073069000.0,245392000.0,16262526000.0,8601722000.0,30182707000.0,1
2020-01-20,638534.0,643624.0,636351.0,637078.0,44430.0,5045856000.0,133858500.0,15789630000.0,8362883000.0,5722247700.0,1043274000.0,14551822000.0,8014883300.0,29332228000.0,1
2020-01-21,639261.0,646532.0,635624.0,637078.0,47214.0,7748135000.0,1456855600.0,16572124000.0,3291229400.0,3151959000.0,398751000.0,19324725000.0,6192910000.0,29068345000.0,1
2020-01-22,635624.0,660351.0,634897.0,657442.0,120636.0,6111460000.0,284936500.0,19584197000.0,4989766700.0,4338556000.0,388630000.0,20163707000.0,6079465500.0,30970360000.0,1
2020-01-23,682896.0,717078.0,666895.0,702532.0,294477.0,13246213000.0,261786500.0,34208733000.0,32532505000.0,2401702000.0,351152000.0,70020370000.0,7476014600.0,80249230000.0,1
2020-01-28,693805.0,725804.0,692351.0,718532.0,214928.0,27841305000.0,739420000.0,104538650000.0,76183150000.0,23471890000.0,2267684000.0,165229000000.0,18333952000.0,209302520000.0,1
2020-01-29,720713.0,720713.0,705440.0,714168.0,108444.0,14995715000.0,2553782000.0,90166780000.0,49197257000.0,15121011000.0,1258844000.0,109878600000.0,30655080000.0,156913530000.0,1
2020-01-30,713441.0,727259.0,705440.0,719986.0,108499.0,6746318300.0,350532000.0,40377840000.0,31695163000.0,12735729000.0,253968000.0,41581146000.0,24599007000.0,79169855000.0,1
2020-01-31,719986.0,726532.0,704713.0,704713.0,88770.0,9069904000.0,121663000.0,48873880000.0,21293631000.0,11128486000.0,2524428500.0,55626880000.0,10079283000.0,79359074000.0,1
2020-02-03,693805.0,703986.0,676350.0,697442.0,129772.0,8264021000.0,395739000.0,34452664000.0,21789602000.0,6265864700.0,1414210000.0,39980302000.0,17241650000.0,64902025000.0,1
2020-02-04,702532.0,717078.0,701805.0,716351.0,76197.0,9576625000.0,347895000.0,52685746000.0,29295262000.0,16145333000.0,285603500.0,61012787000.0,14461805000.0,91905520000.0,1
2020-02-05,720713.0,726532.0,711258.0,712714.0,63888.0,4595800000.0,755238500.0,27225840000.0,22900492000.0,12797280000.0,135602500.0,36729106000.0,5815382000.0,55477370000.0,1
2020-02-06,723622.0,760713.0,718532.0,754894.0,200281.0,4363131400.0,846948000.0,28762620000.0,12977019000.0,11266964000.0,356830000.0,28121514000.0,7204411400.0,46949720000.0,1
2020-02-07,757804.0,762167.0,741804.0,754894.0,84450.0,10554878000.0,798985000.0,100334890000.0,40939127000.0,4169952500.0,2555223000.0,133595890000.0,12306815000.0,152627870000.0,1
2020-02-10,754894.0,776713.0,743258.0,770895.0,102752.0,5677827000.0,160151000.0,44440520000.0,14779864000.0,7291763000.0,353988000.0,40935920000.0,16476692000.0,65058360000.0,1
2020-02-11,779621.0,788348.0,762167.0,767985.0,114740.0,10254509000.0,2078439000.0,49445180000.0,18551886000.0,6175971000.0,1247402000.0,60096578000.0,12810063000.0,80330015000.0,1
2020-02-12,767985.0,782530.0,763621.0,770895.0,88289.0,6671692000.0,1135182000.0,66786877000.0,16221206000.0,5627548000.0,2147946000.0,67716207000.0,15323258000.0,90814956000.0,1
2020-02-13,781076.0,781076.0,766531.0,770895.0,75114.0,8897361000.0,900551000.0,36792600000.0,23203779000.0,8667303000.0,266095000.0,35503700000.0,25357187000.0,69794290000.0,1
2020-02-14,770895.0,775259.0,767985.0,769439.0,51966.0,12310340000.0,771365000.0,36027270000.0,10205952000.0,10048223000.0,295822000.0,34435654000.0,14535228000.0,59314930000.0,1
2020-02-17,769439.0,769439.0,751986.0,754894.0,98006.0,6936402000.0,462908000.0,25062808000.0,8519877000.0,6477750000.0,11108000.0,25296890000.0,9196247000.0,40981996000.0,1
2020-02-18,747622.0,753440.0,741804.0,746168.0,81571.0,10727722000.0,499288000.0,51060097000.0,13759279000.0,12549420000.0,453184000.0,48967487000.0,14076296000.0,76046385000.0,1
2020-02-19,746168.0,751986.0,727259.0,734531.0,117913.0,6165845000.0,270176000.0,34107689000.0,21803725000.0,14319191000.0,640784000.0,32791687000.0,14595771000.0,62347436000.0,1
2020-02-20,737441.0,747622.0,719986.0,725076.0,175472.0,9117894000.0,455660000.0,51840262000.0,27567413000.0,14697959000.0,946701000.0,46552355000.0,26784213000.0,88981225000.0,1
2020-02-21,717078.0,718532.0,702532.0,707623.0,143764.0,10102517000.0,289772500.0,57909240000.0,62278423000.0,12838343000.0,57430000.0,59753890000.0,57930290000.0,130579956000.0,1
2020-02-24,683623.0,694532.0,670532.0,670532.0,187281.0,9201907000.0,2258444000.0,57700860000.0,35263574000.0,10784800000.0,711933000.0,69929615000.0,22998444000.0,104424790000.0,1
2020-02-25,667624.0,697442.0,666168.0,696715.0,165560.0,16156179000.0,725121000.0,81067385000.0,32661447000.0,8068799500.0,1004307000.0,84289630000.0,37247394000.0,130610130000.0,1
2020-02-26,680714.0,704713.0,679260.0,698169.0,105248.0,17551194000.0,2110753000.0,74333600000.0,21626384000.0,9502798000.0,602268000.0,61212820000.0,44304044000.0,115621930000.0,1
2020-02-27,696715.0,703986.0,685077.0,698169.0,111488.0,17622237000.0,2926414000.0,43389346000.0,10700113000.0,8575818000.0,747680000.0,39733125000.0,25581484000.0,74638110000.0,1
2020-02-28,687987.0,690895.0,662533.0,674169.0,155696.0,12252972000.0,623925000.0,38902333000.0,27390452000.0,10984390000.0,708640000.0,44271944000.0,23204710000.0,79169680000.0,1
2020-03-02,673442.0,687260.0,665441.0,679260.0,100220.0,16123209000.0,1661227500.0,64584913000.0,25123480000.0,11508149000.0,696602500.0,56890634000.0,38397440000.0,107492830000.0,1
2020-03-03,697442.0,730167.0,693078.0,697442.0,157084.0,10943472000.0,2132639500.0,41332474000.0,15269805000.0,8676685000.0,752761500.0,46288110000.0,13960836000.0,69678390000.0,1
2020-03-04,697442.0,714168.0,696715.0,711258.0,94064.0,17661473000.0,1770926500.0,74156690000.0,20311220000.0,12260949000.0,2270899000.0,81100460000.0,18268004000.0,113900310000.0,1
2020-03-05,725076.0,725804.0,712714.0,722168.0,87563.0,10885902000.0,1470892500.0,40963002000.0,14916898000.0,7494514700.0,818284500.0,40859760000.0,19064138000.0,68236694000.0,1
2020-03-06,714168.0,718532.0,709077.0,714168.0,62733.0,18820053000.0,520175500.0,32886483000.0,12248652000.0,9430785000.0,611632500.0,37862710000.0,16570233000.0,64475360000.0,1
2020-03-09,703986.0,727259.0,702532.0,718532.0,135718.0,9147381000.0,309880500.0,21940972000.0,14400058000.0,7576338400.0,542802000.0,28089078000.0,9590072000.0,45798294000.0,1
2020-03-10,711258.0,722895.0,706896.0,721441.0,104919.0,21634124000.0,1928430500.0,43520940000.0,32510487000.0,7093793300.0,1281296000.0,65883587000.0,25335302000.0,99593980000.0,1
2020-03-11,737441.0,747622.0,693078.0,703986.0,135581.0,15453657000.0,390065000.0,46724125000.0,14591507000.0,13590682000.0,440391500.0,47366603000.0,15761677000.0,77159360000.0,1
2020-03-12,698169.0,711258.0,679260.0,702532.0,164438.0,9996833000.0,469839000.0,67458327000.0,22060080000.0,10861250000.0,648643000.0,69530804000.0,18944379000.0,99985080000.0,1
2020-03-13,676350.0,695259.0,610897.0,663987.0,320374.0,26178152000.0,480901500.0,59459138000.0,30962672000.0,15340760000.0,898829500.0,74883790000.0,25957482000.0,117080870000.0,1
2020-03-16,673442.0,690168.0,624715.0,625442.0,146637.0,25591566000.0,1074598000.0,142284550000.0,46291595000.0,18816035000.0,1176349000.0,141794720000.0,53455210000.0,215242310000.0,1
2020-03-17,596352.0,629806.0,595625.0,607260.0,284462.0,4533599000.0,815001000.0,63745774000.0,29740150000.0,7525141500.0,776599500.0,78508550000.0,12024232000.0,98834520000.0,1
2020-03-18,618897.0,621806.0,582534.0,582534.0,185932.0,13361228000.0,1454907000.0,121363790000.0,40952406000.0,5101351000.0,11712604000.0,126436790000.0,33881588000.0,177132340000.0,1
2020-03-19,596352.0,605079.0,511990.0,532353.0,316030.0,7380484000.0,1834264400.0,69440790000.0,37066494000.0,7172253000.0,1072079000.0,87195886000.0,20281815000.0,115722030000.0,1
2020-03-20,557807.0,655987.0,540353.0,625442.0,394002.0,24251326000.0,1219493500.0,125323250000.0,26405153000.0,8617859000.0,8353719300.0,136422880000.0,23804758000.0,177199220000.0,1
2020-03-23,590534.0,661078.0,589807.0,634170.0,396017.0,19852405000.0,4269415000.0,175408500000.0,41206047000.0,8879095000.0,2263051000.0,197580490000.0,32013724000.0,240736370000.0,1
2020-03-24,658170.0,715622.0,651623.0,692351.0,341826.0,15492730000.0,1208638500.0,188728690000.0,50960548000.0,13389284000.0,2292589000.0,201231020000.0,39477715000.0,256390610000.0,1
2020-03-25,716351.0,718532.0,671986.0,690895.0,289635.0,21888276000.0,4351857000.0,153454890000.0,59972555000.0,11964742000.0,2104798500.0,185788760000.0,39809260000.0,239667560000.0,1
2020-03-26,682896.0,690895.0,663260.0,663987.0,217637.0,11563031000.0,2279471600.0,141827060000.0,50280542000.0,17486586000.0,2444314600.0,122314560000.0,63704654000.0,205950100000.0,1
2020-03-27,679260.0,682169.0,634170.0,644351.0,268600.0,11487938000.0,1877609000.0,109787400000.0,27130560000.0,21306137000.0,283618000.0,81691030000.0,47002714000.0,150283500000.0,1
2020-03-30,635624.0,657442.0,630533.0,654533.0,145676.0,10095640000.0,2502926000.0,133480380000.0,34358096000.0,16840917000.0,620768000.0,106887160000.0,56088203000.0,180437040000.0,1
2020-03-31,661805.0,717078.0,651623.0,701077.0,446972.0,14008707000.0,497735500.0,60858860000.0,20949120000.0,6361877000.0,2641761000.0,58461500000.0,28849287000.0,96314425000.0,1
2020-04-01,699623.0,706896.0,655260.0,658170.0,210194.0,34544923000.0,3817217500.0,232107100000.0,43041374000.0,12196793000.0,4047129600.0,255580050000.0,41686647000.0,313510630000.0,1
2020-04-02,655987.0,680714.0,653079.0,675623.0,125890.0,13498559000.0,1405712500.0,112041180000.0,20264698000.0,14394807000.0,1081880000.0,99841200000.0,31892260000.0,147210140000.0,1
2020-04-03,674169.0,695259.0,670532.0,679987.0,148035.0,10859579000.0,1323699000.0,56317990000.0,17634863000.0,6646176000.0,201072000.0,62891135000.0,16397746000.0,86136130000.0,1
2020-04-06,690168.0,709804.0,687987.0,693805.0,147329.0,24434979000.0,592410000.0,63580336000.0,15102742000.0,7365163500.0,1422283500.0,82105565000.0,12817458000.0,103710470000.0,1
2020-04-07,706896.0,706896.0,689441.0,701805.0,118997.0,16622541000.0,1456926500.0,72200765000.0,15127932000.0,4108729600.0,1996490500.0,83487600000.0,15815350000.0,105408170000.0,1
2020-04-08,701805.0,704713.0,694532.0,694532.0,83394.0,16289973000.0,1471223000.0,50609893000.0,16737391000.0,10573520000.0,715007500.0,62416530000.0,11403424000.0,85108480000.0,1
2020-04-09,700350.0,702532.0,689441.0,695986.0,84109.0,7975208400.0,713761500.0,41630740000.0,9368570000.0,10886568000.0,91041500.0,36756963000.0,11953707000.0,59688280000.0,1
2020-04-10,727259.0,877074.0,719259.0,813075.0,2039769.0,8787694000.0,1088329500.0,39095430000.0,10906489000.0,14700443000.0,687980500.0,34130235000.0,10359286000.0,59877945000.0,1
2020-04-13,829074.0,856711.0,783985.0,783985.0,795683.0,61479326000.0,10178525000.0,1403701800000.0,191126520000.0,70924850000.0,11798378000.0,1513339000000.0,70424010000.0,1666486200000.0,1
2020-04-14,788348.0,814531.0,769439.0,788348.0,362030.0,20423540000.0,8060627000.0,606187160000.0,29546359000.0,13145013000.0,3238612000.0,555901000000.0,91933060000.0,664217700000.0,1
2020-04-16,779621.0,804348.0,778167.0,785440.0,199922.0,12216743000.0,3053155000.0,255126490000.0,22459394000.0,9528754000.0,1586632000.0,248980950000.0,32759446000.0,292855780000.0,1
2020-04-17,804348.0,826166.0,772349.0,823257.0,521757.0,20439927000.0,2200728000.0,115917545000.0,23442805000.0,8725693000.0,1302734000.0,107761615000.0,44210962000.0,162001010000.0,1
2020-04-20,814531.0,837802.0,807257.0,823257.0,317529.0,31345955000.0,4715076000.0,356029070000.0,36609237000.0,24277270000.0,3390454000.0,361700260000.0,39331330000.0,428699320000.0,1
2020-04-21,826166.0,847983.0,810167.0,842166.0,669691.0,20448977000.0,3712770000.0,226830940000.0,16558135000.0,14635454000.0,1911651000.0,217241880000.0,33761840000.0,267550820000.0,1
2020-04-22,833438.0,863984.0,831984.0,843620.0,419861.0,41491170000.0,10786247000.0,440926470000.0,76360980000.0,14488624000.0,7897862000.0,505262280000.0,41916110000.0,569564860000.0,1
2020-04-23,845075.0,884347.0,837802.0,874166.0,690667.0,26493401000.0,13884182000.0,287353270000.0,37528605000.0,15973944000.0,4881682000.0,314895930000.0,29507895000.0,365259460000.0,1
2020-04-24,869802.0,877074.0,855257.0,859620.0,269166.0,21644175000.0,9642922000.0,512569400000.0,68365206000.0,19401845000.0,4886416000.0,550629300000.0,37304218000.0,612221700000.0,1
2020-04-27,862529.0,866892.0,846529.0,855257.0,118485.0,10871217000.0,2441021000.0,190090840000.0,34992580000.0,11275667000.0,1854458000.0,197771720000.0,27493798000.0,238395650000.0,1
2020-04-28,856711.0,869802.0,847983.0,855257.0,127129.0,8703271000.0,1276971000.0,85805740000.0,8181830000.0,5119164000.0,581575000.0,84851110000.0,13415955000.0,103967810000.0,1
2020-04-29,853803.0,856711.0,845075.0,845075.0,105957.0,6719988000.0,1296061000.0,93647400000.0,9937320000.0,10110142000.0,1814252000.0,90340560000.0,9335816000.0,111600760000.0,1
2020-05-04,823257.0,831984.0,807257.0,808711.0,203302.0,8924283000.0,353543000.0,71983970000.0,10771826000.0,14183464000.0,841865000.0,60183540000.0,16824756000.0,92033620000.0,1
2020-05-06,815985.0,840711.0,813075.0,836348.0,137270.0,12663211000.0,1557498000.0,131010710000.0,25373258000.0,25127980000.0,994672000.0,96904950000.0,47577068000.0,170604680000.0,1
2020-05-07,830530.0,840711.0,823257.0,824712.0,93300.0,15177174000.0,2247796000.0,80599570000.0,18295001000.0,6021191000.0,1073776000.0,95018344000.0,14206230000.0,116319540000.0,1
2020-05-08,830530.0,871256.0,829074.0,855257.0,294343.0,8106282000.0,224289000.0,58246038000.0,12673073000.0,6330528000.0,15044415000.0,47971717000.0,9903022000.0,79249680000.0,1
2020-05-11,861075.0,866892.0,845075.0,852347.0,110666.0,29953667000.0,2728558000.0,160854560000.0,65737744000.0,12057125000.0,10965148000.0,214903980000.0,21348260000.0,259274520000.0,1
2020-05-12,852347.0,862529.0,847983.0,861075.0,126407.0,6877558000.0,611185000.0,63462410000.0,25713193000.0,12201949000.0,2059023000.0,57536012000.0,24867360000.0,96664350000.0,1
2020-05-13,856711.0,900347.0,855257.0,895983.0,342785.0,19705846000.0,356256000.0,56755716000.0,34264451000.0,10386017000.0,3717758000.0,83261686000.0,13716806000.0,111082270000.0,1
2020-05-14,891619.0,893075.0,872710.0,890165.0,127676.0,39970402000.0,2060786000.0,198047680000.0,71292710000.0,7291711000.0,10686550000.0,275688700000.0,17704636000.0,311371560000.0,1
2020-05-15,895983.0,897437.0,874166.0,879983.0,99303.0,15943668000.0,2956763000.0,82568910000.0,14176511000.0,12095568000.0,288010000.0,78996760000.0,24265523000.0,115645860000.0,1
2020-05-18,893075.0,910528.0,858165.0,868348.0,146964.0,17102983000.0,1045872000.0,63394546000.0,8308506000.0,12300933000.0,469250000.0,59975594000.0,17106127000.0,89851900000.0,1
2020-05-19,884347.0,885801.0,861075.0,872710.0,125537.0,6788428000.0,883319000.0,99420880000.0,26521561000.0,12253525000.0,2019667000.0,100971856000.0,18369140000.0,133614190000.0,1
2020-05-20,871256.0,877074.0,865438.0,872710.0,68258.0,8902730000.0,388174000.0,84552390000.0,18080948000.0,18725128000.0,4716243000.0,62427100000.0,26055776000.0,111924250000.0,1
2020-05-21,874166.0,887255.0,863984.0,885801.0,110753.0,7452587000.0,498063000.0,42733597000.0,10164281000.0,8411430000.0,96285000.0,36091380000.0,16249433000.0,60848525000.0,1
2020-05-22,916346.0,930891.0,888711.0,898892.0,266987.0,6668751000.0,230222000.0,65307380000.0,27126909000.0,12532202000.0,295948000.0,75033390000.0,11471724000.0,99333260000.0,1
2020-05-25,900347.0,922164.0,895983.0,919256.0,152194.0,19381880000.0,3583807000.0,191655760000.0,33628717000.0,16936589000.0,1200697000.0,187161940000.0,42950943000.0,248250160000.0,1
2020-05-26,923619.0,938164.0,911982.0,938164.0,157023.0,14584264000.0,946472000.0,85219460000.0,41782230000.0,4540515000.0,1130061000.0,129762050000.0,7099804000.0,142532430000.0,1
2020-05-27,938164.0,938164.0,906164.0,907620.0,139391.0,12549715000.0,11275449000.0,93427910000.0,32464278000.0,7070224000.0,7842365000.0,123163670000.0,11641093000.0,149717350000.0,1
2020-05-28,900347.0,911982.0,877074.0,888711.0,150007.0,6090595000.0,1346736000.0,112047220000.0,11718344000.0,15374994000.0,2823315000.0,83773630000.0,29230954000.0,131202890000.0,1
2020-05-29,895983.0,913438.0,891619.0,904710.0,100414.0,12776007000.0,3144397000.0,102981660000.0,18217484000.0,26321068000.0,3132799000.0,81129456000.0,26536223000.0,137119550000.0,1
2020-06-01,914892.0,919256.0,901801.0,914892.0,79780.0,8909263000.0,2198874000.0,41368810000.0,40353920000.0,9017827000.0,441489000.0,54435144000.0,28936405000.0,92830860000.0,1
2020-06-02,910528.0,917801.0,903256.0,914892.0,56055.0,8083823000.0,5716850000.0,46796220000.0,13914890000.0,8525508000.0,1028826000.0,49850690000.0,15106754000.0,74511780000.0,1
2020-06-03,923619.0,927983.0,897437.0,910528.0,124245.0,8637789000.0,1287638000.0,32468027000.0,9873130000.0,9894273000.0,372001000.0,35385557000.0,6614751000.0,52266580000.0,1
2020-06-04,910528.0,959982.0,897437.0,945436.0,388678.0,22696614000.0,2093538000.0,81601370000.0,10053338000.0,28637090000.0,343988000.0,69517580000.0,17946202000.0,116444865000.0,1
2020-06-05,938164.0,986164.0,930891.0,967255.0,218963.0,32993559000.0,4562303000.0,189701960000.0,146393170000.0,15028185000.0,2161502000.0,263363990000.0,93097330000.0,373651000000.0,1
2020-06-08,970163.0,975981.0,939619.0,965799.0,200625.0,37411762000.0,1620563000.0,139583500000.0,35930735000.0,15098555000.0,1410160000.0,166305300000.0,31732552000.0,214546560000.0,1
2020-06-09,987618.0,1003617.0,970163.0,983254.0,198856.0,15112264000.0,5479953000.0,151286100000.0,24479382000.0,21821123000.0,7303569000.0,118002156000.0,49230856000.0,196357700000.0,1
2020-06-10,987618.0,1025436.0,983254.0,1023980.0,189890.0,26655597000.0,10558616000.0,131393380000.0,31785118000.0,19203762000.0,1292397000.0,159550340000.0,20346200000.0,200392700000.0,1
2020-06-11,1041435.0,1119979.0,1034162.0,1086525.0,398340.0,31223624000.0,4633965000.0,126596430000.0,34131069000.0,9361977000.0,2403701000.0,171372360000.0,13447044000.0,196585100000.0,1
2020-06-12,1045799.0,1188342.0,1044343.0,1170887.0,530136.0,29096049000.0,17205076000.0,332524320000.0,62289070000.0,47552446000.0,11515477000.0,341353140000.0,40693453000.0,441114530000.0,1
2020-06-15,1202887.0,1255249.0,1119979.0,1175251.0,568539.0,45113745000.0,11047009000.0,448970520000.0,106149626000.0,34817966000.0,15638217000.0,479307100000.0,81517620000.0,611280900000.0,1
2020-06-16,1230522.0,1231978.0,1175251.0,1201432.0,271346.0,27141134000.0,17697174000.0,593898440000.0,64293210000.0,38222590000.0,19598680000.0,543477730000.0,101731000000.0,703030000000.0,1
2020-06-17,1197069.0,1213069.0,1173797.0,1198523.0,187134.0,26304098000.0,18602602000.0,251491040000.0,37813050000.0,30964318000.0,6791192000.0,239582220000.0,56873066000.0,334210800000.0,1
2020-06-18,1198523.0,1208705.0,1173797.0,1178160.0,127225.0,15004846000.0,2828858000.0,182653930000.0,28558630000.0,21927453000.0,5668509000.0,176976540000.0,24473760000.0,229046260000.0,1
2020-06-19,1186886.0,1186886.0,1131615.0,1165069.0,234840.0,11500663000.0,2434974000.0,123220830000.0,17071537000.0,17535746000.0,995951000.0,113225250000.0,22471053000.0,154228000000.0,1
2020-06-22,1156342.0,1175251.0,1141797.0,1153434.0,118044.0,13789714000.0,3006565000.0,197827400000.0,62841627000.0,22729204000.0,9798159000.0,197197940000.0,47740000000.0,277465300000.0,1
2020-06-23,1163615.0,1186886.0,1144706.0,1166523.0,196125.0,14454555000.0,1193673000.0,103952850000.0,20562688000.0,9686686000.0,3623405000.0,97435290000.0,29418392000.0,140163760000.0,1
2020-06-24,1213069.0,1214523.0,1182524.0,1191250.0,191208.0,28880600000.0,6023053000.0,156291530000.0,43125682000.0,12937964000.0,10783098000.0,157631950000.0,52967850000.0,234320870000.0,1
2020-06-25,1179614.0,1211613.0,1179614.0,1185432.0,109684.0,31807100000.0,11359329000.0,150429940000.0,40667402000.0,15666466000.0,3067609000.0,168423650000.0,47106050000.0,234263770000.0,1
2020-06-26,1194160.0,1197069.0,1153434.0,1178160.0,117607.0,16391016000.0,2240463000.0,100073095000.0,14889642000.0,18782536000.0,1690582000.0,91214520000.0,21906580000.0,133594220000.0,1
2020-06-29,1175251.0,1176705.0,1140342.0,1140342.0,117133.0,7487559000.0,6936300000.0,113247240000.0,13253755000.0,19172262000.0,1414715000.0,95144500000.0,25193370000.0,140924850000.0,1
2020-06-30,1140342.0,1150524.0,1112706.0,1127251.0,154863.0,14690555000.0,1835324000.0,105087300000.0,16840466000.0,15652975000.0,2174953000.0,83349670000.0,37276054000.0,138453650000.0,1
2020-07-01,1127251.0,1140342.0,1093797.0,1093797.0,151290.0,17494147000.0,2286734000.0,121008110000.0,38562180000.0,20393497000.0,6103207000.0,113943280000.0,38911197000.0,179351180000.0,1
2020-07-02,1111252.0,1156342.0,1109798.0,1143252.0,179103.0,10329065000.0,3159096000.0,135811260000.0,22944905000.0,10374555000.0,4183347000.0,111115170000.0,46571250000.0,172244320000.0,1
2020-07-03,1156342.0,1157797.0,1111252.0,1121433.0,151297.0,31298787000.0,1609680000.0,125124985000.0,50995515000.0,9928313000.0,1523201000.0,158857130000.0,38720315000.0,209028970000.0,1
2020-07-06,1112706.0,1115616.0,1083616.0,1096707.0,168203.0,9144509000.0,4023558000.0,148982920000.0,11508497000.0,17339780000.0,1228038000.0,70550650000.0,84541010000.0,173659490000.0,1
2020-07-07,1109798.0,1115616.0,1085071.0,1092343.0,170304.0,16874864000.0,2347278000.0,149703490000.0,20315218000.0,10454163000.0,5868362000.0,97928520000.0,74989806000.0,189240850000.0,1
2020-07-08,1086525.0,1096707.0,1055981.0,1070526.0,193166.0,13435217000.0,2356545000.0,115736340000.0,60314570000.0,13724300000.0,1333410000.0,90190230000.0,86594720000.0,191842660000.0,1
2020-07-09,1070526.0,1093797.0,1060344.0,1077798.0,137460.0,13994615000.0,3149206000.0,156974370000.0,37257900000.0,19587800000.0,1574269000.0,123772035000.0,66441986000.0,211376100000.0,1
2020-07-10,1087979.0,1087979.0,1054525.0,1063252.0,109796.0,19680502000.0,4599368000.0,92338140000.0,35360555000.0,11875077000.0,4438004000.0,99674640000.0,35990856000.0,151978570000.0,1
2020-07-13,1073434.0,1073434.0,1041435.0,1061798.0,120819.0,6661120000.0,3017532000.0,82262510000.0,27683197000.0,15433242000.0,591105000.0,74975674000.0,28624333000.0,119624350000.0,1
2020-07-14,1066162.0,1089435.0,1053071.0,1069070.0,113960.0,11860803000.0,2722535000.0,88100995000.0,27848614000.0,8535209000.0,3533170000.0,77083795000.0,41380766000.0,130532940000.0,1
2020-07-15,1089435.0,1090889.0,1073434.0,1089435.0,112386.0,14299286000.0,4616476000.0,91448640000.0,14881764000.0,10366670000.0,803053000.0,78714070000.0,35362370000.0,125246160000.0,1
2020-07-16,1090889.0,1090889.0,1064708.0,1064708.0,79425.0,15185784000.0,5522168000.0,88511005000.0,15447931000.0,9649651000.0,1596137000.0,80915700000.0,32505397000.0,124666890000.0,1
2020-07-17,1055981.0,1082161.0,1041435.0,1080707.0,99866.0,7951450000.0,1931212000.0,69760540000.0,7698619000.0,9331504000.0,1899077000.0,47910965000.0,28200278000.0,87341830000.0,1
2020-07-20,1082161.0,1093797.0,1069070.0,1074890.0,128076.0,6534910000.0,453978000.0,71502690000.0,29946665000.0,11280496000.0,2473327000.0,74976940000.0,19707488000.0,108438240000.0,1
2020-07-21,1080707.0,1093797.0,1079252.0,1090889.0,112368.0,8212524000.0,2226863000.0,68616970000.0,62455144000.0,12017910000.0,572066000.0,57280774000.0,71640750000.0,141511500000.0,1
2020-07-22,1101070.0,1149070.0,1082161.0,1149070.0,249693.0,21349057000.0,1556276000.0,79551540000.0,22865009000.0,12832797000.0,1031958000.0,87455950000.0,24001170000.0,125321870000.0,1
2020-07-23,1154888.0,1159251.0,1122888.0,1127251.0,134746.0,34916934000.0,2791334000.0,187792300000.0,59722486000.0,17599873000.0,4641414000.0,231424430000.0,31557330000.0,285223060000.0,1
2020-07-24,1117070.0,1124343.0,1098161.0,1098161.0,97589.0,10172244000.0,1534850000.0,129249240000.0,16643368000.0,14169270000.0,1079794000.0,112844260000.0,29506376000.0,157599700000.0,1
2020-07-27,1095253.0,1112706.0,1093797.0,1096707.0,62890.0,10185587000.0,1131898000.0,83706480000.0,15794551000.0,14031590000.0,1520020000.0,83058890000.0,12208014000.0,110818520000.0,1
2020-07-28,1111252.0,1121433.0,1105434.0,1106888.0,112630.0,12224638000.0,1553900000.0,52754366000.0,4516986000.0,5304613000.0,1477256000.0,43900043000.0,20367978000.0,71049890000.0,1
2020-07-29,1109798.0,1109798.0,1071980.0,1077798.0,128614.0,12230436000.0,1614480000.0,62555628000.0,51762336000.0,14100281000.0,604114000.0,61936992000.0,51521490000.0,128162880000.0,1
2020-07-30,1069070.0,1082161.0,1053071.0,1070526.0,96364.0,13003350000.0,2386350000.0,117532960000.0,10059120000.0,30087254000.0,331093000.0,70553910000.0,42009522000.0,142981780000.0,1
2020-07-31,1070526.0,1083616.0,1066162.0,1066162.0,63809.0,10392524000.0,2002109000.0,79943960000.0,12680159000.0,16206870000.0,1673792000.0,70887465000.0,16250624000.0,105018750000.0,1
2020-08-03,1058889.0,1076344.0,1042889.0,1070526.0,109942.0,5434166000.0,725847000.0,49466230000.0,14417245000.0,13617473000.0,186659000.0,38695838000.0,17543518000.0,70043484000.0,1
2020-08-04,1069070.0,1085071.0,1061798.0,1069070.0,73029.0,9697037000.0,4629189000.0,88071640000.0,16732817000.0,11508883000.0,1205626000.0,77269240000.0,29146943000.0,119130690000.0,1
2020-08-05,1085071.0,1153434.0,1076344.0,1144706.0,349922.0,10160545000.0,1383168000.0,56035960000.0,12700504000.0,8750119000.0,323990000.0,52379943000.0,18826123000.0,80280175000.0,1
2020-08-06,1172341.0,1179614.0,1124343.0,1131615.0,192644.0,32915448000.0,12028575000.0,249120900000.0,109693380000.0,9607634000.0,7636850000.0,338226380000.0,48287450000.0,403758320000.0,1
2020-08-07,1138888.0,1141797.0,1108342.0,1117070.0,112289.0,20998676000.0,5100510000.0,182094380000.0,17415390000.0,17047901000.0,1588762000.0,143384350000.0,63587950000.0,225608960000.0,1
2020-08-10,1117070.0,1135979.0,1099616.0,1121433.0,119332.0,5764706000.0,4314241000.0,107738600000.0,10636037000.0,13693697000.0,1419727000.0,88205680000.0,25134490000.0,128453590000.0,1
2020-08-11,1153434.0,1210159.0,1138888.0,1169433.0,511321.0,11515334000.0,2218152000.0,108519784000.0,13815387000.0,12288155000.0,7411453000.0,98445885000.0,17923168000.0,136068660000.0,1
2020-08-12,1185432.0,1242159.0,1183978.0,1226158.0,510634.0,41390293000.0,6062524000.0,451278140000.0,117115890000.0,25602101000.0,12581338000.0,549265540000.0,28397871000.0,615846840000.0,1
2020-08-13,1217432.0,1227614.0,1176705.0,1192706.0,245978.0,35518984000.0,9189939000.0,479992100000.0,111750726000.0,29707563000.0,9901490000.0,534285030000.0,62557655000.0,636451750000.0,1
2020-08-14,1185432.0,1207251.0,1150524.0,1163615.0,145298.0,26213270000.0,4408140000.0,248114250000.0,24437170000.0,38931386000.0,1885485000.0,193725870000.0,68630080000.0,303172850000.0,1
2020-08-18,1163615.0,1217432.0,1156342.0,1166523.0,182621.0,12304154000.0,3375897000.0,133454100000.0,25160004000.0,11910633000.0,4993185000.0,114788160000.0,42602180000.0,174294160000.0,1
2020-08-19,1185432.0,1204341.0,1170887.0,1176705.0,100745.0,38449050000.0,3657146000.0,129652880000.0,50811367000.0,10680877000.0,4738415000.0,175499540000.0,31651607000.0,222570450000.0,1
2020-08-20,1163615.0,1197069.0,1151978.0,1154888.0,135272.0,14325685000.0,8765607000.0,78746840000.0,20486906000.0,8664717000.0,3048799000.0,86265225000.0,24346292000.0,122325030000.0,1
2020-08-21,1175251.0,1176705.0,1146160.0,1162160.0,96089.0,38804440000.0,2207902000.0,99474710000.0,21129976000.0,21835504000.0,2153251000.0,113752860000.0,23875416000.0,161617040000.0,1
2020-08-24,1163615.0,1195614.0,1162160.0,1192706.0,88289.0,10407847000.0,1228651000.0,72732850000.0,29788807000.0,15051484000.0,9614004000.0,69977350000.0,19515322000.0,114158160000.0,1
2020-08-25,1198523.0,1201432.0,1175251.0,1185432.0,69998.0,25198555000.0,4453614000.0,58927657000.0,18575768000.0,8763579000.0,557076000.0,91183780000.0,6651157000.0,107155595000.0,1
2020-08-26,1181069.0,1195614.0,1173797.0,1181069.0,67928.0,8718464000.0,3426592000.0,65739936000.0,7050687000.0,14186861000.0,2877233000.0,49154097000.0,18717485000.0,84935680000.0,1
2020-08-27,1178160.0,1181069.0,1162160.0,1165069.0,88844.0,8335621000.0,835585000.0,63277900000.0,9665664000.0,14202330000.0,1212448000.0,55672717000.0,11027275000.0,82114770000.0,1
2020-08-28,1175251.0,1176705.0,1156342.0,1162160.0,67203.0,8227922000.0,2389431000.0,82755230000.0,12854879000.0,15329338000.0,5296817000.0,75506205000.0,10095098000.0,106227460000.0,1
2020-08-31,1159251.0,1162160.0,1127251.0,1131615.0,156873.0,9965022000.0,1996503000.0,58629927000.0,9571734000.0,12387759000.0,6264637000.0,46872916000.0,14637876000.0,80163185000.0,1
2020-09-01,1127251.0,1166523.0,1127251.0,1135979.0,109084.0,19352160000.0,8198654000.0,140818480000.0,15027585000.0,17720062000.0,9753151000.0,100413000000.0,55510667000.0,183396880000.0,1
2020-09-02,1138888.0,1143252.0,1102524.0,1119979.0,126699.0,15133848000.0,936673000.0,89456470000.0,22513025000.0,11172630000.0,1741983000.0,81629190000.0,33496205000.0,128040010000.0,1
2020-09-03,1117070.0,1146160.0,1112706.0,1133069.0,88689.0,8139819000.0,3399086000.0,111135840000.0,22310265000.0,10475829000.0,3320344000.0,82712150000.0,48476690000.0,144985010000.0,1
2020-09-04,1101070.0,1125797.0,1101070.0,1124343.0,83869.0,9203431000.0,4595985000.0,57788826000.0,31102745000.0,15034469000.0,951207000.0,64034447000.0,22670862000.0,102690990000.0,1
2020-09-07,1124343.0,1146160.0,1115616.0,1128707.0,57421.0,18677084000.0,1834996000.0,62860517000.0,12503463000.0,16559574000.0,698838000.0,59213560000.0,19404090000.0,95876060000.0,1
2020-09-08,1130161.0,1135979.0,1119979.0,1125797.0,48224.0,9378878000.0,504341000.0,44128870000.0,12414176000.0,8748407000.0,1485076000.0,41717910000.0,14474870000.0,66426266000.0,1
2020-09-09,1111252.0,1122888.0,1099616.0,1103980.0,86739.0,6306367000.0,243203000.0,44246184000.0,4732673000.0,14069838000.0,87398000.0,31590394000.0,9780797000.0,55528428000.0,1
2020-09-10,1114162.0,1115616.0,1103980.0,1111252.0,56746.0,5187081000.0,1431438000.0,62729650000.0,28898290000.0,25511805000.0,1609510000.0,51746062000.0,19379081000.0,98246460000.0,1
2020-09-11,1102524.0,1108342.0,1098161.0,1106888.0,48754.0,13882751000.0,215366000.0,31289137000.0,19140714000.0,21303540000.0,159948000.0,27531911000.0,15532570000.0,64527970000.0,1
2020-09-14,1124343.0,1124343.0,1105434.0,1109798.0,51839.0,7048510000.0,231641000.0,28109140000.0,19618943000.0,10321087000.0,1428562000.0,26074986000.0,17183597000.0,55008236000.0,1
2020-09-15,1114162.0,1137433.0,1106888.0,1124343.0,62926.0,9080263000.0,187916000.0,28425413000.0,21256840000.0,17657278000.0,2368140000.0,24694237000.0,14230775000.0,58950430000.0,1
2020-09-16,1131615.0,1134525.0,1121433.0,1128707.0,53701.0,5583120000.0,326705000.0,39120265000.0,27236563000.0,12426006000.0,507727000.0,45275656000.0,14057267000.0,72266650000.0,1
2020-09-17,1124343.0,1127251.0,1101070.0,1101070.0,81461.0,6366240000.0,4299602000.0,30526482000.0,20805870000.0,13471099000.0,328232000.0,40370147000.0,7828715000.0,61998195000.0,1
2020-09-18,1102524.0,1108342.0,1087979.0,1102524.0,43511.0,12093756000.0,676663000.0,65033118000.0,14591793000.0,16860377000.0,2084199000.0,36472570000.0,36978184000.0,92395330000.0,1
2020-09-21,1098161.0,1108342.0,1069070.0,1076344.0,64888.0,5667046000.0,243019000.0,30084262000.0,12914677000.0,9015523000.0,341765000.0,26872193000.0,12679522000.0,48909005000.0,1
2020-09-22,1112706.0,1122888.0,1061798.0,1063252.0,117491.0,7308773000.0,843959000.0,58316034000.0,5500622000.0,14134461000.0,326212000.0,46346097000.0,11162617000.0,71969390000.0,1
2020-09-23,1064708.0,1070526.0,1015253.0,1025436.0,133958.0,4960865000.0,2259201000.0,112660910000.0,11102500000.0,19606841000.0,1314361000.0,89833330000.0,20228934000.0,130983470000.0,1
2020-09-24,1003617.0,1015253.0,978891.0,978891.0,125055.0,7321651000.0,786005000.0,117683405000.0,15919335000.0,36353840000.0,4788053000.0,71381590000.0,29186912000.0,141710400000.0,1
2020-09-25,980345.0,1003617.0,967255.0,981800.0,73378.0,7770179000.0,1413084000.0,93858914000.0,24205450000.0,18576200000.0,5158560000.0,79131525000.0,24381340000.0,127247620000.0,1
2020-09-28,989072.0,1003617.0,983254.0,996345.0,39830.0,7387442000.0,740682000.0,48854467000.0,17261193000.0,9913017000.0,1896635000.0,49003520000.0,13430610000.0,74243785000.0,1
2020-09-29,1003617.0,1012345.0,996345.0,1003617.0,46432.0,6085197000.0,321270000.0,26474336000.0,7726726000.0,3891822000.0,631555000.0,26650010000.0,9434143000.0,40607530000.0,1
2020-10-05,1013799.0,1019617.0,991982.0,996345.0,46654.0,7364881000.0,3918777000.0,27867722000.0,8549867000.0,12795184000.0,209563000.0,20592148000.0,14104351000.0,47701246000.0,1
2020-10-06,1000708.0,1038526.0,999254.0,1035618.0,68187.0,7379403000.0,513925000.0,30489952000.0,9469811000.0,13101934000.0,4555468000.0,18486630000.0,11709058000.0,47853093000.0,1
2020-10-07,1035618.0,1055981.0,1032708.0,1048707.0,59056.0,11669706000.0,222843000.0,44683310000.0,14920196000.0,6694390000.0,297951000.0,59388408000.0,5115306000.0,71496060000.0,1
2020-10-08,1054525.0,1058889.0,1035618.0,1039980.0,50594.0,20410601000.0,434050000.0,33407496000.0,8953800000.0,10122093000.0,620757000.0,40597897000.0,11865199000.0,63205950000.0,1
2020-10-12,1053071.0,1053071.0,1039980.0,1045799.0,36697.0,9665275000.0,1332598000.0,35133235000.0,7901935000.0,14260278000.0,540457000.0,27893502000.0,11338808000.0,54033043000.0,1
2020-10-13,1045799.0,1053071.0,1044343.0,1051617.0,38583.0,9844109000.0,212047000.0,14959541000.0,14271459000.0,5976882000.0,68251000.0,24376801000.0,8865221000.0,39287157000.0,1
2020-10-14,1047253.0,1047253.0,1028344.0,1028344.0,43364.0,11333339000.0,105364000.0,15536769000.0,14460739000.0,9822445000.0,147303000.0,27895240000.0,3571223000.0,41436210000.0,1
2020-10-15,1037072.0,1045799.0,1023980.0,1023980.0,45020.0,4928603000.0,1946590000.0,27931922000.0,11133768000.0,9267589000.0,33497000.0,20732220000.0,15907578000.0,45940883000.0,1
2020-10-16,1003617.0,1016709.0,994890.0,999254.0,76468.0,10392284000.0,111690000.0,21818427000.0,15178630000.0,11194532000.0,250790000.0,24740151000.0,11315557000.0,47501030000.0,1
2020-10-19,1006527.0,1016709.0,997800.0,997800.0,39506.0,7419801000.0,1649640000.0,56542620000.0,12764017000.0,21963860000.0,124685000.0,42996855000.0,13290680000.0,78376080000.0,1
2020-10-20,991982.0,1002163.0,974527.0,991982.0,54863.0,13995907000.0,68709000.0,22645380000.0,3948896000.0,8701653000.0,194667000.0,20448040000.0,11314530000.0,40658890000.0,1
2020-10-21,993436.0,1000708.0,984708.0,1000708.0,31466.0,10160335000.0,621748000.0,37874414000.0,6603503000.0,6196281000.0,97217000.0,28354017000.0,20612483000.0,55260000000.0,1
2020-10-22,987618.0,994890.0,948346.0,957073.0,125311.0,8017975000.0,263403000.0,20078316000.0,3610740000.0,10110994000.0,702373000.0,15504493000.0,5652574000.0,31970433000.0,1
2020-10-23,958528.0,959982.0,917801.0,925073.0,132279.0,10442976000.0,1441785000.0,107617300000.0,4317969000.0,41898217000.0,344138000.0,41819083000.0,39758594000.0,123820030000.0,1
2020-10-26,942528.0,961436.0,910528.0,916346.0,127315.0,14528551000.0,879356000.0,91202960000.0,19085494000.0,29963495000.0,818030000.0,60074607000.0,34840230000.0,125696360000.0,1
2020-10-27,916346.0,954164.0,907620.0,923619.0,85874.0,10849894000.0,922257000.0,78317460000.0,31196166000.0,21213688000.0,357564000.0,70275630000.0,29438900000.0,121285780000.0,1
2020-10-28,923619.0,935255.0,920710.0,926527.0,37026.0,9417711000.0,984344000.0,42091467000.0,29273790000.0,7716160000.0,533994000.0,49321128000.0,24196030000.0,81767310000.0,1
2020-10-29,916346.0,1019617.0,916346.0,1013799.0,202196.0,4131723000.0,295526000.0,23598793000.0,7099316000.0,8086849000.0,24136000.0,15705443000.0,11308929000.0,35125360000.0,1
2020-10-30,1010891.0,1035618.0,983254.0,991982.0,168639.0,32281900000.0,1526324000.0,110227620000.0,58474750000.0,9918527000.0,2259547000.0,157377630000.0,32954890000.0,202510600000.0,1
2020-11-02,1005071.0,1016709.0,991982.0,1015253.0,56902.0,36850364000.0,1888045000.0,96890490000.0,39031865000.0,9439671000.0,755760000.0,118497510000.0,45967820000.0,174660760000.0,1
2020-11-03,1016709.0,1028344.0,1003617.0,1016709.0,65719.0,17667645000.0,179164000.0,35419525000.0,5249366000.0,4677395000.0,612725000.0,39004810000.0,14220769000.0,58515700000.0,1
2020-11-04,1031254.0,1076344.0,1028344.0,1066162.0,169389.0,20000424000.0,569981000.0,38340882000.0,9770915000.0,4390616000.0,402036000.0,44632203000.0,19257346000.0,68682200000.0,1
2020-11-05,1115616.0,1144706.0,1101070.0,1135979.0,300312.0,53654417000.0,4319176000.0,90848280000.0,34566670000.0,7705012000.0,1172969000.0,162473510000.0,12037044000.0,183388540000.0,1
2020-11-06,1135979.0,1138888.0,1115616.0,1130161.0,105631.0,110828580000.0,3635366000.0,129579885000.0,103352590000.0,14607044000.0,5454092000.0,286314040000.0,41021250000.0,347396400000.0,1
2020-11-09,1112706.0,1125797.0,1095253.0,1106888.0,177234.0,27474530000.0,1263949000.0,79392940000.0,13613731000.0,12729901000.0,1920460000.0,81101760000.0,25993030000.0,121745150000.0,1
2020-11-10,1130161.0,1133069.0,1090889.0,1093797.0,141025.0,20078290000.0,2241954000.0,162831190000.0,16141515000.0,68745340000.0,1845415000.0,99295380000.0,31406820000.0,201292960000.0,1
2020-11-11,1093797.0,1115616.0,1085071.0,1106888.0,79108.0,10337083000.0,5111660000.0,131833540000.0,12846678000.0,47765370000.0,1049720000.0,82982400000.0,28331469000.0,160128960000.0,1
2020-11-12,1106888.0,1112706.0,1095253.0,1095253.0,48569.0,18633700000.0,1418639000.0,53107585000.0,16405370000.0,8497117000.0,289979000.0,69890610000.0,10887586000.0,89565290000.0,1
2020-11-13,1089435.0,1114162.0,1077798.0,1101070.0,55713.0,8045663000.0,115591000.0,34570020000.0,11950612000.0,16625229000.0,389051000.0,27590390000.0,10077214000.0,54681883000.0,1
2020-11-16,1109798.0,1112706.0,1095253.0,1102524.0,49944.0,10435970000.0,185203000.0,39562686000.0,12363488000.0,10112543000.0,171530000.0,46738670000.0,5524605000.0,62547345000.0,1
2020-11-17,1106888.0,1130161.0,1101070.0,1125797.0,136086.0,11493730000.0,427151000.0,41999282000.0,2504153000.0,11450843000.0,253434000.0,31668126000.0,13051915000.0,56424317000.0,1
2020-11-18,1144706.0,1188342.0,1141797.0,1181069.0,271263.0,21214510000.0,1141519000.0,104824046000.0,28972718000.0,12140038000.0,563805000.0,118260570000.0,25188370000.0,156152790000.0,1
2020-11-19,1186886.0,1201432.0,1170887.0,1175251.0,123163.0,38889790000.0,4159885000.0,200859000000.0,81475160000.0,10317186000.0,1876975000.0,292594000000.0,20595663000.0,325383800000.0,1
2020-11-20,1173797.0,1173797.0,1151978.0,1162160.0,80697.0,11270682000.0,1286900000.0,118771950000.0,17877385000.0,9054607000.0,1067613000.0,115901284000.0,23183411000.0,149206910000.0,1
2020-11-23,1170887.0,1183978.0,1166523.0,1169433.0,68927.0,10281863000.0,402934000.0,74726740000.0,10320171000.0,9212462000.0,127705000.0,61851087000.0,24540453000.0,95731710000.0,1
2020-11-24,1172341.0,1172341.0,1151978.0,1166523.0,84057.0,14797779000.0,1747197000.0,53817303000.0,12459145000.0,8982460000.0,253170000.0,60900348000.0,12685447000.0,82821420000.0,1
2020-11-25,1160705.0,1211613.0,1157797.0,1167979.0,156673.0,8814868000.0,397883000.0,74103160000.0,16448780000.0,17023762000.0,876254000.0,56741798000.0,25122877000.0,99764690000.0,1
2020-11-26,1173797.0,1175251.0,1159251.0,1162160.0,53667.0,17264062000.0,1516983000.0,127618970000.0,42654614000.0,15705110000.0,1876553000.0,149950250000.0,21522725000.0,189054630000.0,1
2020-11-27,1162160.0,1173797.0,1157797.0,1162160.0,59521.0,7326054000.0,3247577000.0,47448230000.0,5836109000.0,17814092000.0,1097993000.0,32074625000.0,12871262000.0,63857970000.0,1
2020-11-30,1170887.0,1181069.0,1143252.0,1143252.0,106440.0,12486769000.0,1107704000.0,43115258000.0,14207956000.0,13719726000.0,868745000.0,46236540000.0,10092676000.0,70917685000.0,1
2020-12-01,1154888.0,1162160.0,1143252.0,1153434.0,51260.0,18640566000.0,601687000.0,73846620000.0,32741978000.0,12840343000.0,1230213000.0,45401014000.0,66359284000.0,125830860000.0,1
2020-12-02,1157797.0,1157797.0,1130161.0,1149070.0,98412.0,13813320000.0,1894563000.0,32785570000.0,12128690000.0,6601526000.0,1282720000.0,43375215000.0,9362681000.0,60622143000.0,1
2020-12-03,1143252.0,1170887.0,1137433.0,1170887.0,96557.0,11861120000.0,325577000.0,83932996000.0,18985783000.0,19508345000.0,1459374000.0,59402228000.0,34735534000.0,115105480000.0,1
2020-12-04,1166523.0,1204341.0,1160705.0,1199978.0,202700.0,9643020000.0,1527413000.0,75921170000.0,27403788000.0,11732677000.0,791555000.0,89709310000.0,12261845000.0,114495390000.0,1
2020-12-07,1211613.0,1279976.0,1202887.0,1279976.0,340601.0,32207448000.0,3613836000.0,114455850000.0,96878850000.0,15969204000.0,3093867000.0,212712400000.0,15380497000.0,247155980000.0,1
2020-12-08,1268340.0,1269794.0,1204341.0,1204341.0,269263.0,50994692000.0,7185643000.0,272614640000.0,100767740000.0,20214616000.0,14986670000.0,352918500000.0,43442920000.0,431562720000.0,1
2020-12-09,1208705.0,1218886.0,1179614.0,1195614.0,129728.0,39721000000.0,3614977000.0,262309170000.0,33307599000.0,16497577000.0,4228031000.0,217630520000.0,100596600000.0,338952750000.0,1
2020-12-10,1176705.0,1207251.0,1169433.0,1191250.0,110284.0,22009807000.0,727258000.0,118126740000.0,18175680000.0,15786554000.0,678339000.0,97467670000.0,45106920000.0,159039490000.0,1
2020-12-11,1201432.0,1204341.0,1185432.0,1192706.0,58268.0,28382038000.0,1276671000.0,88697410000.0,15963566000.0,27360553000.0,934979000.0,62838700000.0,43185463000.0,134319690000.0,1
2020-12-14,1189796.0,1191250.0,1178160.0,1181069.0,56048.0,13695031000.0,1522413000.0,48809693000.0,7120404000.0,11231901000.0,159056000.0,41653870000.0,18102716000.0,71147545000.0,1
2020-12-15,1185432.0,1185432.0,1157797.0,1163615.0,77645.0,7600451000.0,932258000.0,49304826000.0,9975083000.0,12800089000.0,1687644000.0,42532938000.0,10791947000.0,67812620000.0,1
2020-12-16,1165069.0,1186886.0,1154888.0,1173797.0,72527.0,8884111000.0,1475096000.0,68745370000.0,13491707000.0,9687747000.0,1247032000.0,62699385000.0,18962127000.0,92596290000.0,1
2020-12-17,1169433.0,1170887.0,1160705.0,1169433.0,46527.0,16583786000.0,529662000.0,50011468000.0,19914058000.0,11345132000.0,1519130000.0,58199640000.0,15975072000.0,87038980000.0,1
2020-12-18,1169433.0,1175251.0,1163615.0,1166523.0,44986.0,10173657000.0,141728000.0,31489580000.0,13766303000.0,10582836000.0,736180000.0,37398766000.0,6853485000.0,55571268000.0,1
2020-12-21,1166523.0,1204341.0,1159251.0,1197069.0,125589.0,11941181000.0,422621000.0,28822010000.0,12517343000.0,8716983000.0,869230000.0,33199208000.0,10917732000.0,53703156000.0,1
2020-12-22,1198523.0,1201432.0,1163615.0,1167979.0,71999.0,46224417000.0,1424154000.0,66927833000.0,37786448000.0,11519796000.0,1347023000.0,123165460000.0,16330573000.0,152362840000.0,1
2020-12-23,1175251.0,1178160.0,1156342.0,1157797.0,79971.0,17796864000.0,431378000.0,61329360000.0,7615620000.0,9120973000.0,2149232000.0,61765214000.0,14137801000.0,87173220000.0,1
2020-12-24,1160705.0,1166523.0,1146160.0,1154888.0,76118.0,14690632000.0,1423047000.0,69041250000.0,10017008000.0,22063067000.0,968064000.0,55712100000.0,16428702000.0,95171940000.0,1
2020-12-28,1159251.0,1170887.0,1146160.0,1147614.0,127706.0,18680711000.0,2338811000.0,58182300000.0,11067066000.0,13113320000.0,4284370000.0,66043666000.0,6827530000.0,90268885000.0,1
2020-12-29,1175251.0,1202887.0,1160705.0,1195614.0,149549.0,26515820000.0,7462515000.0,102035660000.0,15089969000.0,9511252000.0,3613107000.0,118519270000.0,19460334000.0,151103960000.0,1
2020-12-30,1204341.0,1211613.0,1186886.0,1201432.0,100743.0,16511200000.0,1605331000.0,96643570000.0,66725945000.0,25189872000.0,1455218000.0,139482920000.0,15358034000.0,181486040000.0,1
2021-01-04,1191250.0,1218886.0,1169433.0,1205795.0,122795.0,21537767000.0,965441000.0,76168360000.0,25565686000.0,16546636000.0,157857000.0,86871245000.0,20661527000.0,124237260000.0,1
2021-01-05,1199978.0,1213069.0,1189796.0,1210159.0,80521.0,17073057000.0,2740774000.0,120830570000.0,9245074000.0,27354513000.0,242876000.0,97338240000.0,24953844000.0,149889470000.0,1
2021-01-06,1204341.0,1217432.0,1186886.0,1188342.0,97955.0,13558774000.0,1554601000.0,56587090000.0,27365075000.0,21409585000.0,403445000.0,67626467000.0,9626040000.0,99065540000.0,1
2021-01-07,1198523.0,1198523.0,1186886.0,1191250.0,78217.0,19891694000.0,1898558000.0,83984730000.0,14293143000.0,33539125000.0,1629465000.0,71985710000.0,12913823000.0,120068120000.0,1
2021-01-08,1194160.0,1221796.0,1185432.0,1217432.0,177184.0,22588275000.0,976937000.0,58701582000.0,13209866000.0,28282024000.0,971176000.0,51726156000.0,14497306000.0,95476660000.0,1
2021-01-11,1223250.0,1284339.0,1198523.0,1230522.0,376129.0,19256685000.0,3745761000.0,145569150000.0,50676077000.0,31416689000.0,2494782000.0,167199050000.0,18137170000.0,219247690000.0,1
2021-01-12,1231978.0,1253795.0,1172341.0,1189796.0,194143.0,24691167000.0,8946481000.0,344623350000.0,99336790000.0,49874830000.0,5240996000.0,334614000000.0,87867950000.0,477597800000.0,1
2021-01-13,1183978.0,1210159.0,1166523.0,1207251.0,139502.0,19001207000.0,3610855000.0,195776770000.0,20156393000.0,32839657000.0,3646157000.0,122486730000.0,79572700000.0,238545240000.0,1
2021-01-14,1204341.0,1204341.0,1178160.0,1186886.0,109879.0,18996050000.0,1876463000.0,126973485000.0,21394053000.0,31779220000.0,1167791000.0,107946410000.0,28346626000.0,169240050000.0,1
2021-01-15,1192706.0,1198523.0,1169433.0,1169433.0,95395.0,36710250000.0,2412253000.0,75486640000.0,19307190000.0,33217690000.0,1738617000.0,78426880000.0,20533144000.0,133916330000.0,1
2021-01-18,1153434.0,1179614.0,1143252.0,1146160.0,110034.0,29862070000.0,1528762000.0,74606460000.0,9064780000.0,29739182000.0,1603688000.0,64133743000.0,19585464000.0,115062080000.0,1
2021-01-19,1143252.0,1173797.0,1127251.0,1157797.0,92478.0,25626302000.0,1597595000.0,90322990000.0,13167899000.0,24329824000.0,1524064000.0,88086330000.0,16774569000.0,130714790000.0,1
2021-01-20,1163615.0,1169433.0,1143252.0,1156342.0,65993.0,21469714000.0,771729000.0,63631466000.0,23169270000.0,22733627000.0,1652381000.0,72496030000.0,12160140000.0,109042180000.0,1
2021-01-21,1156342.0,1166523.0,1153434.0,1157797.0,57105.0,22449633000.0,1823836000.0,44226010000.0,9715577000.0,20891515000.0,387365000.0,47112466000.0,9823713000.0,78215060000.0,1
2021-01-22,1162160.0,1169433.0,1147614.0,1154888.0,79000.0,17253343000.0,838504000.0,41902140000.0,7740900000.0,24751872000.0,363027000.0,36482480000.0,6137515000.0,67734893000.0,1
2021-01-25,1150524.0,1160705.0,1143252.0,1149070.0,78996.0,14198073000.0,970829000.0,60219560000.0,18032085000.0,28125956000.0,2628074000.0,46083510000.0,16583003000.0,93420540000.0,1
2021-01-26,1156342.0,1202887.0,1153434.0,1166523.0,186499.0,19892654000.0,1380336000.0,57024016000.0,14882132000.0,13385234000.0,8426384000.0,42718420000.0,28649100000.0,93179130000.0,1
2021-01-27,1205795.0,1239250.0,1175251.0,1234886.0,438106.0,24910803000.0,1027604000.0,133736820000.0,66326983000.0,29673107000.0,3656816000.0,161600670000.0,31071610000.0,226002200000.0,1
2021-01-28,1207251.0,1230522.0,1186886.0,1218886.0,156625.0,82857755000.0,2384647000.0,232405020000.0,229925390000.0,17890286000.0,7832005000.0,477172170000.0,44678340000.0,547572800000.0,1
2021-01-29,1227614.0,1227614.0,1151978.0,1153434.0,185783.0,26289617000.0,978572000.0,115576880000.0,51275637000.0,10178705000.0,1356353000.0,123529240000.0,59056407000.0,194120710000.0,1
2021-02-01,1165069.0,1186886.0,1156342.0,1182524.0,93116.0,25470228000.0,1460299000.0,169558430000.0,27112063000.0,17086312000.0,2022675000.0,113111380000.0,91380650000.0,223601020000.0,1
2021-02-02,1188342.0,1205795.0,1172341.0,1201432.0,91939.0,28584866000.0,394385000.0,45389283000.0,37698510000.0,12862442000.0,6692734000.0,74646290000.0,17865578000.0,112067040000.0,1
2021-02-03,1210159.0,1213069.0,1182524.0,1199978.0,76558.0,32995099000.0,603936000.0,49199830000.0,29683140000.0,13310559000.0,164292000.0,83251190000.0,15755959000.0,112482010000.0,1
2021-02-04,1194160.0,1195614.0,1172341.0,1182524.0,65678.0,10879418000.0,248366000.0,46492930000.0,36237865000.0,19273021000.0,352589000.0,51066560000.0,23166405000.0,93858580000.0,1
2021-02-05,1182524.0,1188342.0,1172341.0,1181069.0,45069.0,15456397000.0,980565000.0,47023084000.0,15980617000.0,29416073000.0,532432000.0,30205723000.0,19286434000.0,79440660000.0,1
2021-02-08,1179614.0,1191250.0,1167979.0,1169433.0,45357.0,18257758000.0,112406000.0,24264665000.0,11798064000.0,15706346000.0,892398000.0,29308168000.0,8525981000.0,54432895000.0,1
2021-02-09,1170887.0,1178160.0,1166523.0,1166523.0,39910.0,13285365000.0,788562000.0,32337017000.0,8390883000.0,7140527000.0,4472021000.0,32492122000.0,10697157000.0,54801826000.0,1
2021-02-10,1172341.0,1173797.0,1156342.0,1162160.0,55379.0,17262572000.0,228316000.0,22687300000.0,7688340000.0,14186753000.0,970880000.0,22792155000.0,9916739000.0,47866528000.0,1
2021-02-15,1169433.0,1170887.0,1162160.0,1163615.0,47271.0,20076716000.0,356853000.0,35467235000.0,10066815000.0,19964029000.0,7459076000.0,27800330000.0,10744185000.0,65967620000.0,1
2021-02-16,1165069.0,1167979.0,1154888.0,1157797.0,59591.0,12536234000.0,273225000.0,36164490000.0,7401927000.0,19577098000.0,1790868000.0,27126436000.0,7881475000.0,56375878000.0,1
2021-02-17,1153434.0,1153434.0,1131615.0,1143252.0,88294.0,6247420000.0,887352000.0,56945790000.0,6609975000.0,27233016000.0,567576000.0,32601639000.0,10288308000.0,70690540000.0,1
2021-02-18,1140342.0,1154888.0,1138888.0,1138888.0,42229.0,7489456000.0,3904360000.0,78966596000.0,12761347000.0,18331716000.0,8362620000.0,48361357000.0,28066064000.0,103121760000.0,1
2021-02-19,1141797.0,1153434.0,1133069.0,1153434.0,54802.0,6332330000.0,194858000.0,28757883000.0,14278832000.0,5224198000.0,5800871000.0,27433753000.0,11105082000.0,49563900000.0,1
2021-02-22,1153434.0,1154888.0,1133069.0,1134525.0,51737.0,8317177000.0,472544000.0,26371047000.0,28818414000.0,8751577000.0,11856123000.0,32709784000.0,10661698000.0,63979180000.0,1
2021-02-23,1124343.0,1125797.0,1098161.0,1105434.0,92872.0,7280452000.0,198242000.0,38552224000.0,14294554000.0,22830010000.0,310851000.0,23348965000.0,13835647000.0,60325474000.0,1
2021-02-24,1101070.0,1119979.0,1083616.0,1086525.0,84008.0,11345545000.0,458578000.0,56162816000.0,37412065000.0,19595911000.0,2097806000.0,42970870000.0,40714420000.0,105379004000.0,1
2021-02-25,1096707.0,1133069.0,1087979.0,1127251.0,54790.0,13024577000.0,916585000.0,37256438000.0,43304608000.0,14494222000.0,2883730000.0,49154236000.0,27970017000.0,94502210000.0,1
2021-02-26,1109798.0,1111252.0,1090889.0,1090889.0,83931.0,22133670000.0,427668000.0,17220295000.0,22660678000.0,9141840000.0,1429346000.0,36313895000.0,15557230000.0,62442308000.0,1
2021-03-02,1101070.0,1122888.0,1087979.0,1095253.0,56058.0,9651198000.0,919890000.0,36501180000.0,47035560000.0,21895266000.0,219768000.0,23860726000.0,48132070000.0,94107830000.0,1
2021-03-03,1092343.0,1106888.0,1087979.0,1106888.0,38021.0,14079546000.0,363482000.0,21409866000.0,27477970000.0,10291698000.0,554959000.0,22073846000.0,30410360000.0,63330865000.0,1
2021-03-04,1090889.0,1099616.0,1086525.0,1087979.0,59014.0,12575575000.0,128153000.0,10658377000.0,19479486000.0,7001353000.0,59348000.0,15225638000.0,20555254000.0,42841590000.0,1
2021-03-05,1069070.0,1074890.0,1037072.0,1045799.0,94442.0,6967469000.0,558213000.0,26223305000.0,32053220000.0,26554706000.0,73363000.0,13748421000.0,25425715000.0,65802203000.0,1
2021-03-08,1051617.0,1051617.0,1010891.0,1012345.0,76947.0,12236632000.0,930232000.0,72304075000.0,15843019000.0,23138550000.0,636079000.0,27424582000.0,50114750000.0,101313960000.0,1
2021-03-09,997800.0,1021072.0,987618.0,999254.0,114463.0,5551391000.0,1031158000.0,59820007000.0,14433742000.0,15745194000.0,133892000.0,37023048000.0,27934163000.0,80836300000.0,1
2021-03-10,1016709.0,1022526.0,996345.0,996345.0,43966.0,28400534000.0,982483000.0,42204844000.0,46122725000.0,17041355000.0,590124000.0,41402940000.0,58676163000.0,117710586000.0,1
2021-03-11,996345.0,1048707.0,996345.0,1039980.0,74171.0,13253071000.0,524345000.0,22883020000.0,8717813000.0,7781256000.0,20690000.0,19988572000.0,17587730000.0,45378250000.0,1
2021-03-12,1054525.0,1099616.0,1053071.0,1080707.0,86646.0,31026178000.0,174323000.0,22951950000.0,24272296000.0,13474002000.0,1201320000.0,38472987000.0,25276439000.0,78424750000.0,1
2021-03-15,1076344.0,1079252.0,1053071.0,1069070.0,40028.0,34752995000.0,4867801000.0,39633720000.0,16898785000.0,14647636000.0,250114000.0,54009635000.0,27245916000.0,96153300000.0,1
2021-03-16,1090889.0,1090889.0,1066162.0,1066162.0,41364.0,18701988000.0,157765000.0,22829095000.0,2100203000.0,9412401000.0,125724000.0,14996104000.0,19254820000.0,43789050000.0,1
2021-03-17,1067616.0,1069070.0,1038526.0,1045799.0,52844.0,18753536000.0,217511000.0,20592624000.0,5951828000.0,9591797000.0,754180000.0,16716530000.0,18452992000.0,45515497000.0,1
2021-03-18,1060344.0,1066162.0,1050163.0,1050163.0,42774.0,4323135000.0,201508000.0,36885410000.0,15305823000.0,15738020000.0,270585000.0,15972247000.0,24735025000.0,56715880000.0,1
2021-03-19,1028344.0,1042889.0,1025436.0,1029798.0,47932.0,10674944000.0,142585000.0,20772477000.0,14782886000.0,9198680000.0,100740000.0,17681752000.0,19391720000.0,46372893000.0,1
2021-03-22,1039980.0,1044343.0,1026890.0,1039980.0,26505.0,5143121000.0,164910000.0,27718530000.0,17711565000.0,9754703000.0,604746000.0,12967516000.0,27411157000.0,50738123000.0,1
2021-03-23,1045799.0,1064708.0,1035618.0,1037072.0,41745.0,9877775000.0,513839000.0,13742703000.0,4035274000.0,6392710000.0,296947000.0,12916630000.0,8563305000.0,28169590000.0,1
2021-03-24,1025436.0,1042889.0,1025436.0,1041435.0,26106.0,11236199000.0,276884000.0,21659464000.0,11694715000.0,7494067000.0,78721000.0,19228228000.0,18066246000.0,44867260000.0,1
2021-03-25,1037072.0,1054525.0,1032708.0,1044343.0,27101.0,9792701000.0,763950000.0,10902787000.0,6255767000.0,10617656000.0,316352000.0,10535620000.0,6245577000.0,27715205000.0,1
2021-03-26,1047253.0,1069070.0,1044343.0,1054525.0,34993.0,9747290000.0,499561000.0,10632905000.0,8103812000.0,5632704000.0,29946000.0,15803736000.0,7517182000.0,28983568000.0,1
2021-03-29,1055981.0,1087979.0,1048707.0,1087979.0,55669.0,8886329000.0,453927000.0,14990585000.0,13497771000.0,10070181000.0,803817000.0,18885138000.0,8069476000.0,37828612000.0,1
2021-03-30,1092343.0,1093797.0,1077798.0,1086525.0,23302.0,10672580000.0,1742230000.0,24867020000.0,24100616000.0,9065258000.0,582854000.0,46835876000.0,4898461000.0,61382447000.0,1
2021-03-31,1089435.0,1105434.0,1082161.0,1087979.0,35318.0,7615972000.0,226894000.0,11561503000.0,6519323000.0,4809845000.0,17199000.0,16255363000.0,4841285000.0,25923693000.0,1
2021-04-01,1082161.0,1095253.0,1079252.0,1086525.0,38296.0,3803929000.0,145930000.0,18022871000.0,17527353000.0,9420111000.0,1922432000.0,21816406000.0,6341136000.0,39500083000.0,1
2021-04-02,1087979.0,1093797.0,1076344.0,1082161.0,31139.0,8899388000.0,337080000.0,15645695000.0,17691170000.0,7079177000.0,2262156000.0,16688213000.0,16543788000.0,42573332000.0,1
2021-04-05,1077798.0,1092343.0,1055981.0,1090889.0,48418.0,7410387000.0,282874000.0,17508415000.0,9336777000.0,9386675000.0,192566000.0,14332891000.0,10626321000.0,34538455000.0,1
2021-04-06,1085071.0,1098161.0,1080707.0,1096707.0,37062.0,7477452000.0,139813000.0,23041710000.0,22501407000.0,14054245000.0,158159000.0,23796760000.0,15151217000.0,53160382000.0,1
2021-04-07,1096707.0,1133069.0,1083616.0,1112706.0,69559.0,5848955000.0,339011000.0,14721330000.0,20457404000.0,7417971000.0,285213000.0,20763711000.0,12899805000.0,41366700000.0,1
2021-04-08,1105434.0,1119979.0,1101070.0,1109798.0,29403.0,18216680000.0,402533000.0,26700186000.0,34114580000.0,6836590000.0,1253990000.0,51807460000.0,19535938000.0,79433980000.0,1
2021-04-09,1109798.0,1122888.0,1102524.0,1119979.0,33857.0,8550111000.0,350433000.0,17710967000.0,6870318000.0,6540624000.0,492996000.0,16605596000.0,9842612000.0,33481828000.0,1
2021-04-12,1121433.0,1141797.0,1114162.0,1137433.0,51571.0,15324269000.0,290099000.0,13039010000.0,10023473000.0,8382724000.0,961676000.0,21967045000.0,7365406000.0,38676853000.0,1
2021-04-13,1140342.0,1144706.0,1128707.0,1140342.0,42287.0,15149147000.0,139069000.0,22189955000.0,22122424000.0,11359341000.0,1166792000.0,41895297000.0,5179167000.0,59600597000.0,1
2021-04-14,1140342.0,1160705.0,1140342.0,1149070.0,54639.0,11349153000.0,17198000.0,19144106000.0,18739235000.0,9342527000.0,4774222000.0,27521073000.0,7611868000.0,49249690000.0,1
2021-04-15,1149070.0,1185432.0,1137433.0,1172341.0,100490.0,20187484000.0,73234000.0,21704980000.0,22474856000.0,5274597000.0,4354946000.0,48241400000.0,6569609000.0,64440553000.0,1
2021-04-16,1185432.0,1213069.0,1157797.0,1208705.0,140163.0,36833366000.0,139394000.0,60662137000.0,22226473000.0,17922394000.0,1619755000.0,89345590000.0,10973628000.0,119861370000.0,1
2021-04-19,1217432.0,1261068.0,1195614.0,1207251.0,301466.0,50627555000.0,930497000.0,90772860000.0,27945853000.0,18489948000.0,3295783000.0,135497620000.0,12993407000.0,170276770000.0,1
2021-04-20,1214523.0,1234886.0,1207251.0,1217432.0,73033.0,153147300000.0,7511523000.0,174148700000.0,47579894000.0,17308312000.0,7763302000.0,319807320000.0,37508456000.0,382387420000.0,1
2021-04-21,1207251.0,1229068.0,1192706.0,1211613.0,83848.0,23979651000.0,4147051000.0,55468010000.0,7648610000.0,6567121000.0,1245143000.0,71762170000.0,11668882000.0,91243320000.0,1
2021-04-22,1194160.0,1202887.0,1169433.0,1170887.0,95719.0,25927082000.0,467420000.0,61803983000.0,15441653000.0,14844889000.0,1566388000.0,66842760000.0,20386101000.0,103640140000.0,1
2021-04-23,1170887.0,1186886.0,1156342.0,1181069.0,49343.0,17566580000.0,2440886000.0,86558060000.0,9393383000.0,16711840000.0,1776923000.0,66776007000.0,30694140000.0,115958910000.0,1
2021-04-26,1178160.0,1194160.0,1170887.0,1191250.0,43023.0,20238752000.0,330368000.0,31463830000.0,7338538000.0,10056039000.0,1769379000.0,41284830000.0,6261241000.0,59371487000.0,1
2021-04-27,1191250.0,1197069.0,1173797.0,1173797.0,35789.0,17087086000.0,23464000.0,28982210000.0,6047845000.0,7054077000.0,354814000.0,34635317000.0,10096396000.0,52140605000.0,1
2021-04-28,1169433.0,1179614.0,1150524.0,1150524.0,49674.0,6750691000.0,724459000.0,34013704000.0,1811872000.0,8994497000.0,317667000.0,22780041000.0,11208521000.0,43300725000.0,1
2021-04-29,1156342.0,1176705.0,1156342.0,1163615.0,45371.0,9018063000.0,616075000.0,37643080000.0,11596344000.0,22819539000.0,546196000.0,26007929000.0,9499898000.0,58873560000.0,1
2021-04-30,1156342.0,1185432.0,1154888.0,1169433.0,44181.0,29102074000.0,641221000.0,21748020000.0,2780197000.0,8699411000.0,378196000.0,31765727000.0,13428176000.0,54271510000.0,1
2021-05-03,1169433.0,1169433.0,1115616.0,1124343.0,71925.0,17743399000.0,152441000.0,23898262000.0,11264048000.0,8803633000.0,954196000.0,34261848000.0,9038473000.0,53058150000.0,1
2021-05-04,1115616.0,1122888.0,1083616.0,1111252.0,65405.0,8334982000.0,810450000.0,67065820000.0,7556691000.0,21329838000.0,1772018000.0,45641250000.0,15024837000.0,83767940000.0,1
2021-05-06,1105434.0,1147614.0,1093797.0,1138888.0,62410.0,14119640000.0,287220000.0,42204840000.0,16260259000.0,21492558000.0,141924000.0,31466592000.0,19770886000.0,72871960000.0,1
2021-05-07,1141797.0,1204341.0,1141797.0,1169433.0,129523.0,40189858000.0,24012000.0,25198545000.0,7004094000.0,14370402000.0,449040000.0,33481589000.0,24115479000.0,72416510000.0,1
2021-05-10,1172341.0,1198523.0,1169433.0,1186886.0,58661.0,45361766000.0,3656683000.0,74420920000.0,33594974000.0,13529233000.0,1022873000.0,109920600000.0,32561641000.0,157034350000.0,1
2021-05-11,1185432.0,1189796.0,1165069.0,1188342.0,60900.0,25856854000.0,805533000.0,33378646000.0,11212090000.0,7886660000.0,360525000.0,50160345000.0,12845595000.0,71253120000.0,1
2021-05-12,1218886.0,1256704.0,1202887.0,1245067.0,527470.0,22647170000.0,1349416000.0,37095470000.0,12506670000.0,14887125000.0,470104000.0,35741840000.0,22499654000.0,73598720000.0,1
2021-05-13,1227614.0,1316340.0,1226158.0,1259613.0,405314.0,189389060000.0,11068705000.0,400574120000.0,66147803000.0,27436728000.0,10557418000.0,563711000000.0,65474585000.0,667179700000.0,1
2021-05-14,1310522.0,1378884.0,1259613.0,1378884.0,678623.0,80297075000.0,8845185000.0,377893060000.0,62591214000.0,39451734000.0,9493596000.0,432845650000.0,47835560000.0,529626530000.0,1
2021-05-17,1352702.0,1355612.0,1271250.0,1271250.0,366876.0,44098650000.0,17041170000.0,753566000000.0,106399960000.0,43662250000.0,11919843000.0,785216100000.0,80307560000.0,921105800000.0,1
2021-05-18,1291613.0,1333793.0,1272704.0,1300340.0,268233.0,27389925000.0,19758946000.0,418265800000.0,22446494000.0,39256580000.0,5826266000.0,353497450000.0,89280880000.0,487861160000.0,1
2021-05-20,1303248.0,1309066.0,1262522.0,1295976.0,147936.0,27942830000.0,6139759000.0,297538030000.0,25864956000.0,38724542000.0,2711879000.0,285982650000.0,30066518000.0,357485580000.0,1
2021-05-21,1290157.0,1291613.0,1240704.0,1252341.0,150667.0,10183984000.0,834902000.0,154717600000.0,28665934000.0,25264912000.0,2404994000.0,141242520000.0,25490004000.0,194402420000.0,1
2021-05-24,1279976.0,1317794.0,1247977.0,1247977.0,340627.0,15889287000.0,2406959000.0,154520320000.0,22585367000.0,36993620000.0,915867000.0,130740680000.0,26751769000.0,195401940000.0,1
2021-05-25,1247977.0,1256704.0,1215977.0,1236341.0,138322.0,32684595000.0,8339092000.0,371780800000.0,31319157000.0,47955616000.0,8164663000.0,317608820000.0,70394544000.0,444123640000.0,1
2021-05-26,1236341.0,1243613.0,1210159.0,1214523.0,96254.0,39095816000.0,979310000.0,108851040000.0,25039034000.0,32560062000.0,1250477000.0,125126795000.0,15027869000.0,173965200000.0,1
2021-05-27,1198523.0,1210159.0,1172341.0,1188342.0,144700.0,17596887000.0,325920000.0,90574330000.0,11899085000.0,16874319000.0,3503476000.0,84900495000.0,15117927000.0,120396220000.0,1
2021-05-28,1188342.0,1213069.0,1188342.0,1202887.0,79610.0,19349174000.0,1008113000.0,105622820000.0,50166130000.0,21619984000.0,561536000.0,92597486000.0,61367230000.0,176146240000.0,1
2021-05-31,1204341.0,1230522.0,1202887.0,1229068.0,79985.0,25161920000.0,401216000.0,60685136000.0,11890072000.0,4204705000.0,727978000.0,73726460000.0,19479206000.0,98138340000.0,1
2021-06-01,1258159.0,1269794.0,1205795.0,1210159.0,139555.0,19192216000.0,593260000.0,60159610000.0,19843610000.0,14040834000.0,1238498000.0,64420168000.0,20089194000.0,99788690000.0,1
2021-06-02,1211613.0,1215977.0,1186886.0,1189796.0,85555.0,30194400000.0,738329000.0,132564074000.0,13202444000.0,27825914000.0,3526013000.0,107898160000.0,37449163000.0,176699240000.0,1
2021-06-03,1195614.0,1204341.0,1179614.0,1198523.0,59120.0,10222015000.0,1034499000.0,80960220000.0,12627021000.0,34326160000.0,1807755000.0,47166940000.0,21542898000.0,104843756000.0,1
2021-06-04,1191250.0,1224704.0,1189796.0,1221796.0,70046.0,10670450000.0,416928000.0,41898955000.0,19281578000.0,10099508000.0,198843000.0,47328006000.0,14641554000.0,72267910000.0,1
2021-06-07,1239250.0,1245067.0,1221796.0,1224704.0,62165.0,15910087000.0,83363000.0,34528820000.0,36213760000.0,16831980000.0,395965000.0,55416500000.0,14091589000.0,86736036000.0,1
2021-06-08,1279976.0,1281431.0,1239250.0,1243613.0,179650.0,18958598000.0,1009019000.0,53659130000.0,4701792000.0,6632727000.0,594148000.0,58470420000.0,12631248000.0,78328545000.0,1
2021-06-09,1246523.0,1252341.0,1213069.0,1213069.0,79000.0,49912963000.0,2886654000.0,123108250000.0,56621466000.0,20094120000.0,2093623000.0,180624850000.0,29716734000.0,232529330000.0,1
2021-06-10,1214523.0,1253795.0,1208705.0,1243613.0,90647.0,10727497000.0,1946512000.0,70894666000.0,15595138000.0,32286570000.0,1969640000.0,49540500000.0,15367097000.0,99163810000.0,1
2021-06-11,1250885.0,1250885.0,1229068.0,1229068.0,51067.0,53291287000.0,202312000.0,36086927000.0,25476266000.0,26203904000.0,667311000.0,77073600000.0,11111975000.0,115056790000.0,1
2021-06-14,1230522.0,1243613.0,1229068.0,1240704.0,40496.0,17916324000.0,369943000.0,37610885000.0,8811406000.0,15273454000.0,1579592000.0,27503890000.0,20351623000.0,64708560000.0,1
2021-06-15,1236341.0,1236341.0,1223250.0,1224704.0,34359.0,21609245000.0,221589000.0,21363216000.0,8007554000.0,7221369000.0,282240000.0,33864921000.0,9833074000.0,51201606000.0,1
2021-06-16,1220341.0,1220341.0,1210159.0,1211613.0,47426.0,5483782000.0,344103000.0,32751354000.0,4564824000.0,9174851000.0,457947000.0,19432165000.0,14079099000.0,43144060000.0,1
2021-06-17,1204341.0,1221796.0,1202887.0,1211613.0,36559.0,7966806000.0,125109000.0,43683060000.0,7128890000.0,11762715000.0,785503000.0,30834436000.0,15521214000.0,58903867000.0,1
2021-06-18,1208705.0,1221796.0,1207251.0,1215977.0,39840.0,9168263000.0,246471000.0,28307395000.0,7520426000.0,11320767000.0,96213000.0,22327822000.0,11497752000.0,45242552000.0,1
2021-06-21,1204341.0,1245067.0,1202887.0,1242159.0,53491.0,10888286000.0,161240000.0,18389754000.0,20135164000.0,5962313000.0,128622000.0,27510725000.0,15972783000.0,49574440000.0,1
2021-06-22,1236341.0,1237795.0,1221796.0,1230522.0,44464.0,22592266000.0,261658000.0,23155257000.0,20841695000.0,14064251000.0,30381000.0,39800766000.0,12955479000.0,66850877000.0,1
2021-06-23,1234886.0,1258159.0,1231978.0,1246523.0,83799.0,9887038000.0,1935569000.0,33132202000.0,11013809000.0,7076234000.0,7602000.0,26314484000.0,22570297000.0,55968616000.0,1
2021-06-24,1247977.0,1256704.0,1234886.0,1243613.0,47464.0,31843370000.0,557750000.0,41353413000.0,33239150000.0,12986629000.0,449591000.0,87394960000.0,6162504000.0,106993680000.0,1
2021-06-25,1243613.0,1252341.0,1227614.0,1234886.0,40680.0,12931403000.0,678006000.0,29201160000.0,17782313000.0,12583109000.0,324414000.0,31920656000.0,15764703000.0,60592880000.0,1
2021-06-28,1236341.0,1242159.0,1226158.0,1226158.0,32661.0,15283418000.0,471254000.0,24220643000.0,11801174000.0,10476899000.0,11099000.0,28990069000.0,12298424000.0,51776490000.0,1
2021-06-29,1224704.0,1243613.0,1220341.0,1230522.0,33923.0,3685635000.0,399756000.0,24127610000.0,12910908000.0,13049371000.0,444611000.0,18683260000.0,8946666000.0,41123910000.0,1
2021-06-30,1230522.0,1236341.0,1223250.0,1223250.0,34435.0,9823565000.0,425593000.0,20540160000.0,11959172000.0,11416611000.0,296150000.0,22054308000.0,8981422000.0,42748490000.0,1
2021-07-01,1229068.0,1250885.0,1218886.0,1243613.0,71684.0,9323150000.0,76852000.0,27176698000.0,6683834000.0,9055122000.0,286721000.0,15019314000.0,18899376000.0,43260535000.0,1
2021-07-02,1242159.0,1250885.0,1234886.0,1243613.0,29206.0,10321508000.0,532413000.0,40054923000.0,40191898000.0,9129472000.0,251642000.0,67023440000.0,14696187000.0,91100740000.0,1
2021-07-05,1246523.0,1274158.0,1236341.0,1261068.0,98350.0,11101780000.0,475962000.0,19020737000.0,6577065000.0,5507139000.0,152874000.0,20811344000.0,10704186000.0,37175540000.0,1
2021-07-06,1256704.0,1258159.0,1236341.0,1236341.0,47129.0,36594410000.0,1084495000.0,71691260000.0,17356532000.0,6943679000.0,1956482000.0,94072200000.0,23754336000.0,126726690000.0,1
2021-07-07,1236341.0,1249431.0,1229068.0,1229068.0,42454.0,8420863000.0,1610311000.0,47526650000.0,2474773000.0,8836431000.0,35916000.0,25922630000.0,25237623000.0,60032600000.0,1
2021-07-08,1237795.0,1263976.0,1236341.0,1255249.0,100511.0,3355430000.0,477726000.0,38582420000.0,11297315000.0,13007032000.0,200581000.0,25898426000.0,14606853000.0,53712890000.0,1
2021-07-09,1255249.0,1275613.0,1233432.0,1246523.0,74317.0,44984377000.0,2508916000.0,44934873000.0,36789744000.0,10159410000.0,1751215000.0,107639230000.0,9668065000.0,129217910000.0,1
2021-07-12,1256704.0,1265430.0,1246523.0,1265430.0,39131.0,22930655000.0,820867000.0,46780350000.0,24659522000.0,9051078000.0,1905038000.0,49737940000.0,34497335000.0,95191390000.0,1
2021-07-13,1265430.0,1266886.0,1247977.0,1258159.0,33794.0,23473031000.0,571922000.0,19685001000.0,6726912000.0,2742125000.0,1370734000.0,39373650000.0,6970357000.0,50456867000.0,1
2021-07-14,1259613.0,1262522.0,1249431.0,1256704.0,29979.0,12980976000.0,225461000.0,25807260000.0,4591400000.0,2970883000.0,418213000.0,29149374000.0,11066627000.0,43605100000.0,1
2021-07-15,1259613.0,1277068.0,1258159.0,1271250.0,55936.0,7401814000.0,523555000.0,24032195000.0,6514848000.0,8319941000.0,306247000.0,19470320000.0,10375903000.0,38472410000.0,1
2021-07-16,1275613.0,1314885.0,1271250.0,1307612.0,157116.0,17298221000.0,943976000.0,26240401000.0,28290757000.0,6669940000.0,774670000.0,60129202000.0,5199543000.0,72773350000.0,1
2021-07-19,1310522.0,1343974.0,1295976.0,1332339.0,123541.0,55000640000.0,2168592000.0,89006090000.0,63204930000.0,8353552000.0,7656787000.0,186423480000.0,6946431000.0,209380250000.0,1
2021-07-20,1329429.0,1355612.0,1309066.0,1327975.0,84656.0,42344985000.0,2251818000.0,92384430000.0,30946255000.0,15154853000.0,6585309000.0,131641260000.0,14546066000.0,167927480000.0,1
2021-07-21,1330885.0,1330885.0,1288703.0,1310522.0,83682.0,23022348000.0,1565737000.0,71440720000.0,19202058000.0,12255926000.0,9035804000.0,74881245000.0,19057887000.0,115230870000.0,1
2021-07-22,1306158.0,1322157.0,1284339.0,1285795.0,72188.0,21151283000.0,661412000.0,65516917000.0,24785285000.0,14436965000.0,1632589000.0,71199590000.0,24845756000.0,112114900000.0,1
2021-07-23,1279976.0,1309066.0,1272704.0,1298885.0,49425.0,14626929000.0,1328394000.0,64980533000.0,14706315000.0,11680089000.0,140736000.0,52559040000.0,31262302000.0,95642170000.0,1
2021-07-26,1306158.0,1338157.0,1294521.0,1300340.0,80221.0,19976483000.0,259040000.0,30129058000.0,15209191000.0,4819081000.0,437463000.0,47826436000.0,12490790000.0,65573770000.0,1
2021-07-27,1311976.0,1330885.0,1304702.0,1320703.0,80062.0,12882070000.0,635608000.0,59486020000.0,35207614000.0,10570137000.0,5455774000.0,70131155000.0,22054248000.0,108211310000.0,1
2021-07-28,1304702.0,1333793.0,1304702.0,1317794.0,105616.0,40280280000.0,1038753000.0,56003506000.0,11052078000.0,10830042000.0,1361455000.0,77638640000.0,18544478000.0,108374610000.0,1
2021-07-29,1326521.0,1338157.0,1313430.0,1325067.0,55311.0,24760769000.0,277159000.0,43248300000.0,74622886000.0,32420480000.0,1964438000.0,89125690000.0,19398504000.0,142909110000.0,1
2021-07-30,1327975.0,1327975.0,1293067.0,1294521.0,63573.0,10041975000.0,493134000.0,26599432000.0,37927092000.0,18180590000.0,1287463000.0,42520244000.0,13073335000.0,75061630000.0,1
2021-08-02,1306158.0,1330885.0,1301794.0,1327975.0,51663.0,18528678000.0,385814000.0,43414250000.0,22487005000.0,23390850000.0,803598000.0,29778379000.0,30842919000.0,84815740000.0,1
2021-08-03,1327975.0,1333793.0,1313430.0,1322157.0,41344.0,22000228000.0,286678000.0,29283582000.0,18208130000.0,5687665000.0,1343051000.0,53430200000.0,9317701000.0,69778620000.0,1
2021-08-04,1323611.0,1327975.0,1297431.0,1313430.0,54953.0,10737673000.0,57272000.0,28883570000.0,16253852000.0,14047894000.0,242961000.0,24356264000.0,17285250000.0,55932367000.0,1
2021-08-05,1320703.0,1364339.0,1319248.0,1326521.0,125254.0,24970162000.0,86894000.0,36772553000.0,12131487000.0,15518166000.0,771331000.0,27135844000.0,30535754000.0,73961095000.0,1
2021-08-06,1348338.0,1351248.0,1332339.0,1336703.0,61069.0,25736820000.0,493581000.0,98616934000.0,47324647000.0,17436586000.0,4509157000.0,130672730000.0,19553505000.0,172171980000.0,1
2021-08-09,1332339.0,1336703.0,1317794.0,1322157.0,42974.0,14183088000.0,194914000.0,50573185000.0,18796782000.0,11922508000.0,3100737000.0,53379944000.0,15344778000.0,83747960000.0,1
2021-08-10,1338157.0,1431246.0,1330885.0,1377429.0,351619.0,10718944000.0,615469000.0,43540500000.0,3428199000.0,17904603000.0,66582000.0,28333597000.0,11998332000.0,58303115000.0,1
2021-08-11,1391974.0,1425428.0,1371611.0,1418156.0,186287.0,59780940000.0,3616495000.0,306708600000.0,131286370000.0,32842725000.0,4558905000.0,414660100000.0,49330690000.0,501392400000.0,1
2021-08-12,1405065.0,1435610.0,1389066.0,1413793.0,102070.0,50976043000.0,1992964000.0,134948905000.0,80232780000.0,14504047000.0,2241467000.0,147599690000.0,103805490000.0,268150700000.0,1
2021-08-13,1422519.0,1439973.0,1405065.0,1429792.0,98972.0,35332250000.0,442631000.0,76298540000.0,35888267000.0,19717124000.0,588842000.0,99429680000.0,28226048000.0,147961700000.0,1
2021-08-17,1445791.0,1483609.0,1439973.0,1471974.0,216619.0,27604638000.0,1101843000.0,78051140000.0,37880467000.0,16173977000.0,5548970000.0,99989990000.0,22925152000.0,144638080000.0,1
2021-08-18,1479245.0,1522881.0,1431246.0,1444337.0,159440.0,39579490000.0,4150820000.0,203814750000.0,76707110000.0,22478692000.0,4638954000.0,256664540000.0,40469990000.0,324252170000.0,1
2021-08-19,1431246.0,1460336.0,1413793.0,1418156.0,97997.0,25829940000.0,2169540000.0,150306870000.0,59878093000.0,45162566000.0,2106387000.0,138214310000.0,52701170000.0,238184430000.0,1
2021-08-20,1426882.0,1460336.0,1419610.0,1434156.0,97535.0,18579853000.0,1635654000.0,91398640000.0,32232055000.0,31540670000.0,3933732000.0,95955616000.0,12416193000.0,143846210000.0,1
2021-08-23,1447247.0,1474882.0,1441428.0,1467610.0,88803.0,27034954000.0,1160326000.0,71837590000.0,43946950000.0,20898853000.0,460309000.0,96455090000.0,26165567000.0,143979820000.0,1
2021-08-24,1473428.0,1474882.0,1374521.0,1390520.0,214675.0,37353304000.0,3307380000.0,59428730000.0,32889905000.0,10750114000.0,1000018000.0,100155610000.0,21073576000.0,132979320000.0,1
2021-08-25,1400701.0,1412337.0,1359975.0,1400701.0,133592.0,26901447000.0,4729853000.0,235840130000.0,40386150000.0,59824260000.0,2695273000.0,145686560000.0,99651480000.0,307857600000.0,1
2021-08-26,1402155.0,1403611.0,1375975.0,1387610.0,67203.0,29051560000.0,2007895000.0,115241600000.0,43578237000.0,29573028000.0,3368744000.0,95306285000.0,61631230000.0,189879290000.0,1
2021-08-27,1377429.0,1387610.0,1371611.0,1377429.0,50548.0,20210805000.0,260394000.0,56936747000.0,18039126000.0,19874738000.0,3583447000.0,53805605000.0,18183279000.0,95447070000.0,1
2021-08-30,1384702.0,1387610.0,1354157.0,1377429.0,57327.0,23899927000.0,389223000.0,32347230000.0,14745838000.0,14527352000.0,272841000.0,35589067000.0,20992956000.0,71382220000.0,1
2021-08-31,1368701.0,1403611.0,1365793.0,1403611.0,86517.0,12905361000.0,336713000.0,48285774000.0,18880043000.0,19120095000.0,498287000.0,47250272000.0,13539233000.0,80407890000.0,1
2021-09-01,1405065.0,1409429.0,1390520.0,1399247.0,45417.0,14293785000.0,416213000.0,35045126000.0,73437140000.0,15549140000.0,2237643000.0,54321156000.0,51084333000.0,123192270000.0,1
2021-09-02,1399247.0,1399247.0,1378884.0,1378884.0,38275.0,12250697000.0,331499000.0,35201630000.0,17352909000.0,11943332000.0,230266000.0,32677186000.0,20285952000.0,65136734000.0,1
2021-09-03,1380338.0,1397792.0,1378884.0,1383247.0,35929.0,4661326000.0,170326000.0,35200290000.0,14220915000.0,16058768000.0,534118000.0,22169774000.0,15490198000.0,54252860000.0,1
2021-09-06,1384702.0,1394884.0,1377429.0,1387610.0,25849.0,8363716000.0,61885000.0,20254940000.0,22298855000.0,10979291000.0,123852000.0,24247552000.0,15628702000.0,50979398000.0,1
2021-09-07,1381792.0,1386156.0,1375975.0,1381792.0,25859.0,9896881000.0,66721000.0,13633743000.0,13095051000.0,5889686000.0,55283000.0,18555544000.0,12191884000.0,36692394000.0,1
2021-09-08,1374521.0,1381792.0,1352702.0,1354157.0,46319.0,7488134000.0,168674000.0,16578970000.0,12290326000.0,6866310000.0,170750000.0,17357068000.0,12131976000.0,36526105000.0,1
2021-09-09,1345430.0,1352702.0,1322157.0,1327975.0,69512.0,10207971000.0,502207000.0,37332330000.0,16588874000.0,12680066000.0,1032865000.0,34597454000.0,16320995000.0,64631380000.0,1
2021-09-10,1336703.0,1359975.0,1336703.0,1345430.0,40127.0,18788903000.0,3541838000.0,42996662000.0,29486238000.0,43038577000.0,1129254000.0,29925878000.0,20719933000.0,94813640000.0,1
2021-09-13,1338157.0,1351248.0,1320703.0,1327975.0,30720.0,9946029000.0,105152000.0,19938488000.0,25336273000.0,6687904000.0,140778000.0,23412347000.0,25084914000.0,55325940000.0,1
2021-09-14,1332339.0,1336703.0,1323611.0,1327975.0,37089.0,8007354000.0,84914000.0,29621045000.0,4188403000.0,13886710000.0,237853000.0,17963964000.0,9813188000.0,41901715000.0,1
2021-09-15,1336703.0,1367247.0,1330885.0,1361429.0,51549.0,11740557000.0,574693000.0,21366653000.0,16810695000.0,22929697000.0,1561651000.0,17753549000.0,8247701000.0,50492596000.0,1
2021-09-16,1361429.0,1370157.0,1332339.0,1332339.0,37508.0,8359129000.0,120429000.0,20838541000.0,42279936000.0,18697396000.0,129595000.0,36378812000.0,16392232000.0,71598040000.0,1
2021-09-17,1333793.0,1357066.0,1329429.0,1357066.0,47830.0,10877617000.0,990132000.0,26858965000.0,12735945000.0,19464684000.0,105788000.0,19192041000.0,12700147000.0,51462660000.0,1
2021-09-23,1336703.0,1365793.0,1336703.0,1338157.0,33597.0,15336688000.0,1075406000.0,13148055000.0,36373578000.0,22266194000.0,171022000.0,21555010000.0,21941502000.0,65933726000.0,1
2021-09-24,1339612.0,1346884.0,1330885.0,1341066.0,31484.0,6823211000.0,370028000.0,25241317000.0,13795997000.0,8587041000.0,350478000.0,20465460000.0,16827576000.0,46230553000.0,1
2021-09-27,1345430.0,1359975.0,1333793.0,1338157.0,34332.0,4752360000.0,1108300000.0,13764431000.0,23540370000.0,12158521000.0,94848000.0,18302464000.0,12609627000.0,43165463000.0,1
2021-09-28,1327975.0,1327975.0,1263976.0,1266886.0,120271.0,17529637000.0,72739000.0,19387011000.0,10279105000.0,11675250000.0,112885000.0,20844014000.0,14636344000.0,47268490000.0,1
2021-09-29,1242159.0,1277068.0,1234886.0,1271250.0,68613.0,7035888000.0,1791294000.0,132328190000.0,16824956000.0,57804390000.0,726516000.0,50840220000.0,48609206000.0,157980330000.0,1
2021-09-30,1261068.0,1282885.0,1259613.0,1271250.0,39754.0,19471491000.0,624428000.0,47781130000.0,19917408000.0,16725569000.0,885066000.0,43484530000.0,26699293000.0,87794460000.0,1
2021-10-01,1268340.0,1284339.0,1265430.0,1272704.0,35837.0,7041351000.0,272630000.0,27002454000.0,17391528000.0,9537993000.0,709162000.0,31611437000.0,9849368000.0,51707960000.0,1
2021-10-05,1234886.0,1249431.0,1173797.0,1181069.0,114699.0,11567066000.0,218458000.0,18052751000.0,16916631000.0,9045866000.0,433904000.0,29313686000.0,7961450000.0,46754906000.0,1
2021-10-06,1189796.0,1197069.0,1138888.0,1150524.0,93722.0,22287858000.0,861875000.0,89626110000.0,28169590000.0,44686352000.0,1027652000.0,47132578000.0,48098850000.0,140945420000.0,1
2021-10-07,1160705.0,1198523.0,1160705.0,1185432.0,53592.0,18489663000.0,1235165000.0,46888900000.0,44930777000.0,24047616000.0,1601315000.0,44395782000.0,41499787000.0,111544500000.0,1
2021-10-08,1204341.0,1207251.0,1181069.0,1207251.0,40629.0,19492536000.0,14511000.0,19467970000.0,25999837000.0,13189894000.0,72088000.0,33197197000.0,18515677000.0,64974856000.0,1
2021-10-12,1221796.0,1227614.0,1194160.0,1213069.0,55983.0,17093088000.0,80257000.0,18016977000.0,14641017000.0,10388975000.0,13231000.0,19489135000.0,19939998000.0,49831340000.0,1
2021-10-13,1213069.0,1223250.0,1205795.0,1205795.0,30166.0,18174814000.0,58767000.0,13885151000.0,37147656000.0,15014624000.0,156743000.0,22170305000.0,31924720000.0,69266390000.0,1
2021-10-14,1223250.0,1249431.0,1214523.0,1249431.0,40918.0,12731468000.0,97859000.0,13064788000.0,11582271000.0,10001242000.0,118310000.0,14001896000.0,13354939000.0,37476390000.0,1
2021-10-15,1256704.0,1266886.0,1243613.0,1263976.0,42361.0,21019972000.0,103147000.0,12722927000.0,17978814000.0,11239685000.0,250093000.0,28014186000.0,12320896000.0,51824860000.0,1
2021-10-18,1274158.0,1275613.0,1247977.0,1247977.0,30391.0,13341572000.0,120417000.0,11691983000.0,29438280000.0,9043614000.0,31155000.0,20377772000.0,25139710000.0,54592250000.0,1
2021-10-19,1265430.0,1266886.0,1249431.0,1262522.0,20288.0,5910565000.0,26685000.0,13563393000.0,19601210000.0,13584250000.0,230094000.0,12208579000.0,13078930000.0,39101854000.0,1
2021-10-20,1265430.0,1290157.0,1262522.0,1272704.0,28907.0,10591318000.0,18168000.0,5775728000.0,9799579000.0,4975469000.0,100532000.0,15274306000.0,5834486000.0,26184792000.0,1
2021-10-21,1272704.0,1275613.0,1252341.0,1262522.0,26130.0,6649276000.0,11427000.0,10528425000.0,20552550000.0,6499744000.0,201075000.0,17662456000.0,13378404000.0,37741680000.0,1
2021-10-22,1262522.0,1284339.0,1261068.0,1279976.0,28962.0,9393332000.0,62895000.0,7559300000.0,16790268000.0,8782629000.0,1014859000.0,10925649000.0,13082658000.0,33805795000.0,1
2021-10-25,1275613.0,1278522.0,1252341.0,1275613.0,26661.0,16275901000.0,1760000.0,9168724000.0,12358791000.0,5037981000.0,58725000.0,22650225000.0,10058246000.0,37805175000.0,1
2021-10-26,1277068.0,1293067.0,1265430.0,1278522.0,34319.0,8457333000.0,89251000.0,13968587000.0,12049964000.0,5440348000.0,108367000.0,12518397000.0,16498023000.0,34565136000.0,1
2021-10-27,1301794.0,1320703.0,1298885.0,1306158.0,58988.0,8878505000.0,150503000.0,20949404000.0,15008194000.0,7417652000.0,309372000.0,21874751000.0,15384831000.0,44986606000.0,1
2021-10-28,1320703.0,1320703.0,1288703.0,1288703.0,51214.0,20057900000.0,13490000.0,22440677000.0,36519703000.0,13743030000.0,762542000.0,45475443000.0,19050752000.0,79031760000.0,1
2021-10-29,1303248.0,1307612.0,1259613.0,1266886.0,37217.0,8565002000.0,215664000.0,21937383000.0,37591760000.0,12479656000.0,3600000.0,18469628000.0,37356930000.0,68309810000.0,1
2021-11-01,1275613.0,1284339.0,1265430.0,1271250.0,26489.0,5008510000.0,999185000.0,24461986000.0,18124966000.0,10431966000.0,54304000.0,17783120000.0,20325255000.0,48594645000.0,1
2021-11-02,1262522.0,1284339.0,1262522.0,1271250.0,24445.0,18337470000.0,4405000.0,5476812000.0,10787898000.0,3218158000.0,63270000.0,14932898000.0,16392259000.0,34606584000.0,1
2021-11-03,1274158.0,1279976.0,1253795.0,1271250.0,25472.0,14020289000.0,90531000.0,6033846000.0,11802984000.0,6901264000.0,139628000.0,12679310000.0,12227447000.0,31947650000.0,1
2021-11-04,1282885.0,1293067.0,1256704.0,1258159.0,30826.0,9204338000.0,24310000.0,11671495000.0,12115837000.0,13341820000.0,33052000.0,11787576000.0,7853532000.0,33015980000.0,1
2021-11-05,1258159.0,1269794.0,1236341.0,1256704.0,32895.0,13804331000.0,380961000.0,16934002000.0,9049420000.0,16954687000.0,27227000.0,13943559000.0,9243241000.0,40168714000.0,1
2021-11-08,1236341.0,1242159.0,1175251.0,1197069.0,65131.0,9880986000.0,42018000.0,15105648000.0,16971586000.0,19854950000.0,166858000.0,15777374000.0,6201056000.0,42000237000.0,1
2021-11-09,1194160.0,1215977.0,1192706.0,1201432.0,26300.0,9135978000.0,1189262000.0,54211367000.0,15070673000.0,30649444000.0,437643000.0,23835620000.0,24684573000.0,79607280000.0,1
2021-11-10,1194160.0,1215977.0,1183978.0,1192706.0,38335.0,10205849000.0,49433000.0,14854444000.0,7230279000.0,9633006000.0,205820000.0,13523482000.0,8977697000.0,32340005000.0,1
2021-11-11,1182524.0,1192706.0,1179614.0,1191250.0,26433.0,9161590000.0,677377000.0,12353180000.0,24852158000.0,10546675000.0,48168000.0,17373342000.0,19076120000.0,47044305000.0,1
2021-11-12,1192706.0,1227614.0,1192706.0,1211613.0,31176.0,14488844000.0,135364000.0,11522457000.0,5999880000.0,10743618000.0,26048000.0,9573534000.0,11803345000.0,32146545000.0,1
2021-11-15,1229068.0,1269794.0,1221796.0,1256704.0,51443.0,14008078000.0,167719000.0,11575715000.0,12906437000.0,5297179000.0,849359000.0,20556761000.0,11954649000.0,38657950000.0,1
2021-11-16,1259613.0,1272704.0,1237795.0,1268340.0,30708.0,18810018000.0,109298000.0,20058196000.0,27222340000.0,7821063000.0,484255000.0,36295737000.0,21598796000.0,66199850000.0,1
2021-11-17,1262522.0,1266886.0,1229068.0,1236341.0,33549.0,17378845000.0,146067000.0,10648860000.0,11585071000.0,6860829000.0,116483000.0,20710777000.0,12070754000.0,39758844000.0,1
2021-11-18,1229068.0,1237795.0,1213069.0,1223250.0,26442.0,4464625000.0,583195000.0,23092853000.0,14466020000.0,16214327000.0,132823000.0,10536789000.0,15722754000.0,42606694000.0,1
2021-11-19,1242159.0,1297431.0,1236341.0,1297431.0,74993.0,7720108000.0,110734000.0,10201534000.0,15157080000.0,5618698000.0,55663000.0,10206578000.0,17308516000.0,33189456000.0,1
2021-11-22,1285795.0,1303248.0,1269794.0,1274158.0,46616.0,35963437000.0,649176000.0,20222675000.0,41391886000.0,9547640000.0,740051000.0,70090600000.0,17848890000.0,98227175000.0,1
2021-11-23,1263976.0,1275613.0,1239250.0,1243613.0,40233.0,19812674000.0,708306000.0,23692670000.0,17027654000.0,17025723000.0,306293000.0,18198309000.0,25710980000.0,61241303000.0,1
2021-11-24,1237795.0,1258159.0,1231978.0,1234886.0,28068.0,5565462000.0,496758000.0,28250214000.0,17094784000.0,15380536000.0,182921000.0,9092754000.0,26751007000.0,51407217000.0,1
2021-11-25,1229068.0,1243613.0,1229068.0,1231978.0,16667.0,4351838000.0,617060000.0,16721961000.0,13925406000.0,14860387000.0,23196000.0,8533110000.0,12199572000.0,35616264000.0,1
2021-11-26,1227614.0,1285795.0,1224704.0,1265430.0,47916.0,6081841000.0,59298000.0,9254944000.0,5691342000.0,5618706000.0,211351000.0,9930754000.0,5326614000.0,21087425000.0,1
2021-11-29,1291613.0,1338157.0,1274158.0,1285795.0,76302.0,28449030000.0,155259000.0,20555397000.0,12544759000.0,7277816000.0,956562000.0,36350050000.0,17120017000.0,61704446000.0,1
2021-11-30,1290157.0,1316340.0,1285795.0,1293067.0,80173.0,43747574000.0,212447000.0,38786433000.0,18653073000.0,14067401000.0,1292075000.0,58871747000.0,27168303000.0,101399530000.0,1
2021-12-01,1294521.0,1330885.0,1288703.0,1295976.0,64062.0,16147986000.0,77524000.0,28200575000.0,62059970000.0,13416986000.0,671699000.0,40549460000.0,51847910000.0,106486055000.0,1
2021-12-02,1288703.0,1303248.0,1258159.0,1297431.0,40114.0,26809444000.0,116314000.0,27148845000.0,31971450000.0,15264628000.0,1125603000.0,49944110000.0,19711715000.0,86046060000.0,1
2021-12-03,1274158.0,1314885.0,1268340.0,1309066.0,39353.0,15089508000.0,4487004000.0,19649425000.0,13536187000.0,12844291000.0,183952000.0,24988662000.0,14745219000.0,52762124000.0,1
2021-12-06,1310522.0,1322157.0,1287249.0,1310522.0,31543.0,20237523000.0,2236713000.0,11767971000.0,18156806000.0,11467908000.0,162967000.0,26731264000.0,14036875000.0,52399014000.0,1
2021-12-07,1288703.0,1297431.0,1234886.0,1275613.0,62923.0,8100989000.0,44950000.0,20192039000.0,13848914000.0,10241234000.0,246703000.0,18605562000.0,13093392000.0,42186890000.0,1
2021-12-08,1284339.0,1338157.0,1282885.0,1329429.0,93557.0,12940376000.0,783923000.0,45368975000.0,22806649000.0,24359434000.0,257687000.0,28259002000.0,29023800000.0,81899920000.0,1
2021-12-09,1329429.0,1336703.0,1309066.0,1332339.0,64871.0,43176220000.0,1494689000.0,31095196000.0,50938774000.0,11129449000.0,1872521000.0,105964810000.0,7738099000.0,126704880000.0,1
2021-12-10,1319248.0,1332339.0,1310522.0,1310522.0,26541.0,53644464000.0,23614000.0,22152010000.0,12321964000.0,35008240000.0,238289000.0,33302362000.0,19593159000.0,88142050000.0,1
2021-12-13,1319248.0,1323611.0,1266886.0,1268340.0,52513.0,6807957000.0,100557000.0,21000829000.0,7877704000.0,12018696000.0,456460000.0,14588556000.0,8723334000.0,35787047000.0,1
2021-12-14,1288703.0,1301794.0,1268340.0,1294521.0,50302.0,8136782000.0,217431000.0,46266530000.0,14520259000.0,31877261000.0,59763000.0,22312112000.0,14891868000.0,69141004000.0,1
2021-12-15,1307612.0,1326521.0,1301794.0,1314885.0,53351.0,15123265000.0,272808000.0,29199043000.0,21853295000.0,10940816000.0,514906000.0,44047655000.0,10945033000.0,66448413000.0,1
2021-12-16,1333793.0,1394884.0,1333793.0,1393430.0,191648.0,18633193000.0,331119000.0,23282446000.0,29422520000.0,13317628000.0,415233000.0,38208373000.0,19728044000.0,71669280000.0,1
2021-12-17,1386156.0,1406519.0,1371611.0,1389066.0,94123.0,63530602000.0,1616795000.0,60242522000.0,144083440000.0,35477516000.0,6621913000.0,198685800000.0,28688110000.0,269473350000.0,1
2021-12-20,1397792.0,1399247.0,1352702.0,1359975.0,43551.0,28305630000.0,511182000.0,31774380000.0,73413520000.0,20484657000.0,508534000.0,60627788000.0,52383730000.0,134004710000.0,1
2021-12-21,1361429.0,1374521.0,1343974.0,1351248.0,32461.0,12470758000.0,37480000.0,36257825000.0,12200950000.0,10693476000.0,267953000.0,26617772000.0,23387812000.0,60967014000.0,1
2021-12-22,1330885.0,1345430.0,1306158.0,1310522.0,54011.0,16111153000.0,11138000.0,19303117000.0,9647777000.0,7277765000.0,147806000.0,22240460000.0,15407153000.0,45073187000.0,1
2021-12-23,1310522.0,1316340.0,1282885.0,1303248.0,45842.0,10927130000.0,1008226000.0,52601078000.0,8285090000.0,24167842000.0,752005000.0,33130476000.0,14771203000.0,72821520000.0,1
2021-12-24,1303248.0,1313430.0,1287249.0,1287249.0,33188.0,14894682000.0,1065526000.0,30440860000.0,14438866000.0,20806314000.0,1334426000.0,30760700000.0,7938496000.0,60839936000.0,1
2021-12-27,1287249.0,1304702.0,1287249.0,1288703.0,38400.0,12971503000.0,197165000.0,27609403000.0,3230245000.0,15247759000.0,637114000.0,21282662000.0,6840781000.0,44008317000.0,1
2021-12-28,1295976.0,1298885.0,1284339.0,1295976.0,60994.0,23912563000.0,167001000.0,16355506000.0,10557201000.0,7924645000.0,8931000.0,38022000000.0,5036693000.0,50992270000.0,1
2021-12-29,1307612.0,1316340.0,1285795.0,1294521.0,48053.0,40828970000.0,194139000.0,30754922000.0,8824337000.0,11316670000.0,4349992000.0,53070037000.0,11865663000.0,80602370000.0,1
2021-12-30,1394884.0,1394884.0,1303248.0,1313430.0,116176.0,3578682000.0,31030000.0,56071290000.0,4216547000.0,28452510000.0,903502000.0,19346493000.0,15195045000.0,63897550000.0,1
2022-01-03,1313430.0,1338157.0,1311976.0,1325067.0,30918.0,33279508000.0,3956557000.0,102237030000.0,19724521000.0,30947338000.0,159947000.0,78544700000.0,49545630000.0,159197610000.0,1
2022-01-04,1311976.0,1325067.0,1287249.0,1291613.0,47744.0,16640318000.0,4538000.0,13102343000.0,12172491000.0,9962547000.0,10034000.0,20187701000.0,11759407000.0,41919690000.0,1
2022-01-05,1281431.0,1282885.0,1240704.0,1252341.0,65014.0,5198751000.0,2966060000.0,46033478000.0,9183247000.0,21958777000.0,826203000.0,17507967000.0,23088589000.0,63381533000.0,1
2022-01-06,1252341.0,1259613.0,1214523.0,1218886.0,55078.0,10658811000.0,731921000.0,57607516000.0,14597864000.0,38588620000.0,292571000.0,18684443000.0,26030480000.0,83596120000.0,1
2022-01-07,1218886.0,1236341.0,1218886.0,1227614.0,48472.0,8247383000.0,994333000.0,46096500000.0,14180187000.0,33469694000.0,0.0,18266986000.0,17781721000.0,69518400000.0,1
2022-01-10,1240704.0,1240704.0,1213069.0,1215977.0,32801.0,22195650000.0,350390000.0,22708388000.0,15662683000.0,19120726000.0,53820000.0,10569504000.0,31173063000.0,60917113000.0,1
2022-01-11,1211613.0,1227614.0,1211613.0,1211613.0,27652.0,8467619000.0,531231000.0,23827866000.0,8170072000.0,18740378000.0,141322000.0,11443132000.0,10671956000.0,40996786000.0,1
2022-01-12,1224704.0,1253795.0,1218886.0,1246523.0,43855.0,8047851000.0,163167000.0,17579848000.0,8665302000.0,12171881000.0,21714000.0,8924760000.0,13337813000.0,34456166000.0,1
2022-01-13,1243613.0,1258159.0,1229068.0,1258159.0,41481.0,24138377000.0,475921000.0,13083817000.0,17979546000.0,11701537000.0,126239000.0,22261058000.0,21588826000.0,55677660000.0,1
2022-01-14,1249431.0,1253795.0,1226158.0,1236341.0,33053.0,25899837000.0,123629000.0,12919465000.0,13945274000.0,18548556000.0,187124000.0,14961007000.0,19191520000.0,52888207000.0,1
2022-01-17,1218886.0,1236341.0,1195614.0,1201432.0,47742.0,10490811000.0,360377000.0,22050367000.0,8963376000.0,13386831000.0,16952000.0,10506262000.0,17954888000.0,41864933000.0,1
2022-01-18,1201432.0,1208705.0,1170887.0,1172341.0,64246.0,10994057000.0,737836000.0,34832250000.0,12316078000.0,21885622000.0,352087000.0,14280726000.0,22361784000.0,58880220000.0,1
2022-01-19,1165069.0,1201432.0,1163615.0,1186886.0,32234.0,16111436000.0,3258024000.0,36095574000.0,22432342000.0,30943226000.0,17935000.0,12101464000.0,34834756000.0,77897376000.0,1
2022-01-20,1192706.0,1195614.0,1178160.0,1186886.0,25225.0,15619680000.0,134782000.0,12614869000.0,10761300000.0,12171534000.0,6545000.0,15167669000.0,11784883000.0,39130632000.0,1
2022-01-21,1179614.0,1207251.0,1178160.0,1189796.0,25712.0,9876031000.0,816100000.0,11382188000.0,8596877000.0,8803066000.0,4918000.0,7159229000.0,14703983000.0,30671196000.0,1
2022-01-24,1182524.0,1192706.0,1172341.0,1179614.0,27155.0,10814903000.0,146535000.0,12298533000.0,8174100000.0,10093868000.0,403700000.0,11971534000.0,8964969000.0,31434070000.0,1
2022-01-25,1182524.0,1185432.0,1134525.0,1134525.0,69716.0,18050703000.0,17784000.0,9137307000.0,5591711000.0,7108720000.0,655960000.0,12096885000.0,12935941000.0,32797506000.0,1
2022-01-26,1137433.0,1140342.0,1101070.0,1101070.0,65435.0,10823620000.0,1242804000.0,55916667000.0,13727792000.0,13197351000.0,170288000.0,21077197000.0,47266046000.0,81710880000.0,1
2022-01-27,1101070.0,1102524.0,1035618.0,1035618.0,111340.0,18697590000.0,604646000.0,38030037000.0,17576024000.0,17362870000.0,207252000.0,18923233000.0,38414946000.0,74908300000.0,1
2022-01-28,1016709.0,1090889.0,1007981.0,1074890.0,114212.0,14479668000.0,2350333000.0,70905100000.0,31965612000.0,52345115000.0,356871000.0,27892500000.0,39106232000.0,119700720000.0,1
2022-02-03,1090889.0,1141797.0,1083616.0,1122888.0,64476.0,34182543000.0,1082575000.0,40154410000.0,48862507000.0,23443941000.0,371661000.0,33373184000.0,67093250000.0,124282040000.0,1
2022-02-04,1106888.0,1134525.0,1105434.0,1118525.0,28011.0,19573154000.0,123223000.0,30197688000.0,24181539000.0,9446220000.0,732037000.0,27575874000.0,36321473000.0,74075600000.0,1
2022-02-07,1114162.0,1117070.0,1086525.0,1109798.0,31398.0,13501192000.0,136637000.0,13562061000.0,5104705000.0,5045853000.0,16958000.0,14701411000.0,12540373000.0,32304595000.0,1
2022-02-08,1134525.0,1221796.0,1122888.0,1163615.0,115248.0,6678773000.0,277908000.0,13248434000.0,15244238000.0,11059508000.0,553360000.0,10728944000.0,13107541000.0,35449352000.0,1
2022-02-09,1151978.0,1163615.0,1121433.0,1124343.0,49783.0,32036583000.0,249749000.0,37461828000.0,69290280000.0,36018184000.0,179381000.0,61254672000.0,41586196000.0,139038440000.0,1
2022-02-10,1125797.0,1135979.0,1121433.0,1128707.0,34480.0,7618243000.0,406023000.0,40525670000.0,9101838000.0,7783661000.0,775000.0,13808851000.0,36058490000.0,57651773000.0,1
2022-02-11,1108342.0,1108342.0,1083616.0,1096707.0,41426.0,10502791000.0,181149000.0,13957803000.0,15175602000.0,10798841000.0,0.0,9162799000.0,19855704000.0,39817343000.0,1
2022-02-14,1079252.0,1125797.0,1074890.0,1109798.0,40223.0,9343288000.0,4233481000.0,21391634000.0,11593671000.0,10151749000.0,250170000.0,11863002000.0,24297155000.0,46562075000.0,1
2022-02-15,1112706.0,1121433.0,1069070.0,1076344.0,38277.0,17250599000.0,44634000.0,9325109000.0,19006829000.0,7411177000.0,255367000.0,17405755000.0,20554870000.0,45627170000.0,1
2022-02-16,1092343.0,1114162.0,1085071.0,1101070.0,29795.0,9776547000.0,265281000.0,23428581000.0,9079677000.0,10121027000.0,45478000.0,10706986000.0,21676595000.0,42550088000.0,1
2022-02-17,1111252.0,1127251.0,1083616.0,1105434.0,34581.0,13234348000.0,6783000.0,9119054000.0,11240276000.0,6215605000.0,39554000.0,12545731000.0,14799571000.0,33600460000.0,1
2022-02-18,1085071.0,1103980.0,1083616.0,1101070.0,25633.0,13775397000.0,114523000.0,12895266000.0,12432035000.0,11566293000.0,333777000.0,12927736000.0,14389415000.0,39217220000.0,1
2022-02-21,1083616.0,1119979.0,1080707.0,1115616.0,22247.0,10973303000.0,139753000.0,11407939000.0,6167889000.0,9126689000.0,7561000.0,6701666000.0,12852968000.0,28688884000.0,1
2022-02-22,1099616.0,1131615.0,1098161.0,1127251.0,35517.0,9745796000.0,432358000.0,7420284000.0,7610086000.0,8139975000.0,375593000.0,14256451000.0,2436505000.0,25208525000.0,1
2022-02-23,1134525.0,1141797.0,1118525.0,1118525.0,24422.0,9480113000.0,173345000.0,11942533000.0,19118283000.0,10829178000.0,3667087000.0,17951980000.0,8266029000.0,40714273000.0,1
2022-02-24,1112706.0,1114162.0,1090889.0,1105434.0,27606.0,8612261000.0,536861000.0,12903762000.0,6076401000.0,6452267000.0,7770000.0,7812138000.0,13857110000.0,28129284000.0,1
2022-02-25,1105434.0,1122888.0,1102524.0,1118525.0,37930.0,7367320000.0,256761000.0,15176081000.0,8363429000.0,8895277000.0,26415000.0,12060279000.0,10181620000.0,31163590000.0,1
2022-02-28,1114110.0,1146488.0,1099393.0,1146488.0,42883.0,19103654000.0,489526000.0,16190337000.0,7456819000.0,19333564000.0,66611000.0,15023511000.0,8816649000.0,43240333000.0,1
2022-03-02,1161206.0,1168565.0,1121469.0,1130299.0,43347.0,10994601000.0,204378000.0,15171206000.0,22052624000.0,15100818000.0,140519000.0,18971600000.0,14209872000.0,48422810000.0,1
2022-03-03,1130299.0,1159734.0,1122941.0,1158262.0,30781.0,7747422000.0,286301000.0,22480980000.0,18727860000.0,9955374000.0,130409000.0,9403468000.0,29753311000.0,49242563000.0,1
2022-03-04,1159734.0,1168565.0,1133243.0,1140601.0,29042.0,11159387000.0,219048000.0,12644317000.0,11177229000.0,7377657000.0,57474000.0,18393430000.0,9371419000.0,35199980000.0,1
2022-03-07,1124412.0,1133243.0,1111167.0,1124412.0,26793.0,4537963000.0,137802000.0,18820508000.0,9719233000.0,7713177000.0,34379000.0,8747635000.0,16720314000.0,33215504000.0,1
2022-03-08,1118525.0,1143545.0,1108223.0,1131771.0,26279.0,4614416000.0,751016000.0,16903793000.0,7746003000.0,7442724000.0,2300000.0,11025980000.0,11544224000.0,30015228000.0,1
2022-03-10,1153847.0,1170036.0,1140601.0,1167093.0,57269.0,7375965000.0,14598000.0,6639049000.0,15675645000.0,7294685000.0,558178000.0,14423620000.0,7428774000.0,29705257000.0,1
2022-03-11,1155319.0,1175923.0,1147960.0,1158262.0,27080.0,27206570000.0,25743000.0,12971217000.0,26054765000.0,23444724000.0,264130000.0,20580750000.0,21968693000.0,66258297000.0,1
2022-03-14,1152375.0,1175923.0,1145017.0,1175923.0,35046.0,11291242000.0,379079000.0,11758841000.0,7909658000.0,13218454000.0,113569000.0,10304029000.0,7702769000.0,31338820000.0,1
2022-03-15,1177395.0,1199471.0,1167093.0,1193584.0,39585.0,14406804000.0,34939000.0,9845704000.0,16410594000.0,10411840000.0,57364000.0,22320640000.0,7908199000.0,40698040000.0,1
2022-03-16,1209773.0,1217132.0,1195056.0,1215660.0,36725.0,21495273000.0,127855000.0,8411153000.0,16993889000.0,7112285000.0,273680000.0,22795889000.0,16846318000.0,47028170000.0,1
2022-03-17,1227434.0,1236265.0,1196528.0,1199471.0,42855.0,14399056000.0,496318000.0,9373993000.0,20078911000.0,6082394000.0,1030696000.0,25783425000.0,11451764000.0,44348280000.0,1
2022-03-18,1200943.0,1221547.0,1200943.0,1218604.0,34806.0,11699632000.0,118165000.0,17687413000.0,22647648000.0,10440553000.0,318167000.0,20177826000.0,21216311000.0,52152857000.0,1
2022-03-21,1220076.0,1231850.0,1217132.0,1220076.0,33657.0,11762779000.0,23955000.0,8807050000.0,21734451000.0,9749723000.0,80356000.0,17307367000.0,15190789000.0,42328236000.0,1
2022-03-22,1221547.0,1231850.0,1199471.0,1230378.0,22834.0,7498072000.0,12432000.0,13805974000.0,19833328000.0,14372700000.0,226824000.0,14351932000.0,12198349000.0,41149805000.0,1
2022-03-23,1230378.0,1242152.0,1223019.0,1228906.0,27099.0,9437563000.0,186273000.0,6388392000.0,11932038000.0,6400242000.0,587652000.0,15016605000.0,5939767000.0,27944266000.0,1
2022-03-24,1221547.0,1228906.0,1198000.0,1212717.0,30957.0,13673976000.0,310887000.0,10058264000.0,9265799000.0,14023497000.0,404065000.0,12522558000.0,6358806000.0,33308926000.0,1
2022-03-25,1208302.0,1212717.0,1193584.0,1205358.0,29744.0,9161629000.0,131340000.0,13580338000.0,14560112000.0,19706448000.0,74880000.0,10493969000.0,7158122000.0,37433418000.0,1
2022-03-28,1192113.0,1212717.0,1192113.0,1211245.0,21573.0,12045157000.0,169412000.0,11407555000.0,12137615000.0,13498435000.0,160910000.0,10513969000.0,11586425000.0,35759740000.0,1
2022-03-29,1217132.0,1218604.0,1206830.0,1218604.0,22387.0,10906776000.0,79690000.0,6196554000.0,8790895000.0,8186402000.0,4890000.0,12100977000.0,5681646000.0,25973916000.0,1
2022-03-30,1224491.0,1248039.0,1220076.0,1242152.0,34071.0,13869963000.0,1648000.0,5743674000.0,7564163000.0,7220148000.0,1542843000.0,10760365000.0,7656091600.0,27179448000.0,1
2022-03-31,1230378.0,1236265.0,1215660.0,1217132.0,40223.0,15739359000.0,379026000.0,8930219000.0,17045732000.0,9740200000.0,57959000.0,22843930000.0,9452246000.0,42094340000.0,1
2022-04-01,1214189.0,1214189.0,1199471.0,1206830.0,30707.0,9796812000.0,30772000.0,22812080000.0,16560650000.0,11364206000.0,382272000.0,7445793000.0,30008046000.0,49200316000.0,1
2022-04-04,1192113.0,1205358.0,1181810.0,1200943.0,31659.0,8683139000.0,374836000.0,17137879000.0,10813990000.0,17293425000.0,1642000.0,6008961000.0,13705816000.0,37009842000.0,1
2022-04-05,1199471.0,1208302.0,1193584.0,1196528.0,26027.0,8723833000.0,291287000.0,11851832000.0,17011393000.0,16424599000.0,8951000.0,8904637000.0,12540157000.0,37878346000.0,1
2022-04-06,1190641.0,1211245.0,1187697.0,1196528.0,34747.0,10515431000.0,72376000.0,10445934000.0,10159267000.0,14489280000.0,112119000.0,9818904000.0,6772705000.0,31193008000.0,1
2022-04-07,1189169.0,1208302.0,1189169.0,1192113.0,32781.0,12424828000.0,847383000.0,10455968000.0,17829628000.0,21638076000.0,50447000.0,10346707000.0,9522576000.0,41557807000.0,1
2022-04-08,1195056.0,1202415.0,1177395.0,1190641.0,24484.0,15164764000.0,2436000.0,8799609000.0,15364384000.0,17118067000.0,11477000.0,12857765000.0,9343884000.0,39331193000.0,1
2022-04-11,1178867.0,1196528.0,1172980.0,1178867.0,21664.0,8879718000.0,57840000.0,12141918000.0,7975812000.0,9578474000.0,155283000.0,10169227000.0,9152304000.0,29055287000.0,1
2022-04-12,1170036.0,1183282.0,1150904.0,1162678.0,28759.0,9969653000.0,147177000.0,11328473000.0,4133138000.0,8590440000.0,40000000.0,7940724000.0,9007277000.0,25578440000.0,1
2022-04-13,1168565.0,1192113.0,1158262.0,1189169.0,30200.0,11015904000.0,459861000.0,15417460000.0,6518132000.0,13844841000.0,7155000.0,9211746000.0,10347615000.0,33411357000.0,1
2022-04-14,1190641.0,1239208.0,1186226.0,1234793.0,75688.0,17377997000.0,18417000.0,8403617000.0,9834528000.0,10822949000.0,27858000.0,14516285000.0,10267467000.0,35634560000.0,1
2022-04-15,1221547.0,1252454.0,1209773.0,1228906.0,39054.0,58952240000.0,105896000.0,8355836000.0,25291966000.0,29566843000.0,1147044000.0,46897873000.0,15094178000.0,92705940000.0,1
2022-04-18,1217132.0,1228906.0,1209773.0,1224491.0,19788.0,25474550000.0,60561000.0,15591640000.0,7081386000.0,15760165000.0,378139000.0,22464575000.0,9605257000.0,48208134000.0,1
2022-04-19,1225963.0,1228906.0,1212717.0,1214189.0,23196.0,13831646000.0,11549000.0,7096328000.0,3195753000.0,9382438000.0,130039000.0,8121036000.0,6501763000.0,24135277000.0,1
2022-04-20,1215660.0,1215660.0,1184754.0,1184754.0,30024.0,7491245000.0,72693000.0,8241173000.0,12438300000.0,6213778000.0,967845000.0,6562493000.0,14499295000.0,28243410000.0,1
2022-04-21,1196528.0,1198000.0,1186226.0,1186226.0,15951.0,6204878000.0,767725000.0,24224883000.0,4645507000.0,15914199000.0,0.0,6750913000.0,13177881000.0,35842994000.0,1
2022-04-22,1183282.0,1184754.0,1171508.0,1178867.0,25930.0,8031327000.0,9684000.0,7131407000.0,3818497000.0,4539695000.0,265859000.0,6654042000.0,7531319000.0,18990916000.0,1
2022-04-25,1164149.0,1177395.0,1164149.0,1167093.0,18630.0,5205139000.0,388461000.0,13693309000.0,11223223000.0,16289985000.0,174116000.0,5308546000.0,8737485000.0,30510131000.0,1
2022-04-26,1171508.0,1203886.0,1171508.0,1183282.0,38478.0,5659312000.0,218048000.0,9168140000.0,6748904000.0,5704231000.0,22204000.0,6947081000.0,9120888000.0,21794404000.0,1
2022-04-27,1167093.0,1198000.0,1164149.0,1192113.0,24038.0,17009119000.0,476486000.0,9173294000.0,19006298000.0,7423925000.0,98578000.0,16544871000.0,21597823000.0,45665200000.0,1
2022-04-28,1206830.0,1228906.0,1195056.0,1228906.0,67002.0,8857194000.0,362750000.0,8222084000.0,10895227000.0,7890055000.0,28061000.0,10073768000.0,10345372000.0,28337256000.0,1
2022-04-29,1217132.0,1234793.0,1217132.0,1233321.0,43705.0,22343750000.0,468667000.0,12243418000.0,46772457000.0,13006437000.0,223885000.0,49827950000.0,18770016000.0,81828290000.0,1
2022-05-02,1220076.0,1234793.0,1220076.0,1233321.0,18559.0,13572118000.0,112882000.0,6078094000.0,34038405000.0,14196981000.0,193822000.0,17964892000.0,21445802000.0,53801497000.0,1
2022-05-03,1234793.0,1242152.0,1223019.0,1224491.0,23531.0,11698592000.0,109774000.0,3958684000.0,7051839000.0,7649306000.0,520971000.0,9852169000.0,4796443000.0,22818890000.0,1
2022-05-04,1225963.0,1231850.0,1186226.0,1199471.0,29677.0,7681602000.0,223801000.0,6541791000.0,14549636000.0,9542431000.0,157195000.0,9377235000.0,9919969000.0,28996830000.0,1
2022-05-06,1183282.0,1190641.0,1168565.0,1168565.0,35501.0,5031660000.0,595321000.0,20706875000.0,9337175000.0,8137048000.0,391116000.0,8616963000.0,18525905000.0,35671030000.0,1
2022-05-09,1170036.0,1177395.0,1164149.0,1174452.0,24762.0,3537877000.0,780840000.0,27340556000.0,10120127000.0,6962078000.0,573124000.0,5769437000.0,28474761000.0,41779400000.0,1
2022-05-10,1178867.0,1189169.0,1165621.0,1174452.0,35784.0,6937883000.0,268045000.0,11776365000.0,10030326000.0,7096469000.0,232399000.0,8370702000.0,13313049000.0,29012620000.0,1
2022-05-11,1167093.0,1174452.0,1162678.0,1167093.0,20288.0,11304423000.0,169360000.0,13467930000.0,17055169000.0,14423790000.0,197976000.0,10634643000.0,16740472000.0,41996880000.0,1
2022-05-12,1162678.0,1177395.0,1149432.0,1159734.0,34567.0,4095647000.0,47649000.0,9292242000.0,10267745000.0,6567959000.0,0.0,6373606000.0,10761718000.0,23703284000.0,1
2022-05-13,1168565.0,1170036.0,1140601.0,1155319.0,42932.0,17179322000.0,214576000.0,12144951000.0,10676534000.0,14306825000.0,80099000.0,9546737000.0,16281722000.0,40215384000.0,1
2022-05-16,1161206.0,1162678.0,1133243.0,1133243.0,29718.0,10885046000.0,590805000.0,22657257000.0,15294846000.0,14160200000.0,324954000.0,8264208000.0,26678591000.0,49427956000.0,1
2022-05-17,1133243.0,1143545.0,1125884.0,1127356.0,28679.0,5116324000.0,467429000.0,19741125000.0,8629691000.0,12654649000.0,360194000.0,10695723000.0,10244003000.0,33954568000.0,1
2022-05-18,1131771.0,1167093.0,1130299.0,1167093.0,31640.0,7558198000.0,62202000.0,14536934000.0,10289609000.0,11972650000.0,392808000.0,6591854000.0,13489631000.0,32446943000.0,1
2022-05-19,1149432.0,1174452.0,1145017.0,1171508.0,28919.0,7110680000.0,41769000.0,7658036000.0,21630908000.0,7002033000.0,603451000.0,20737960000.0,8097949000.0,36441390000.0,1
2022-05-20,1175923.0,1193584.0,1170036.0,1189169.0,26412.0,9802567000.0,415264000.0,6579498000.0,16843231000.0,9912044000.0,43348000.0,12431082000.0,11254085000.0,33640560000.0,1
2022-05-23,1189169.0,1206830.0,1181810.0,1205358.0,23488.0,17273426000.0,0.0,3990567000.0,10079863000.0,2544037000.0,137007000.0,20981928000.0,7680884000.0,31343856000.0,1
2022-05-24,1192113.0,1206830.0,1183282.0,1189169.0,25768.0,7874055000.0,4866000.0,6331070000.0,13964573000.0,3589380000.0,560324000.0,19726890000.0,4297969000.0,28174563000.0,1
2022-05-25,1196528.0,1236265.0,1193584.0,1223019.0,63991.0,5927264000.0,0.0,6480613000.0,18324797000.0,11241545000.0,67444000.0,8881091000.0,10542595000.0,30732675000.0,1
2022-05-26,1215660.0,1240680.0,1215660.0,1236265.0,40057.0,25895449000.0,96479000.0,10676067000.0,41629336000.0,10119169000.0,690050000.0,58355410000.0,9132705000.0,78297330000.0,1
2022-05-27,1231850.0,1240680.0,1220076.0,1227434.0,22011.0,13489781000.0,24296000.0,6157432000.0,29740055000.0,9344312000.0,787115000.0,27029449000.0,12250689000.0,49411564000.0,1
2022-05-30,1228906.0,1242152.0,1221547.0,1240680.0,23281.0,8044212000.0,420909000.0,9822993000.0,8711059000.0,3131917000.0,51478000.0,9425089000.0,14390689000.0,26999173000.0,1
2022-05-31,1234793.0,1246567.0,1223019.0,1246567.0,52226.0,5894132000.0,55079000.0,4568284000.0,18270988000.0,2181299000.0,669290000.0,18793759000.0,7144135000.0,28788482000.0,1
2022-06-02,1231850.0,1248039.0,1227434.0,1240680.0,33569.0,6486407000.0,20980000.0,5385815000.0,53017410000.0,13428993000.0,1261073000.0,17156317000.0,33064233000.0,64910615000.0,1
2022-06-03,1242152.0,1256869.0,1239208.0,1253926.0,29488.0,5087849000.0,19401000.0,5886819000.0,30608112000.0,16349617000.0,1211444000.0,8086817000.0,15954302000.0,41602180000.0,1
2022-06-07,1243624.0,1245095.0,1203886.0,1209773.0,48474.0,9377225000.0,44253000.0,5538455000.0,21944904000.0,7617181000.0,687087000.0,19015107000.0,9585462000.0,36904837000.0,1
2022-06-08,1218604.0,1224491.0,1209773.0,1218604.0,27866.0,9966822000.0,36379000.0,24453351000.0,24491033000.0,18294750000.0,97472000.0,9948449000.0,30606916000.0,58947584000.0,1
2022-06-09,1200943.0,1206830.0,1183282.0,1193584.0,61334.0,8522182000.0,10797000.0,4840290000.0,20609548000.0,11822538000.0,17369000.0,7326445000.0,14816465000.0,33982816000.0,1
2022-06-10,1178867.0,1199471.0,1170036.0,1193584.0,38226.0,19217676000.0,173698000.0,21165724000.0,32535765000.0,23298015000.0,145603000.0,6724109000.0,42925134000.0,73092870000.0,1
2022-06-13,1162678.0,1168565.0,1149432.0,1156791.0,48234.0,10853210000.0,761809000.0,11936061000.0,21673790000.0,12640928000.0,133185000.0,10782781000.0,21667975000.0,45224870000.0,1
2022-06-14,1147960.0,1171508.0,1146488.0,1153847.0,41910.0,8094354000.0,798060000.0,26891178000.0,20078676000.0,13079917000.0,1627183000.0,11002837000.0,30152330000.0,55862268000.0,1
2022-06-15,1164149.0,1184754.0,1152375.0,1162678.0,41516.0,8681658000.0,455223000.0,14375042000.0,24877887000.0,13436114000.0,4698000.0,11204400000.0,23744598000.0,48389812000.0,1
2022-06-16,1184754.0,1198000.0,1178867.0,1187697.0,39879.0,8341641000.0,13510000.0,11887208000.0,28169726000.0,10369837000.0,2620904000.0,14744414000.0,20676930000.0,48412082000.0,1
2022-06-17,1170036.0,1224491.0,1170036.0,1224491.0,170168.0,10343952000.0,133545000.0,6694369000.0,30307981000.0,9919700000.0,1521210000.0,18373136000.0,17665800000.0,47479850000.0,1
2022-06-20,1214189.0,1215660.0,1187697.0,1209773.0,36421.0,17910491000.0,464629000.0,9260074000.0,179174240000.0,9945233000.0,1344359000.0,20832477000.0,174687350000.0,206809430000.0,1
2022-06-21,1221547.0,1221547.0,1199471.0,1208302.0,26265.0,13745066000.0,49771000.0,10766856000.0,19166427000.0,7588466000.0,828278000.0,15592484000.0,19718894000.0,43728120000.0,1
2022-06-22,1203886.0,1214189.0,1192113.0,1202415.0,46100.0,11287367000.0,120676000.0,5521721000.0,14828209000.0,10434326000.0,13149000.0,9088752000.0,12221747000.0,31757974000.0,1
2022-06-23,1199471.0,1220076.0,1195056.0,1206830.0,67059.0,10950121000.0,269652000.0,8588328000.0,35670560000.0,9520195000.0,171990000.0,15824413000.0,29962064000.0,55478660000.0,1
2022-06-24,1220076.0,1227434.0,1208302.0,1223019.0,66852.0,30855094000.0,16407000.0,9400653000.0,40889970000.0,8798998000.0,1708285000.0,24965315000.0,45689530000.0,81162125000.0,1
2022-06-27,1225963.0,1225963.0,1184754.0,1186226.0,49707.0,26965430000.0,0.0,6965518000.0,47623475000.0,13710199000.0,683244000.0,24211737000.0,42949247000.0,81554420000.0,1
2022-06-28,1190641.0,1199471.0,1178867.0,1199471.0,30245.0,5183358000.0,413413000.0,41495106000.0,12148654000.0,26940580000.0,64612000.0,11086017000.0,21149321000.0,59240530000.0,1
2022-06-29,1195056.0,1199471.0,1175923.0,1178867.0,31892.0,8488844000.0,4830000.0,7677859000.0,19869037000.0,11035601000.0,34114000.0,12341608000.0,12629247000.0,36040570000.0,1
2022-06-30,1181810.0,1186226.0,1162678.0,1162678.0,39398.0,3849903000.0,198053000.0,16036776000.0,17616690000.0,11264376000.0,48240000.0,8230223000.0,18158582000.0,37701420000.0,1
2022-07-01,1175923.0,1181810.0,1137658.0,1149432.0,70069.0,8315738000.0,245221000.0,16974812000.0,20658643000.0,14882671000.0,17515000.0,8589959000.0,22704270000.0,46194414000.0,1
2022-07-04,1150904.0,1168565.0,1140601.0,1164149.0,53716.0,12808305000.0,246292000.0,23673078000.0,43991730000.0,18362706000.0,169267000.0,11622468000.0,50564964000.0,80719405000.0,1
2022-07-05,1167093.0,1184754.0,1162678.0,1184754.0,34447.0,18284132000.0,417018000.0,8561602000.0,34804540000.0,7341528000.0,183193000.0,13559931000.0,40982643000.0,62067294000.0,1
2022-07-06,1170036.0,1192113.0,1168565.0,1177395.0,42737.0,11646559000.0,36770000.0,6268499000.0,22583335000.0,11212158000.0,136033000.0,12054972000.0,17131999000.0,40535163000.0,1
2022-07-07,1189169.0,1202415.0,1180339.0,1202415.0,37595.0,14138562000.0,47638000.0,8873449000.0,27408208000.0,15666720000.0,54465000.0,11083179000.0,23663493000.0,50467856000.0,1
2022-07-08,1200943.0,1206830.0,1192113.0,1205358.0,32954.0,14266838000.0,8975000.0,4999645000.0,25642541000.0,8223703000.0,189118000.0,21879108000.0,14626070000.0,44917998000.0,1
2022-07-11,1203886.0,1223019.0,1199471.0,1220076.0,42388.0,8380927000.0,417200000.0,6934029000.0,23903693000.0,11591358000.0,507051000.0,13357437000.0,14180003000.0,39635850000.0,1
2022-07-12,1220076.0,1227434.0,1199471.0,1227434.0,43916.0,25563320000.0,161475000.0,6949485000.0,18923938000.0,10243746000.0,302256000.0,26670060000.0,14382156000.0,51598217000.0,1
2022-07-13,1227434.0,1228906.0,1218604.0,1224491.0,29094.0,27010085000.0,94029000.0,6741210000.0,19649585000.0,8741779000.0,42017000.0,21244211000.0,23466902000.0,53494910000.0,1
2022-07-14,1211245.0,1220076.0,1196528.0,1214189.0,38930.0,18394837000.0,18324000.0,5070219000.0,12131133000.0,6375572000.0,50760000.0,11440178000.0,17748003000.0,35614510000.0,1
2022-07-15,1215660.0,1218604.0,1196528.0,1202415.0,26465.0,16021176000.0,97798000.0,10327968000.0,20713271000.0,21082175000.0,158630000.0,11446742000.0,14472665000.0,47160214000.0,1
2022-07-18,1196528.0,1202415.0,1181810.0,1192113.0,31262.0,7037185000.0,102489000.0,9293941000.0,15367347000.0,19587346000.0,67023000.0,5022757000.0,7123836000.0,31800961000.0,1
2022-07-19,1212717.0,1218604.0,1195056.0,1205358.0,31854.0,10755683000.0,186642000.0,17309104000.0,8944996000.0,13753275000.0,19393000.0,7958430000.0,15465327000.0,37196423000.0,1
2022-07-20,1211245.0,1217132.0,1202415.0,1211245.0,24158.0,11466628000.0,639573000.0,8166847000.0,18192845000.0,6514044000.0,27061000.0,13863762000.0,18061025000.0,38465892000.0,1
2022-07-21,1206830.0,1215660.0,1195056.0,1202415.0,24411.0,11199418000.0,0.0,5725422000.0,12349952000.0,9380330000.0,62579000.0,8834960000.0,10996922000.0,29274792000.0,1
2022-07-22,1200943.0,1221547.0,1199471.0,1220076.0,38094.0,6716804000.0,384008000.0,11551749000.0,10714803000.0,10635051000.0,29427000.0,5909582000.0,12793304000.0,29367364000.0,1
2022-07-25,1215660.0,1225963.0,1212717.0,1220076.0,26387.0,18398728000.0,824000.0,6326945000.0,21573335000.0,9856152000.0,608193000.0,20301644000.0,15533844000.0,46299832000.0,1
2022-07-26,1215660.0,1220076.0,1206830.0,1218604.0,19330.0,19585688000.0,32371000.0,5494700000.0,7105863000.0,6408908000.0,851929000.0,11440337000.0,13517448000.0,32218622000.0,1
2022-07-27,1220076.0,1246567.0,1218604.0,1237737.0,57365.0,9136187000.0,0.0,5872949000.0,8482599000.0,6587156000.0,176482000.0,5701706000.0,11026391000.0,23491736000.0,1
2022-07-28,1242152.0,1276002.0,1242152.0,1270115.0,73779.0,25215087000.0,17588000.0,13882306000.0,31764010000.0,14407937000.0,906374000.0,32032424000.0,23532255000.0,70878994000.0,1
2022-07-29,1277474.0,1287776.0,1268643.0,1273058.0,42230.0,37140200000.0,1889600000.0,23748446000.0,30670752000.0,8023194000.0,757731000.0,54949016000.0,29719060000.0,93449000000.0,1
2022-08-01,1261285.0,1293663.0,1259813.0,1292191.0,43144.0,15745918000.0,212870000.0,9999395000.0,28003914000.0,11533744000.0,73084000.0,22362006000.0,19993262000.0,53962097000.0,1
2022-08-02,1298078.0,1299550.0,1265700.0,1274530.0,39311.0,17699041000.0,190226000.0,11454114000.0,25943917000.0,20274370000.0,1511503000.0,21188727000.0,12312699000.0,55287300000.0,1
2022-08-03,1280417.0,1287776.0,1274530.0,1281889.0,27487.0,13334844000.0,1126031000.0,16152923000.0,19737088000.0,17184098000.0,283166000.0,12349329000.0,20534292000.0,50350887000.0,1
2022-08-04,1284832.0,1289248.0,1274530.0,1287776.0,29636.0,12156722000.0,108520000.0,6691448000.0,16242113000.0,11644755000.0,88632000.0,10229400000.0,13236016000.0,35198804000.0,1
2022-08-05,1289248.0,1323098.0,1289248.0,1317211.0,53436.0,13956438000.0,588646000.0,6641675000.0,16829232000.0,15429089000.0,463846000.0,9337482000.0,12785574000.0,38015990000.0,1
2022-08-08,1315739.0,1324570.0,1303965.0,1324570.0,33601.0,32346202000.0,73412000.0,13074532000.0,24759396000.0,7657119000.0,2049449000.0,44432224000.0,16114749000.0,70253540000.0,1
2022-08-09,1324570.0,1330457.0,1318683.0,1327513.0,26185.0,14422188000.0,391428000.0,10848456000.0,18606400000.0,11882819000.0,340469000.0,17742504000.0,14302681000.0,44268470000.0,1
2022-08-10,1330457.0,1339287.0,1295135.0,1312796.0,29800.0,11514716000.0,222661000.0,9552928000.0,13404518000.0,9966369000.0,1466587000.0,15271456000.0,7990411000.0,34694824000.0,1
2022-08-11,1320154.0,1331928.0,1320154.0,1330457.0,48824.0,6879159000.0,251199000.0,19106042000.0,12856056000.0,8732752000.0,106025000.0,17722864000.0,12530816000.0,39092457000.0,1
2022-08-12,1331928.0,1339287.0,1309852.0,1339287.0,26868.0,17582420000.0,13510000.0,7051053000.0,40059154000.0,10253789000.0,1257186000.0,17923370000.0,35271790000.0,64706140000.0,1
2022-08-16,1351061.0,1356948.0,1321626.0,1331928.0,25261.0,13971923000.0,134973000.0,9177045000.0,12485918000.0,3630310000.0,792266000.0,18661456000.0,12685827000.0,35769860000.0,1
2022-08-17,1334872.0,1337815.0,1280417.0,1281889.0,57851.0,8949532000.0,38459000.0,13957049000.0,10762384000.0,10164559000.0,306093000.0,11226687000.0,12010084000.0,33707424000.0,1
2022-08-18,1284832.0,1296606.0,1271587.0,1287776.0,28860.0,10336633000.0,584603000.0,47994778000.0,15867663000.0,34030391000.0,417659000.0,19700472000.0,20635156000.0,74783680000.0,1
2022-08-19,1290719.0,1293663.0,1276002.0,1277474.0,20235.0,8190052000.0,104162000.0,17568821000.0,11260416000.0,11138321000.0,33811000.0,14757926000.0,11193394000.0,37123453000.0,1
2022-08-22,1267171.0,1274530.0,1245095.0,1252454.0,35639.0,9386377000.0,66249000.0,10331149000.0,6166169000.0,12355509000.0,142955000.0,6804019000.0,6647461000.0,25949944000.0,1
2022-08-23,1248039.0,1249511.0,1218604.0,1220076.0,47209.0,9799660000.0,302847000.0,18440876000.0,16201831000.0,13787846000.0,249841000.0,13994213000.0,16713314000.0,44745216000.0,1
2022-08-24,1221547.0,1228906.0,1209773.0,1218604.0,33428.0,11005904000.0,868285000.0,32150358000.0,13944873000.0,13197939000.0,405078000.0,14514852000.0,29851550000.0,57969420000.0,1
2022-08-25,1230378.0,1243624.0,1220076.0,1243624.0,25565.0,12621916000.0,358415000.0,18129566000.0,9648874000.0,8600008000.0,53805000.0,6001371000.0,26103587000.0,40758770000.0,1
2022-08-26,1250982.0,1258341.0,1236265.0,1246567.0,25359.0,12310762000.0,141427000.0,9444411000.0,9697748000.0,5854800000.0,254290000.0,11138124000.0,14347135000.0,31594349000.0,1
2022-08-29,1208302.0,1227434.0,1208302.0,1220076.0,29901.0,14811320000.0,29733000.0,10368960000.0,6438444000.0,7355119000.0,446332000.0,9586841000.0,14260165000.0,31648457000.0,1
2022-08-30,1230378.0,1236265.0,1208302.0,1230378.0,31114.0,9234146000.0,200401000.0,14599655000.0,12455241000.0,14091907000.0,108746000.0,9290515000.0,12998275000.0,36489440000.0,1
2022-08-31,1218604.0,1236265.0,1214189.0,1228906.0,36865.0,8842807000.0,92360000.0,13910898000.0,15110077000.0,11072768000.0,44535000.0,8951953000.0,17886886000.0,37956140000.0,1
2022-09-01,1220076.0,1225963.0,1199471.0,1215660.0,35073.0,7077503000.0,2489000.0,10663237000.0,27511892000.0,8088067000.0,16560000.0,7128345000.0,30022148000.0,45255120000.0,1
2022-09-02,1215660.0,1246567.0,1211245.0,1233321.0,41153.0,7126567000.0,382646000.0,18054947000.0,16924427000.0,12931360000.0,160280000.0,8429866000.0,20967080000.0,42488586000.0,1
2022-09-05,1233321.0,1236265.0,1192113.0,1199471.0,43809.0,14812132000.0,93398000.0,12358890000.0,23530754000.0,6628120000.0,57063000.0,18213988000.0,25896004000.0,50795176000.0,1
2022-09-06,1199471.0,1209773.0,1196528.0,1200943.0,16882.0,7269129000.0,908795000.0,39943080000.0,4545707000.0,13171474000.0,40550000.0,11661124000.0,27793564000.0,52666712000.0,1
2022-09-07,1193584.0,1202415.0,1175923.0,1193584.0,45023.0,5722263000.0,131165000.0,8592858000.0,5866180000.0,3948124000.0,14733000.0,7349603000.0,9000006000.0,20312465000.0,1
2022-09-08,1206830.0,1214189.0,1190641.0,1192113.0,46219.0,15432802000.0,662408000.0,18965527000.0,18558278000.0,6926062000.0,287436000.0,17083494000.0,29322023000.0,53619016000.0,1
2022-09-13,1203886.0,1240680.0,1199471.0,1237737.0,54707.0,25593770000.0,53706000.0,13963944000.0,15662905000.0,15456724000.0,2452000.0,9818117000.0,29997031000.0,55274324000.0,1
2022-09-14,1200943.0,1230378.0,1192113.0,1218604.0,47381.0,34655683000.0,187567000.0,8434722000.0,23752034000.0,6355921000.0,288133000.0,35240874000.0,25145078000.0,67030008000.0,1
2022-09-15,1220076.0,1225963.0,1184754.0,1187697.0,45064.0,26965344000.0,108573000.0,17453314000.0,12982010000.0,13198589000.0,154620000.0,18022277000.0,26133754000.0,57509240000.0,1
2022-09-16,1178867.0,1186226.0,1177395.0,1180339.0,27146.0,7583674000.0,877504000.0,35983962000.0,9492647000.0,16626152000.0,74980000.0,14399186000.0,22837467000.0,53937787000.0,1
2022-09-19,1177395.0,1195056.0,1171508.0,1190641.0,26276.0,3611626000.0,187512000.0,15890716000.0,12328279000.0,8942244000.0,0.0,11013731000.0,12062158000.0,32018133000.0,1
2022-09-20,1200943.0,1200943.0,1177395.0,1177395.0,30344.0,12647082000.0,65743000.0,7506437000.0,10948257000.0,4446555000.0,479296000.0,11851207000.0,14390461000.0,31167519000.0,1
2022-09-21,1178867.0,1178867.0,1150904.0,1156791.0,38469.0,11557233000.0,264697000.0,9664293000.0,14461452000.0,4137881000.0,0.0,5777093000.0,26032701000.0,35947676000.0,1
2022-09-22,1147960.0,1164149.0,1136186.0,1155319.0,28627.0,6392361000.0,609234000.0,26754488000.0,10880859000.0,6232489000.0,11810000.0,8990491000.0,29402153000.0,44636942000.0,1
2022-09-23,1165621.0,1165621.0,1133243.0,1133243.0,30455.0,9267133000.0,183293000.0,12107471000.0,11425918000.0,9754372000.0,147880000.0,9234941000.0,13846622000.0,32983814000.0,1
2022-09-26,1121469.0,1133243.0,1112638.0,1115582.0,34895.0,9128192000.0,270352000.0,16416081000.0,8917158000.0,10219587000.0,78929000.0,8789096000.0,15644171000.0,34731782000.0,1
2022-09-27,1115582.0,1118525.0,1089090.0,1109695.0,35620.0,13965005000.0,302168000.0,10842965000.0,13943749000.0,9596279000.0,263779000.0,14164599000.0,15029230000.0,39053885000.0,1
2022-09-28,1099393.0,1133243.0,1096449.0,1128828.0,62954.0,14388631000.0,307076000.0,9715089000.0,14984495000.0,5479076000.0,100905000.0,11470137000.0,22345173000.0,39395290000.0,1
2022-09-29,1162678.0,1214189.0,1161206.0,1196528.0,122237.0,19715185000.0,26995000.0,8814180000.0,41810813000.0,18893918000.0,6138330000.0,17174850000.0,28160076000.0,70367175000.0,1
2022-09-30,1198000.0,1215660.0,1183282.0,1187697.0,51337.0,62632520000.0,197104000.0,26454720000.0,56768450000.0,22222916000.0,643527000.0,83182120000.0,40004235000.0,146052800000.0,1
2022-10-04,1202415.0,1205358.0,1177395.0,1193584.0,29435.0,19196190000.0,58606000.0,15239605000.0,26943384000.0,14433968000.0,266366000.0,18169790000.0,28567660000.0,61437784000.0,1
2022-10-05,1206830.0,1206830.0,1186226.0,1187697.0,26212.0,8857319000.0,0.0,7133981000.0,19157207000.0,7287162000.0,142337000.0,10030514000.0,17688494000.0,35148510000.0,1
2022-10-06,1198000.0,1202415.0,1186226.0,1195056.0,21047.0,12540022000.0,5680000.0,8124673000.0,10626252000.0,11532390000.0,18014000.0,7716759000.0,12029464000.0,31296627000.0,1
2022-10-07,1189169.0,1205358.0,1184754.0,1193584.0,35779.0,10453639000.0,30149000.0,5409267000.0,9253354000.0,5969748000.0,274631000.0,7456966000.0,11445065000.0,25146410000.0,1
2022-10-11,1192113.0,1199471.0,1170036.0,1180339.0,35587.0,10350738000.0,14608000.0,7051655000.0,25331878000.0,10544280000.0,75769000.0,9289093000.0,22839736000.0,42748880000.0,1
2022-10-12,1181810.0,1212717.0,1171508.0,1206830.0,38940.0,15181756000.0,25621000.0,11686374000.0,15099911000.0,17351186000.0,43223000.0,7740768000.0,16858484000.0,41993662000.0,1
2022-10-13,1202415.0,1208302.0,1186226.0,1187697.0,31847.0,20411492000.0,59956000.0,9196508000.0,17102643000.0,8095437000.0,468340000.0,22535422000.0,15671402000.0,46770600000.0,1
2022-10-14,1205358.0,1205358.0,1180339.0,1186226.0,39553.0,16116533000.0,7287000.0,8789556000.0,13081293000.0,9889732000.0,41387000.0,7289934000.0,20773616000.0,37994670000.0,1
2022-10-17,1186226.0,1227434.0,1181810.0,1221547.0,44504.0,11413171000.0,28243000.0,16623686000.0,18919190000.0,14642445000.0,114254000.0,6626295000.0,25601296000.0,46984290000.0,1
2022-10-18,1236265.0,1248039.0,1224491.0,1243624.0,44153.0,23534756000.0,15286000.0,6488173000.0,23651957000.0,6199042000.0,332584000.0,28850035000.0,18308512000.0,53690170000.0,1
2022-10-19,1243624.0,1265700.0,1237737.0,1246567.0,40490.0,17426768000.0,168036000.0,12920856000.0,24166382000.0,6210649000.0,1429813000.0,28582030000.0,18459550000.0,54682042000.0,1
2022-10-20,1236265.0,1236265.0,1212717.0,1228906.0,36182.0,24986268000.0,380789000.0,11883556000.0,13332994000.0,12775323000.0,1162121000.0,22775200000.0,13870962000.0,50583605000.0,1
2022-10-21,1239208.0,1249511.0,1237737.0,1246567.0,32485.0,8618482000.0,63542000.0,10276691000.0,25341913000.0,10819470000.0,76165000.0,7083341000.0,26321652000.0,44300630000.0,1
2022-10-24,1259813.0,1284832.0,1255398.0,1284832.0,63663.0,11085790000.0,196736000.0,4377914000.0,24776978000.0,6214305000.0,84492000.0,14126208000.0,20012413000.0,40437416000.0,1
2022-10-25,1292191.0,1317211.0,1277474.0,1301022.0,80253.0,27237280000.0,170035000.0,12006967000.0,41597526000.0,4198617000.0,1269266000.0,51362440000.0,24181484000.0,81011800000.0,1
2022-10-26,1302493.0,1323098.0,1289248.0,1318683.0,58642.0,32248095000.0,120219000.0,18307717000.0,53782900000.0,9687986000.0,1085507000.0,50162827000.0,43522610000.0,104458930000.0,1
2022-10-27,1326041.0,1331928.0,1273058.0,1284832.0,105965.0,14658912000.0,218142000.0,10419324000.0,51766563000.0,18224908000.0,1094100000.0,39118815000.0,18625116000.0,77062940000.0,1
2022-10-28,1287776.0,1303965.0,1283361.0,1289248.0,47307.0,24409303000.0,338906000.0,48355926000.0,64030904000.0,58142530000.0,276477000.0,36296876000.0,42419155000.0,137135040000.0,1
2022-10-31,1301022.0,1312796.0,1281889.0,1290719.0,27164.0,23046187000.0,45145000.0,10430690000.0,27585495000.0,19817196000.0,434210000.0,21190240000.0,19665873000.0,61107520000.0,1
2022-11-01,1303965.0,1305437.0,1286304.0,1298078.0,34208.0,10187419000.0,0.0,10576121000.0,14346591000.0,8217448000.0,1272761000.0,11822385000.0,13797537000.0,35110130000.0,1
2022-11-02,1289248.0,1293663.0,1276002.0,1284832.0,46940.0,9404120000.0,2647000.0,8617819000.0,26273585000.0,14286453000.0,89764000.0,11758111000.0,18163843000.0,44298170000.0,1
2022-11-03,1261285.0,1293663.0,1253926.0,1280417.0,33421.0,7693065000.0,67959000.0,10743449000.0,41695433000.0,22108246000.0,375827000.0,13828413000.0,23887420000.0,60199907000.0,1
2022-11-04,1283361.0,1289248.0,1273058.0,1281889.0,16776.0,11706704000.0,227612000.0,12889236000.0,17793931000.0,13996543000.0,28055000.0,11098109000.0,17494776000.0,42617483000.0,1
2022-11-07,1293663.0,1303965.0,1280417.0,1299550.0,31171.0,7416824000.0,26922000.0,6051653000.0,7973760000.0,4926615000.0,52972000.0,5548174000.0,10941398000.0,21469160000.0,1
2022-11-08,1308380.0,1333400.0,1302493.0,1324570.0,49988.0,12538868000.0,29886000.0,7798413000.0,19967013000.0,8866335000.0,166936000.0,16887589000.0,14413319000.0,40334180000.0,1
2022-11-09,1324570.0,1330457.0,1309852.0,1317211.0,43941.0,25813453000.0,600434000.0,16099543000.0,23359773000.0,9828970000.0,333544000.0,38352780000.0,17357906000.0,65873200000.0,1
2022-11-10,1321626.0,1337815.0,1321626.0,1334872.0,48776.0,13298036000.0,43016000.0,13424202000.0,31200014000.0,18298343000.0,203161000.0,20527536000.0,18936228000.0,57965270000.0,1
2022-11-11,1349589.0,1354004.0,1321626.0,1324570.0,48070.0,15340237000.0,128219000.0,7666663000.0,41791240000.0,18298237000.0,416288000.0,35004740000.0,11207093000.0,64926355000.0,1
2022-11-14,1323098.0,1345174.0,1323098.0,1326041.0,38368.0,14231545000.0,472493000.0,24077265000.0,25303867000.0,23550650000.0,299011000.0,21298430000.0,18937080000.0,64085170000.0,1
2022-11-15,1337815.0,1339287.0,1326041.0,1333400.0,26700.0,16972220000.0,13586000.0,8468974000.0,25608073000.0,14412179000.0,114036000.0,17954484000.0,18582153000.0,51062854000.0,1
2022-11-16,1333400.0,1334872.0,1286304.0,1295135.0,40044.0,14967433000.0,53562000.0,6054755000.0,14528212000.0,12156058000.0,138661000.0,14506666000.0,8802577000.0,35603964000.0,1
2022-11-17,1296606.0,1309852.0,1287776.0,1287776.0,22556.0,9243826000.0,116146000.0,27222840000.0,15454662000.0,19121080000.0,1385178000.0,11752278000.0,19778939000.0,52037472000.0,1
2022-11-18,1289248.0,1308380.0,1286304.0,1298078.0,29764.0,9631560000.0,11437000.0,7624003000.0,11991051000.0,9666500000.0,188083000.0,8571198000.0,10832270000.0,29258052000.0,1
2022-11-21,1318683.0,1318683.0,1298078.0,1306909.0,20480.0,13874524000.0,886000.0,4576446000.0,20260980000.0,7146554000.0,24794000.0,11562272000.0,19979217000.0,38712836000.0,1
2022-11-22,1305437.0,1320154.0,1301022.0,1306909.0,31675.0,10745650000.0,7982000.0,8014620000.0,8002356000.0,4333486000.0,39051000.0,8906949000.0,13491122000.0,26770608000.0,1
2022-11-23,1309852.0,1309852.0,1292191.0,1306909.0,21661.0,19724366000.0,11544000.0,7919392000.0,13894290000.0,6160091000.0,16937000.0,10166624000.0,25205940000.0,41549590000.0,1
2022-11-24,1312796.0,1323098.0,1306909.0,1318683.0,19318.0,4107051000.0,2655000.0,9957328000.0,14123865000.0,6965487000.0,0.0,6668378000.0,14557034000.0,28190898000.0,1
2022-11-25,1324570.0,1330457.0,1317211.0,1328985.0,21530.0,12831751000.0,35831000.0,3930956000.0,8680626000.0,5285324000.0,2692000.0,14096118000.0,6095030000.0,25479164000.0,1
2022-11-28,1326041.0,1328985.0,1298078.0,1302493.0,15937.0,5944061000.0,1797000.0,3262326000.0,19304250000.0,6187941000.0,550878000.0,14794406000.0,6979208000.0,28512432000.0,1
2022-11-29,1312796.0,1314267.0,1290719.0,1302493.0,18993.0,3361544000.0,217825000.0,11007413000.0,6282437000.0,9753293000.0,11567000.0,4781513000.0,6322846000.0,20869218000.0,1
2022-11-30,1296606.0,1317211.0,1290719.0,1305437.0,47148.0,10195202000.0,130989000.0,6589027000.0,7794388000.0,6162492000.0,885000.0,4063634000.0,14482595000.0,24709605000.0,1
2022-12-01,1314267.0,1321626.0,1290719.0,1301022.0,32788.0,10625635000.0,1768000.0,4678946000.0,46234710000.0,14291998000.0,26695000.0,7154765000.0,40067600000.0,61541060000.0,1
2022-12-02,1301022.0,1302493.0,1280417.0,1280417.0,25622.0,8266958000.0,393211000.0,15080410000.0,18915120000.0,13044303000.0,134798000.0,7917334000.0,21559263000.0,42655700000.0,1
2022-12-05,1280417.0,1281889.0,1224491.0,1225963.0,62521.0,2540216000.0,217355000.0,15741156000.0,14467866000.0,9053124000.0,21030000.0,7391661000.0,16500778000.0,32966593000.0,1
2022-12-06,1214189.0,1250982.0,1214189.0,1233321.0,34204.0,8851685000.0,1601527000.0,46909510000.0,20219746000.0,24456850000.0,386579000.0,11862734000.0,40876306000.0,77582470000.0,1
2022-12-07,1230378.0,1237737.0,1206830.0,1223019.0,28644.0,15805775000.0,403678000.0,9186340000.0,16858573000.0,16895400000.0,92807000.0,9829599000.0,15436560000.0,42254365000.0,1
2022-12-08,1218604.0,1228906.0,1200943.0,1217132.0,56998.0,8506505000.0,221190000.0,10452045000.0,15840307000.0,8147725000.0,19982000.0,5758101000.0,21094238000.0,35020046000.0,1
2022-12-09,1227434.0,1228906.0,1199471.0,1217132.0,32439.0,28944595000.0,266805000.0,16765551000.0,23143670000.0,30057690000.0,93817000.0,7879919000.0,31089195000.0,69120620000.0,1
2022-12-12,1217132.0,1220076.0,1192113.0,1199471.0,25257.0,16433838000.0,500445000.0,12273057000.0,10201188000.0,11823843000.0,115624000.0,8066937000.0,19402123000.0,39408530000.0,1
2022-12-13,1202415.0,1214189.0,1200943.0,1206830.0,18306.0,4418863000.0,744801000.0,14550784000.0,10604822000.0,16057044000.0,193599000.0,6488547000.0,7580080000.0,30319270000.0,1
2022-12-14,1214189.0,1243624.0,1211245.0,1231850.0,30898.0,6024911000.0,43483000.0,6887630000.0,9136550000.0,5464371000.0,4932000.0,6491101000.0,10132170000.0,22092575000.0,1
2022-12-15,1234793.0,1234793.0,1211245.0,1211245.0,17993.0,9384285000.0,112278000.0,10503021000.0,18033150000.0,3969496000.0,46400000.0,12886039000.0,21130800000.0,38032732000.0,1
2022-12-16,1196528.0,1231850.0,1193584.0,1228906.0,28060.0,3217625000.0,117608000.0,7981803000.0,10591000000.0,6762703000.0,12405000.0,6700261000.0,8432667000.0,21908036000.0,1
2022-12-19,1214189.0,1223019.0,1208302.0,1208302.0,14734.0,13344898000.0,77088000.0,5569798000.0,15272463000.0,7084934000.0,61674000.0,10017185000.0,17100454000.0,34264246000.0,1
2022-12-20,1206830.0,1211245.0,1186226.0,1206830.0,24398.0,8502195000.0,32940000.0,5792452000.0,3520804000.0,4873093000.0,8230000.0,3993065000.0,8974003000.0,17848392000.0,1
2022-12-21,1212717.0,1215660.0,1193584.0,1203886.0,14103.0,5623784000.0,326925000.0,10716912000.0,12602952000.0,11465310000.0,58593000.0,9128889000.0,8617781000.0,29270573000.0,1
2022-12-22,1205358.0,1215660.0,1203886.0,1212717.0,18063.0,7259968000.0,4086000.0,3951578000.0,5806395000.0,4156605000.0,0.0,7886993000.0,4978429000.0,17022027000.0,1
2022-12-23,1199471.0,1209773.0,1178867.0,1186226.0,30103.0,11899995000.0,29664000.0,3257909000.0,6704379000.0,8826566000.0,22275000.0,9136760000.0,3906346000.0,21891946000.0,1
2022-12-26,1189169.0,1214189.0,1189169.0,1209773.0,31056.0,8950127000.0,88567000.0,16346255000.0,10384401000.0,5761908000.0,88559000.0,25942897000.0,3975986000.0,35769350000.0,1
2022-12-27,1215660.0,1224491.0,1208302.0,1218604.0,35892.0,15550333000.0,106698000.0,7427775000.0,14321534000.0,3228886000.0,82391000.0,30327240000.0,3767822000.0,37406340000.0,1
2022-12-28,1208302.0,1231850.0,1208302.0,1221547.0,34229.0,28807360000.0,406224000.0,9997210000.0,4518386000.0,3215602000.0,3338782000.0,24549818000.0,12624978000.0,43729180000.0,1
2022-12-29,1209773.0,1223019.0,1206830.0,1208302.0,23902.0,16227584000.0,84860000.0,10580406000.0,15011012000.0,14058843000.0,14182000.0,12986525000.0,14844312000.0,41903860000.0,1
2023-01-02,1223019.0,1225963.0,1209773.0,1217132.0,22429.0,5586144000.0,165343000.0,14642546000.0,8600110000.0,10695003000.0,13210000.0,4397945000.0,13887985000.0,28994142000.0,1
2023-01-03,1214189.0,1217132.0,1175923.0,1181810.0,48527.0,14453812000.0,65383000.0,8297394000.0,4512814000.0,9859271000.0,1656000.0,7525109000.0,9943367000.0,27329403000.0,1
2023-01-04,1177395.0,1180339.0,1152375.0,1168565.0,49192.0,6037360000.0,1090656000.0,39994270000.0,10549052000.0,16673299000.0,491881000.0,10382987000.0,30123172000.0,57671340000.0,1
2023-01-05,1174452.0,1196528.0,1174452.0,1189169.0,34101.0,9927340000.0,367762000.0,34359050000.0,12651761000.0,22580683000.0,354353000.0,9278801000.0,25092078000.0,57305910000.0,1
2023-01-06,1175923.0,1203886.0,1174452.0,1189169.0,27959.0,11834749000.0,58930000.0,8199735000.0,20483607000.0,16851982000.0,62330000.0,16446084000.0,7216624000.0,40577020000.0,1
2023-01-09,1206830.0,1212717.0,1190641.0,1195056.0,32074.0,12270429000.0,15330000.0,9745963000.0,11238675000.0,14553446000.0,95514000.0,8910378000.0,9711059000.0,33270397000.0,1
2023-01-10,1200943.0,1205358.0,1175923.0,1175923.0,44591.0,16301742000.0,26118000.0,10846008000.0,11387842000.0,10805538000.0,91327000.0,10969813000.0,16695032000.0,38561710000.0,1
2023-01-11,1184754.0,1189169.0,1175923.0,1181810.0,45365.0,8860383000.0,77884000.0,34586796000.0,9214617000.0,27865730000.0,42596000.0,8350071000.0,16481285000.0,52739682000.0,1
2023-01-12,1189169.0,1202415.0,1186226.0,1193584.0,40959.0,17409970000.0,192525000.0,10797839000.0,25266084000.0,16087569000.0,0.0,11566554000.0,26012297000.0,53666420000.0,1
2023-01-13,1199471.0,1209773.0,1193584.0,1193584.0,42204.0,13490316000.0,850345000.0,8857696000.0,25763226000.0,11643506000.0,32640000.0,17033962000.0,20251474000.0,48961580000.0,1
2023-01-16,1193584.0,1199471.0,1186226.0,1187697.0,29119.0,10323668000.0,307610000.0,9576447000.0,30382428000.0,11593644000.0,4884000.0,10774853000.0,28216773000.0,50590155000.0,1
2023-01-17,1192113.0,1193584.0,1167093.0,1167093.0,53843.0,12740289000.0,110356000.0,9477443000.0,12400599000.0,13493934000.0,2040937000.0,8741926000.0,10451889000.0,34728686000.0,1
2023-01-18,1167093.0,1170036.0,1156791.0,1167093.0,32824.0,6997729000.0,408354000.0,47166177000.0,8566790000.0,28591130000.0,603071000.0,7565781000.0,26379070000.0,63139054000.0,1
2023-01-19,1167093.0,1180339.0,1161206.0,1178867.0,25865.0,6807542000.0,144390000.0,18249857000.0,13001614000.0,5255730000.0,19004000.0,6631688000.0,26296982000.0,38203404000.0,1
2023-01-20,1172980.0,1177395.0,1168565.0,1177395.0,23395.0,7861349000.0,209386000.0,6965737000.0,15364031000.0,9749800000.0,222874000.0,13656322000.0,6771507000.0,30400504000.0,1
2023-01-25,1177395.0,1183282.0,1172980.0,1174452.0,31237.0,4858781000.0,52531000.0,8812733000.0,13715075000.0,11661613000.0,88576000.0,4039302000.0,11649629000.0,27439120000.0,1
2023-01-26,1174452.0,1177395.0,1161206.0,1170036.0,58376.0,4627993000.0,253780000.0,16871123000.0,15006065000.0,5534401000.0,312249000.0,9644055000.0,21268257000.0,36758962000.0,1
2023-01-27,1168565.0,1193584.0,1164149.0,1190641.0,56642.0,8609600000.0,269100000.0,41302190000.0,17864650000.0,34071351000.0,1054610000.0,10329783000.0,22589796000.0,68045540000.0,1
2023-01-30,1206830.0,1221547.0,1177395.0,1181810.0,83342.0,17765313000.0,212255000.0,25343775000.0,23720522000.0,12585116000.0,152621000.0,41803035000.0,12501093000.0,67041866000.0,1
2023-01-31,1183282.0,1184754.0,1165621.0,1167093.0,64292.0,8006981000.0,1169710000.0,42776654000.0,47807807000.0,29081596000.0,54435000.0,33914860000.0,36710260000.0,99761150000.0,1
2023-02-01,1167093.0,1184754.0,1159734.0,1183282.0,51000.0,12395252000.0,372662000.0,30147277000.0,32431004000.0,7356217000.0,34322000.0,12002642000.0,55953015000.0,75346190000.0,1
2023-02-02,1186226.0,1202415.0,1186226.0,1195056.0,43873.0,15671970000.0,619368000.0,20565123000.0,23069140000.0,11122209000.0,116345000.0,23205851000.0,25481198000.0,59925602000.0,1
2023-02-03,1187697.0,1200943.0,1180339.0,1193584.0,32093.0,13997659000.0,122898000.0,11234493000.0,27099034000.0,10391394000.0,181831000.0,29925951000.0,11954907000.0,52454085000.0,1
2023-02-06,1190641.0,1203886.0,1181810.0,1187697.0,30975.0,15156052000.0,454735000.0,9829057000.0,12826519000.0,11512750000.0,218813000.0,15187004000.0,11347796000.0,38266364000.0,1
2023-02-07,1187697.0,1200943.0,1187697.0,1196528.0,30497.0,12530649000.0,36487000.0,11564715000.0,12808310000.0,10040017000.0,4865000.0,11171224000.0,15724055000.0,36940160000.0,1
2023-02-08,1196528.0,1211245.0,1193584.0,1200943.0,28439.0,10498983000.0,23483000.0,6521072000.0,19367582000.0,10105214000.0,75227000.0,10342388000.0,15888291000.0,36411120000.0,1
2023-02-09,1200943.0,1206830.0,1190641.0,1198000.0,28036.0,10502787000.0,2456000.0,10559731000.0,13148366000.0,6478950000.0,165740000.0,18801545000.0,8767105000.0,34213340000.0,1
2023-02-10,1190641.0,1193584.0,1180339.0,1189169.0,23447.0,10629759000.0,169241000.0,9513545000.0,13345153000.0,11590980000.0,278699000.0,13016087000.0,8771932000.0,33657698000.0,1
2023-02-13,1189169.0,1192113.0,1178867.0,1187697.0,21266.0,5188866000.0,425159000.0,12585424000.0,9625871000.0,11446477000.0,80600000.0,10095127000.0,6203116000.0,27825320000.0,1
2023-02-14,1189169.0,1193584.0,1180339.0,1184754.0,27940.0,6567902000.0,2416000.0,7490043000.0,11131471000.0,7912900000.0,176391000.0,7607025000.0,9495516000.0,25191832000.0,1
2023-02-15,1184754.0,1186226.0,1167093.0,1168565.0,48882.0,10032123000.0,315413000.0,14593836000.0,8140354000.0,13509741000.0,131656000.0,9404456000.0,10035873000.0,33081727000.0,1
2023-02-16,1172980.0,1192113.0,1170036.0,1190641.0,31871.0,5177987000.0,1952589000.0,33142548000.0,17048956000.0,24499415000.0,4785000.0,12329799000.0,20488081000.0,57322082000.0,1
2023-02-17,1181810.0,1184754.0,1172980.0,1175923.0,23235.0,15999762000.0,210680000.0,4868954000.0,16762231000.0,4854246000.0,205706000.0,25336970000.0,7444706000.0,37841625000.0,1
2023-02-20,1177395.0,1190641.0,1167093.0,1184754.0,22167.0,3780644000.0,105467000.0,14655662000.0,8804979000.0,6981528000.0,148734000.0,8974769000.0,11241721000.0,27346751000.0,1
2023-02-21,1178867.0,1184754.0,1172980.0,1177395.0,25337.0,9026143000.0,30465000.0,6673722000.0,10496684000.0,4426164000.0,255990000.0,17396767000.0,4148093000.0,26227014000.0,1
2023-02-22,1167093.0,1168565.0,1158262.0,1159734.0,34684.0,3894590000.0,116885000.0,17197533000.0,8606391000.0,12234288000.0,81586000.0,7104187000.0,10395338000.0,29815398000.0,1
2023-02-23,1162678.0,1168565.0,1155319.0,1161206.0,25766.0,2053886000.0,1420234000.0,31360733000.0,5448805000.0,15015245000.0,1578000.0,8466538000.0,16800297000.0,40283656000.0,1
2023-02-24,1161206.0,1162678.0,1149432.0,1152375.0,26612.0,7519782000.0,806486000.0,16789087000.0,4812350000.0,6416881000.0,729296000.0,6872792000.0,15908736000.0,29927705000.0,1
2023-02-27,1152375.0,1153847.0,1128828.0,1133243.0,36237.0,6100814000.0,1263284000.0,19878744000.0,3482836000.0,6860395000.0,127048000.0,10384163000.0,13354073000.0,30725680000.0,1
2023-02-28,1134714.0,1153847.0,1134714.0,1137658.0,35105.0,5438838000.0,1175620000.0,28545075000.0,5998824000.0,15601479000.0,169721000.0,11887870000.0,13499287000.0,41158357000.0,1
2023-03-02,1140601.0,1152375.0,1134714.0,1136186.0,38001.0,11386817000.0,692093000.0,10496284000.0,17480560000.0,6619838000.0,212710000.0,10771171000.0,22452036000.0,40055755000.0,1
2023-03-03,1143545.0,1164149.0,1142073.0,1159734.0,38427.0,4849275000.0,215162000.0,24143106000.0,14089037000.0,8891996000.0,129046000.0,10105973000.0,24169566000.0,43296580000.0,1
2023-03-06,1164149.0,1183282.0,1164149.0,1178867.0,49755.0,14486470000.0,268665000.0,9326626000.0,20298790000.0,7023040000.0,321709000.0,26223383000.0,10812420000.0,44380550000.0,1
2023-03-07,1178867.0,1183282.0,1165621.0,1168565.0,34200.0,12225426000.0,83798000.0,8675559000.0,37506170000.0,4873392000.0,157072000.0,30608957000.0,22851533000.0,58490954000.0,1
2023-03-08,1156791.0,1158262.0,1140601.0,1143545.0,47666.0,7456748000.0,165069000.0,16999031000.0,15512143000.0,8841002000.0,129531000.0,11651922000.0,19510536000.0,40132993000.0,1
2023-03-09,1150904.0,1150904.0,1134714.0,1134714.0,42066.0,5165567000.0,368747000.0,30711898000.0,18498314000.0,20211610000.0,159892000.0,8298326000.0,26074698000.0,54744527000.0,1
2023-03-10,1131771.0,1145017.0,1118525.0,1142073.0,43366.0,13239914000.0,136907000.0,16934665000.0,17602873000.0,15919916000.0,72154000.0,6320317000.0,25601972000.0,47914360000.0,1
2023-03-13,1143545.0,1146488.0,1128828.0,1145017.0,31867.0,8085925000.0,440494000.0,20236243000.0,20162595000.0,10640790000.0,111887000.0,12211739000.0,25960840000.0,48925254000.0,1
2023-03-14,1133243.0,1155319.0,1133243.0,1136186.0,47281.0,14394678000.0,42608000.0,8476237000.0,13429782000.0,3427131000.0,134068000.0,12866939000.0,19915166000.0,36343304000.0,1
2023-03-15,1142073.0,1149432.0,1136186.0,1145017.0,24726.0,22140037000.0,254009000.0,11746652000.0,19820900000.0,8425651000.0,224396000.0,14322629000.0,30988925000.0,53961600000.0,1
2023-03-16,1136186.0,1171508.0,1134714.0,1162678.0,40897.0,10725551000.0,66925000.0,6604176000.0,10894902000.0,4195141000.0,1532391000.0,11307122000.0,11256900000.0,28291553000.0,1
2023-03-17,1174452.0,1190641.0,1172980.0,1189169.0,61385.0,18715044000.0,674602000.0,12020506000.0,15977384000.0,10741134000.0,1054343000.0,27733793000.0,7858267000.0,47387537000.0,1
2023-03-20,1196528.0,1209773.0,1192113.0,1195056.0,36808.0,20588212000.0,270543000.0,15630200000.0,36164370000.0,9446751000.0,828240000.0,49347637000.0,13030697000.0,72653324000.0,1
2023-03-21,1198000.0,1202415.0,1184754.0,1190641.0,17435.0,16846614000.0,84924000.0,12390874000.0,14856705000.0,3837420000.0,1241478000.0,29037138000.0,10063082000.0,44179116000.0,1
2023-03-22,1192113.0,1199471.0,1184754.0,1192113.0,20362.0,10827637000.0,90460000.0,5313857000.0,4543978000.0,4070811000.0,92982000.0,10529153000.0,6082986000.0,20775932000.0,1
2023-03-23,1192113.0,1192113.0,1168565.0,1174452.0,28344.0,8569547000.0,33978000.0,6107606000.0,9546423000.0,5229853000.0,111095000.0,10711171000.0,8205435000.0,24257554000.0,1
2023-03-24,1170036.0,1184754.0,1165621.0,1172980.0,19290.0,9675820000.0,398950000.0,14640854000.0,8554196000.0,16057455000.0,121113000.0,8967407000.0,8123845000.0,33269820000.0,1
2023-03-27,1172980.0,1177395.0,1159734.0,1172980.0,32333.0,3354967000.0,17615000.0,7844663000.0,11431648000.0,9397668000.0,28754000.0,7450613000.0,5771858000.0,22648893000.0,1
2023-03-28,1177395.0,1181810.0,1165621.0,1172980.0,58896.0,6538001000.0,252101000.0,12634036000.0,18358827000.0,11155102000.0,258808000.0,10705026000.0,15664029000.0,37782966000.0,1
2023-03-29,1172980.0,1178867.0,1162678.0,1164149.0,41266.0,9941920000.0,92250000.0,10988696000.0,47952364000.0,9229950000.0,71575000.0,13306865000.0,46366843000.0,68975230000.0,1
2023-03-30,1161206.0,1161206.0,1149432.0,1150904.0,43962.0,9540249000.0,156285000.0,9848890000.0,28775453000.0,9146735000.0,104688000.0,9267150000.0,29802303000.0,48320877000.0,1
2023-03-31,1150904.0,1162678.0,1145017.0,1159734.0,40079.0,7589995000.0,402828000.0,26994477000.0,15727895000.0,20198410000.0,933221000.0,14212664000.0,15370900000.0,50715197000.0,1
2023-04-03,1161206.0,1167093.0,1143545.0,1145017.0,40499.0,9970050000.0,724770000.0,12873880000.0,22709197000.0,6442197000.0,171960000.0,14248886000.0,25414855000.0,46277900000.0,1
2023-04-04,1147960.0,1159734.0,1143545.0,1159734.0,30213.0,2976049000.0,214149000.0,26365344000.0,17122233000.0,21210223000.0,352335000.0,11062071000.0,14053145000.0,46677774000.0,1
2023-04-05,1159734.0,1170036.0,1149432.0,1159734.0,26098.0,7960278000.0,165424000.0,16171738000.0,10498866000.0,5974730000.0,1438897000.0,15305854000.0,12076825000.0,34796306000.0,1
2023-04-06,1162678.0,1212717.0,1162678.0,1184754.0,115043.0,6832416000.0,514912000.0,10612467000.0,12373671000.0,2993128000.0,33997000.0,13350230000.0,13956111000.0,30333467000.0,1
2023-04-07,1183282.0,1184754.0,1165621.0,1171508.0,41679.0,43775537000.0,469834000.0,43616137000.0,49539965000.0,13759558000.0,5113789000.0,92424210000.0,26103919000.0,137401475000.0,1
2023-04-10,1171508.0,1190641.0,1161206.0,1181810.0,41931.0,13027598000.0,459910000.0,25084041000.0,10310518000.0,11240438000.0,263985000.0,17346228000.0,20031416000.0,48882070000.0,1
2023-04-11,1186226.0,1205358.0,1183282.0,1195056.0,43345.0,11044974000.0,283440000.0,19308767000.0,18713750000.0,16186700000.0,976719000.0,26182840000.0,6004673000.0,49350930000.0,1
2023-04-12,1187697.0,1195056.0,1175923.0,1177395.0,74998.0,13902483000.0,114745000.0,13048814000.0,24759520000.0,8453431000.0,701628000.0,29797016000.0,12873488000.0,51825560000.0,1
2023-04-13,1177395.0,1199471.0,1175923.0,1199471.0,58265.0,9234435000.0,133434000.0,27159420000.0,51543610000.0,18921929000.0,186886000.0,15667682000.0,53294400000.0,88070900000.0,1
2023-04-14,1206830.0,1214189.0,1199471.0,1202415.0,54786.0,20334019000.0,175883000.0,13834163000.0,35144065000.0,15744521000.0,54389000.0,31654701000.0,22034518000.0,69488130000.0,1
2023-04-17,1202415.0,1203886.0,1186226.0,1195056.0,28437.0,20825770000.0,737064000.0,11893070000.0,32783841000.0,12386980000.0,2261379000.0,31069620000.0,20521767000.0,66239746000.0,1
2023-04-18,1187697.0,1187697.0,1162678.0,1167093.0,56640.0,7180617000.0,16167000.0,12516323000.0,14157758000.0,11377214000.0,25847000.0,12196521000.0,10271283000.0,33870864000.0,1
2023-04-19,1171508.0,1171508.0,1152375.0,1159734.0,42019.0,2699987000.0,458215000.0,54068780000.0,9120728000.0,23541166000.0,251917000.0,10364037000.0,32190590000.0,66347713000.0,1
2023-04-20,1159734.0,1162678.0,1149432.0,1155319.0,40958.0,6903085000.0,387579000.0,30250840000.0,11190794000.0,12806247000.0,24320000.0,12996374000.0,22905356000.0,48732300000.0,1
2023-04-21,1155319.0,1161206.0,1149432.0,1155319.0,23449.0,5126461000.0,689780000.0,29120735000.0,12337484000.0,14546652000.0,392135000.0,13738822000.0,18596852000.0,47274460000.0,1
2023-04-24,1164149.0,1177395.0,1155319.0,1172980.0,44265.0,6578089000.0,357520000.0,10532610000.0,9637530000.0,6873785000.0,9432000.0,8966138000.0,11256394000.0,27105750000.0,1
2023-04-25,1183282.0,1183282.0,1152375.0,1156791.0,44456.0,19121770000.0,128495000.0,17008270000.0,15513457000.0,6323812000.0,2833441000.0,20476377000.0,22138362000.0,51771994000.0,1
2023-04-26,1158262.0,1162678.0,1149432.0,1152375.0,33186.0,14840647000.0,1162330000.0,22088034000.0,13557019000.0,8538050000.0,50589000.0,12592678000.0,30466714000.0,51648033000.0,1
2023-04-27,1147960.0,1150904.0,1128828.0,1145017.0,46699.0,11104470000.0,241923000.0,16868822000.0,10066530000.0,8736814000.0,198185000.0,8878402000.0,20468345000.0,38281744000.0,1
2023-04-28,1140601.0,1158262.0,1140601.0,1149432.0,35029.0,7525716000.0,1571866000.0,29990152000.0,14142870000.0,15558890000.0,22436000.0,19871777000.0,17777502000.0,53230604000.0,1
2023-05-02,1118525.0,1146488.0,1112638.0,1128828.0,68649.0,4137185000.0,518359000.0,11693342000.0,23928480000.0,11895508000.0,28970000.0,12378628000.0,15974260000.0,40277365000.0,1
2023-05-03,1128828.0,1140601.0,1122941.0,1140601.0,35724.0,11525409000.0,788564000.0,45634978000.0,19506880000.0,45554856000.0,6436622000.0,13349770000.0,12114584000.0,77455835000.0,1
2023-05-04,1134714.0,1175923.0,1134714.0,1172980.0,98156.0,7428853000.0,1152653000.0,11730938000.0,20195852000.0,14933655000.0,4942333000.0,10893048000.0,9739260000.0,40508297000.0,1
2023-05-08,1175923.0,1183282.0,1158262.0,1159734.0,42004.0,30540024000.0,1029984000.0,11698077000.0,71207820000.0,28837444000.0,1313022000.0,48527917000.0,35797520000.0,114475900000.0,1
2023-05-09,1161206.0,1172980.0,1156791.0,1159734.0,29628.0,9249631000.0,302836000.0,23225072000.0,16160172000.0,14149758000.0,153492000.0,10361078000.0,24273383000.0,48937710000.0,1
2023-05-10,1162678.0,1164149.0,1143545.0,1147960.0,26571.0,10705016000.0,57649000.0,12203840000.0,11467009000.0,14390977000.0,286391000.0,9346677000.0,10409468000.0,34433510000.0,1
2023-05-11,1152375.0,1161206.0,1147960.0,1152375.0,27922.0,3200198000.0,201679000.0,18904543000.0,8288254000.0,9370104000.0,16425000.0,8752811000.0,12455334000.0,30594675000.0,1
2023-05-12,1152375.0,1155319.0,1140601.0,1149432.0,19663.0,14268361000.0,2358000.0,6208848000.0,11785638000.0,12152808000.0,3986212000.0,9100856000.0,7025329000.0,32265206000.0,1
2023-05-15,1142073.0,1162678.0,1142073.0,1161206.0,26996.0,3232177000.0,38883000.0,7369453000.0,11927661000.0,6780652000.0,7810000.0,5072082000.0,10707630000.0,22568174000.0,1
2023-05-16,1152375.0,1168565.0,1152375.0,1162678.0,16662.0,9814133000.0,889054000.0,3903556000.0,16566988000.0,6624151000.0,62756000.0,11745554000.0,12741270000.0,31173730000.0,1
2023-05-17,1152375.0,1162678.0,1152375.0,1158262.0,10108.0,2279631000.0,333387000.0,7155509000.0,9572430000.0,4919005000.0,8690000.0,7179476000.0,7233786000.0,19340958000.0,1
2023-05-18,1159734.0,1162678.0,1146488.0,1147960.0,25225.0,3205445000.0,79617000.0,4653099000.0,3784131000.0,3307995000.0,16549000.0,4913598000.0,3484150000.0,11722292000.0,1
2023-05-19,1143545.0,1150904.0,1142073.0,1146488.0,23258.0,4980993000.0,379146000.0,20511060000.0,3156489000.0,9493145000.0,39842000.0,5932194000.0,13562507000.0,29027688000.0,1
2023-05-22,1147960.0,1162678.0,1147960.0,1158262.0,26033.0,9459759000.0,681330000.0,10827753000.0,5703296000.0,8286566000.0,3118000.0,7572646000.0,10809808000.0,26672138000.0,1
2023-05-23,1162678.0,1165621.0,1159734.0,1165621.0,29174.0,7840523000.0,67550000.0,5562742000.0,16685120000.0,5542194000.0,555043000.0,17709992000.0,6348706000.0,30155936000.0,1
2023-05-24,1161206.0,1167093.0,1155319.0,1165621.0,22480.0,6990683000.0,6318000.0,5047792000.0,21882946000.0,7239870000.0,267057000.0,14531889000.0,11888923000.0,33927740000.0,1
2023-05-25,1159734.0,1165621.0,1146488.0,1146488.0,24416.0,4343246000.0,41667000.0,6497434000.0,15247962000.0,8791893000.0,1114535000.0,9912839000.0,6311042000.0,26130310000.0,1
2023-05-26,1145017.0,1150904.0,1137658.0,1143545.0,18194.0,4012508000.0,161523000.0,18659643000.0,5308525000.0,13252959000.0,783000.0,5362946000.0,9525511000.0,28142199000.0,1
2023-05-30,1146488.0,1150904.0,1140601.0,1145017.0,24816.0,3395828000.0,695701000.0,12598166000.0,4130641000.0,8444752000.0,1102439000.0,5002434000.0,6270710000.0,20820335000.0,1
2023-05-31,1143545.0,1158262.0,1142073.0,1153847.0,50164.0,5493217000.0,149255000.0,13713683000.0,9081378000.0,5772595000.0,789666000.0,6475320000.0,15399951000.0,28437533000.0,1
2023-06-01,1159734.0,1167093.0,1145017.0,1159734.0,36688.0,8520812000.0,14787000.0,6500969000.0,42797617000.0,7876882000.0,750201000.0,12772702000.0,36434400000.0,57834185000.0,1
2023-06-02,1171508.0,1171508.0,1152375.0,1155319.0,27381.0,7225874000.0,122538000.0,9993825000.0,25227502000.0,10623571000.0,102600000.0,17554784000.0,14288784000.0,42569740000.0,1
2023-06-05,1156791.0,1159734.0,1147960.0,1155319.0,22247.0,8986845000.0,244590000.0,13809682000.0,8678274000.0,8202622000.0,151111000.0,8995874000.0,14369784000.0,31719391000.0,1
2023-06-07,1167093.0,1168565.0,1152375.0,1156791.0,37371.0,8324375000.0,178257000.0,9079830000.0,8098242000.0,3931198000.0,785000.0,9260554000.0,12488167000.0,25680703000.0,1
2023-06-08,1164149.0,1165621.0,1150904.0,1155319.0,38593.0,19380820000.0,306475000.0,12362399000.0,11352942000.0,12564429000.0,408747000.0,14734682000.0,15694778000.0,43402637000.0,1
2023-06-09,1162678.0,1192113.0,1161206.0,1178867.0,106901.0,22343852000.0,416458000.0,14137171000.0,7665944000.0,15766210000.0,29757000.0,6720455000.0,22047003000.0,44563423000.0,1
2023-06-12,1181810.0,1183282.0,1167093.0,1170036.0,41227.0,24797215000.0,282490000.0,34255708000.0,66847347000.0,30305155000.0,429680000.0,66898690000.0,28549233000.0,126182760000.0,1
2023-06-13,1177395.0,1183282.0,1156791.0,1156791.0,42980.0,18707677000.0,385322000.0,14726426000.0,14689668000.0,11652453000.0,101228000.0,13146437000.0,23608975000.0,48509096000.0,1
2023-06-14,1159734.0,1161206.0,1152375.0,1153847.0,32192.0,11951766000.0,491050000.0,23781740000.0,13878796000.0,20601866000.0,214990000.0,12087820000.0,17198676000.0,50103353000.0,1
2023-06-15,1155319.0,1161206.0,1143545.0,1145017.0,33967.0,14145184000.0,165134000.0,14234511000.0,8669522000.0,11621320000.0,110120000.0,10132089000.0,15350822000.0,37214350000.0,1
2023-06-16,1147960.0,1152375.0,1136186.0,1140601.0,65777.0,9427721000.0,369707000.0,19789820000.0,9433126000.0,11591228000.0,0.0,6421785000.0,21007360000.0,39020370000.0,1
2023-06-19,1140601.0,1146488.0,1136186.0,1139130.0,26712.0,5617585000.0,1238913000.0,33581080000.0,34671970000.0,13276897000.0,84660000.0,7646159000.0,54101830000.0,75109550000.0,1
2023-06-20,1136186.0,1137658.0,1130299.0,1131771.0,37219.0,10682828000.0,64922000.0,15536433000.0,4136233000.0,12012778000.0,93599000.0,7195049000.0,11118990000.0,30420417000.0,1
2023-06-21,1128828.0,1130299.0,1112638.0,1114110.0,47646.0,4926885000.0,2422751000.0,29250280000.0,5538946000.0,9179104000.0,23809000.0,6957146000.0,25978802000.0,42138860000.0,1
2023-06-22,1112638.0,1121469.0,1108223.0,1112638.0,33554.0,3760652000.0,1427628000.0,42455822000.0,5698368000.0,21013617000.0,244830000.0,9623106000.0,22460918000.0,53342470000.0,1
2023-06-23,1118525.0,1121469.0,1097921.0,1099393.0,51532.0,11059312000.0,930071000.0,17766275000.0,7632981000.0,11465506000.0,0.0,8317683000.0,17605452000.0,37388640000.0,1
2023-06-26,1099393.0,1119997.0,1089090.0,1118525.0,29903.0,4600022000.0,1798987000.0,33337129000.0,17177058000.0,18644060000.0,20948000.0,11655017000.0,26593170000.0,56913195000.0,1
2023-06-27,1111167.0,1117054.0,1099393.0,1100864.0,30588.0,10070510000.0,116015000.0,11830463000.0,11204481000.0,3225903000.0,251869000.0,13766929000.0,15976767000.0,33221468000.0,1
2023-06-28,1106751.0,1108223.0,1092034.0,1092034.0,27837.0,9308872000.0,364556000.0,17863047000.0,6301655000.0,8085968000.0,248568000.0,8918802000.0,16584793000.0,33838131000.0,1
2023-06-29,1090562.0,1111167.0,1090562.0,1100864.0,29168.0,5352111000.0,1560542000.0,18627303000.0,4985725000.0,6570206000.0,446690000.0,8664402000.0,14844383000.0,30525682000.0,1
2023-06-30,1100864.0,1108223.0,1090562.0,1094977.0,30633.0,9695019000.0,54620000.0,6897297000.0,15522362000.0,7202976000.0,389620000.0,10114034000.0,14462668000.0,32169298000.0,1
2023-07-03,1096449.0,1100864.0,1090562.0,1093506.0,42696.0,5798003000.0,198447000.0,11208310000.0,16420261000.0,9906036000.0,20856000.0,6472666000.0,17225464000.0,33625020000.0,1
2023-07-04,1103808.0,1109695.0,1096449.0,1097921.0,46592.0,16194612000.0,992201000.0,26110097000.0,3400200000.0,16399548000.0,9672000.0,7156718000.0,23131173000.0,46697110000.0,1
2023-07-05,1111167.0,1130299.0,1109695.0,1111167.0,54673.0,12455007000.0,6167848000.0,21169635000.0,11587867000.0,9504889000.0,180536000.0,17454504000.0,24240427000.0,51380355000.0,1
2023-07-06,1111167.0,1112638.0,1093506.0,1102336.0,33502.0,12019533000.0,1054051000.0,28177502000.0,19910040000.0,15177354000.0,59697000.0,25990690000.0,19933387000.0,61161128000.0,1
2023-07-07,1096449.0,1102336.0,1052297.0,1058184.0,85016.0,15231012000.0,323031000.0,11003087000.0,10350845000.0,12669131000.0,11960000.0,8975581000.0,15251303000.0,36907975000.0,1
2023-07-10,1058184.0,1062599.0,1034636.0,1041995.0,56246.0,5137228000.0,1747348000.0,72256680000.0,11941798000.0,32404089000.0,13873000.0,19158039000.0,39507060000.0,91083055000.0,1
2023-07-11,1050825.0,1080260.0,1049353.0,1064071.0,43664.0,4991391000.0,788492000.0,35528364000.0,17665845000.0,14737474000.0,165296000.0,17253286000.0,26818038000.0,58974093000.0,1
2023-07-12,1062599.0,1075845.0,1047882.0,1074373.0,50129.0,12156714000.0,151864000.0,17999900000.0,16294240000.0,6298926000.0,1038007000.0,20916249000.0,18349537000.0,46602720000.0,1
2023-07-13,1086147.0,1103808.0,1083203.0,1100864.0,60871.0,7937801000.0,3266215000.0,19249625000.0,22777907000.0,16168537000.0,67035000.0,15998025000.0,20997954000.0,53231550000.0,1
2023-07-14,1105280.0,1105280.0,1087619.0,1094977.0,43817.0,23041896000.0,86743000.0,14722341000.0,28970246000.0,14941767000.0,1265844000.0,32445112000.0,18168502000.0,66821226000.0,1
2023-07-17,1094977.0,1094977.0,1080260.0,1083203.0,30133.0,19613950000.0,894457000.0,17038974000.0,10364010000.0,14658595000.0,1216139000.0,12583479000.0,19453178000.0,47911390000.0,1
2023-07-18,1080260.0,1087619.0,1068486.0,1077316.0,27901.0,5914543000.0,177798000.0,16286770000.0,10291565000.0,8797258000.0,1863116000.0,7488317000.0,14521985000.0,32670677000.0,1
2023-07-19,1077316.0,1096449.0,1077316.0,1090562.0,32313.0,8837701000.0,268718000.0,12677330000.0,8224957000.0,5477272000.0,1302007000.0,11856483000.0,11372944000.0,30008705000.0,1
2023-07-20,1087619.0,1093506.0,1074373.0,1084675.0,27358.0,10766704000.0,180368000.0,10522835000.0,13747112000.0,5776711000.0,313749000.0,17992788000.0,11133772000.0,35217020000.0,1
2023-07-21,1075845.0,1118525.0,1075845.0,1100864.0,69287.0,9575316000.0,107891000.0,11818043000.0,8200352000.0,8126238000.0,1228237000.0,8177363000.0,12169764000.0,29701601000.0,1
2023-07-24,1100864.0,1102336.0,1084675.0,1092034.0,39335.0,23191011000.0,845987000.0,18635563000.0,33715230000.0,4641353000.0,173225000.0,39286120000.0,32287097000.0,76387795000.0,1
2023-07-25,1086147.0,1099393.0,1080260.0,1081732.0,33562.0,8670684000.0,603467000.0,16703799000.0,16912237000.0,7468114000.0,137513000.0,15385446000.0,19899113000.0,42890187000.0,1
2023-07-26,1077316.0,1086147.0,1052297.0,1069958.0,69154.0,6979162000.0,224624000.0,18702991000.0,10575938000.0,5992825000.0,183595000.0,14130637000.0,16175659000.0,36482716000.0,1
2023-07-27,1094977.0,1167093.0,1087619.0,1164149.0,209846.0,16131239000.0,1282988000.0,33527011000.0,22711722000.0,14371697000.0,838791000.0,31197032000.0,27245440000.0,73652960000.0,1
2023-07-28,1164149.0,1164149.0,1139130.0,1153847.0,64176.0,72242315000.0,852943000.0,68690810000.0,98063270000.0,17781190000.0,3535743000.0,190825020000.0,27707392000.0,239849340000.0,1
2023-07-31,1155319.0,1156791.0,1119997.0,1127356.0,64870.0,9561924000.0,78090000.0,20574183000.0,43849486000.0,10058095000.0,7775102000.0,32684384000.0,23546100000.0,74063680000.0,1
2023-08-01,1140601.0,1184754.0,1137658.0,1180339.0,116291.0,13982302000.0,556534000.0,35805565000.0,22856604000.0,16500469000.0,783566000.0,25111011000.0,30805957000.0,73201000000.0,1
2023-08-02,1180339.0,1183282.0,1155319.0,1161206.0,51983.0,37282820000.0,1083792000.0,60235370000.0,37945950000.0,20719256000.0,2811649000.0,93136620000.0,19880405000.0,136547930000.0,1
2023-08-03,1170036.0,1192113.0,1161206.0,1187697.0,88516.0,10766879000.0,167703000.0,27854797000.0,21825702000.0,12546123000.0,2148804000.0,28155148000.0,17765005000.0,60615080000.0,1
2023-08-04,1189169.0,1195056.0,1165621.0,1171508.0,39455.0,35908284000.0,553338000.0,31998171000.0,36251353000.0,18749065000.0,6014802000.0,57100200000.0,22847078000.0,104711150000.0,1
2023-08-07,1168565.0,1186226.0,1162678.0,1167093.0,37043.0,11198435000.0,105507000.0,20171682000.0,14894060000.0,11635899000.0,348063000.0,18881960000.0,15503761000.0,46369680000.0,1
2023-08-08,1171508.0,1177395.0,1155319.0,1162678.0,27862.0,15647030000.0,1118080000.0,15480395000.0,11202886000.0,9975158000.0,1019301000.0,17135739000.0,15318193000.0,43448390000.0,1
2023-08-09,1159734.0,1184754.0,1158262.0,1174452.0,33643.0,5056338000.0,238987000.0,13793461000.0,13367694000.0,10942817000.0,340421000.0,13220869000.0,7952373000.0,32456480000.0,1
2023-08-10,1164149.0,1180339.0,1162678.0,1180339.0,27506.0,15114798000.0,270370000.0,9240203000.0,14958842000.0,7794338000.0,356633000.0,23662520000.0,7770722000.0,39584215000.0,1
2023-08-11,1181810.0,1184754.0,1171508.0,1178867.0,29443.0,13737202000.0,229420000.0,8100730000.0,10239199000.0,11585119000.0,392020000.0,13663103000.0,6666309000.0,32306550000.0,1
2023-08-14,1170036.0,1178867.0,1164149.0,1168565.0,23679.0,10320691000.0,82690000.0,8791986000.0,15529137000.0,9998786000.0,427577000.0,11482456000.0,12815685000.0,34724504000.0,1
2023-08-16,1161206.0,1162678.0,1142073.0,1149432.0,30743.0,5232820000.0,343839000.0,8504286000.0,13616435000.0,6644433000.0,300244000.0,12932840000.0,7819863000.0,27697380000.0,1
2023-08-17,1143545.0,1149432.0,1130299.0,1136186.0,25895.0,7905637000.0,159920000.0,12050980000.0,15224934000.0,13222873000.0,190749000.0,11056270000.0,10871579000.0,35341470000.0,1
2023-08-18,1124412.0,1147960.0,1124412.0,1134714.0,24988.0,7505437000.0,177028000.0,11938281000.0,9837242000.0,9696009000.0,249373000.0,10594825000.0,8917782000.0,29457988000.0,1
2023-08-21,1134714.0,1161206.0,1133243.0,1145017.0,21220.0,7821035000.0,51628000.0,7465303000.0,13031330000.0,8334039000.0,78535000.0,10458082000.0,9498640000.0,28369295000.0,1
2023-08-22,1147960.0,1150904.0,1133243.0,1137658.0,21002.0,10716762000.0,151989000.0,7039941000.0,6420774000.0,4564500000.0,43621000.0,10139573000.0,9581772000.0,24329466000.0,1
2023-08-23,1127356.0,1143545.0,1119997.0,1122941.0,22083.0,7651340000.0,288519000.0,9298237000.0,6674497000.0,5382720000.0,410003000.0,6705109000.0,11414761000.0,23912593000.0,1
2023-08-24,1122941.0,1136186.0,1122941.0,1122941.0,18380.0,6533556000.0,144967000.0,12353943000.0,5827616000.0,5653915000.0,124186000.0,10184243000.0,8897738000.0,24860082000.0,1
2023-08-25,1111167.0,1124412.0,1109695.0,1114110.0,15923.0,3923692000.0,119197000.0,6261941000.0,10407641000.0,9516658000.0,5369000.0,6577951000.0,4612493000.0,20712470000.0,1
2023-08-28,1122941.0,1124412.0,1097921.0,1103808.0,35305.0,3376692000.0,97717000.0,8281951000.0,6007524000.0,9472384000.0,16666000.0,5815492000.0,2459342000.0,17763883000.0,1
2023-08-29,1108223.0,1112638.0,1102336.0,1108223.0,15872.0,5672826000.0,1689843000.0,24896782000.0,6639102000.0,14562307000.0,505867000.0,10934467000.0,12895913000.0,38898553000.0,1
2023-08-30,1122941.0,1122941.0,1108223.0,1111167.0,15949.0,3860581000.0,16542000.0,5079794000.0,8641043000.0,1821395000.0,13561000.0,10977767000.0,4785237000.0,17597960000.0,1
2023-08-31,1112638.0,1115582.0,1083203.0,1084675.0,56585.0,6802848000.0,1076905000.0,7880341000.0,1993934000.0,4624747000.0,66477000.0,5664394000.0,7398410000.0,17754028000.0,1
2023-09-01,1086147.0,1102336.0,1078788.0,1078788.0,29956.0,7592816000.0,676382000.0,28052644000.0,25343693000.0,12617653000.0,8949000.0,6115046000.0,42923885000.0,61665534000.0,1
2023-09-04,1075845.0,1083203.0,1068486.0,1083203.0,21838.0,3021545000.0,274310000.0,22347543000.0,6830291000.0,12714748000.0,115686000.0,7848607000.0,11794648000.0,32473688000.0,1
2023-09-05,1078788.0,1086147.0,1075845.0,1083203.0,19511.0,3976810000.0,1058577000.0,14330911000.0,4176512000.0,8571717000.0,209140000.0,8225672000.0,6536281000.0,23542810000.0,1
2023-09-06,1081732.0,1083203.0,1068486.0,1071429.0,34949.0,3477597000.0,149618000.0,10772705000.0,6689003000.0,5759967000.0,94815000.0,5969901000.0,9264240000.0,21088924000.0,1
2023-09-07,1068486.0,1077316.0,1059656.0,1065542.0,32287.0,3752986000.0,471690000.0,25353810000.0,7907763000.0,12958345000.0,70549000.0,7333342000.0,17124012000.0,37486248000.0,1
2023-09-08,1067014.0,1069958.0,1055240.0,1065542.0,32748.0,3273763000.0,397410000.0,23077860000.0,7641082000.0,10795834000.0,60918000.0,6596709000.0,16936653000.0,34390114000.0,1
2023-09-11,1071429.0,1081732.0,1058184.0,1080260.0,23137.0,7080117000.0,728464000.0,14558109000.0,12379403000.0,4835984000.0,51922000.0,7895139000.0,21963049000.0,34746094000.0,1
2023-09-12,1086147.0,1086147.0,1061127.0,1064071.0,23991.0,4897404000.0,124527000.0,11684813000.0,8146378000.0,5604034000.0,54872000.0,13095602000.0,6098614000.0,24853121000.0,1
2023-09-13,1059656.0,1072901.0,1055240.0,1064071.0,21376.0,4281913000.0,250121000.0,17404185000.0,3729079000.0,5832809000.0,78410000.0,7749680000.0,12004398000.0,25665296000.0,1
2023-09-14,1068486.0,1075845.0,1058184.0,1075845.0,35601.0,5604918000.0,114740000.0,9525375000.0,7488780000.0,6972860000.0,36000000.0,5836719000.0,9888234000.0,22733814000.0,1
2023-09-15,1077316.0,1080260.0,1069958.0,1075845.0,42910.0,19112694000.0,60032000.0,11476381000.0,7471963000.0,14014801000.0,82120000.0,11485162000.0,12538986000.0,38121070000.0,1
2023-09-18,1078788.0,1089090.0,1075845.0,1077316.0,28559.0,13278634000.0,71551000.0,13462683000.0,19369180000.0,8768728000.0,40999000.0,11971280000.0,25401040000.0,46182048000.0,1
2023-09-19,1081732.0,1083203.0,1071429.0,1072901.0,18388.0,8510737000.0,204124000.0,14571513000.0,7606590000.0,7342512000.0,37419000.0,10290356000.0,13222678000.0,30892964000.0,1
2023-09-20,1072901.0,1072901.0,1056712.0,1058184.0,31411.0,6316753000.0,33568000.0,10591444000.0,2829453000.0,6545912000.0,424914000.0,4804386000.0,7996006000.0,19771218000.0,1
2023-09-21,1055240.0,1056712.0,1043466.0,1044938.0,41070.0,4266142000.0,207518000.0,26337655000.0,2516751000.0,7804429000.0,1440000.0,6367493000.0,19154704000.0,33328067000.0,1
2023-09-22,1037579.0,1044938.0,1031692.0,1034636.0,29820.0,4620190000.0,319821000.0,21152598000.0,16917785000.0,14914292000.0,3453425000.0,7296897000.0,17345782000.0,43010396000.0,1
2023-09-25,1036108.0,1039051.0,1021390.0,1021390.0,36476.0,6310880000.0,219197000.0,19956892000.0,4446922000.0,5495229000.0,46720000.0,9623936000.0,15768006000.0,30933891000.0,1
2023-09-26,1019918.0,1021390.0,996371.0,1000786.0,53697.0,9199061000.0,609615000.0,23389274000.0,4257162000.0,8209263000.0,23666000.0,11005810000.0,18216374000.0,37455114000.0,1
2023-09-27,990484.0,1009616.0,990484.0,1002257.0,38762.0,6205537000.0,577490000.0,31168350000.0,15904805000.0,13555758000.0,69837000.0,14185750000.0,26044838000.0,53856182000.0,1
2023-10-04,983125.0,1031692.0,983125.0,1016975.0,90121.0,3500857000.0,110410000.0,18544165000.0,16626567000.0,4378188000.0,25871000.0,6256142000.0,28121799000.0,38781997000.0,1
2023-10-05,1025805.0,1081732.0,1016975.0,1064071.0,101453.0,27247782000.0,165367000.0,17579444000.0,45580950000.0,8609661000.0,109952000.0,18735622000.0,63118307000.0,90573545000.0,1
2023-10-06,1072901.0,1081732.0,1056712.0,1075845.0,38105.0,53236445000.0,391383000.0,22122860000.0,32433392000.0,9270599000.0,942734000.0,66174616000.0,31796136000.0,108184084000.0,1
2023-10-10,1075845.0,1087619.0,1064071.0,1068486.0,36988.0,14401054000.0,14640000.0,9542036000.0,17078272000.0,2938368000.0,132347000.0,23206287000.0,14759000000.0,41036000000.0,1
2023-10-11,1074373.0,1081732.0,1064071.0,1067014.0,25388.0,13594385000.0,202861000.0,12545143000.0,13404234000.0,5353808000.0,696041000.0,20447310000.0,13249464000.0,39746620000.0,1
2023-10-12,1078788.0,1078788.0,1061127.0,1071429.0,25451.0,7260220000.0,8752000.0,6932733000.0,12995663000.0,2789082000.0,1194474000.0,9311825000.0,13901987000.0,27197368000.0,1
2023-10-13,1059656.0,1069958.0,1056712.0,1061127.0,21452.0,10862006000.0,20252000.0,9413273000.0,6907546000.0,10990175000.0,11671000.0,7445757000.0,8755474000.0,27203076000.0,1
2023-10-16,1064071.0,1069958.0,1050825.0,1053769.0,23216.0,2005611000.0,111839000.0,6291811000.0,14392493000.0,6276607000.0,0.0,5964356000.0,10560791000.0,22801754000.0,1
2023-10-17,1064071.0,1071429.0,1061127.0,1061127.0,20818.0,6821972000.0,111884000.0,5759978000.0,11848782000.0,5377712000.0,137844000.0,7653752000.0,11373308000.0,24542616000.0,1
2023-10-18,1056712.0,1065542.0,1036108.0,1036108.0,27303.0,6715100000.0,39134000.0,3929947000.0,11502575000.0,4435659000.0,143476000.0,7108256000.0,10499365000.0,22186756000.0,1
2023-10-19,1021390.0,1049353.0,1021390.0,1046410.0,48950.0,5389454000.0,40287000.0,14163726000.0,8936271000.0,8131613000.0,712000.0,6049704000.0,14347709000.0,28529738000.0,1
2023-10-20,1039051.0,1046410.0,1030221.0,1039051.0,35695.0,9286110000.0,103292000.0,6349988000.0,35335483000.0,10262098000.0,75288000.0,9761362000.0,30976127000.0,51074875000.0,1
2023-10-23,1039051.0,1044938.0,1028749.0,1030221.0,44759.0,6304877000.0,28822000.0,6585034000.0,24174168000.0,5105932000.0,57181000.0,7997628000.0,23932160000.0,37092900000.0,1
2023-10-24,1041995.0,1086147.0,1040523.0,1086147.0,84536.0,7277484000.0,153403000.0,8533335000.0,30293006000.0,6633306000.0,78899000.0,6375623000.0,33169400000.0,46257230000.0,1
2023-10-25,1086147.0,1087619.0,1058184.0,1064071.0,54336.0,20469000000.0,144000000.0,11449996000.0,58542748000.0,9535076000.0,386134000.0,47519285000.0,33165250000.0,90605750000.0,1
2023-10-26,1056712.0,1093506.0,1044938.0,1072901.0,97021.0,20767332000.0,35754000.0,16280655000.0,20912474000.0,10125373000.0,53561000.0,9146915000.0,38670370000.0,57996214000.0,1
2023-10-27,1061127.0,1075845.0,1049353.0,1064071.0,37602.0,34896957000.0,206873000.0,14387562000.0,54812443000.0,11411431000.0,234721000.0,37475930000.0,55181760000.0,104303840000.0,1
2023-10-30,1059656.0,1069958.0,1056712.0,1061127.0,27550.0,14754043000.0,81269000.0,8476133000.0,16722972000.0,6153546000.0,145000000.0,10129720000.0,23606151000.0,40034420000.0,1
2023-10-31,1058184.0,1058184.0,1037579.0,1043466.0,48044.0,5823002000.0,142463000.0,6080501000.0,17223430000.0,6764923000.0,0.0,5653269000.0,16851204000.0,29269395000.0,1
2023-11-01,1043466.0,1052297.0,1033164.0,1034636.0,25744.0,10308388000.0,24818000.0,12991222000.0,26922670000.0,5768482000.0,55358000.0,7923961000.0,36499296000.0,50247100000.0,1
2023-11-02,1050825.0,1055240.0,1040523.0,1047882.0,31233.0,7852616000.0,120639000.0,10978870000.0,7782043000.0,4314708000.0,22496000.0,6221216000.0,16175748000.0,26734168000.0,1
2023-11-03,1052297.0,1053769.0,1031692.0,1037579.0,24683.0,11802548000.0,40474000.0,7852695000.0,13030912000.0,9337100000.0,168724000.0,8584057000.0,14636748000.0,32726628000.0,1
2023-11-06,1049353.0,1077316.0,1044938.0,1077316.0,54398.0,4936295000.0,200607000.0,13282847000.0,7235790000.0,9853372000.0,0.0,6389236000.0,9412931000.0,25655540000.0,1
2023-11-07,1074373.0,1080260.0,1065542.0,1077316.0,29759.0,15783363000.0,884130000.0,14912708000.0,26131038000.0,8646514000.0,330463000.0,24823257000.0,23911004000.0,57711240000.0,1
2023-11-08,1089090.0,1096449.0,1071429.0,1080260.0,27239.0,7982750000.0,54032000.0,7541363000.0,16356485000.0,8716049000.0,606391000.0,11689920000.0,10922269000.0,31934630000.0,1
2023-11-09,1080260.0,1083203.0,1064071.0,1064071.0,23940.0,8500680000.0,32455000.0,7098936000.0,13861864000.0,7159804000.0,77102000.0,11233799000.0,11023230000.0,29493934000.0,1
2023-11-10,1056712.0,1069958.0,1053769.0,1068486.0,16569.0,8035473000.0,8703000.0,6824905000.0,10765982000.0,7637438000.0,0.0,4586138000.0,13411487000.0,25635064000.0,1
2023-11-13,1074373.0,1074373.0,1058184.0,1059656.0,17028.0,4336479000.0,36786000.0,4506057000.0,8731452000.0,3556376000.0,86141000.0,5798254000.0,8170003000.0,17610775000.0,1
2023-11-14,1071429.0,1071429.0,1056712.0,1059656.0,28235.0,6866676000.0,33386000.0,5225671000.0,5989779000.0,6443531000.0,15997000.0,3622773000.0,8033211000.0,18115512000.0,1
2023-11-15,1071429.0,1077316.0,1062599.0,1077316.0,43209.0,10149681000.0,149285000.0,6601319000.0,13079006000.0,6134169000.0,83505000.0,4757889000.0,19003728000.0,29979292000.0,1
2023-11-16,1077316.0,1084675.0,1071429.0,1077316.0,18484.0,15920234000.0,90706000.0,9689814000.0,20575404000.0,6862753000.0,156497000.0,13390779000.0,25866130000.0,46276157000.0,1
2023-11-17,1081732.0,1081732.0,1064071.0,1064071.0,18683.0,3753523000.0,29280000.0,6696331000.0,9423453000.0,6217998000.0,111433000.0,6973170000.0,6599986000.0,19902587000.0,1
2023-11-20,1053769.0,1068486.0,1052297.0,1059656.0,23343.0,6435660000.0,61755000.0,8935311000.0,4555615000.0,5124199000.0,267260000.0,5337144000.0,9259738000.0,19988340000.0,1
2023-11-21,1065542.0,1068486.0,1058184.0,1062599.0,22291.0,7697076000.0,62900000.0,7375949000.0,9654989000.0,10184225000.0,810483000.0,5659998000.0,8136208000.0,24790913000.0,1
2023-11-22,1055240.0,1064071.0,1050825.0,1061127.0,20277.0,5222108000.0,24513000.0,8198388000.0,10235804000.0,8140119000.0,593364000.0,5558600000.0,9388730000.0,23680813000.0,1
2023-11-23,1058184.0,1065542.0,1055240.0,1061127.0,16137.0,4608201000.0,68132000.0,9308489000.0,7453418000.0,6513126000.0,102385000.0,6487019000.0,8335710000.0,21438240000.0,1
2023-11-24,1061127.0,1065542.0,1041995.0,1043466.0,31645.0,5835403000.0,336251000.0,6621623000.0,4328947000.0,7286935000.0,18025000.0,5523072000.0,4294192000.0,17122224000.0,1
2023-11-27,1043466.0,1047882.0,1030221.0,1034636.0,35981.0,3884772000.0,273804000.0,24908476000.0,4109582000.0,12964153000.0,19858000.0,5125157000.0,15067467000.0,33176635000.0,1
2023-11-28,1047882.0,1072901.0,1037579.0,1069958.0,52787.0,6672758000.0,613485000.0,21064417000.0,8836473000.0,10591281000.0,188893000.0,19267594000.0,7139366000.0,37187133000.0,1
2023-11-29,1069958.0,1077316.0,1064071.0,1072901.0,45022.0,8372365000.0,214387000.0,10917444000.0,36270430000.0,5008618000.0,119869000.0,32478132000.0,18168003000.0,55774620000.0,1
2023-11-30,1067014.0,1071429.0,1056712.0,1067014.0,45736.0,3171933000.0,159016000.0,15821406000.0,29146118000.0,7273955000.0,77172000.0,17008399000.0,23938947000.0,48298470000.0,1
2023-12-01,1067014.0,1069958.0,1046410.0,1046410.0,33011.0,5823314000.0,210748000.0,6948593000.0,35731153000.0,5439286000.0,49978000.0,5877898000.0,37346644000.0,48713806000.0,1
2023-12-04,1053769.0,1058184.0,1047882.0,1047882.0,22910.0,2424544000.0,424544000.0,16939457000.0,15086866000.0,8032034000.0,3605000.0,5405382000.0,21434390000.0,34875412000.0,1
2023-12-05,1041995.0,1059656.0,1040523.0,1052297.0,32305.0,6015475000.0,104392000.0,7387079000.0,10595338000.0,7793614000.0,140222000.0,6440812000.0,9727636000.0,24102283000.0,1
2023-12-06,1055240.0,1058184.0,1037579.0,1037579.0,37085.0,7103889000.0,34006000.0,8734623000.0,18029462000.0,8091284000.0,38467000.0,8333712000.0,17438517000.0,33901980000.0,1
2023-12-07,1037579.0,1046410.0,1030221.0,1043466.0,31882.0,7028555000.0,350853000.0,23891497000.0,7430442000.0,6268914000.0,140869000.0,5503078000.0,26788485000.0,38701347000.0,1
2023-12-08,1049353.0,1053769.0,1037579.0,1043466.0,36506.0,10662414000.0,106413000.0,11684129000.0,10682281000.0,8653725000.0,127705000.0,8308993000.0,16044813000.0,33135237000.0,1
2023-12-11,1043466.0,1044938.0,1033164.0,1034636.0,32901.0,9062730000.0,649771000.0,15596996000.0,12755290000.0,12732349000.0,391208000.0,13871335000.0,11069895000.0,38064787000.0,1
2023-12-12,1041995.0,1043466.0,1031692.0,1036108.0,32473.0,4911045000.0,170891000.0,22786267000.0,6237342000.0,8342861000.0,249546000.0,5374321000.0,20138818000.0,34105547000.0,1
2023-12-13,1036108.0,1037579.0,1030221.0,1031692.0,27913.0,12099996000.0,98712000.0,11788177000.0,9708079000.0,7197824000.0,23965000.0,8775569000.0,17697606000.0,33694964000.0,1
2023-12-14,1040523.0,1043466.0,1027277.0,1027277.0,70129.0,6245663000.0,138245000.0,16724216000.0,5709527000.0,10709207000.0,483764000.0,8987610000.0,8637070000.0,28817652000.0,1
2023-12-15,1033164.0,1037579.0,1030221.0,1034636.0,40597.0,23210850000.0,219119000.0,34235685000.0,14685316000.0,26702360000.0,99354000.0,20785535000.0,24763722000.0,72350970000.0,1
2023-12-18,1037579.0,1039051.0,1030221.0,1031692.0,35961.0,10307801000.0,125722000.0,12046865000.0,19511204000.0,11211331000.0,92569000.0,12275919000.0,18411772000.0,41991590000.0,1
2023-12-19,1031692.0,1037579.0,1031692.0,1036108.0,26620.0,7627095000.0,86244000.0,17750772000.0,11703043000.0,18987076000.0,73756000.0,6084705000.0,12021616000.0,37167153000.0,1
2023-12-20,1039051.0,1061127.0,1036108.0,1058184.0,71236.0,3987445000.0,398038000.0,7537076000.0,15618818000.0,8496022000.0,154460000.0,9820650000.0,9070245000.0,27541377000.0,1
2023-12-21,1052297.0,1059656.0,1040523.0,1047882.0,28441.0,21262143000.0,405344000.0,16256509000.0,36823440000.0,4062549000.0,151652000.0,44499554000.0,26033682000.0,74747440000.0,1
2023-12-22,1053769.0,1059656.0,1047882.0,1059656.0,31093.0,4010228000.0,87627000.0,17335540000.0,8362915000.0,10617587000.0,140544000.0,10198674000.0,8839505000.0,29796310000.0,1
2023-12-26,1067014.0,1067014.0,1056712.0,1062599.0,36085.0,10492778000.0,159326000.0,9835659000.0,12341935000.0,5095791000.0,185845000.0,24622025000.0,2926039000.0,32829698000.0,1
2023-12-27,1062599.0,1072901.0,1059656.0,1072901.0,40005.0,11696511000.0,1036250000.0,15830055000.0,9742994000.0,4733062000.0,1135108000.0,20020165000.0,12417475000.0,38305810000.0,1
2023-12-28,1072901.0,1118525.0,1069958.0,1118525.0,89715.0,12042324000.0,192921000.0,14058079000.0,16442756000.0,9791543000.0,201534000.0,20719190000.0,12023814000.0,42736080000.0,1
2024-01-02,1118525.0,1177395.0,1112638.0,1161206.0,135375.0,22698152000.0,1222681000.0,27206814000.0,47954346000.0,10536648000.0,715697000.0,80534860000.0,7294780000.0,99081990000.0,1
2024-01-03,1150904.0,1167093.0,1142073.0,1158262.0,59351.0,47803240000.0,2097160000.0,70468740000.0,35622195000.0,22912650000.0,2952447000.0,95705860000.0,34420380000.0,155991340000.0,1
2024-01-04,1150904.0,1153847.0,1117054.0,1133243.0,52852.0,20303628000.0,1116535000.0,31545889000.0,15728587000.0,19010927000.0,1045151000.0,31696708000.0,16941854000.0,68694640000.0,1
2024-01-05,1125884.0,1131771.0,1108223.0,1112638.0,41408.0,3953503000.0,581667000.0,28503570000.0,26695520000.0,18270690000.0,255601000.0,28304562000.0,12903409000.0,59734260000.0,1
2024-01-08,1122941.0,1122941.0,1097921.0,1102336.0,41066.0,3189642000.0,161667000.0,25905461000.0,16918615000.0,13269340000.0,61184000.0,16963030000.0,15881831000.0,46175384000.0,1
2024-01-09,1114110.0,1115582.0,1105280.0,1106751.0,21947.0,3312805000.0,140730000.0,19276636000.0,22715982000.0,15443520000.0,28842000.0,14912864000.0,15060929000.0,45446152000.0,1
2024-01-10,1115582.0,1115582.0,1096449.0,1097921.0,17165.0,7502177000.0,312533000.0,9207994000.0,7343986000.0,5329111000.0,136523000.0,13293683000.0,5607373000.0,24366690000.0,1
2024-01-11,1103808.0,1125884.0,1097921.0,1105280.0,34710.0,3465067000.0,11993000.0,12108934000.0,3309704000.0,5632319000.0,613585000.0,7490013000.0,5159781000.0,18895698000.0,1
2024-01-12,1106751.0,1115582.0,1089090.0,1094977.0,24686.0,9834711000.0,415066000.0,14086743000.0,14235926000.0,14476686000.0,367419000.0,14458776000.0,9269565000.0,38572446000.0,1
2024-01-15,1092034.0,1130299.0,1087619.0,1124412.0,38091.0,5535944000.0,1150455000.0,14180937000.0,6274997000.0,6030669000.0,198967000.0,9036148000.0,11876549000.0,27142332000.0,1
2024-01-16,1125884.0,1143545.0,1111167.0,1127356.0,48394.0,14703396000.0,116583000.0,9452108000.0,18326540000.0,4178956000.0,104565000.0,22810624000.0,15504482000.0,42598625000.0,1
2024-01-17,1133243.0,1133243.0,1111167.0,1112638.0,45393.0,21278260000.0,65664000.0,11480986000.0,21949198000.0,10858774000.0,536554000.0,24444578000.0,18934202000.0,54774110000.0,1
2024-01-18,1112638.0,1118525.0,1100864.0,1103808.0,30747.0,12363032000.0,25243000.0,14066117000.0,24432757000.0,10334298000.0,234784000.0,15669714000.0,24648354000.0,50887148000.0,1
2024-01-19,1105280.0,1134714.0,1099393.0,1133243.0,62854.0,5507643000.0,540155000.0,11360625000.0,16644573000.0,6939357000.0,88717000.0,9928333000.0,17096589000.0,34052995000.0,1
2024-01-22,1140601.0,1167093.0,1134714.0,1167093.0,92840.0,12852785000.0,484277000.0,11021933000.0,46143513000.0,14450458000.0,618641000.0,26514810000.0,28918598000.0,70502510000.0,1
2024-01-23,1167093.0,1175923.0,1161206.0,1175923.0,52690.0,12075247000.0,254439000.0,11782103000.0,83285836000.0,14624437000.0,2636146000.0,68025460000.0,22111586000.0,107397630000.0,1
2024-01-24,1172980.0,1189169.0,1152375.0,1159734.0,58744.0,6990644000.0,58030000.0,10051837000.0,44579942000.0,8242352000.0,884495000.0,37509485000.0,15044122000.0,61680450000.0,1
2024-01-25,1170036.0,1177395.0,1146488.0,1155319.0,65690.0,5522369000.0,149923000.0,20259357000.0,42826576000.0,16629835000.0,639540000.0,36329603000.0,15159244000.0,68758225000.0,1
2024-01-26,1145017.0,1149432.0,1128828.0,1137658.0,40006.0,5187028000.0,204449000.0,23923050000.0,47001903000.0,25474860000.0,280252000.0,21859140000.0,28702180000.0,76316434000.0,1
2024-01-29,1177395.0,1199471.0,1167093.0,1177395.0,132359.0,5781930000.0,586118000.0,20304871000.0,18886033000.0,10010250000.0,670201000.0,16157418000.0,18721085000.0,45558956000.0,1
2024-01-30,1177395.0,1220076.0,1177395.0,1211245.0,99960.0,58330173000.0,225399000.0,44275330000.0,54439050000.0,38091006000.0,912993000.0,95348970000.0,22916987000.0,157269970000.0,1
2024-01-31,1211245.0,1243624.0,1209773.0,1236265.0,101775.0,19990900000.0,402988000.0,29098410000.0,70964890000.0,15184315000.0,1788939000.0,83581190000.0,19902743000.0,120457180000.0,1
2024-02-01,1220076.0,1228906.0,1200943.0,1220076.0,58449.0,17076567000.0,194980000.0,38940110000.0,69086580000.0,17081901000.0,1289318000.0,69505760000.0,37421260000.0,125298240000.0,1
2024-02-02,1211245.0,1268643.0,1209773.0,1264228.0,91076.0,19923310000.0,323915000.0,22668042000.0,28147030000.0,19712723000.0,186991000.0,34505510000.0,16657076000.0,71062300000.0,1
2024-02-05,1252454.0,1276002.0,1236265.0,1246567.0,53677.0,19113417000.0,272126000.0,27937917000.0,65898970000.0,29183089000.0,2637450000.0,63705215000.0,17696680000.0,113222435000.0,1
2024-02-06,1261285.0,1292191.0,1237737.0,1245095.0,53620.0,6622469000.0,107979000.0,23836418000.0,36486988000.0,26210578000.0,529707000.0,22530255000.0,17783314000.0,67053855000.0,1
2024-02-07,1249511.0,1253926.0,1214189.0,1215660.0,66271.0,12304391000.0,196096000.0,31013343000.0,24092369000.0,15215560000.0,462911000.0,35413176000.0,16514553000.0,67606200000.0,1
2024-02-08,1223019.0,1225963.0,1180339.0,1199471.0,67876.0,13158223000.0,952829000.0,45736608000.0,21443287000.0,32598680000.0,78244000.0,30267146000.0,18346875000.0,81290945000.0,1
2024-02-13,1202415.0,1239208.0,1202415.0,1233321.0,59485.0,15308731000.0,278639000.0,28917225000.0,37008577000.0,18893353000.0,29117000.0,22187026000.0,40403677000.0,81513170000.0,1
2024-02-14,1224491.0,1225963.0,1199471.0,1218604.0,36253.0,17335697000.0,143345000.0,18216995000.0,37501160000.0,8370344000.0,183072000.0,33886980000.0,30756803000.0,73197200000.0,1
2024-02-15,1228906.0,1228906.0,1203886.0,1208302.0,33100.0,6604825000.0,64399000.0,12926145000.0,24490380000.0,10512255000.0,397957000.0,11772799000.0,21402737000.0,44085748000.0,1
2024-02-16,1220076.0,1220076.0,1199471.0,1218604.0,41509.0,5083657000.0,11561000.0,13378905000.0,21624488000.0,9288104000.0,146800000.0,10443366000.0,20220340000.0,40098610000.0,1
2024-02-19,1206830.0,1217132.0,1203886.0,1208302.0,38533.0,7164067000.0,343505000.0,19544340000.0,23284441000.0,11312732000.0,202311000.0,14359745000.0,24461564000.0,50336354000.0,1
2024-02-20,1205358.0,1212717.0,1199471.0,1203886.0,34431.0,5618275000.0,2676710000.0,16621677000.0,21625252000.0,14463136000.0,363976000.0,17450168000.0,14264633000.0,46541914000.0,1
2024-02-21,1209773.0,1212717.0,1202415.0,1211245.0,61617.0,6382220000.0,55765000.0,12541980000.0,22497683000.0,12350453000.0,405162000.0,11763038000.0,16958996000.0,41477650000.0,1
2024-02-22,1214189.0,1224491.0,1203886.0,1206830.0,26995.0,7284430000.0,12312000.0,7570155000.0,59469246000.0,10179123000.0,2318260000.0,11376281000.0,50462480000.0,74336140000.0,1
2024-02-23,1205358.0,1218604.0,1186226.0,1198000.0,48863.0,4703708000.0,6581000.0,13180742000.0,14806228000.0,10117447000.0,183190000.0,11645289000.0,10751332000.0,32697258000.0,1
2024-02-26,1202415.0,1209773.0,1190641.0,1192113.0,43901.0,6104603000.0,29242000.0,24783956000.0,27658238000.0,18043570000.0,428199000.0,17911884000.0,22192386000.0,58576036000.0,1
2024-02-27,1200943.0,1200943.0,1181810.0,1187697.0,38991.0,7902741000.0,206097000.0,12726650000.0,31740877000.0,22435891000.0,72282000.0,11483238000.0,18584953000.0,52576362000.0,1
2024-02-28,1187697.0,1195056.0,1171508.0,1178867.0,38893.0,7439526000.0,167185000.0,13044616000.0,25678140000.0,13907209000.0,149265000.0,11450535000.0,20822456000.0,46329467000.0,1
2024-02-29,1171508.0,1178867.0,1136186.0,1139130.0,93495.0,5721882000.0,136351000.0,20778815000.0,19307794000.0,13040342000.0,401841000.0,11715751000.0,20786910000.0,45944844000.0,1
2024-03-04,1143545.0,1153847.0,1136186.0,1139130.0,56093.0,10898928000.0,2243270000.0,50512860000.0,43487200000.0,29473820000.0,254816000.0,18756782000.0,58656838000.0,107142260000.0,1
2024-03-05,1133243.0,1168565.0,1130299.0,1147960.0,36356.0,6081489000.0,345444000.0,24201648000.0,33493182000.0,13282764000.0,1510292000.0,20003844000.0,29324863000.0,64121766000.0,1
2024-03-06,1145017.0,1167093.0,1143545.0,1155319.0,25255.0,8164013000.0,916556000.0,20687469000.0,12119223000.0,13782261000.0,357017000.0,18186301000.0,9561681000.0,41887260000.0,1
2024-03-07,1168565.0,1195056.0,1156791.0,1171508.0,58605.0,6857290000.0,412716000.0,14651672000.0,7215266000.0,6979469000.0,30647000.0,11342715000.0,10784113000.0,29136943000.0,1
2024-03-08,1196528.0,1243624.0,1195056.0,1233321.0,126415.0,8417483000.0,1480601000.0,27510680000.0,31604875000.0,10470919000.0,396860000.0,35652706000.0,22493153000.0,69013635000.0,1
2024-03-11,1239208.0,1240680.0,1214189.0,1221547.0,43335.0,41329496000.0,2461841000.0,31069321000.0,80258695000.0,22920032000.0,2360507000.0,94750340000.0,35088470000.0,155119350000.0,1
2024-03-12,1230378.0,1237737.0,1215660.0,1236265.0,31647.0,11678489000.0,699704000.0,27816436000.0,12955636000.0,8487054000.0,487877000.0,21271419000.0,22903914000.0,53150265000.0,1
2024-03-13,1239208.0,1248039.0,1205358.0,1218604.0,40757.0,11575108000.0,773313000.0,13706043000.0,12943237000.0,4042375000.0,739062000.0,23073247000.0,11143017000.0,38997700000.0,1
2024-03-14,1221547.0,1236265.0,1214189.0,1236265.0,51164.0,7584369000.0,163436000.0,22221912000.0,20038191000.0,12520748000.0,131746000.0,24843573000.0,12511840000.0,50007910000.0,1
2024-03-15,1231850.0,1258341.0,1215660.0,1215660.0,61215.0,29716335000.0,545034000.0,8816501000.0,23938669000.0,25354035000.0,330941000.0,21428525000.0,15903036000.0,63016540000.0,1
2024-03-18,1227434.0,1295135.0,1215660.0,1264228.0,118059.0,10319536000.0,1366605000.0,23510888000.0,40110570000.0,11458279000.0,167716000.0,27285041000.0,36396564000.0,75307600000.0,1
2024-03-19,1265700.0,1267171.0,1243624.0,1248039.0,39907.0,49586240000.0,1111961000.0,48492212000.0,50807200000.0,23946300000.0,4014722000.0,99829020000.0,22207570000.0,149997620000.0,1
2024-03-20,1256869.0,1273058.0,1245095.0,1250982.0,45919.0,6423538000.0,51712000.0,21531740000.0,21889327000.0,18276174000.0,1202808000.0,14630192000.0,15787144000.0,49896317000.0,1
2024-03-21,1255398.0,1262756.0,1221547.0,1261285.0,52232.0,15257501000.0,874300000.0,21458307000.0,20153540000.0,8260381000.0,1584067000.0,23681053000.0,24218149000.0,57743647000.0,1
2024-03-22,1252454.0,1259813.0,1236265.0,1236265.0,35422.0,21042596000.0,500820000.0,25644974000.0,17989898000.0,14483963000.0,880807000.0,30451935000.0,19361583000.0,65178290000.0,1
2024-03-25,1246567.0,1253926.0,1228906.0,1236265.0,32201.0,8958058000.0,65128000.0,26883965000.0,8092295000.0,15213004000.0,459961000.0,14215765000.0,14110716000.0,43999445000.0,1
2024-03-26,1245095.0,1249511.0,1215660.0,1218604.0,47352.0,5432419000.0,353378000.0,19477023000.0,14647865000.0,13085980000.0,163611000.0,17103969000.0,9557124000.0,39910683000.0,1
2024-03-27,1218604.0,1231850.0,1217132.0,1230378.0,23729.0,10182449000.0,847913000.0,32880126000.0,14202303000.0,14757256000.0,368851000.0,17442350000.0,25544333000.0,58112790000.0,1
2024-03-28,1224491.0,1230378.0,1215660.0,1225963.0,24215.0,11218781000.0,30855000.0,8910170000.0,8926239000.0,9504303000.0,307474000.0,13462747000.0,5811521000.0,29086044000.0,1
2024-03-29,1225963.0,1248039.0,1218604.0,1223019.0,33052.0,6672372000.0,86285000.0,11271658000.0,11569871000.0,6173957000.0,157168000.0,10157481000.0,13111581000.0,29600186000.0,1
2024-04-01,1233321.0,1233321.0,1200943.0,1200943.0,38289.0,5017944000.0,1334197000.0,15567748000.0,18841182000.0,6074618000.0,368558000.0,19334670000.0,14983224000.0,40761070000.0,1
2024-04-02,1196528.0,1209773.0,1192113.0,1200943.0,29207.0,6454715000.0,2672457000.0,33808730000.0,3320118000.0,9884474000.0,1471463000.0,15321207000.0,19578878000.0,46256020000.0,1
2024-04-03,1193584.0,1212717.0,1193584.0,1195056.0,34463.0,9299316000.0,202344000.0,17563906000.0,7995004000.0,9875666000.0,946184000.0,13523775000.0,10714946000.0,35060572000.0,1
2024-04-04,1200943.0,1211245.0,1195056.0,1202415.0,23544.0,12124997000.0,93595000.0,15551565000.0,13635875000.0,13926752000.0,2350444000.0,10251875000.0,14876961000.0,41406034000.0,1
2024-04-05,1195056.0,1200943.0,1183282.0,1196528.0,26620.0,9116317000.0,592636000.0,8487773000.0,10115004000.0,7563710000.0,69617000.0,9494629000.0,11183774000.0,28311730000.0,1
2024-04-08,1189169.0,1208302.0,1174452.0,1199471.0,26089.0,6564054000.0,817160000.0,15305096000.0,9054570000.0,7016998000.0,921989000.0,9877993000.0,13923900000.0,31740880000.0,1
2024-04-09,1205358.0,1208302.0,1184754.0,1184754.0,26904.0,4267187000.0,1728450000.0,11680063000.0,13485482000.0,6959588000.0,455687000.0,15882877000.0,7863030000.0,31161182000.0,1
2024-04-11,1171508.0,1181810.0,1155319.0,1170036.0,41605.0,6027332000.0,8086000.0,13651637000.0,12416439000.0,7725864000.0,1739934000.0,7558448000.0,15079248000.0,32103494000.0,1
2024-04-12,1170036.0,1178867.0,1158262.0,1162678.0,28097.0,10243186000.0,320762000.0,24129610000.0,13869762000.0,19332350000.0,425641000.0,9995930000.0,18809400000.0,48563320000.0,1
2024-04-15,1153847.0,1168565.0,1143545.0,1167093.0,21469.0,3748338000.0,362448000.0,18640943000.0,9965236000.0,10629700000.0,45915000.0,9379346000.0,12662004000.0,32716966000.0,1
2024-04-16,1158262.0,1168565.0,1149432.0,1155319.0,29742.0,6185630000.0,106028000.0,9664621000.0,8923788000.0,4694665000.0,45791000.0,11218742000.0,8920869000.0,24880067000.0,1
2024-04-17,1155319.0,1158262.0,1142073.0,1142073.0,20266.0,5986594000.0,716058000.0,9760456000.0,17898244000.0,6203026000.0,800555000.0,8771375000.0,18586397000.0,34361352000.0,1
2024-04-18,1147960.0,1172980.0,1143545.0,1162678.0,22558.0,4353400000.0,56155000.0,12327887000.0,6542862000.0,4470918000.0,4682000.0,6914578000.0,11890126000.0,23280304000.0,1
2024-04-19,1153847.0,1161206.0,1133243.0,1149432.0,37831.0,5034902000.0,58493000.0,7492414000.0,13678727000.0,4595807000.0,679153000.0,11818781000.0,9170794000.0,26264535000.0,1
2024-04-22,1162678.0,1184754.0,1159734.0,1180339.0,40714.0,5541697000.0,59678000.0,23852394000.0,13809709000.0,13540914000.0,15510000.0,10681039000.0,19026014000.0,43263480000.0,1
2024-04-23,1170036.0,1177395.0,1161206.0,1164149.0,29972.0,13139549000.0,130020000.0,10115106000.0,24441735000.0,11728997000.0,211764000.0,22001558000.0,13884092000.0,47826410000.0,1
2024-04-24,1175923.0,1183282.0,1159734.0,1162678.0,33067.0,4024912000.0,211976000.0,12829405000.0,17899606000.0,5598117000.0,79100000.0,3969062000.0,25319619000.0,34965897000.0,1
2024-04-25,1152375.0,1161206.0,1140601.0,1147960.0,46701.0,6077903000.0,107318000.0,20908800000.0,11468157000.0,9096303000.0,230830000.0,9437477000.0,19797570000.0,38562177000.0,1
2024-04-26,1146488.0,1147960.0,1131771.0,1133243.0,55918.0,7548167000.0,382127000.0,35316200000.0,10322699000.0,13896903000.0,410601000.0,10259486000.0,29002201000.0,53569190000.0,1
2024-04-29,1140601.0,1145017.0,1130299.0,1140601.0,61632.0,5268267000.0,399795000.0,44573037000.0,13400771000.0,12180435000.0,7760000.0,11973108000.0,39480566000.0,63641870000.0,1
2024-04-30,1142073.0,1158262.0,1140601.0,1149432.0,41265.0,8479097000.0,2165564000.0,13475909000.0,45891640000.0,5636347000.0,50430000.0,11274318000.0,53051118000.0,70012215000.0,1
2024-05-02,1143545.0,1152375.0,1139130.0,1140601.0,33369.0,9412264000.0,150093000.0,13392881000.0,24608852000.0,5607550000.0,81722000.0,19241900000.0,22632917000.0,47564090000.0,1
2024-05-03,1146488.0,1149432.0,1134714.0,1134714.0,38093.0,5312803000.0,455320000.0,19331901000.0,13045398000.0,7549773000.0,70179000.0,7359545000.0,23165925000.0,38145420000.0,1
2024-05-07,1143545.0,1162678.0,1143545.0,1155319.0,59673.0,5963445000.0,3043543000.0,19656626000.0,14755659000.0,4359730000.0,7725000.0,7219870000.0,31831950000.0,43419275000.0,1
2024-05-08,1170036.0,1181810.0,1162678.0,1164149.0,55997.0,14522736000.0,873477000.0,15210651000.0,38338460000.0,2915100000.0,26788000.0,28863193000.0,37140242000.0,68945320000.0,1
2024-05-09,1171508.0,1171508.0,1146488.0,1149432.0,56388.0,11031530000.0,238663000.0,17549560000.0,36715418000.0,6432467000.0,34960000.0,21269977000.0,37797765000.0,65535170000.0,1
2024-05-10,1161206.0,1168565.0,1152375.0,1158262.0,44833.0,14078537000.0,140046000.0,18525538000.0,32533973000.0,15185786000.0,529012000.0,8861579000.0,40701720000.0,65278095000.0,1
2024-05-13,1164149.0,1168565.0,1147960.0,1149432.0,23943.0,9425122000.0,21319000.0,10112502000.0,32562065000.0,4076221000.0,1436096000.0,15246626000.0,31362066000.0,52121010000.0,1
2024-05-14,1152375.0,1161206.0,1146488.0,1149432.0,19449.0,4357262000.0,165743000.0,14746533000.0,8387038000.0,5484700000.0,917252000.0,8490792000.0,12763832000.0,27656577000.0,1
2024-05-16,1156791.0,1164149.0,1149432.0,1153847.0,44693.0,4199165000.0,7041000.0,9744239000.0,8464923000.0,2171969000.0,787278000.0,8081907000.0,11374214000.0,22415368000.0,1
2024-05-17,1152375.0,1164149.0,1150904.0,1159734.0,31047.0,12755178000.0,673013000.0,12291130000.0,25940564000.0,5621125000.0,399845000.0,13103550000.0,32535366000.0,51659887000.0,1
2024-05-20,1165621.0,1167093.0,1155319.0,1162678.0,27449.0,9437021000.0,261601000.0,8192133000.0,18110933000.0,6508888000.0,33880000.0,15120954000.0,14337967000.0,36001690000.0,1
2024-05-21,1155319.0,1158262.0,1146488.0,1146488.0,39623.0,8788897000.0,1073121000.0,8346897000.0,13659053000.0,7341136000.0,772936000.0,8785793000.0,14968103000.0,31867967000.0,1
2024-05-22,1149432.0,1158262.0,1142073.0,1143545.0,27961.0,4308538000.0,188925000.0,18306204000.0,22719734000.0,12608069000.0,307046000.0,7241655000.0,25366630000.0,45523400000.0,1
2024-05-23,1137658.0,1146488.0,1133243.0,1133243.0,50023.0,4311537000.0,45996000.0,12998429000.0,14691023000.0,11114170000.0,505433000.0,8979897000.0,11447485000.0,32046985000.0,1
2024-05-24,1122941.0,1127356.0,1105280.0,1105280.0,55047.0,4736706000.0,413665000.0,22907097000.0,28882145000.0,8626145000.0,134070000.0,10486506000.0,37692890000.0,56939614000.0,1
2024-05-27,1109695.0,1117054.0,1097921.0,1111167.0,30136.0,3370927000.0,947643000.0,44009345000.0,12965048000.0,14795577000.0,143654000.0,15245155000.0,31108577000.0,61292966000.0,1
2024-05-28,1109695.0,1111167.0,1096449.0,1096449.0,35614.0,10835694000.0,594699000.0,14656881000.0,7230163000.0,6759493000.0,313392000.0,12262548000.0,13982004000.0,33317437000.0,1
2024-05-29,1087619.0,1099393.0,1068486.0,1069958.0,60636.0,6677227000.0,242411000.0,25111840000.0,7179200000.0,9090082000.0,173668000.0,8382884000.0,21564045000.0,39210680000.0,1
2024-05-30,1068486.0,1094977.0,1061127.0,1077316.0,26052.0,6398143000.0,1439090000.0,43691766000.0,13632521000.0,18642076000.0,286741000.0,14938290000.0,31294413000.0,65161520000.0,1
2024-05-31,1087619.0,1089090.0,1071429.0,1074373.0,34917.0,4767399000.0,27040000.0,15539587000.0,7777759000.0,7777643000.0,8814000.0,13891335000.0,6433993000.0,28111786000.0,1
2024-06-03,1083203.0,1112638.0,1083203.0,1106751.0,33856.0,11684320000.0,557135000.0,12006975000.0,13351269000.0,4968486000.0,342776000.0,6523013000.0,25765425000.0,37599700000.0,1
2024-06-04,1097921.0,1114110.0,1097921.0,1108223.0,22476.0,12176627000.0,1337359000.0,9126474000.0,14766483000.0,4414907000.0,70549000.0,24407230000.0,8514256000.0,37406940000.0,1
2024-06-05,1114110.0,1139130.0,1105280.0,1118525.0,43844.0,6410305000.0,867310000.0,8923653000.0,8744291000.0,6222083000.0,148785000.0,8053793000.0,10520898000.0,24945560000.0,1
2024-06-07,1121469.0,1131771.0,1099393.0,1103808.0,39173.0,7963198000.0,623763000.0,11969345000.0,28628918000.0,8695940000.0,140908000.0,23616788000.0,16731587000.0,49185223000.0,1
2024-06-10,1092034.0,1092034.0,1078788.0,1083203.0,46251.0,8341246000.0,93527000.0,17535386000.0,17424347000.0,10588318000.0,9032000.0,7556570000.0,25240586000.0,43394507000.0,1
2024-06-11,1089090.0,1111167.0,1087619.0,1089090.0,32839.0,2122986000.0,650667000.0,28834890000.0,18504647000.0,19902171000.0,107447000.0,7968436000.0,22135134000.0,50113188000.0,1
2024-06-12,1090562.0,1103808.0,1083203.0,1092034.0,40608.0,8824609000.0,310776000.0,12586881000.0,14331957000.0,5622092000.0,34998000.0,16907366000.0,13489767000.0,36054225000.0,1
2024-06-13,1093506.0,1111167.0,1083203.0,1083203.0,64956.0,12935680000.0,142469000.0,11687816000.0,19731698000.0,14641455000.0,44785000.0,10443952000.0,19367470000.0,44497660000.0,1
2024-06-14,1083203.0,1087619.0,1078788.0,1084675.0,34823.0,16554115000.0,216794000.0,27810443000.0,26344112000.0,34466836000.0,23204000.0,15261300000.0,21174122000.0,70925470000.0,1
2024-06-17,1081732.0,1084675.0,1074373.0,1083203.0,25445.0,2860610000.0,397044000.0,18181110000.0,16240929000.0,22408534000.0,61763000.0,8120992000.0,7088405000.0,37679694000.0,1
2024-06-18,1087619.0,1094977.0,1078788.0,1089090.0,31469.0,2572505000.0,1557384000.0,14346430000.0,8950172000.0,9056263000.0,191146000.0,9821289000.0,8357793000.0,27426490000.0,1
2024-06-19,1097921.0,1112638.0,1092034.0,1111167.0,37805.0,8802152000.0,287839000.0,10512593000.0,14656242000.0,10079570000.0,284102000.0,16805190000.0,7089964000.0,34258825000.0,1
2024-06-20,1108223.0,1112638.0,1099393.0,1099393.0,22548.0,11953731000.0,160161000.0,11062822000.0,18631560000.0,6798441000.0,109648000.0,24065501000.0,10834683000.0,41808273000.0,1
2024-06-21,1099393.0,1105280.0,1086147.0,1103808.0,42096.0,4280473000.0,202282000.0,9346886000.0,11038545000.0,8165787000.0,297946000.0,6098613000.0,10305840000.0,24868186000.0,1
2024-06-24,1099393.0,1100864.0,1080260.0,1080260.0,31211.0,3348651000.0,122874000.0,13198009000.0,29490980000.0,13195965000.0,206115000.0,10165548000.0,22592887000.0,46160515000.0,1
2024-06-25,1089090.0,1089090.0,1077316.0,1086147.0,28769.0,2558670000.0,909550000.0,28386322000.0,2064099000.0,15104821000.0,0.0,6669679000.0,12144142000.0,33918642000.0,1
2024-06-26,1086147.0,1087619.0,1071429.0,1072901.0,43500.0,5655977000.0,132898000.0,14382578000.0,10985966000.0,5585333000.0,203341000.0,9738614000.0,15630131000.0,31157418000.0,1
2024-06-27,1067014.0,1078788.0,1062599.0,1077316.0,33423.0,2843200000.0,410555000.0,32104598000.0,11403888000.0,22433188000.0,1456000.0,7281955000.0,17045643000.0,46762242000.0,1
2024-06-28,1077316.0,1080260.0,1065542.0,1069958.0,51640.0,5100008000.0,170911000.0,13440489000.0,17079803000.0,13869133000.0,130219000.0,9096306000.0,12695553000.0,35791213000.0,1
2024-07-01,1069958.0,1131771.0,1067014.0,1117054.0,99739.0,5113182000.0,2620203000.0,20290826000.0,27184243000.0,15633186000.0,147687000.0,6378368000.0,33049215000.0,55208456000.0,1
2024-07-02,1112638.0,1199471.0,1108223.0,1192113.0,211129.0,25520472000.0,32219000.0,17358160000.0,67561010000.0,9411496000.0,916018000.0,79145540000.0,20998806000.0,110471860000.0,1
2024-07-03,1184754.0,1203886.0,1165621.0,1192113.0,106277.0,78060634000.0,2429802000.0,77463490000.0,87145410000.0,27010814000.0,2377033000.0,171624890000.0,44086590000.0,245099330000.0,1
2024-07-04,1192113.0,1192113.0,1170036.0,1181810.0,49531.0,30928828000.0,703092000.0,32060324000.0,62194040000.0,16079257000.0,1312225000.0,69922140000.0,38572667000.0,125886280000.0,1
2024-07-05,1189169.0,1189169.0,1174452.0,1181810.0,42835.0,15913421000.0,87106000.0,16946782000.0,25443130000.0,13598605000.0,2052941000.0,26003403000.0,16735489000.0,58390438000.0,1
2024-07-08,1186226.0,1189169.0,1153847.0,1165621.0,54928.0,14487862000.0,74667000.0,12942032000.0,23159376000.0,12840337000.0,929144000.0,19194309000.0,17700147000.0,50663936000.0,1
2024-07-09,1171508.0,1189169.0,1164149.0,1171508.0,37331.0,3074748000.0,646992000.0,27761890000.0,32622640000.0,12095216000.0,2037657000.0,24188752000.0,25784646000.0,64106270000.0,1
2024-07-10,1171508.0,1199471.0,1165621.0,1187697.0,55315.0,7424832000.0,133556000.0,15214500000.0,21039798000.0,12341692000.0,437457000.0,16624227000.0,14409311000.0,43812688000.0,1
2024-07-11,1198000.0,1211245.0,1184754.0,1199471.0,56036.0,13103289000.0,403569000.0,15936912000.0,36144040000.0,9158757000.0,1951032000.0,37887810000.0,16590214000.0,65587814000.0,1
2024-07-12,1199471.0,1214189.0,1196528.0,1211245.0,58794.0,18664820000.0,43855000.0,16658922000.0,31721368000.0,15156713000.0,384044000.0,28762941000.0,22785266000.0,67088966000.0,1
2024-07-15,1221547.0,1224491.0,1200943.0,1205358.0,42489.0,17326858000.0,128577000.0,20286505000.0,33295978000.0,7598584000.0,4411968000.0,45615174000.0,13412194000.0,71037920000.0,1
2024-07-16,1214189.0,1217132.0,1200943.0,1212717.0,34693.0,10790639000.0,51796000.0,13922300000.0,26663916000.0,9747537000.0,722198000.0,19580813000.0,21378101000.0,51428650000.0,1
2024-07-17,1203886.0,1264228.0,1203886.0,1252454.0,118912.0,3977388000.0,96889000.0,14437330000.0,23388410000.0,12567859000.0,746654000.0,14234921000.0,14350582000.0,41900016000.0,1
2024-07-18,1250982.0,1259813.0,1239208.0,1250982.0,64545.0,47215770000.0,1379338000.0,48504670000.0,50975265000.0,13978694000.0,7126493000.0,106928680000.0,20041177000.0,148075040000.0,1
2024-07-19,1239208.0,1242152.0,1208302.0,1228906.0,47051.0,28451580000.0,328725000.0,22396850000.0,29547600000.0,10611638000.0,2036587000.0,32933427000.0,35143102000.0,80724754000.0,1
2024-07-22,1225963.0,1261285.0,1215660.0,1248039.0,83607.0,13970089000.0,534017000.0,21407195000.0,21745797000.0,8027742000.0,248209000.0,21122767000.0,28258382000.0,57657100000.0,1
2024-07-23,1253926.0,1273058.0,1243624.0,1248039.0,49844.0,32603605000.0,659280000.0,33505266000.0,37593150000.0,10977440000.0,1604293000.0,44966265000.0,46813303000.0,104361300000.0,1
2024-07-24,1243624.0,1309852.0,1230378.0,1299550.0,184557.0,10354564000.0,207667000.0,23298470000.0,28629213000.0,11559747000.0,189614000.0,26418460000.0,24322093000.0,62489915000.0,1
2024-07-25,1295135.0,1309852.0,1262756.0,1281889.0,129616.0,84836024000.0,3102182000.0,80952210000.0,69468400000.0,24920269000.0,5787599000.0,165711380000.0,41939575000.0,238358820000.0,1
2024-07-26,1284832.0,1367250.0,1283361.0,1346646.0,169198.0,17992587000.0,766452000.0,69732160000.0,78118380000.0,46448170000.0,1599535000.0,66749110000.0,51812760000.0,166609580000.0,1
2024-07-29,1352533.0,1398157.0,1346646.0,1383439.0,98759.0,45569495000.0,1145900000.0,79315530000.0,100275520000.0,32040067000.0,5319597000.0,150411100000.0,38535680000.0,226306440000.0,1
2024-07-30,1383439.0,1412874.0,1365778.0,1379024.0,98385.0,25109633000.0,419175000.0,36303790000.0,74290180000.0,22473440000.0,2193012000.0,64442680000.0,47013640000.0,136122770000.0,1
2024-07-31,1390798.0,1405515.0,1361363.0,1380496.0,73659.0,20749167000.0,1157483000.0,58878358000.0,55451415000.0,18781100000.0,7171159000.0,62424400000.0,47859760000.0,136236420000.0,1
2024-08-01,1365778.0,1365778.0,1326041.0,1361363.0,98481.0,16596927000.0,471216000.0,34385932000.0,50246955000.0,22151821000.0,573975000.0,51215413000.0,27759825000.0,101701030000.0,1
2024-08-02,1342230.0,1364307.0,1328985.0,1340759.0,68700.0,15331019000.0,1061867000.0,55171965000.0,60796465000.0,37478760000.0,780127000.0,62644363000.0,31458060000.0,132361314000.0,1
2024-08-05,1321626.0,1359891.0,1255398.0,1309852.0,170890.0,9784508000.0,399013000.0,41294393000.0,41067410000.0,20277885000.0,1331492000.0,52711310000.0,18224636000.0,92545330000.0,1
2024-08-06,1358420.0,1381968.0,1326041.0,1365778.0,130081.0,36841173000.0,1437204000.0,92300470000.0,94621080000.0,45708620000.0,1451655000.0,109714080000.0,68325570000.0,225199930000.0,1
2024-08-07,1364307.0,1440837.0,1361363.0,1412874.0,190855.0,28650834000.0,748878000.0,61539942000.0,86218590000.0,28728721000.0,2039463000.0,84689930000.0,61700130000.0,177158240000.0,1
2024-08-08,1412874.0,1437894.0,1390798.0,1433479.0,91630.0,44118053000.0,2658016000.0,122413530000.0,100626390000.0,28613517000.0,5688909000.0,173880700000.0,61632860000.0,269816000000.0,1
2024-08-09,1443781.0,1451140.0,1405515.0,1412874.0,69187.0,29572747000.0,618214000.0,56007094000.0,44071285000.0,22150599000.0,1140435000.0,61074153000.0,45904150000.0,130269340000.0,1
2024-08-12,1415818.0,1433479.0,1389326.0,1398157.0,55811.0,10935824000.0,294275000.0,53453960000.0,33683108000.0,23650425000.0,427500000.0,50837946000.0,23451294000.0,98367170000.0,1
2024-08-13,1389326.0,1396685.0,1361363.0,1381968.0,59148.0,8965642000.0,448413000.0,49584652000.0,19421782000.0,12612040000.0,1356570000.0,45054560000.0,19397320000.0,78420484000.0,1
2024-08-14,1384911.0,1384911.0,1342230.0,1371665.0,79950.0,8646589000.0,324906000.0,42162030000.0,30434101000.0,15544585000.0,140168000.0,37519577000.0,28363295000.0,81567620000.0,1
2024-08-16,1383439.0,1387855.0,1361363.0,1370194.0,65639.0,6456502000.0,1104496000.0,70104056000.0,31009976000.0,20609073000.0,1402572000.0,52836440000.0,33826943000.0,108675030000.0,1
2024-08-19,1373137.0,1404044.0,1356948.0,1368722.0,72486.0,13051805000.0,7996078000.0,43011068000.0,25905742000.0,14178994000.0,333371000.0,44189393000.0,31262937000.0,89964690000.0,1
2024-08-20,1370194.0,1374609.0,1327513.0,1334872.0,83298.0,12320784000.0,760647000.0,59633816000.0,27394957000.0,16316706000.0,379332000.0,54168695000.0,29245473000.0,100110205000.0,1
2024-08-21,1343702.0,1395213.0,1343702.0,1395213.0,102231.0,12747878000.0,1014882000.0,74693370000.0,23344916000.0,26116047000.0,1147385000.0,65791300000.0,18746317000.0,111801050000.0,1
2024-08-22,1392270.0,1420233.0,1377552.0,1405515.0,82782.0,28239716000.0,386929000.0,45408272000.0,66159320000.0,16978323000.0,830683000.0,94654140000.0,27731096000.0,140194230000.0,1
2024-08-23,1405515.0,1418761.0,1395213.0,1408459.0,35156.0,23777098000.0,1417213000.0,39614390000.0,51434820000.0,14483931000.0,524292000.0,70754705000.0,30480593000.0,116243520000.0,1
2024-08-26,1418761.0,1418761.0,1395213.0,1415818.0,29660.0,12843670000.0,39221000.0,17321763000.0,19237577000.0,5275458000.0,43011000.0,31399037000.0,12724724000.0,49442230000.0,1
2024-08-27,1423176.0,1479103.0,1423176.0,1432007.0,162005.0,12557445000.0,128100000.0,17109932000.0,12011123000.0,7042083000.0,481786000.0,25255188000.0,9027543000.0,41806600000.0,1
2024-08-28,1440837.0,1477631.0,1433479.0,1458498.0,116310.0,30448468000.0,682551000.0,107445215000.0,97244050000.0,25740060000.0,3068934000.0,159755030000.0,47256265000.0,235820290000.0,1
2024-08-29,1458498.0,1464385.0,1404044.0,1406987.0,72310.0,30036677000.0,1228136000.0,61213390000.0,77580110000.0,20502802000.0,2971267000.0,105779120000.0,40805126000.0,170058320000.0,1
2024-08-30,1406987.0,1454083.0,1406987.0,1442309.0,59522.0,19148257000.0,981543000.0,69571680000.0,13506628000.0,23335868000.0,1534008000.0,48890036000.0,29448196000.0,103208110000.0,1
2024-09-02,1457027.0,1458498.0,1405515.0,1420233.0,37077.0,28578884000.0,215452000.0,25690792000.0,30953521000.0,10526558000.0,144650000.0,39872627000.0,34894815000.0,85438650000.0,1
2024-09-03,1421705.0,1440837.0,1411402.0,1414346.0,32673.0,10703978000.0,242224000.0,30914896000.0,10965252000.0,13162455000.0,357276000.0,25837510000.0,13469109000.0,52826350000.0,1
2024-09-04,1383439.0,1401100.0,1374609.0,1392270.0,55408.0,8658023000.0,138692000.0,21922260000.0,15672389000.0,8886509000.0,337628000.0,22143200000.0,15024029000.0,46391366000.0,1
2024-09-05,1395213.0,1404044.0,1356948.0,1376081.0,63171.0,14049046000.0,223153000.0,28987271000.0,33671920000.0,16859776000.0,929102000.0,39495270000.0,19647242000.0,76931390000.0,1
2024-09-06,1376081.0,1432007.0,1367250.0,1420233.0,83932.0,15428512000.0,767434000.0,39464075000.0,31294650000.0,19588905000.0,648669000.0,39292540000.0,27424560000.0,86954670000.0,1
2024-09-09,1401100.0,1432007.0,1398157.0,1420233.0,37119.0,33483860000.0,559810000.0,40883520000.0,42431988000.0,12310823000.0,192560000.0,51731760000.0,53124035000.0,117359170000.0,1
2024-09-10,1432007.0,1486461.0,1426120.0,1465857.0,118221.0,15774981000.0,6741000.0,19925121000.0,16923952000.0,9344079000.0,121062000.0,24674654000.0,18491000000.0,52630794000.0,1
2024-09-11,1474687.0,1492348.0,1427592.0,1443781.0,76637.0,21455868000.0,237341000.0,64648690000.0,86452180000.0,22995866000.0,3314496000.0,115701190000.0,30782534000.0,172794090000.0,1
2024-09-12,1452611.0,1452611.0,1423176.0,1429063.0,64158.0,20728846000.0,162315000.0,47093710000.0,43825582000.0,17873523000.0,363919000.0,50552185000.0,43020830000.0,111810450000.0,1
2024-09-13,1442309.0,1465857.0,1427592.0,1457027.0,48379.0,22895956000.0,210940000.0,38955307000.0,29839176000.0,36921380000.0,973091000.0,27884968000.0,26121940000.0,91901380000.0,1
2024-09-19,1490877.0,1545331.0,1480574.0,1543859.0,151338.0,24229230000.0,945485000.0,26315280000.0,18770446000.0,14337596000.0,742068000.0,40531284000.0,14649496000.0,70260440000.0,1
2024-09-20,1540916.0,1564464.0,1526199.0,1560049.0,103527.0,34532660000.0,1316452000.0,65579414000.0,130279040000.0,20749507000.0,6222913000.0,156048420000.0,48686727000.0,231707570000.0,1
2024-09-23,1557105.0,1613031.0,1546803.0,1599786.0,107393.0,23575052000.0,737981000.0,40953635000.0,95012920000.0,24536932000.0,2173792000.0,63330510000.0,70238350000.0,160279580000.0,1
2024-09-24,1596842.0,1605673.0,1561520.0,1592427.0,71362.0,15770964000.0,1286502000.0,61687677000.0,91948810000.0,25507295000.0,11851737000.0,90585250000.0,42749670000.0,170693950000.0,1
2024-09-25,1615975.0,1632164.0,1524727.0,1540916.0,97850.0,17208367000.0,543339000.0,31846801000.0,63537807000.0,30477610000.0,582527000.0,38725790000.0,43350390000.0,113136320000.0,1
2024-09-26,1540916.0,1552690.0,1515896.0,1548275.0,61537.0,19708938000.0,278238000.0,61123670000.0,73129040000.0,46649110000.0,1583744000.0,63320297000.0,42686740000.0,154239900000.0,1
2024-09-27,1540916.0,1542388.0,1451140.0,1451140.0,146499.0,24893608000.0,180436000.0,40553220000.0,28977525000.0,35071914000.0,2200063000.0,35224453000.0,22108357000.0,94604790000.0,1
2024-09-30,1448196.0,1476159.0,1432007.0,1437894.0,87361.0,16594580000.0,1223901000.0,152411420000.0,46515843000.0,57231553000.0,1630358000.0,81386200000.0,76497640000.0,216745750000.0,1
2024-10-02,1432007.0,1449668.0,1409931.0,1437894.0,64141.0,18798375000.0,527709000.0,46651180000.0,60694225000.0,16905903000.0,1985791000.0,50325352000.0,57454445000.0,126671490000.0,1
2024-10-04,1454083.0,1495292.0,1440837.0,1470272.0,94228.0,12753143000.0,339598000.0,32789996000.0,46141110000.0,21604640000.0,805528000.0,35744244000.0,33869433000.0,92023850000.0,1
2024-10-07,1480574.0,1482046.0,1457027.0,1473216.0,46597.0,38104617000.0,541116000.0,48712370000.0,52003262000.0,16015813000.0,1542226000.0,65838907000.0,55964420000.0,139361370000.0,1
2024-10-08,1462914.0,1484990.0,1459970.0,1477631.0,36196.0,11769154000.0,1056425000.0,27787274000.0,27834268000.0,16928594000.0,272431000.0,21116543000.0,30129551000.0,68447120000.0,1
2024-10-10,1484990.0,1520312.0,1464385.0,1464385.0,60452.0,16835523000.0,374710000.0,20152613000.0,15992437000.0,17484499000.0,798495000.0,24420837000.0,10651451000.0,53355282000.0,1
2024-10-11,1487933.0,1520312.0,1459970.0,1507066.0,65952.0,24505115000.0,525475000.0,38280880000.0,26247188000.0,31363381000.0,445914000.0,34131818000.0,23617542000.0,89558655000.0,1
2024-10-14,1507066.0,1526199.0,1496764.0,1524727.0,48682.0,23547922000.0,196410000.0,39269618000.0,35874804000.0,19548105000.0,464120000.0,64766910000.0,14109617000.0,98888750000.0,1
2024-10-15,1523255.0,1613031.0,1515896.0,1592427.0,90675.0,16881715000.0,212473000.0,28604074000.0,28041732000.0,12007211000.0,427965000.0,38131196000.0,23173622000.0,73739990000.0,1
2024-10-16,1576238.0,1592427.0,1554162.0,1555633.0,49898.0,43048235000.0,2352673000.0,49244730000.0,47980840000.0,18359464000.0,2289472000.0,95992005000.0,25985536000.0,142626470000.0,1
2024-10-17,1557105.0,1564464.0,1498235.0,1510009.0,58184.0,21915599000.0,682410000.0,32387465000.0,23453532000.0,20249199000.0,875449000.0,33521950000.0,23792409000.0,78439010000.0,1
2024-10-18,1520312.0,1577710.0,1508538.0,1560049.0,55401.0,14829707000.0,1301142000.0,51251794000.0,21046895000.0,20676166000.0,290178000.0,28159910000.0,39303287000.0,88429535000.0,1
2024-10-21,1574766.0,1624805.0,1567407.0,1605673.0,92314.0,22447950000.0,760751000.0,39011336000.0,23648768000.0,14749329000.0,4907775000.0,51844264000.0,14367434000.0,85868810000.0,1
2024-10-22,1596842.0,1638051.0,1552690.0,1558577.0,97266.0,37153493000.0,804823000.0,56892383000.0,53541204000.0,20470740000.0,9074803000.0,79171570000.0,39674794000.0,148391900000.0,1
2024-10-23,1574766.0,1611560.0,1551218.0,1558577.0,68732.0,34958960000.0,1964991000.0,81303460000.0,35443786000.0,30530890000.0,3366317000.0,80323140000.0,39450845000.0,153671200000.0,1
2024-10-24,1564464.0,1568879.0,1502651.0,1532085.0,71765.0,23448711000.0,620674000.0,58204217000.0,25850993000.0,19008072000.0,697451000.0,58763768000.0,29655304000.0,108124594000.0,1
2024-10-25,1527670.0,1592427.0,1502651.0,1561520.0,57832.0,14606502000.0,573507000.0,54698750000.0,40095060000.0,27880485000.0,238058000.0,42281780000.0,39573496000.0,109973815000.0,1
2024-10-28,1570351.0,1586540.0,1540916.0,1557105.0,41166.0,15114270000.0,429502000.0,43600390000.0,31168735000.0,11989726000.0,1114413000.0,56107086000.0,21101670000.0,90312890000.0,1
2024-10-29,1555633.0,1588012.0,1532085.0,1540916.0,36206.0,13196300000.0,289648000.0,31724046000.0,19015820000.0,16776079000.0,685802000.0,24851340000.0,21912592000.0,64225812000.0,1
2024-10-30,1524727.0,1539444.0,1499707.0,1517368.0,44096.0,6370219000.0,393993000.0,31710237000.0,17841523000.0,11459015000.0,511455000.0,24366985000.0,19978516000.0,56315974000.0,1
2024-10-31,1515896.0,1515896.0,1471744.0,1474687.0,61497.0,9132455000.0,492608000.0,35665207000.0,21444073000.0,9987154000.0,426967000.0,26881143000.0,29439082000.0,66734346000.0,1
2024-11-01,1464385.0,1487933.0,1464385.0,1468800.0,29041.0,14870800000.0,639330000.0,50132200000.0,25522237000.0,12576152000.0,285682000.0,23797529000.0,54505210000.0,91164570000.0,1
2024-11-04,1471744.0,1496764.0,1452611.0,1496764.0,55322.0,6937291000.0,368311000.0,20389118000.0,15156058000.0,7418642000.0,189840000.0,17428675000.0,17813620000.0,42850775000.0,1
2024-11-05,1493820.0,1520312.0,1479103.0,1483518.0,42838.0,20615301000.0,946777000.0,29785743000.0,30814010000.0,10832887000.0,146765000.0,38232830000.0,32949350000.0,82161840000.0,1
2024-11-06,1490877.0,1530614.0,1468800.0,1510009.0,70571.0,3977169000.0,588365000.0,22416499000.0,37022980000.0,10881365000.0,148478000.0,18751800000.0,34223368000.0,64005010000.0,1
2024-11-07,1495292.0,1515896.0,1426120.0,1464385.0,86168.0,31119921000.0,1953754000.0,42992763000.0,29386540000.0,10405466000.0,610936000.0,44141855000.0,50294720000.0,105452980000.0,1
2024-11-08,1476159.0,1492348.0,1468800.0,1477631.0,44384.0,24654068000.0,1708724000.0,78279840000.0,21160798000.0,20354773000.0,1778198000.0,51279303000.0,52391158000.0,125803430000.0,1
2024-11-11,1470272.0,1498235.0,1451140.0,1482046.0,57848.0,13342776000.0,303979000.0,19940764000.0,32061670000.0,7300549000.0,372990000.0,37249765000.0,20725885000.0,65649190000.0,1
2024-11-12,1473216.0,1487933.0,1443781.0,1452611.0,55856.0,26000220000.0,3726325000.0,24944468000.0,30929625000.0,11619344000.0,402990000.0,33993914000.0,39584387000.0,85600630000.0,1
2024-11-13,1439366.0,1452611.0,1393742.0,1398157.0,61538.0,22622724000.0,291726000.0,41300107000.0,17215690000.0,20942762000.0,2099195000.0,32519096000.0,25869195000.0,81430250000.0,1
2024-11-14,1399628.0,1430535.0,1387855.0,1408459.0,52483.0,16464043000.0,387807000.0,43094530000.0,27297489000.0,21982560000.0,2318219000.0,44552840000.0,18390245000.0,87243870000.0,1
2024-11-15,1406987.0,1418761.0,1367250.0,1379024.0,191313.0,27825530000.0,190059000.0,20519210000.0,25510693000.0,16337695000.0,1145486000.0,26287501000.0,30274810000.0,74045490000.0,1
2024-11-18,1346646.0,1371665.0,1334872.0,1348117.0,60267.0,9673529000.0,449904000.0,33611108000.0,207390200000.0,10342752000.0,471112000.0,26827717000.0,213483160000.0,251124740000.0,1
2024-11-19,1349589.0,1379024.0,1349589.0,1352533.0,50844.0,10858569000.0,935333000.0,38306468000.0,31355742000.0,15901300000.0,161016000.0,27031310000.0,38362485000.0,81456110000.0,1
2024-11-20,1386383.0,1402572.0,1346646.0,1380496.0,64004.0,19576422000.0,1327501000.0,30997078000.0,17331315000.0,12398544000.0,27732000.0,19941958000.0,36864080000.0,69232320000.0,1
2024-11-21,1389326.0,1417289.0,1371665.0,1371665.0,88916.0,21792380000.0,664493000.0,38661636000.0,26955057000.0,13935566000.0,463587000.0,33402243000.0,40272170000.0,88073570000.0,1
2024-11-22,1381968.0,1381968.0,1362835.0,1374609.0,54267.0,23043561000.0,10125899000.0,40089633000.0,50511913000.0,18117272000.0,264177000.0,33440684000.0,71948880000.0,123771010000.0,1
2024-11-25,1384911.0,1412874.0,1373137.0,1409931.0,75827.0,8435532000.0,345493000.0,19045632000.0,46573085000.0,9465637000.0,92311000.0,18887506000.0,45954290000.0,74399740000.0,1
2024-11-26,1396685.0,1405515.0,1355476.0,1367250.0,61021.0,18282326000.0,417425000.0,18735070000.0,68850670000.0,10764855000.0,1192436000.0,27540552000.0,66787650000.0,106285500000.0,1
2024-11-27,1370194.0,1406987.0,1367250.0,1402572.0,56715.0,10045463000.0,994599000.0,41243440000.0,31313410000.0,22361825000.0,17646000.0,16907403000.0,44310040000.0,83596910000.0,1
2024-11-28,1409931.0,1471744.0,1393742.0,1471744.0,82339.0,29266776000.0,560793000.0,11221072000.0,38029900000.0,13992319000.0,550339000.0,36640640000.0,27895243000.0,79078540000.0,1
2024-11-29,1474687.0,1482046.0,1432007.0,1434950.0,56561.0,30887746000.0,662848000.0,25574648000.0,62650466000.0,12427778000.0,1853910000.0,67721940000.0,37772080000.0,119775710000.0,1
2024-12-02,1454083.0,1464385.0,1420233.0,1429063.0,34571.0,21872474000.0,814929000.0,24204204000.0,35119400000.0,12181217000.0,347244000.0,20508727000.0,48973816000.0,82011005000.0,1
2024-12-03,1446724.0,1458498.0,1418761.0,1423176.0,57990.0,15887463000.0,95313000.0,16478039000.0,17299300000.0,12686117000.0,127369000.0,20695908000.0,16250722000.0,49760117000.0,1
2024-12-04,1402572.0,1429063.0,1384911.0,1414346.0,61444.0,17356804000.0,387915000.0,25627195000.0,39778173000.0,20247788000.0,450235000.0,18858224000.0,43593843000.0,83150090000.0,1
2024-12-05,1418761.0,1443781.0,1417289.0,1418761.0,31998.0,15337914000.0,831691000.0,26792288000.0,43654780000.0,14313241000.0,300641000.0,37136855000.0,34865930000.0,86616670000.0,1
2024-12-06,1427592.0,1448196.0,1406987.0,1415818.0,53803.0,10140168000.0,42994000.0,16318175000.0,19166093000.0,14362682000.0,26097000.0,17325031000.0,13953621000.0,45667430000.0,1
2024-12-09,1386383.0,1434950.0,1384911.0,1402572.0,80637.0,29902492000.0,435410000.0,20304419000.0,25888473000.0,14511900000.0,966506000.0,28634327000.0,32418058000.0,76530794000.0,1
2024-12-10,1415818.0,1421705.0,1392270.0,1411402.0,58487.0,29371255000.0,389417000.0,18544077000.0,65327970000.0,34296297000.0,535209000.0,34503050000.0,44298160000.0,113632715000.0,1
2024-12-11,1405515.0,1420233.0,1392270.0,1396685.0,46760.0,15459458000.0,376249000.0,23828294000.0,42644443000.0,17032744000.0,426531000.0,19721849000.0,45127320000.0,82308440000.0,1
2024-12-12,1405515.0,1442309.0,1389326.0,1409931.0,82139.0,11496867000.0,29516000.0,24614701000.0,29600442000.0,15725222000.0,242533000.0,35746697000.0,14027074000.0,65741525000.0,1
2024-12-13,1411402.0,1464385.0,1398157.0,1451140.0,52191.0,30813342000.0,167737000.0,35943900000.0,49199297000.0,33350476000.0,265641000.0,44506636000.0,38001520000.0,116124280000.0,1
2024-12-16,1467329.0,1471744.0,1440837.0,1470272.0,44392.0,18240078000.0,423127000.0,19289088000.0,37344440000.0,16603556000.0,817395000.0,44533090000.0,13342694000.0,75296735000.0,1
2024-12-17,1467329.0,1470272.0,1432007.0,1433479.0,41106.0,14300214000.0,252065000.0,16830579000.0,33542963000.0,9983669000.0,104626000.0,26582012000.0,28255515000.0,64925820000.0,1
2024-12-18,1439366.0,1451140.0,1421705.0,1442309.0,27726.0,10457964000.0,735959000.0,25091424000.0,23138517000.0,9131258000.0,48443000.0,12243240000.0,38000923000.0,59423867000.0,1
2024-12-19,1420233.0,1442309.0,1405515.0,1409931.0,48483.0,14675390000.0,318696000.0,13320665000.0,11619302000.0,6949921000.0,4104230000.0,15727147000.0,13152755000.0,39934054000.0,1
2024-12-20,1393742.0,1395213.0,1336343.0,1381968.0,68259.0,13321244000.0,6466345000.0,33866619000.0,15016503000.0,22054885000.0,181189000.0,22937856000.0,23496780000.0,68670710000.0,1
2024-12-23,1392270.0,1406987.0,1383439.0,1396685.0,22601.0,13373689000.0,3169229000.0,37002070000.0,40004215000.0,17559560000.0,1860120000.0,30993033000.0,43136487000.0,93549200000.0,1
2024-12-24,1402572.0,1409931.0,1368722.0,1380496.0,27583.0,11079538000.0,5699000.0,9853713000.0,10640329000.0,7907963000.0,946916000.0,14603184000.0,8121216000.0,31579280000.0,1
2024-12-26,1380496.0,1401100.0,1373137.0,1379024.0,25527.0,6187556000.0,266340000.0,18406136000.0,13367224000.0,7651711000.0,8516088000.0,10785019000.0,11274437000.0,38227255000.0,1
2024-12-27,1373137.0,1383439.0,1354004.0,1374609.0,23955.0,7213521000.0,273153000.0,13538497000.0,14277371000.0,11025222000.0,5227848000.0,15482824000.0,3566648000.0,35302543000.0,1
2024-12-30,1376081.0,1426120.0,1371665.0,1396685.0,35402.0,6478767000.0,1354004000.0,14313370000.0,10650239000.0,8687058000.0,79814000.0,17719970000.0,6309539000.0,32796380000.0,1
2025-01-02,1398157.0,1401100.0,1359891.0,1374609.0,37311.0,12336587000.0,738939000.0,9390077000.0,27364987000.0,5527131000.0,1225334000.0,26965068000.0,16113057000.0,49830590000.0,1
2025-01-03,1374609.0,1399628.0,1371665.0,1383439.0,29945.0,6028731000.0,1033416000.0,33520929000.0,10725889000.0,11672875000.0,209344000.0,9022930000.0,30403815000.0,51308966000.0,1
2025-01-06,1383439.0,1395213.0,1371665.0,1392270.0,30461.0,9336387000.0,283928000.0,18785820000.0,13010319000.0,9954927000.0,148279000.0,16389844000.0,14923404000.0,41416454000.0,1
2025-01-07,1399628.0,1479103.0,1398157.0,1446724.0,103052.0,9392880000.0,568384000.0,17700670000.0,14550338000.0,9088564000.0,93901000.0,17671696000.0,15358111000.0,42212270000.0,1
2025-01-08,1458498.0,1487933.0,1455555.0,1483518.0,72806.0,23816927000.0,1094346000.0,41013354000.0,84339380000.0,16504242000.0,2037098000.0,95908250000.0,35814410000.0,150264000000.0,1
2025-01-09,1471744.0,1492348.0,1459970.0,1480574.0,33836.0,36294304000.0,642075000.0,21220071000.0,49549250000.0,13755637000.0,2622002000.0,59726440000.0,31601623000.0,107705704000.0,1
2025-01-10,1473216.0,1501179.0,1470272.0,1471744.0,28759.0,23007564000.0,793933000.0,13426215000.0,12863445000.0,14622175000.0,252884000.0,20531102000.0,14684996000.0,50091155000.0,1
2025-01-13,1480574.0,1536501.0,1479103.0,1489405.0,49167.0,18445017000.0,356811000.0,14754688000.0,9072425000.0,16485784000.0,94950000.0,14417850000.0,11630358000.0,42628940000.0,1
2025-01-14,1543859.0,1562992.0,1498235.0,1507066.0,66565.0,19845196000.0,123509000.0,27187673000.0,26678747000.0,12501120000.0,907972000.0,34081624000.0,26344407000.0,73835130000.0,1
2025-01-15,1524727.0,1539444.0,1501179.0,1501179.0,48585.0,21853852000.0,720097000.0,43670905000.0,34801426000.0,16751283000.0,648624000.0,44593775000.0,39052600000.0,101046280000.0,1
2025-01-16,1511481.0,1549746.0,1511481.0,1533557.0,58548.0,11319167000.0,939924000.0,20859187000.0,40656080000.0,10937166000.0,884822000.0,30450975000.0,31501398000.0,73774360000.0,1
2025-01-17,1524727.0,1527670.0,1493820.0,1493820.0,32426.0,23038149000.0,224063000.0,18729271000.0,47675744000.0,15006393000.0,3500442000.0,45152670000.0,26007722000.0,89667230000.0,1
2025-01-20,1504122.0,1515896.0,1490877.0,1493820.0,26393.0,14193910000.0,236394000.0,24644225000.0,9831084000.0,12874748000.0,523952000.0,12644924000.0,22861990000.0,48905613000.0,1
2025-01-21,1505594.0,1511481.0,1471744.0,1473216.0,31093.0,9389551000.0,108101000.0,12810851000.0,17277862000.0,6789635000.0,130777000.0,12313765000.0,20352186000.0,39586365000.0,1
2025-01-22,1487933.0,1526199.0,1479103.0,1492348.0,45370.0,10211241000.0,234130000.0,20203112000.0,15554775000.0,7811986000.0,524860000.0,16133928000.0,21732485000.0,46203260000.0,1
2025-01-23,1505594.0,1586540.0,1504122.0,1549746.0,109125.0,22182232000.0,201665000.0,23975709000.0,21665917000.0,13788001000.0,563585000.0,31549008000.0,22124930000.0,68025524000.0,1
2025-01-24,1577710.0,1607144.0,1564464.0,1599786.0,72583.0,27687358000.0,1352475000.0,41300906000.0,99550910000.0,18163466000.0,5940349000.0,95892930000.0,49894910000.0,169891660000.0,1
2025-01-31,1611560.0,1618918.0,1568879.0,1590955.0,56182.0,29399230000.0,266605000.0,23851354000.0,61990800000.0,10657092000.0,1097280000.0,54940160000.0,48813460000.0,115507995000.0,1
2025-02-03,1570351.0,1611560.0,1524727.0,1611560.0,68729.0,19166374000.0,417171000.0,21547135000.0,48259224000.0,13301545000.0,176565000.0,22463633000.0,53448160000.0,89389910000.0,1
2025-02-04,1617447.0,1618918.0,1571823.0,1577710.0,68312.0,22047638000.0,342128000.0,30323378000.0,55621644000.0,16546864000.0,653285000.0,36193790000.0,54940844000.0,108334790000.0,1
2025-02-05,1579181.0,1605673.0,1562992.0,1596842.0,39690.0,18179525000.0,600937000.0,40714035000.0,49219707000.0,19914244000.0,128241000.0,26723095000.0,61948625000.0,108714205000.0,1
2025-02-06,1611560.0,1611560.0,1589484.0,1602729.0,32187.0,22163161000.0,594439000.0,14538752000.0,25749262000.0,11915615000.0,786466000.0,25079724000.0,25263810000.0,63045616000.0,1
2025-02-07,1604201.0,1714582.0,1599786.0,1707223.0,129249.0,12840152000.0,280467000.0,12997701000.0,25380379000.0,9784625000.0,400345000.0,18377716000.0,22936013000.0,51498697000.0,1
2025-02-10,1707223.0,1711638.0,1658656.0,1663071.0,66509.0,29481478000.0,260704000.0,63114785000.0,124119430000.0,19267578000.0,5901665000.0,144424440000.0,47382725000.0,216976410000.0,1
2025-02-11,1663071.0,1746960.0,1663071.0,1727828.0,62046.0,19953887000.0,1042823000.0,39889940000.0,51388674000.0,16873919000.0,142784000.0,30077067000.0,65181557000.0,112275325000.0,1
2025-02-12,1710167.0,1720469.0,1673373.0,1702808.0,58415.0,27679113000.0,1182968000.0,38715646000.0,39408964000.0,17112140000.0,1668915000.0,56237167000.0,31968467000.0,106986690000.0,1
2025-02-13,1713110.0,1745488.0,1693977.0,1735186.0,54349.0,27360733000.0,316300000.0,33098471000.0,38531416000.0,16566824000.0,1328536000.0,23051268000.0,58360290000.0,99306920000.0,1
2025-02-14,1746960.0,1779339.0,1727828.0,1736658.0,64367.0,34021063000.0,123975000.0,21961870000.0,37787976000.0,30135884000.0,121183000.0,30271869000.0,33365946000.0,93894885000.0,1
2025-02-17,1745488.0,1745488.0,1714582.0,1744017.0,31467.0,35083096000.0,298938000.0,37455240000.0,40283087000.0,16151342000.0,3489818000.0,46616736000.0,46862467000.0,113120360000.0,1
2025-02-18,1732243.0,1748432.0,1711638.0,1729299.0,36860.0,12484419000.0,461537000.0,18283560000.0,23322075000.0,9779866000.0,98079000.0,19910478000.0,24763169000.0,54551593000.0,1
2025-02-19,1711638.0,1738130.0,1692506.0,1701336.0,52871.0,20472144000.0,257325000.0,22236223000.0,20760498000.0,13700838000.0,187417000.0,20369175000.0,29468760000.0,63726190000.0,1
2025-02-20,1692506.0,1701336.0,1657184.0,1691034.0,53339.0,21938370000.0,826019000.0,37533460000.0,30131968000.0,18799160000.0,354935000.0,31996545000.0,39279174000.0,90429820000.0,1
2025-02-21,1673373.0,1707223.0,1668958.0,1702808.0,31630.0,16527852000.0,205558000.0,31320574000.0,41492922000.0,24464570000.0,704767000.0,29430569000.0,34947000000.0,89546910000.0,1
2025-02-24,1688090.0,1701336.0,1674845.0,1693977.0,24176.0,11032852000.0,150858000.0,15472267000.0,26864337000.0,13501972000.0,111488000.0,20971921000.0,18934931000.0,53520314000.0,1
2025-02-25,1680732.0,1769036.0,1677788.0,1733714.0,73948.0,6876113000.0,105058000.0,13807332000.0,20031758000.0,12767622000.0,44619000.0,16018998000.0,11989022000.0,40820260000.0,1
2025-02-26,1738130.0,1746960.0,1689562.0,1718997.0,39368.0,17450270000.0,3121809000.0,40390750000.0,67956793000.0,23750871000.0,7107173000.0,62840690000.0,35220890000.0,128919626000.0,1
2025-02-27,1716054.0,1724884.0,1693977.0,1705751.0,24540.0,12594571000.0,662910000.0,28805736000.0,25327788000.0,12790844000.0,220054000.0,20777325000.0,33602785000.0,67391010000.0,1
2025-02-28,1689562.0,1699864.0,1639523.0,1642466.0,68704.0,8849373000.0,570332000.0,15337697000.0,17062306000.0,11928159000.0,50956000.0,10576754000.0,19263838000.0,41819710000.0,1
2025-03-04,1639523.0,1685147.0,1633636.0,1648353.0,30429.0,14718975000.0,378612000.0,40137003000.0,58338110000.0,23630967000.0,566372000.0,26793525000.0,62581838000.0,113572700000.0,1
2025-03-05,1655712.0,1691034.0,1648353.0,1682203.0,35512.0,10021901000.0,91169500.0,16749701000.0,23522290000.0,10978265000.0,568211000.0,20759273000.0,18079312000.0,50385060000.0,1
2025-03-06,1688090.0,1688090.0,1657184.0,1663071.0,29146.0,15888078000.0,320872000.0,16761002000.0,26506203000.0,18242818000.0,109343000.0,21948363000.0,19175630000.0,59476156000.0,1
2025-03-07,1649825.0,1654240.0,1618918.0,1618918.0,33929.0,9703914000.0,505207000.0,15096925000.0,23252263000.0,11084971000.0,46478000.0,7743645000.0,29683214000.0,48558310000.0,1
2025-03-10,1599786.0,1610088.0,1562992.0,1593899.0,43453.0,6889362000.0,476628000.0,28841284000.0,18968695000.0,15457139000.0,376238000.0,17357630000.0,21984963000.0,55175967000.0,1
2025-03-11,1560049.0,1589484.0,1552690.0,1571823.0,31580.0,15272157000.0,107059000.0,19963960000.0,33891877000.0,16824467000.0,528773000.0,14518444000.0,37363368000.0,69235050000.0,1
2025-03-12,1567407.0,1598314.0,1560049.0,1588012.0,37970.0,15397839000.0,497780000.0,14321850000.0,19543511000.0,11832747000.0,622799000.0,12477070000.0,24828363000.0,49760980000.0,1
2025-03-13,1588012.0,1599786.0,1545331.0,1549746.0,75003.0,18727487000.0,11819630000.0,13109076000.0,16541542000.0,17474134000.0,81413000.0,13233896000.0,29408295000.0,60197736000.0,1
2025-03-14,1549746.0,1551218.0,1518840.0,1546803.0,54648.0,28209949000.0,5617245000.0,33563120000.0,49783083000.0,25893960000.0,301069000.0,13704347000.0,77274020000.0,117173395000.0,1
2025-03-17,1562992.0,1573294.0,1545331.0,1573294.0,36598.0,19499454000.0,2766462000.0,22078130000.0,39731970000.0,14261665000.0,153653500.0,15230318000.0,54430380000.0,84076010000.0,1
2025-03-18,1585068.0,1601257.0,1570351.0,1595371.0,30326.0,13454892000.0,341064000.0,15910198000.0,27528540000.0,13146218000.0,81408000.0,20614932000.0,23392135000.0,57234694000.0,1
2025-03-19,1605673.0,1621862.0,1582125.0,1588012.0,26611.0,14078735000.0,110168000.0,13661987000.0,20347107000.0,8714914000.0,70124000.0,21387624000.0,18025335000.0,48197997000.0,1
2025-03-20,1599786.0,1604201.0,1565936.0,1577710.0,29732.0,9578892000.0,1820571000.0,15370392000.0,15619801000.0,11417640000.0,85339000.0,12596497000.0,18290180000.0,42389656000.0,1
2025-03-21,1560049.0,1611560.0,1560049.0,1611560.0,60732.0,11045098000.0,3154537000.0,16483260000.0,16301716000.0,19789730000.0,191918000.0,12264769000.0,14738195000.0,46984614000.0,1
2025-03-24,1596842.0,1602729.0,1580653.0,1586540.0,16060.0,17733057000.0,151745000.0,12088481000.0,67047776000.0,17198393000.0,339658000.0,26149208000.0,53333800000.0,97021060000.0,1
2025-03-25,1585068.0,1593899.0,1561520.0,1580653.0,29289.0,6973478400.0,584681000.0,10519145000.0,7436246500.0,13952981000.0,30380000.0,4948635600.0,6581555000.0,25513552000.0,1
2025-03-26,1585068.0,1589484.0,1555633.0,1577710.0,23979.0,14998633000.0,253274000.0,11119143000.0,19773110000.0,15066803000.0,76109000.0,7886112300.0,23115135000.0,46144160000.0,1
2025-03-27,1560049.0,1573294.0,1555633.0,1558577.0,15296.0,11557927000.0,121785000.0,7314592300.0,18721479000.0,8378172400.0,302848500.0,6642253300.0,22392508000.0,37715784000.0,1
2025-03-28,1564464.0,1565936.0,1532085.0,1543859.0,17242.0,5343399000.0,52963000.0,7504548400.0,10968658000.0,10410684000.0,123928000.0,5008935000.0,8326021600.0,23869570000.0,1
2025-03-31,1511481.0,1527670.0,1492348.0,1492348.0,37714.0,8331752000.0,14674000.0,8993219000.0,9268816000.0,8610097000.0,109646000.0,4482891000.0,13405827000.0,26608462000.0,1
2025-04-01,1508538.0,1571823.0,1502651.0,1557105.0,42959.0,14171962000.0,226106000.0,12275010000.0,29871047000.0,9358596000.0,11182000.0,8447528000.0,38726820000.0,56544125000.0,1
2025-04-02,1545331.0,1555633.0,1521783.0,1545331.0,35263.0,23117476000.0,299272000.0,7135040000.0,36129976000.0,12646259000.0,293179000.0,18038473000.0,35703853000.0,66681766000.0,1
2025-04-03,1523255.0,1658656.0,1523255.0,1638051.0,96170.0,23715817000.0,57371000.0,8070775000.0,22450800000.0,11731521000.0,69013000.0,6467800600.0,36026430000.0,54294760000.0,1
2025-04-04,1615975.0,1633636.0,1560049.0,1573294.0,68978.0,87426000000.0,454721000.0,14803001000.0,54219805000.0,33392796000.0,2608682000.0,67314930000.0,53587116000.0,156903520000.0,1
2025-04-07,1493820.0,1508538.0,1476159.0,1483518.0,76155.0,48480700000.0,765605500.0,21240668000.0,39578710000.0,16203256000.0,8489975000.0,18081198000.0,67291250000.0,110065680000.0,1
2025-04-08,1501179.0,1520312.0,1473216.0,1477631.0,95430.0,48586695000.0,524412000.0,32946383000.0,31649147000.0,12539907000.0,421225000.0,9364170000.0,91381330000.0,113706630000.0,1
2025-04-09,1468800.0,1483518.0,1452611.0,1459970.0,69403.0,35564340000.0,578120000.0,35603640000.0,69928090000.0,13532668000.0,2036000.0,8441715000.0,119697770000.0,141674180000.0,1
2025-04-10,1471744.0,1515896.0,1468800.0,1499707.0,118726.0,24318796000.0,4166331000.0,21310407000.0,51973780000.0,15499645000.0,365392000.0,10319748000.0,75584530000.0,101769314000.0,1
2025-04-11,1480574.0,1542388.0,1476159.0,1537972.0,51372.0,53551470000.0,1470648000.0,33277045000.0,88517590000.0,30832267000.0,786924000.0,18470710000.0,126726850000.0,176816750000.0,1
2025-04-14,1542388.0,1542388.0,1515896.0,1527670.0,32476.0,33320272000.0,6074580000.0,7982390000.0,30569759000.0,14166179000.0,330763000.0,22464260000.0,40985797000.0,77947000000.0,1
2025-04-15,1523255.0,1535029.0,1501179.0,1521783.0,45284.0,13268798000.0,777841000.0,17921057000.0,17707354000.0,11411036000.0,500547000.0,6620901000.0,31142566000.0,49675050000.0,1
2025-04-16,1526199.0,1536501.0,1499707.0,1505594.0,29182.0,23573090000.0,193885000.0,14255308000.0,30672794000.0,8362586600.0,597927000.0,8846906000.0,50887655000.0,68695077000.0,1
2025-04-17,1512953.0,1565936.0,1510009.0,1558577.0,56449.0,17769175000.0,163225000.0,11089281000.0,15052564000.0,10747425000.0,14388000.0,5886735400.0,27425698000.0,44074246000.0,1
2025-04-18,1561520.0,1562992.0,1539444.0,1543859.0,19425.0,24989825000.0,631595000.0,15963827000.0,45589620000.0,9106579000.0,702649000.0,25109162000.0,52256477000.0,87174865000.0,1
2025-04-21,1549746.0,1588012.0,1540916.0,1577710.0,27197.0,8671165000.0,54848000.0,12905821000.0,8475727000.0,12458111000.0,4221000.0,4849569300.0,12795660000.0,30107562000.0,1
2025-04-22,1574766.0,1595371.0,1565936.0,1582125.0,43896.0,21340826000.0,388782000.0,11644356000.0,9466357000.0,5291047400.0,925418000.0,18305864000.0,18317992000.0,42840322000.0,1
2025-04-23,1593899.0,1595371.0,1539444.0,1568879.0,58218.0,22736499000.0,587898000.0,15973938000.0,30125904000.0,11672796000.0,9368996000.0,14949721000.0,33432726000.0,69424234000.0,1
2025-04-24,1576238.0,1582125.0,1514425.0,1539444.0,82650.0,35945796000.0,317389500.0,35810570000.0,18817196000.0,18117886000.0,270005000.0,14876915000.0,57626145000.0,90890950000.0,1
2025-04-25,1540916.0,1545331.0,1514425.0,1523255.0,63585.0,17128013000.0,1578886000.0,51054445000.0,56934150000.0,40615047000.0,36304000.0,21538970000.0,64505176000.0,126695500000.0,1
2025-04-28,1535029.0,1537972.0,1515896.0,1526199.0,38944.0,13066285000.0,1125381000.0,24287291000.0,58612863000.0,21808984000.0,24001000.0,8756933000.0,66501902000.0,97091820000.0,1
2025-04-29,1532085.0,1552690.0,1523255.0,1549746.0,42541.0,13134771000.0,119424000.0,12999859000.0,33189550000.0,12644186000.0,2011559000.0,9642922000.0,35144937000.0,59443606000.0,1
2025-04-30,1540916.0,1551218.0,1532085.0,1548275.0,37524.0,21648478000.0,206068000.0,7590165000.0,36132622000.0,9623090000.0,575198000.0,21879704000.0,33499340000.0,65577333000.0,1
2025-05-02,1535029.0,1598314.0,1533557.0,1596842.0,50260.0,13452815000.0,91947000.0,5926389000.0,38419960000.0,10932844000.0,73165000.0,9042459000.0,37842640000.0,57891110000.0,1
2025-05-07,1574766.0,1574766.0,1521783.0,1532085.0,81448.0,18015295000.0,261830000.0,6222198000.0,54995395000.0,11298867000.0,3330750000.0,42527625000.0,22337475000.0,79494720000.0,1
2025-05-08,1540916.0,1552690.0,1524727.0,1524727.0,46137.0,17751935000.0,594079500.0,25940812000.0,81433450000.0,32657943000.0,381588000.0,18404923000.0,74275820000.0,125720280000.0,1
2025-05-09,1533557.0,1535029.0,1518840.0,1530614.0,25516.0,20506622000.0,211621000.0,25119152000.0,24806355000.0,32794984000.0,105890000.0,5957538300.0,31785337000.0,70643750000.0,1
2025-05-12,1532085.0,1533557.0,1455555.0,1458498.0,98357.0,10472963000.0,804537000.0,7788163600.0,19929928000.0,13475915000.0,284436000.0,8169553400.0,17065688000.0,38995590000.0,1
2025-05-13,1470272.0,1490877.0,1464385.0,1471744.0,62693.0,18543397000.0,6251574000.0,92638710000.0,27461784000.0,42432790000.0,681789500.0,9233942000.0,92546940000.0,144895460000.0,1
2025-05-14,1465857.0,1492348.0,1455555.0,1479103.0,46150.0,15277576000.0,2834196500.0,15517544000.0,58984040000.0,19929074000.0,1411843000.0,16487673000.0,54784766000.0,92613350000.0,1
2025-05-15,1465857.0,1480574.0,1464385.0,1468800.0,25899.0,15895892000.0,479427000.0,18094576000.0,33673345000.0,20862216000.0,56334000.0,12455699000.0,34768990000.0,68143240000.0,1
2025-05-16,1471744.0,1482046.0,1467329.0,1474687.0,21337.0,9120741000.0,31925000.0,11515026000.0,17432610000.0,17115218000.0,42033000.0,5581095400.0,15361956000.0,38100304000.0,1
2025-05-19,1474687.0,1533557.0,1474687.0,1512953.0,53046.0,6336012300.0,968278000.0,9548655000.0,14597601000.0,9584668000.0,116219000.0,9914655000.0,11835005000.0,31450546000.0,1
2025-05-20,1520312.0,1526199.0,1502651.0,1511481.0,37836.0,28718252000.0,2071752000.0,25346607000.0,23853836000.0,12399856000.0,1246044500.0,36710216000.0,29634330000.0,79990450000.0,1
2025-05-21,1520312.0,1646882.0,1518840.0,1618918.0,145474.0,23966900000.0,165482000.0,15111883000.0,18044228000.0,10013805000.0,56621000.0,13694118000.0,33523950000.0,57288490000.0,1
2025-05-22,1708695.0,1751375.0,1579181.0,1589484.0,161918.0,78873090000.0,2949956000.0,34972103000.0,115245450000.0,30693132000.0,11760061000.0,128656780000.0,60930630000.0,232040600000.0,1
2025-05-23,1589484.0,1595371.0,1495292.0,1495292.0,73781.0,101213090000.0,1541464000.0,95148180000.0,68015845000.0,62869733000.0,3437736400.0,94814070000.0,104797050000.0,265918600000.0,1
2025-05-26,1515896.0,1535029.0,1490877.0,1535029.0,65065.0,17409251000.0,3981791000.0,62667076000.0,28582642000.0,37421126000.0,433059000.0,24037192000.0,50749383000.0,112640760000.0,1
2025-05-27,1520312.0,1533557.0,1505594.0,1510009.0,42949.0,27109853000.0,754238000.0,20693055000.0,49370685000.0,20837440000.0,333576500.0,21312991000.0,55443825000.0,97927830000.0,1
2025-05-28,1512953.0,1527670.0,1505594.0,1512953.0,26989.0,17654151000.0,390509500.0,15609777000.0,31469881000.0,12878515000.0,1178081000.0,9916625000.0,41151100000.0,65124320000.0,1
2025-05-29,1521783.0,1526199.0,1493820.0,1510009.0,61087.0,14539119000.0,121355500.0,10669955000.0,15636633000.0,10367225000.0,123890000.0,12766040000.0,17709908000.0,40967060000.0,1
2025-05-30,1504122.0,1543859.0,1499707.0,1518840.0,78919.0,20531950000.0,1111791000.0,27059194000.0,43450737000.0,35447964000.0,389202000.0,17204310000.0,39112190000.0,92153670000.0,1
2025-06-02,1505594.0,1535029.0,1505594.0,1517368.0,31964.0,20367020000.0,268047500.0,16689409000.0,82506460000.0,15761672000.0,60823500.0,17820223000.0,86188210000.0,119830930000.0,1
2025-06-04,1517368.0,1530614.0,1508538.0,1521783.0,53963.0,11051161000.0,176463000.0,10814787000.0,26549821000.0,13398176000.0,432108000.0,12655455000.0,22106490000.0,48592232000.0,1
2025-06-05,1511481.0,1530614.0,1493820.0,1499707.0,61743.0,9415428000.0,584747000.0,23760726000.0,48110055000.0,29712478000.0,438940000.0,10171689000.0,41547854000.0,81870960000.0,1
2025-06-09,1505594.0,1524727.0,1495292.0,1520312.0,52922.0,15494485000.0,1340914600.0,51305333000.0,25160040000.0,37604760000.0,674135000.0,22958062000.0,32063812000.0,93300770000.0,1
2025-06-10,1521783.0,1532085.0,1505594.0,1530614.0,50649.0,12631323000.0,229340500.0,17671280000.0,49456415000.0,27361888000.0,765644000.0,20368200000.0,31492628000.0,79988360000.0,1
2025-06-11,1527670.0,1542388.0,1518840.0,1535029.0,42674.0,29123870000.0,1131106000.0,13464900000.0,33461030000.0,26175128000.0,203748500.0,20960131000.0,29841902000.0,77180900000.0,1
2025-06-12,1527670.0,1533557.0,1508538.0,1514425.0,65770.0,16411428000.0,586356000.0,22014538000.0,26317175000.0,15761814000.0,4020022000.0,19683492000.0,25864170000.0,65329496000.0,1
2025-06-13,1515896.0,1523255.0,1483518.0,1499707.0,64732.0,20854786000.0,329324500.0,29946202000.0,48681560000.0,50396144000.0,327275500.0,13348953000.0,35739500000.0,99811870000.0,1
2025-06-16,1499707.0,1502651.0,1484990.0,1493820.0,33350.0,11448562000.0,1819145500.0,43510256000.0,40109800000.0,30557590000.0,489658000.0,20351488000.0,45489025000.0,96887760000.0,1
2025-06-17,1499707.0,1507066.0,1480574.0,1486461.0,49103.0,7415712000.0,4645443600.0,22344143000.0,15299185000.0,16833294000.0,101900000.0,10234701000.0,22534588000.0,49704485000.0,1
2025-06-18,1476159.0,1483518.0,1465857.0,1477631.0,44878.0,8275713000.0,550844000.0,32401508000.0,31992535000.0,24686655000.0,247224000.0,15613175000.0,32673544000.0,73220600000.0,1
2025-06-19,1480574.0,1480574.0,1465857.0,1470272.0,30915.0,12614785000.0,821406000.0,28413747000.0,24329533000.0,35829076000.0,68438500.0,9504678000.0,20777280000.0,66179473000.0,1
2025-06-20,1477631.0,1502651.0,1471744.0,1495292.0,84388.0,6226380300.0,1774791600.0,30042124000.0,7381909500.0,24419723000.0,104795000.0,5503565000.0,15397122000.0,45425205000.0,1
2025-06-23,1476159.0,1476159.0,1457027.0,1459970.0,47987.0,19857723000.0,659478000.0,14204991000.0,91327660000.0,17531578000.0,374132000.0,28667568000.0,79476580000.0,126049850000.0,1
2025-06-24,1477631.0,1480574.0,1468800.0,1477631.0,48592.0,1886750500.0,2822248000.0,57394590000.0,8062713000.0,33291786000.0,318337000.0,6315462700.0,30240715000.0,70166300000.0,1
2025-06-25,1471744.0,1486461.0,1458498.0,1477631.0,39094.0,11013961000.0,353952500.0,17680660000.0,42578490000.0,21867667000.0,137155000.0,20097372000.0,29524870000.0,71627060000.0,1
2025-06-26,1482046.0,1486461.0,1459970.0,1470272.0,37701.0,7317975000.0,1096310000.0,18389850000.0,30846540000.0,16071011000.0,51255500.0,16957869000.0,24570540000.0,57650676000.0,1
2025-06-27,1477631.0,1479103.0,1461442.0,1465857.0,25858.0,8769914000.0,438758000.0,11481855000.0,34849740000.0,10524111000.0,66212000.0,19235450000.0,25714490000.0,55540265000.0,1
2025-06-30,1473216.0,1473216.0,1459970.0,1459970.0,30269.0,6143587000.0,306740500.0,19150285000.0,12315221000.0,11722641000.0,472055000.0,5605889000.0,20115247000.0,37915832000.0,1
2025-07-01,1462914.0,1476159.0,1462914.0,1476159.0,37889.0,10150061000.0,1776321000.0,11210828000.0,21200093000.0,15687187000.0,121548000.0,7865611000.0,20662956000.0,44337304000.0,1
2025-07-02,1470272.0,1508538.0,1462914.0,1484990.0,50431.0,12776208000.0,49005500.0,8697424000.0,34122947000.0,13953023000.0,60060000.0,16961369000.0,24671132000.0,55645585000.0,1
2025-07-03,1493820.0,1549746.0,1474687.0,1536501.0,85447.0,27397640000.0,828347000.0,12769352000.0,33998402000.0,14697309000.0,181525500.0,29999020000.0,30115885000.0,74993740000.0,1
2025-07-04,1549746.0,1554162.0,1515896.0,1527670.0,54847.0,40428302000.0,1165549400.0,44248613000.0,44270006000.0,17148731000.0,3918952400.0,82700260000.0,26344522000.0,130112470000.0,1
2025-07-07,1529142.0,1530614.0,1507066.0,1514425.0,30745.0,23675181000.0,561430000.0,22093715000.0,37950902000.0,16622667000.0,1690806000.0,42414653000.0,23553104000.0,84281230000.0,1
2025-07-08,1515896.0,1523255.0,1482046.0,1490877.0,47497.0,22307023000.0,881995000.0,10665660000.0,12852470000.0,19749540000.0,601096500.0,12893149000.0,13463362000.0,46707147000.0,1
2025-07-09,1496764.0,1508538.0,1483518.0,1498235.0,34218.0,8631067000.0,1418953500.0,23929332000.0,37131047000.0,16414900000.0,448890000.0,15065806000.0,39180804000.0,71110400000.0,1
2025-07-10,1499707.0,1599786.0,1498235.0,1589484.0,140490.0,7680427000.0,176050000.0,11739359000.0,31488301000.0,14673620000.0,210857500.0,8837947000.0,27361714000.0,51084140000.0,1
2025-07-11,1570351.0,1595371.0,1555633.0,1555633.0,220379.0,60557906000.0,591255500.0,37874663000.0,122207650000.0,34755350000.0,2696881000.0,135033995000.0,48745250000.0,221231480000.0,1
2025-07-14,1551218.0,1558577.0,1526199.0,1533557.0,37910.0,14919204000.0,868476000.0,16384856000.0,303538860000.0,11934452000.0,1341806000.0,16810169000.0,305624970000.0,335711400000.0,1
2025-07-15,1530614.0,1545331.0,1505594.0,1517368.0,52188.0,13147657000.0,750419000.0,20970295000.0,23402754000.0,15182743000.0,1394618000.0,12232082000.0,29461682000.0,58271126000.0,1
2025-07-16,1512953.0,1524727.0,1505594.0,1520312.0,32590.0,15683538000.0,2925619500.0,33986870000.0,26766172000.0,16632084000.0,13522920000.0,11407180000.0,37800014000.0,79362195000.0,1
2025-07-17,1542388.0,1595371.0,1526199.0,1574766.0,72233.0,10707219000.0,470318500.0,15795870000.0,22427900000.0,11191694000.0,35022000.0,7499035600.0,30675556000.0,49401307000.0,1
2025-07-18,1589484.0,1589484.0,1520312.0,1546803.0,51661.0,35826045000.0,1950505500.0,39963840000.0,35023925000.0,14108566000.0,1630367000.0,60815120000.0,36210266000.0,112764310000.0,1
2025-07-21,1551218.0,1555633.0,1523255.0,1529142.0,39183.0,21228268000.0,660880000.0,30455510000.0,27691827000.0,13391629000.0,236152000.0,19015733000.0,47392970000.0,80036480000.0,1
2025-07-22,1529142.0,1546803.0,1524727.0,1533557.0,32160.0,11077716000.0,2201462000.0,32374835000.0,14357882000.0,20365280000.0,142777000.0,8368307700.0,31135530000.0,60011893000.0,1
2025-07-23,1557105.0,1586540.0,1539444.0,1565936.0,72868.0,15300717000.0,640720000.0,27106871000.0,6355810300.0,9761144000.0,393644000.0,12921527000.0,26327806000.0,49404120000.0,1
2025-07-24,1589484.0,1663071.0,1586540.0,1601257.0,125525.0,37649555000.0,2300440600.0,38436348000.0,35579970000.0,20839303000.0,1628469000.0,41729737000.0,49768804000.0,113966320000.0,1
2025-07-25,1602729.0,1602729.0,1562992.0,1568879.0,39397.0,60244062000.0,1538958000.0,53506080000.0,88256190000.0,41227080000.0,4352582700.0,107212360000.0,50753274000.0,203545300000.0,1
2025-07-28,1586540.0,1588012.0,1551218.0,1570351.0,42219.0,13235148000.0,346002000.0,24266040000.0,24340873000.0,20734243000.0,309774000.0,12892768000.0,28251275000.0,62188060000.0,1
2025-07-29,1574766.0,1611560.0,1574766.0,1601257.0,43539.0,15206625000.0,1533683000.0,19563522000.0,30040551000.0,14914412000.0,564783000.0,12946130000.0,37919056000.0,66344382000.0,1
2025-07-30,1586540.0,1630692.0,1586540.0,1615975.0,62227.0,13434697000.0,2417267000.0,17923527000.0,35680723000.0,14684883000.0,128355000.0,22640050000.0,32002925000.0,69456220000.0,1
2025-07-31,1611560.0,1621862.0,1560049.0,1570351.0,47470.0,30393072000.0,392099000.0,11608065000.0,57949295000.0,13179509000.0,474023000.0,27710601000.0,58978394000.0,100342530000.0,1
2025-08-01,1555633.0,1574766.0,1514425.0,1521783.0,55154.0,11837250000.0,721067000.0,40240560000.0,22158514000.0,23461554000.0,210504000.0,13180291000.0,38105040000.0,74957390000.0,1
2025-08-04,1532085.0,1549746.0,1514425.0,1542388.0,33203.0,16404718000.0,3686991000.0,42804040000.0,21667226000.0,35354927000.0,1384780500.0,20347122000.0,27476146000.0,84562980000.0,1
2025-08-05,1561520.0,1571823.0,1543859.0,1546803.0,28131.0,17274192000.0,108765000.0,15361888000.0,18183545000.0,10431149000.0,982330000.0,12685410000.0,26829500000.0,50928390000.0,1
2025-08-06,1529142.0,1530614.0,1512953.0,1517368.0,29530.0,9418272000.0,94556000.0,10565760000.0,23664239000.0,17238500000.0,215792000.0,11402769000.0,14885767000.0,43742826000.0,1
2025-08-07,1523255.0,1524727.0,1499707.0,1514425.0,26213.0,8132797400.0,1280290600.0,25762523000.0,9677051000.0,15959735000.0,425165000.0,10963825000.0,17503939000.0,44852662000.0,1
2025-08-08,1515896.0,1515896.0,1499707.0,1504122.0,32702.0,11507437000.0,139456000.0,18690814000.0,9243440000.0,16767957000.0,310049000.0,8587424000.0,13915717000.0,39581147000.0,1
2025-08-11,1512953.0,1536501.0,1508538.0,1518840.0,24378.0,12758243000.0,588337000.0,22495277000.0,13353400000.0,7068802600.0,11274500.0,5262526000.0,36852654000.0,49195258000.0,1
2025-08-12,1512953.0,1530614.0,1501179.0,1502651.0,28010.0,11772374000.0,304630000.0,8593161000.0,16350783000.0,7510504000.0,200881500.0,13641543000.0,15668021000.0,37020950000.0,1
2025-08-13,1515896.0,1530614.0,1510009.0,1530614.0,24052.0,14740922000.0,810265000.0,18362683000.0,8476409000.0,10108424000.0,82000000.0,7574528500.0,24625326000.0,42390280000.0,1
2025-08-14,1545331.0,1545331.0,1517368.0,1520312.0,28847.0,13408590000.0,33024500.0,5813335600.0,17361396000.0,10039867000.0,102250500.0,18583886000.0,7890342000.0,36616344000.0,1
2025-08-18,1529142.0,1545331.0,1510009.0,1512953.0,27449.0,13962635000.0,584579500.0,10022491000.0,19376992000.0,21014870000.0,676476000.0,6281195500.0,15974156000.0,43946697000.0,1
2025-08-19,1521783.0,1526199.0,1502651.0,1507066.0,23057.0,7584405000.0,3413887500.0,13414161000.0,17380571000.0,7985888000.0,398535000.0,11359442000.0,22049161000.0,41793024000.0,1
2025-08-20,1515896.0,1515896.0,1487933.0,1499707.0,27860.0,8899132000.0,306286000.0,12769348000.0,12833823000.0,6422965000.0,268128000.0,4956448000.0,23161047000.0,34808590000.0,1
2025-08-21,1508538.0,1512953.0,1495292.0,1496764.0,20093.0,14467226000.0,883043000.0,14092537000.0,12213780000.0,5543870500.0,86056000.0,7014503400.0,29012154000.0,41656586000.0,1
2025-08-22,1507066.0,1529142.0,1499707.0,1515896.0,30910.0,5962641000.0,374444500.0,9439328000.0,14410393000.0,10166748000.0,101475000.0,5916459500.0,14002124000.0,30186805000.0,1
2025-08-25,1526199.0,1532085.0,1508538.0,1515896.0,28545.0,13890421000.0,136313000.0,8123013000.0,24744819000.0,6376746000.0,31000000.0,17150271000.0,23336546000.0,46894563000.0,1
2025-08-26,1507066.0,1524727.0,1499707.0,1499707.0,53660.0,5716198400.0,158630000.0,14743203000.0,22665046000.0,10484981000.0,127206500.0,6655150000.0,26015740000.0,43283080000.0,1
2025-08-27,1499707.0,1512953.0,1496764.0,1501179.0,25069.0,6802681000.0,1866387500.0,15212480000.0,57012625000.0,10972079000.0,194293000.0,8054204000.0,61673600000.0,80894170000.0,1
2025-08-28,1501179.0,1508538.0,1489405.0,1489405.0,35171.0,5547978000.0,609658000.0,13208543000.0,18270974000.0,11513236000.0,93852000.0,5101777400.0,20928287000.0,37637153000.0,1
2025-08-29,1490877.0,1498235.0,1471744.0,1473216.0,54548.0,7496256000.0,237585000.0,21125840000.0,23746257000.0,13632990000.0,372622000.0,4112845600.0,34487480000.0,52605940000.0,1
2025-09-01,1474687.0,1480574.0,1464385.0,1465857.0,40996.0,4973636600.0,682950000.0,33207144000.0,41725900000.0,16160241000.0,634271500.0,3515983600.0,60279132000.0,80589630000.0,1
2025-09-02,1477631.0,1482046.0,1461442.0,1467329.0,33967.0,3192261000.0,807228500.0,20721439000.0,35566535000.0,14969482000.0,57971000.0,3785050600.0,41474957000.0,60287463000.0,1
2025-09-03,1464385.0,1493820.0,1464385.0,1489405.0,31732.0,5068920300.0,109956000.0,20667510000.0,24034994000.0,18052080000.0,110662000.0,5062544400.0,26656096000.0,49881383000.0,1
2025-09-04,1480574.0,1496764.0,1480574.0,1496764.0,35461.0,5629536000.0,358938500.0,7158408000.0,33859334000.0,14758234000.0,212084000.0,12251716000.0,19784182000.0,47006216000.0,1
2025-09-05,1493820.0,1517368.0,1493820.0,1515896.0,35657.0,5349460000.0,20204000.0,10154644000.0,37281190000.0,22407766000.0,60710000.0,6691819500.0,23645200000.0,52805497000.0,1
2025-09-08,1518840.0,1529142.0,1510009.0,1517368.0,22239.0,9027620000.0,734897000.0,8135610000.0,35898140000.0,12816382000.0,204764000.0,26079800000.0,14695322000.0,53796266000.0,1
2025-09-09,1549746.0,1564464.0,1515896.0,1532085.0,50881.0,9678733000.0,160692000.0,7311322000.0,16592657000.0,12381179000.0,320799000.0,12130896000.0,8910531000.0,33743403000.0,1
2025-09-10,1532085.0,1535029.0,1517368.0,1521783.0,37295.0,15118965000.0,655533000.0,24777005000.0,37277778000.0,25861798000.0,217614500.0,29262555000.0,22487312000.0,77829280000.0,1
2025-09-11,1527670.0,1546803.0,1517368.0,1524727.0,70995.0,16223183000.0,661389000.0,23600380000.0,16381831000.0,18780725000.0,597707500.0,12006762000.0,25481589000.0,56866783000.0,1
2025-09-12,1526199.0,1529142.0,1510009.0,1527670.0,53356.0,48476123000.0,1031521000.0,19852603000.0,39188420000.0,45437370000.0,2720194000.0,20289411000.0,40101690000.0,108548670000.0,1
2025-09-15,1518840.0,1533557.0,1511481.0,1530614.0,43678.0,16335219000.0,746249500.0,28333210000.0,35675464000.0,29338430000.0,80537000.0,12276482000.0,39394690000.0,81090140000.0,1
2025-09-16,1521783.0,1530614.0,1518840.0,1524727.0,33485.0,15020905000.0,142686000.0,16973744000.0,34359607000.0,22255070000.0,202709000.0,17285290000.0,26753874000.0,66496942000.0,1
2025-09-17,1514425.0,1521783.0,1499707.0,1501179.0,48967.0,7204181500.0,230796000.0,19121070000.0,24436089000.0,22784924000.0,133436000.0,9641219000.0,18432557000.0,50992136000.0,1
2025-09-18,1505594.0,1515896.0,1498235.0,1514425.0,34835.0,5404515000.0,2354123500.0,25421462000.0,40722276000.0,15602949000.0,197864000.0,9586470000.0,48515092000.0,73902375000.0,1
2025-09-19,1505594.0,1515896.0,1501179.0,1507066.0,61967.0,11076247000.0,454881000.0,11934025000.0,29064722000.0,12789877000.0,239335500.0,10827868000.0,28672795000.0,52529873000.0,1
2025-09-22,1510009.0,1517368.0,1496764.0,1510009.0,34984.0,2818792400.0,633771500.0,12062860000.0,77852020000.0,14281951000.0,597842000.0,6219979000.0,72267670000.0,93367435000.0,1
2025-09-23,1502651.0,1540916.0,1502651.0,1524727.0,56352.0,13201698000.0,71559000.0,11600468000.0,27803890000.0,20970349000.0,896007000.0,10782882000.0,20028375000.0,52677616000.0,1
2025-09-24,1529142.0,1539444.0,1521783.0,1539444.0,48459.0,20400312000.0,1229987000.0,18034030000.0,45924626000.0,18178757000.0,172441000.0,31170914000.0,36066845000.0,85588960000.0,1
2025-09-25,1537972.0,1539444.0,1502651.0,1504122.0,53276.0,16266646000.0,490323000.0,13615256000.0,43859292000.0,10535227000.0,183164000.0,30872580000.0,32640545000.0,74231510000.0,1
2025-09-26,1486461.0,1493820.0,1445253.0,1471744.0,64505.0,10432464000.0,1177765500.0,47745397000.0,21164052000.0,18666189000.0,6150000.0,6935320000.0,54912020000.0,80519680000.0,1
2025-09-29,1477631.0,1486461.0,1470272.0,1476159.0,40731.0,10946415000.0,6072479000.0,43077100000.0,35035787000.0,25256317000.0,542423500.0,17710326000.0,51622715000.0,95131780000.0,1
2025-09-30,1471744.0,1477631.0,1464385.0,1467329.0,57385.0,8662377000.0,135133000.0,11440359000.0,39854050000.0,17648040000.0,262235000.0,14542669000.0,27638974000.0,60091920000.0,1
2025-10-01,1470272.0,1489405.0,1470272.0,1479103.0,43680.0,8937799000.0,938558500.0,32206057000.0,42196890000.0,17075078000.0,154146000.0,5186593000.0,61863485000.0,84279304000.0,1
2025-10-02,1490877.0,1498235.0,1479103.0,1484990.0,56642.0,9302535000.0,72249500.0,7550294500.0,47713040000.0,8695801000.0,1364590000.0,13490563000.0,41087164000.0,64638116000.0,1
2025-10-10,1495292.0,1504122.0,1484990.0,1492348.0,50161.0,30386311000.0,31316000.0,6985494500.0,46872297000.0,36796703000.0,1254081000.0,16311515000.0,29913120000.0,84275420000.0,1
2025-10-13,1492348.0,1505594.0,1482046.0,1501179.0,59911.0,9876389000.0,949881000.0,16703503000.0,47351500000.0,19974377000.0,169397000.0,10787310000.0,43950186000.0,74881270000.0,1
2025-10-14,1486461.0,1526199.0,1476159.0,1511481.0,68632.0,12615386000.0,127242000.0,5873850000.0,71093950000.0,17737290000.0,1430437000.0,23788739000.0,46753960000.0,89710430000.0,1
2025-10-15,1530614.0,1664542.0,1526199.0,1658656.0,231769.0,23153973000.0,1860326000.0,15691642000.0,62776685000.0,20394818000.0,855800500.0,28979935000.0,53252076000.0,103482630000.0,1
2025-10-16,1643938.0,1668958.0,1640995.0,1667486.0,53270.0,136671890000.0,3089344000.0,52745744000.0,183415650000.0,49994610000.0,11553897000.0,249965040000.0,64409092000.0,375922620000.0,1
2025-10-17,1658656.0,1667486.0,1633636.0,1643938.0,52689.0,22395859000.0,1046345500.0,18442496000.0,46417043000.0,20888318000.0,1269229000.0,35681170000.0,30463027000.0,88301740000.0,1
2025-10-20,1649825.0,1695449.0,1645410.0,1670429.0,69458.0,22405284000.0,2263402000.0,19595076000.0,42556695000.0,27156576000.0,700879000.0,23626190000.0,35336810000.0,86820454000.0,1
2025-10-21,1673373.0,1692506.0,1660127.0,1683675.0,58443.0,40918843000.0,2559664000.0,19874500000.0,52832840000.0,34181755000.0,3382720500.0,29966907000.0,48654467000.0,116185850000.0,1
2025-10-22,1682203.0,1745488.0,1674845.0,1726356.0,62053.0,37423833000.0,617012000.0,16512104000.0,43413975000.0,28347450000.0,2731629600.0,24811299000.0,42076550000.0,97966920000.0,1
2025-10-23,1710167.0,1732243.0,1693977.0,1710167.0,47227.0,32461683000.0,725917000.0,31190505000.0,42388943000.0,19894958000.0,7107931000.0,40429710000.0,39334450000.0,106767050000.0,1
2025-10-24,1733714.0,1757262.0,1723412.0,1733714.0,41188.0,22307863000.0,1470291000.0,19640277000.0,37569503000.0,21495840000.0,1190579000.0,21069416000.0,37232095000.0,80987930000.0,1
2025-10-27,1745488.0,1782282.0,1744017.0,1777867.0,74098.0,18478156000.0,1760388000.0,24372950000.0,27102833000.0,14857636000.0,839074000.0,27494816000.0,28522800000.0,71714324000.0,1
2025-10-28,1829378.0,1861756.0,1779339.0,1813189.0,110853.0,39722394000.0,1608004000.0,32686154000.0,56958894000.0,27040838000.0,3173801000.0,49680146000.0,51080660000.0,130975450000.0,1
2025-10-29,1835265.0,1848511.0,1780810.0,1797000.0,191382.0,60213520000.0,4258432500.0,58497335000.0,77591840000.0,72449030000.0,2314356000.0,41016020000.0,84781720000.0,200561130000.0,0
2025-10-30,1833793.2,1833793.2,1833793.2,1833793.2,205590.97,120582365000.0,6132383000.0,92991120000.0,124646015000.0,197850550000.0,2694261000.0,52732522000.0,91074560000.0,344351870000.0,0
2025-10-31,1832321.5,1832321.5,1832321.5,1832321.5,219799.92,127110800000.0,6129315000.0,105457120000.0,130406610000.0,196736910000.0,3350434300.0,69095420000.0,99921084000.0,369103830000.0,0
2025-11-03,1827906.4,1827906.4,1827906.4,1827906.4,262426.8,133639230000.0,6126247000.0,117923120000.0,136167220000.0,195623270000.0,4006607600.0,85458320000.0,108767620000.0,393855800000.0,0
2025-11-04,1826434.6,1826434.6,1826434.6,1826434.6,276635.78,153224540000.0,6117042000.0,155321120000.0,153449020000.0,192282380000.0,5975127600.0,134547020000.0,135307200000.0,468111720000.0,0
2025-11-05,1824962.9,1824962.9,1824962.9,1824962.9,290844.72,159752980000.0,6113974000.0,167787120000.0,159209620000.0,191168740000.0,6631301000.0,150909930000.0,144153720000.0,492863700000.0,0
2025-11-06,1823491.1,1823491.1,1823491.1,1823491.1,305053.7,166281410000.0,6110906000.0,180253130000.0,164970220000.0,190055100000.0,7287474700.0,167272820000.0,153000260000.0,517615650000.0,0
2025-11-07,1822019.4,1822019.4,1822019.4,1822019.4,319262.66,172809850000.0,6107837400.0,192719130000.0,170730820000.0,188941480000.0,7943647700.0,183635720000.0,161846790000.0,542367650000.0,0
2025-11-10,1817604.2,1817604.2,1817604.2,1817604.2,361889.53,179338280000.0,6104769000.0,205185120000.0,176491410000.0,187827850000.0,8599821000.0,199998620000.0,170693310000.0,567119600000.0,0
2025-11-11,1816132.5,1816132.5,1816132.5,1816132.5,376098.5,198923600000.0,6095565000.0,242583130000.0,193773220000.0,184486940000.0,10568342000.0,249087330000.0,197232900000.0,641375540000.0,0
2025-11-12,1814660.8,1814660.8,1814660.8,1814660.8,390307.47,205452030000.0,6092496400.0,255049140000.0,199533820000.0,183373300000.0,11224515000.0,265450230000.0,206079430000.0,666127500000.0,0
2025-11-13,1813189.0,1813189.0,1813189.0,1813189.0,404516.44,211980470000.0,6089428000.0,267515130000.0,205294420000.0,182259680000.0,11880688000.0,281813120000.0,214925950000.0,690879460000.0,0
2025-11-14,1811717.2,1811717.2,1811717.2,1811717.2,418725.38,218508900000.0,6086360000.0,279981130000.0,211055020000.0,181146040000.0,12536862000.0,298176020000.0,223772480000.0,715631400000.0,0
2025-11-17,1807302.1,1807302.1,1807302.1,1807302.1,461352.28,225037340000.0,6083291600.0,292447130000.0,216815620000.0,180032400000.0,13193035000.0,314538920000.0,232619020000.0,740383400000.0,0
2025-11-18,1805830.4,1805830.4,1805830.4,1805830.4,475561.22,244622640000.0,6074087000.0,329845150000.0,234097430000.0,176691510000.0,15161555000.0,363627600000.0,259158590000.0,814639300000.0,0
2025-11-19,1804358.6,1804358.6,1804358.6,1804358.6,489770.2,251151070000.0,6071019000.0,342311140000.0,239858020000.0,175577870000.0,15817728000.0,379990540000.0,268005130000.0,839391250000.0,0
2025-11-20,1802886.9,1802886.9,1802886.9,1802886.9,503979.16,257679520000.0,6067950600.0,354777140000.0,245618620000.0,174464240000.0,16473902000.0,396353440000.0,276851650000.0,864143300000.0,0
2025-11-21,1801415.2,1801415.2,1801415.2,1801415.2,518188.12,264207960000.0,6064882000.0,367243130000.0,251379220000.0,173350600000.0,17130075000.0,412716340000.0,285698200000.0,888895240000.0,0
2025-11-24,1797000.0,1841000.0,1650000.0,1789000.0,560815.0,270736400000.0,6061814300.0,379709160000.0,257139830000.0,172236960000.0,17786250000.0,429079230000.0,294544700000.0,913647200000.0,1
2025-11-25,1812000.0,1812000.0,1586000.0,1627000.0,224828.0,290321700000.0,6052609500.0,417107150000.0,274421630000.0,168896070000.0,19754768000.0,478167920000.0,321084300000.0,987903100000.0,1
2025-11-26,1640000.0,1681000.0,1600000.0,1651000.0,115530.0,61115220000.0,7926339000.0,202442560000.0,98742890000.0,104782450000.0,2925467400.0,92012000000.0,170507100000.0,370227020000.0,1
2025-11-27,1662000.0,1687000.0,1640000.0,1646000.0,70847.0,38078726000.0,3674803500.0,57683714000.0,92220270000.0,52209480000.0,488571000.0,85191310000.0,53768150000.0,191657510000.0,1
2025-11-28,1653000.0,1655000.0,1605000.0,1607000.0,50331.0,18457197000.0,678309000.0,39211840000.0,59539120000.0,19362871000.0,276493000.0,39412613000.0,58834485000.0,117886460000.0,1
2025-12-01,1629000.0,1662000.0,1623000.0,1649000.0,54392.0,21046555000.0,775330000.0,31286321000.0,28393288000.0,24794243000.0,2941028000.0,21124372000.0,32641847000.0,81501495000.0,1
2025-12-02,1662000.0,1663000.0,1645000.0,1654000.0,33670.0,41010934000.0,187118000.0,15444930000.0,32902930000.0,17301002000.0,1189662000.0,32467341000.0,38587910000.0,89545910000.0,1
2025-12-03,1659000.0,1694000.0,1650000.0,1654000.0,44310.0,12107625000.0,245949000.0,20053340000.0,23209150000.0,17417208000.0,9900000.0,9735500000.0,28453458000.0,55616066000.0,1
2025-12-04,1677000.0,1693000.0,1650000.0,1680000.0,34738.0,13804203000.0,562617000.0,36131720000.0,23115360000.0,22571614000.0,2511890000.0,21722898000.0,26807497000.0,73613900000.0,1
2025-12-05,1667000.0,1677500.0,1640000.0,1641000.0,54357.0,9686559000.0,83297000.0,25245143000.0,22984278000.0,11850999000.0,96528000.0,24553400000.0,21498348000.0,57999274000.0,1
2025-12-08,1650000.0,1651000.0,1623000.0,1629000.0,36652.0,16914010000.0,2586108000.0,46635872000.0,23530267000.0,24995502000.0,767935000.0,14674580000.0,49228240000.0,89666260000.0,1
2025-12-09,1639000.0,1664000.0,1628000.0,1660000.0,44895.0,7904891000.0,241205000.0,17552843000.0,34107052000.0,22343725000.0,130536000.0,14555487000.0,22776242000.0,59805990000.0,1
2025-12-10,1657000.0,1674000.0,1637000.0,1665000.0,34891.0,15060044000.0,549454500.0,9148383000.0,49320165000.0,15391714000.0,1502739000.0,30287094000.0,26896497000.0,74078044000.0,1
2025-12-11,1666000.0,1693000.0,1661000.0,1669000.0,60950.0,9043754000.0,339533000.0,12194794000.0,36202740000.0,13407308000.0,127544000.0,16731219000.0,27514753000.0,57780820000.0,1
2025-12-12,1679000.0,1698000.0,1668000.0,1692000.0,44882.0,32859017000.0,1701267500.0,17429360000.0,50055303000.0,43436794000.0,366078000.0,25429480000.0,32812595000.0,102044950000.0,1
2025-12-15,1680000.0,1830000.0,1671000.0,1772000.0,107019.0,27162049000.0,327974000.0,23339581000.0,24814800000.0,7512321500.0,5784036000.0,28670437000.0,33677609000.0,75644400000.0,1
2025-12-16,1815000.0,1820000.0,1771000.0,1790000.0,54125.0,81288170000.0,1076740000.0,53563030000.0,53940548000.0,24471990000.0,5188881000.0,115207960000.0,44999655000.0,189868490000.0,1
2025-12-17,1790000.0,1790000.0,1740000.0,1750000.0,40730.0,37447623000.0,165967000.0,33011104000.0,26754796000.0,18145415000.0,1583827500.0,42595107000.0,35055137000.0,97379480000.0,1
2025-12-18,1750000.0,1793500.0,1728000.0,1738000.0,38712.0,10766346000.0,180854000.0,24594510000.0,35854254000.0,12514122000.0,1380415000.0,24109490000.0,33391938000.0,71395970000.0,1
2025-12-19,1765000.0,1770000.0,1697000.0,1733000.0,45677.0,17294640000.0,329653000.0,24705006000.0,25526460000.0,12169681000.0,222059000.0,20719310000.0,34744705000.0,67855757000.0,1
2025-12-22,1785000.0,1785000.0,1711000.0,1724000.0,42564.0,16755156000.0,192450000.0,25563169000.0,36299067000.0,13467833000.0,180998000.0,16066985000.0,49094025000.0,78809840000.0,1
2025-12-23,1731000.0,1745000.0,1714000.0,1720000.0,36146.0,17695090000.0,2140671000.0,34179365000.0,19642071000.0,21578054000.0,1956463000.0,18788831000.0,31333847000.0,73657200000.0,1
2025-12-24,1717000.0,1720000.0,1685000.0,1691000.0,36975.0,8937117000.0,3661511000.0,22094970000.0,27576270000.0,15517606000.0,4716321000.0,18633660000.0,23402283000.0,62269870000.0,1
2025-12-26,1691000.0,1693000.0,1676000.0,1692000.0,27002.0,7489496000.0,1985484000.0,36492976000.0,16680863000.0,22322078000.0,177451000.0,17450766000.0,22698523000.0,62648820000.0,1
2025-12-29,1683000.0,1710000.0,1680000.0,1706000.0,25923.0,11199601000.0,1238103000.0,24059988000.0,8967865000.0,9578865000.0,770189500.0,19889998000.0,15226504000.0,45465560000.0,1
2025-12-30,1700000.0,1703000.0,1692000.0,1695000.0,26967.0,9559850000.0,1400097000.0,15566697000.0,17483944000.0,19567776000.0,506749000.0,15090098000.0,8845965000.0,44010590000.0,1
