날짜,시가,고가,저가,종가,거래량,등락률,매수_기관합계,매수_기타법인,매수_개인,매수_외국인합계,매도_기관합계,매도_기타법인,매도_개인,매도_외국인합계,전체
2013-10-24,,,,,,,40977400,126000000,490640300,1570595000,476295100,5512500,1577959600,168445500,2228212700
2013-10-25,,,,,,,19822100,125956800,1315902950,332102500,531884200,0,926337150,335563000,1793784350
2013-10-28,,,,,,,536855500,36834000,2366116000,666622500,1424316500,80219500,1819746000,282146000,3606428000
2013-10-29,,,,,,,4037053000,2555000,3013555550,981747000,3385127600,7210000,3945128350,697444600,8034910550
2013-10-30,,,,,,,915462000,2545000,2390905750,1524142000,1409032000,443879500,2924674750,55468500,4833054750
2013-10-31,,,,,,,1784454000,248302000,3483532050,1547243650,1230362150,89254500,5347335550,396579500,7063531700
2013-11-01,,,,,,,25175000,2615000,1224479800,985787500,660567000,14047000,1047609300,515834000,2238057300
2013-11-04,,,,,,,93969000,7949500,2228031100,746410500,786818800,30289000,1636258300,622994000,3076360100
2013-11-05,,,,,,,1046634000,5035000,1181207200,862987000,483920500,25125000,2438831700,147986000,3095863200
2013-11-06,,,,,,,147106500,152683000,1093900300,1299786000,587565000,50625000,1520481800,534804000,2693475800
2013-11-07,,,,,,,369595500,32410500,2331304800,578858500,1233647500,29075000,1644223300,405223500,3312169300
2013-11-08,,,,,,,1140757500,33188000,1111512350,1257527300,664700800,24691500,2062999050,790593800,3542985150
2013-11-11,,,,,,,767176000,0,2555514650,890309000,913721500,24125000,2346369150,928784000,4212999650
2013-11-12,,,,,,,1983103000,2178000,889325250,883168000,1012275350,13973000,1774938900,956587000,3757774250
2013-11-13,,,,,,,746844500,0,959303250,520620000,535963500,479000,1267136750,423188500,2226767750
2013-11-14,,,,,,,1139142750,0,583751400,432761500,897292600,0,776780200,481582850,2155655650
2013-11-15,,,,,,,314878000,0,704949900,430114500,673875500,0,547225400,228841500,1449942400
2013-11-18,,,,,,,892224500,0,505029050,609473000,602797850,0,1160226700,243702000,2006726550
2013-11-19,,,,,,,1531385000,72700000,1325457350,925523000,616349500,22840000,2858949350,356926500,3855065350
2013-11-20,,,,,,,516390000,0,1398344300,1154020500,889440100,1754500,1935206700,242353500,3068754800
2013-11-21,,,,,,,192513000,110442000,4189480750,358203750,2949856150,0,1553047850,347735500,4850639500
2013-11-22,,,,,,,351993500,0,2060581200,582202000,1393880000,0,1325696450,275200250,2994776700
2013-11-25,,,,,,,1248374500,109067000,3010475450,494969500,2005924500,117450000,2370768450,368743500,4862886450
2013-11-26,,,,,,,1224248000,88423500,797224800,2116229000,1518255500,0,1145589300,1562280500,4226125300
2013-11-27,,,,,,,1647728200,48225000,1051501400,639650500,1483069000,0,1583108700,320927400,3387105100
2013-11-28,,,,,,,1023076250,0,691823850,785944000,1148140250,0,1218836250,133867600,2500844100
2013-11-29,,,,,,,862889700,2382500,1685451900,565149000,1494114000,0,1500220600,121538500,3115873100
2013-12-02,,,,,,,351050000,0,3664157800,637030000,1404069200,89901000,2594519900,563747700,4652237800
2013-12-03,23200.0,23250.0,22650.0,22850.0,145331.0,,1352808000,2315000,1342055500,626052800,1681789000,0,1244109550,397332750,3323231300
2013-12-04,22600.0,22900.0,22100.0,22500.0,194823.0,-1.5317286652078774,1533513000,2260000,1850525500,977111500,2019794500,101362500,1476561500,765691500,4363410000
2013-12-05,22500.0,22800.0,22300.0,22350.0,115116.0,-0.6666666666666667,653594000,11269500,931271000,989908000,1639940500,0,728467500,217634500,2586042500
2013-12-06,22300.0,22600.0,22250.0,22400.0,95557.0,0.22371364653243847,297995500,0,626057900,1214674500,994065500,133856000,559206900,451599500,2138727900
2013-12-09,22600.0,22650.0,21650.0,21950.0,188833.0,-2.0089285714285716,860917000,1323000,2728901050,573216500,2649303500,43500000,1212250050,259304000,4164357550
2013-12-10,21950.0,21950.0,21350.0,21650.0,181703.0,-1.366742596810934,760354000,1284000,1601778550,1554346500,1476654000,54362000,2088627550,298119500,3917763050
2013-12-11,21700.0,21950.0,21450.0,21600.0,86913.0,-0.23094688221709006,400708500,0,865968150,619601500,511788700,217500,816028450,558243500,1886278150
2013-12-12,21600.0,21950.0,21500.0,21550.0,100876.0,-0.23148148148148145,637075000,3025000,983718250,562355150,1035333000,0,539430400,611410000,2186173400
2013-12-13,21600.0,21600.0,20900.0,21350.0,186136.0,-0.9280742459396751,1015931500,0,1893899250,1029116500,1175156150,0,2468691100,295100000,3938947250
2013-12-16,21300.0,21400.0,21100.0,21250.0,77755.0,-0.468384074941452,318853000,0,797192000,532311500,972523400,4664500,527076100,144092500,1648356500
2013-12-17,21300.0,21400.0,21050.0,21400.0,127088.0,0.7058823529411765,248452600,19962000,943609750,1484640000,1233348650,2982000,825079700,635254000,2696664350
2013-12-18,21450.0,21450.0,20950.0,21250.0,86010.0,-0.7009345794392523,546482500,14102000,934105450,324785500,518081500,2769000,1081001950,217623000,1819475450
2013-12-19,21450.0,22350.0,21400.0,22200.0,207178.0,4.470588235294118,1053119500,0,1453464250,2039848000,558794800,2598000,3228834950,756204000,4546431750
2013-12-20,22200.0,22250.0,21750.0,21800.0,143456.0,-1.8018018018018018,498641600,0,1136358700,1508476500,934260900,156051500,745647100,1307517300,3143476800
2013-12-23,21950.0,22050.0,21650.0,21950.0,98674.0,0.6880733944954129,730995250,0,626323000,799418000,610386900,0,728432350,817917000,2156736250
2013-12-24,22300.0,22500.0,22150.0,22500.0,123113.0,2.5056947608200453,945797000,66998000,1205375100,530645000,857058000,122796000,1532857100,236104000,2748815100
2013-12-26,22650.0,22900.0,22400.0,22700.0,119341.0,0.8888888888888888,1767155200,0,699905900,233233000,320697800,26562500,1616501300,736532500,2700294100
2013-12-27,22600.0,22650.0,22100.0,22250.0,111844.0,-1.9823788546255507,880415500,26407500,1424726000,167201500,351985500,864953500,714489500,567322000,2498750500
2013-12-30,22300.0,22450.0,21900.0,22050.0,101614.0,-0.8988764044943821,1078468000,0,778559700,401419500,136486650,22372050,1494168700,605419800,2258447200
2014-01-02,22150.0,22400.0,21500.0,21550.0,166452.0,-2.2675736961451247,1342818500,337023150,1563522850,415263000,1711806050,88840500,1449568950,408412000,3658627500
2014-01-03,21400.0,21700.0,21200.0,21400.0,124004.0,-0.6960556844547563,591373600,10625000,888686700,1164732500,1376041900,234875000,791150900,253350000,2655417800
2014-01-06,21400.0,21650.0,21300.0,21400.0,51846.0,0.0,135230000,42800,566392600,410727500,290857000,354170000,345170900,122195000,1112392900
2014-01-07,21400.0,22250.0,21400.0,22000.0,138827.0,2.803738317757009,483411000,100178000,1109826950,1365917000,1188007000,11022000,1388427950,471876000,3059332950
2014-01-08,22050.0,22350.0,21800.0,22200.0,65411.0,0.9090909090909091,356818500,0,1019112650,68590000,181624000,0,769527650,493369500,1444521150
2014-01-09,22100.0,22250.0,21700.0,22000.0,108237.0,-0.9009009009009009,217060500,664269000,1291144500,210920500,764514000,0,871175500,747705000,2383394500
2014-01-10,22100.0,22450.0,22050.0,22350.0,109266.0,1.5909090909090908,491488000,614795000,1136837500,188024000,522105000,222035000,1378790000,308214500,2431144500
2014-01-13,22450.0,22550.0,22100.0,22350.0,68237.0,0.0,519790000,59059000,867963650,74937000,525228000,0,634581650,361940000,1521749650
2014-01-14,22050.0,22400.0,21950.0,21950.0,105087.0,-1.7897091722595078,1022472000,278345500,814057150,218637000,628838300,277812500,886179350,540681500,2333511650
2014-01-15,22050.0,22400.0,21900.0,22100.0,114273.0,0.683371298405467,646936500,137809000,981092700,761049600,880238800,224554500,835057000,587037500,2526887800
2014-01-16,22150.0,22250.0,21900.0,22250.0,97443.0,0.6787330316742082,1263161000,18785000,597145600,269631500,1016338000,110345000,522384600,499655500,2148723100
2014-01-17,22200.0,22500.0,21800.0,21850.0,105941.0,-1.7977528089887642,694130000,207599500,1124891650,305415600,1260768750,0,703770150,367497850,2332036750
2014-01-20,21850.0,22000.0,21500.0,22000.0,109786.0,0.6864988558352403,1149812000,33987500,618928500,591099500,1119610500,0,943492500,330724500,2393827500
2014-01-21,21950.0,22000.0,21450.0,21550.0,164873.0,-2.0454545454545454,811189500,201860500,2240359950,307120500,1922987400,32359500,1166015050,439168500,3560530450
2014-01-22,21600.0,22150.0,21500.0,22100.0,111086.0,2.5522041763341066,583302500,0,1366505600,483531000,353769400,175752000,1606323200,297494500,2433339100
2014-01-23,22100.0,22100.0,21650.0,21650.0,87931.0,-2.0361990950226243,571013000,53708500,1128708650,162869500,860321850,7803000,582828800,465346000,1916299650
2014-01-24,21600.0,21950.0,21550.0,21850.0,114182.0,0.9237875288683602,1273125500,122854500,691770200,399119000,589540500,440844000,1064637700,391847000,2486869200
2014-01-27,21500.0,21750.0,21200.0,21750.0,86510.0,-0.4576659038901602,1088262500,21300000,594386000,155424500,410427000,0,1048024500,400921500,1859373000
2014-01-28,21700.0,22250.0,21450.0,22050.0,123457.0,1.3793103448275863,1261602500,99313000,991488850,341092500,954194000,355405350,1079925000,303972500,2693496850
2014-01-29,22150.0,22200.0,21200.0,21200.0,1227529.0,-3.8548752834467117,1827780300,602937000,5204900850,18614655500,18605821000,1669527000,1827285150,4147640500,26250273650
2014-02-03,21350.0,21700.0,21300.0,21600.0,378613.0,1.8867924528301887,1597272000,793888000,4521392800,1215557000,849177000,250046000,2018422900,5010463900,8128109800
2014-02-04,21250.0,21750.0,21250.0,21350.0,215434.0,-1.1574074074074074,2313495500,5167000,997417300,1324839500,1162239300,27322000,1445612500,2005745500,4640919300
2014-02-05,21500.0,22250.0,21400.0,22000.0,262796.0,3.0444964871194378,3186283000,110000000,1960266300,531587500,892508500,163333500,3730534300,1001760500,5788136800
2014-02-06,22100.0,22250.0,21750.0,22000.0,115011.0,0.0,1394230000,0,738144600,393234500,935544500,218549000,616377900,755137700,2525609100
2014-02-07,22150.0,22750.0,22150.0,22700.0,136165.0,3.1818181818181817,1286200000,13269500,1285541700,478394500,244923000,2250000,2475775600,340457100,3063405700
2014-02-10,22950.0,22950.0,22400.0,22450.0,84255.0,-1.1013215859030838,611346700,0,1021423350,274037500,364181450,0,1293369100,249257000,1906807550
2014-02-11,22450.0,22950.0,22300.0,22900.0,128438.0,2.0044543429844097,1348784000,84876500,1218711200,268895500,623904300,129875000,1885042900,282445000,2921267200
2014-02-12,23100.0,23100.0,22200.0,22600.0,188357.0,-1.3100436681222707,1308860000,4708000,2335985300,589728000,601309500,407372500,3100563300,130036000,4239281300
2014-02-13,22550.0,22800.0,22350.0,22400.0,82210.0,-0.8849557522123894,410554500,0,1148103000,289976500,569901300,673500,887731700,390327500,1848634000
2014-02-14,22300.0,22750.0,22200.0,22500.0,120097.0,0.4464285714285714,659265500,28062000,1438382600,566686000,756085100,0,1815538500,120772500,2692396100
2014-02-17,22650.0,22650.0,22200.0,22350.0,62131.0,-0.6666666666666667,323688500,0,814956850,248984000,224789850,22320000,1082273000,58246500,1387629350
2014-02-18,22350.0,22600.0,22200.0,22500.0,60916.0,0.6711409395973155,549543500,22300000,572059900,216451000,445656000,0,811208900,103489500,1360354400
2014-02-19,22350.0,22600.0,22150.0,22600.0,124051.0,0.4444444444444444,1417107500,3987000,720599500,627606500,1007536200,5198000,948853300,807713000,2769300500
2014-02-20,22400.0,22500.0,22150.0,22300.0,117282.0,-1.3274336283185841,1276687700,4458000,1110730300,220320500,1128023800,0,902356700,581816000,2612196500
2014-02-21,22300.0,22500.0,22100.0,22150.0,72842.0,-0.672645739910314,154806000,0,1195623750,266671500,686611650,42085000,713257100,175147500,1617101250
2014-02-24,22100.0,22250.0,21900.0,22000.0,77789.0,-0.6772009029345373,269475500,4410000,1177590900,262715000,124682500,220500,1410402400,178886000,1714191400
2014-02-25,22100.0,22250.0,21800.0,22100.0,102793.0,0.45454545454545453,1047578500,0,872649850,346831000,549900700,0,1640510150,76648500,2267059350
2014-02-26,22200.0,22200.0,21700.0,21900.0,188466.0,-0.904977375565611,2034036200,46010000,1759384400,286166000,1928813400,112799000,1306108700,777875500,4125596600
2014-02-27,21750.0,21800.0,21350.0,21600.0,183875.0,-1.36986301369863,1382521500,119127500,1971130500,491378000,1766311300,227767500,1339791200,630287500,3964157500
2014-02-28,21400.0,21550.0,21250.0,21500.0,157514.0,-0.4629629629629629,747153500,160572500,1696182000,767010000,2075921500,214486000,901682000,178828500,3370918000
2014-03-03,21450.0,21900.0,21350.0,21400.0,144634.0,-0.46511627906976744,724857800,6485000,1694252000,701307000,1046782300,3456500,1710760000,365903000,3126901800
2014-03-04,21350.0,21600.0,21350.0,21450.0,72484.0,0.23364485981308408,812400000,32241000,593069300,119448000,509728500,1072500,569308300,477049000,1557158300
2014-03-05,21600.0,21700.0,21300.0,21700.0,160987.0,1.1655011655011656,1325317500,85635000,1702488900,340489000,1453214600,38625000,1397055100,565035700,3453930400
2014-03-06,21650.0,21700.0,21350.0,21550.0,74712.0,-0.6912442396313364,834146000,29835500,628364250,117474000,378324900,0,964737350,266757500,1609819750
2014-03-07,21550.0,21600.0,21400.0,21600.0,112746.0,0.23201856148491878,819192500,53867000,1269380800,280269000,888026000,2150000,1088981300,443552000,2422709300
2014-03-10,21600.0,21600.0,21050.0,21400.0,207475.0,-0.9259259259259258,1229902000,255054500,2341761000,581284000,1577780500,0,2059366500,770854500,4408001500
2014-03-11,21350.0,21350.0,21000.0,21250.0,183503.0,-0.7009345794392523,1188824000,139494000,1875303250,672194500,1457709500,0,1178349750,1239756500,3875815750
2014-03-12,21150.0,21200.0,20400.0,20650.0,307385.0,-2.823529411764706,2392510850,73058500,3242426500,647159500,3274176700,0,2109784150,971194500,6355155350
2014-03-13,20550.0,20650.0,19600.0,20200.0,959415.0,-2.1791767554479415,8283043000,1046459000,8159895900,1668318600,13674318900,23980000,3560806100,1898611500,19157716500
2014-03-14,19900.0,20250.0,19700.0,19850.0,445211.0,-1.7326732673267329,4065738000,558347500,3812434100,401929500,4810638700,516573500,1595426400,1915810500,8838449100
2014-03-17,19850.0,20200.0,19450.0,19950.0,486953.0,0.5037783375314862,4226475500,463210500,3343602650,1563157000,5888847000,39700000,2454844650,1213054000,9596445650
2014-03-18,20050.0,20150.0,19800.0,20000.0,356927.0,0.2506265664160401,3968113500,139711500,2261733000,757062500,5050904000,0,1170123000,905593500,7126620500
2014-03-19,20100.0,20200.0,19600.0,19900.0,401344.0,-0.5,4709152500,137425500,2228398600,906633000,5606789100,199000,1678433500,696188000,7981609600
2014-03-20,19800.0,20000.0,19250.0,19550.0,472668.0,-1.7587939698492463,5223999000,412145500,2846401900,786603000,4299218250,231772500,3159301150,1578857500,9269149400
2014-03-21,19650.0,20300.0,19600.0,19750.0,383032.0,1.0230179028132993,2004621000,1041603000,2206725200,2383524500,2453063000,0,3018085450,2165325250,7636473700
2014-03-24,19800.0,20350.0,19800.0,20000.0,262276.0,1.2658227848101267,2595599500,715262000,1108663000,876958000,2077834500,396000,2372821500,845430500,5296482500
2014-03-25,20200.0,20550.0,20050.0,20400.0,229288.0,2.0,2418786100,106873500,850773650,1283678500,1977223850,40596000,1909179400,733112500,4660111750
2014-03-26,20700.0,21200.0,20450.0,20600.0,477042.0,0.9803921568627451,3478032300,58560000,3226692800,3164480600,4897308500,280665000,3615336100,1134456100,9927765700
2014-03-27,20700.0,20850.0,20250.0,20450.0,250755.0,-0.7281553398058253,2962400000,140034000,1078965150,952857000,2499105450,309224500,898900200,1427026000,5134256150
2014-03-28,20550.0,20950.0,20500.0,20950.0,217742.0,2.444987775061125,2723914500,71295000,720186900,1024269000,2207535600,2090000,1588713800,741326000,4539665400
2014-03-31,21000.0,21400.0,20850.0,21050.0,150827.0,0.47732696897374705,681193500,293841000,1873816650,335630100,778614200,126217000,1813652700,465997350,3184481250
2014-04-01,21050.0,21100.0,20500.0,20700.0,193568.0,-1.66270783847981,566705400,56070000,2496963200,882687000,2047338500,310042500,900140100,744904500,4002425600
2014-04-02,20800.0,20800.0,20300.0,20400.0,192727.0,-1.4492753623188406,1287308000,2653000,1873349200,775099000,2611615500,10633000,1069391200,246769500,3938409200
2014-04-03,20350.0,20550.0,20300.0,20500.0,114549.0,0.49019607843137253,611637000,10150000,875531400,840823000,1737402000,4086500,471953400,124699500,2338141400
2014-04-04,20500.0,20500.0,20100.0,20300.0,132890.0,-0.975609756097561,788448000,42570000,1396621000,461538500,1233131300,91937000,1117171200,246938000,2689177500
2014-04-07,20100.0,20350.0,20050.0,20250.0,80106.0,-0.24630541871921183,728909250,22160000,438112250,432391000,866058500,0,537597500,217916500,1621572500
2014-04-08,20150.0,20300.0,19950.0,20200.0,97209.0,-0.24691358024691357,335813500,43331000,1069539300,503679000,845837100,231284500,444735500,430505700,1952362800
2014-04-09,20250.0,20650.0,20200.0,20550.0,195855.0,1.7326732673267329,1138748500,0,1278549200,1586094500,1063601950,84254000,1910007750,945528500,4003392200
2014-04-10,20700.0,20700.0,20200.0,20400.0,109084.0,-0.7299270072992701,449974300,8910000,835636800,924269000,1125982000,0,489073100,603735000,2218790100
2014-04-11,20200.0,20650.0,20200.0,20600.0,234198.0,0.9803921568627451,2203486500,45194500,773541100,1779278000,2811871000,2045000,1202003100,785581000,4801500100
2014-04-14,20500.0,20800.0,20400.0,20700.0,126896.0,0.48543689320388345,91156000,28016500,885080700,1606670000,1136465500,0,741650200,732807500,2610923200
2014-04-15,20600.0,20800.0,20500.0,20600.0,251132.0,-0.4830917874396135,889893000,0,919596800,3378455500,2873769500,0,1022530300,1291645500,5187945300
2014-04-16,20600.0,20600.0,20300.0,20550.0,159217.0,-0.24271844660194172,1242563650,316579500,1532530650,164742000,2124140300,205000,504577500,627493000,3256415800
2014-04-17,20550.0,20700.0,20250.0,20600.0,165176.0,0.24330900243309003,1596413200,321702000,1012538150,440166000,1618879200,0,1057007150,694933000,3370819350
2014-04-18,20650.0,20900.0,20450.0,20650.0,117907.0,0.24271844660194172,1622123500,0,561906200,254712000,482353450,41200000,1640173250,275015000,2438741700
2014-04-21,20700.0,20850.0,20400.0,20650.0,120132.0,0.0,1309770000,0,1031922600,128217100,1376682100,0,631360600,461867000,2469909700
2014-04-22,20600.0,20700.0,20400.0,20700.0,84424.0,0.24213075060532688,324722600,0,324675650,1089079500,491004000,0,679606750,567867000,1738477750
2014-04-23,20750.0,21100.0,20650.0,21000.0,196358.0,1.4492753623188406,1703417500,627500,1159015900,1236545500,1180963000,8380000,1801574400,1108689000,4099606400
2014-04-24,20950.0,21350.0,20900.0,21200.0,398255.0,0.9523809523809524,3378186000,0,2150943400,2882074000,1039951900,4240000,2793290600,4573720900,8411203400
2014-04-25,21100.0,21200.0,20700.0,20950.0,273825.0,-1.179245283018868,2604418000,0,1576060250,1536057000,2124927850,0,1615414900,1976192500,5716535250
2014-04-28,20800.0,21100.0,20750.0,20900.0,103495.0,-0.23866348448687352,633160000,0,916617650,613928000,1073148300,0,608719350,481838000,2163705650
2014-04-29,21000.0,21150.0,20850.0,20900.0,90700.0,0.0,1373315000,0,381655450,148724000,24743800,0,849683650,1029267000,1903694450
2014-04-30,20950.0,21500.0,20800.0,20900.0,400552.0,0.0,3434983600,548000000,3911273700,529313000,1256172000,49195000,2427211300,4690992000,8423570300
2014-05-02,20900.0,21500.0,20850.0,20950.0,336698.0,0.23923444976076555,2489435500,0,4186688600,451975500,2010005900,8540000,2819651200,2289902500,7128099600
2014-05-07,21050.0,21450.0,21000.0,21000.0,240536.0,0.23866348448687352,1273883500,0,2636454500,1175459000,1028715500,0,1408852000,2648229500,5085797000
2014-05-08,21000.0,21400.0,20900.0,20900.0,217476.0,-0.4761904761904762,1647990500,424080000,2379861900,145400000,1232798900,0,1964273500,1400260000,4597332400
2014-05-09,20900.0,21000.0,20650.0,20900.0,164467.0,0.0,976850500,106075000,1441499200,896307000,573070000,0,1675731700,1171930000,3420731700
2014-05-12,20850.0,21300.0,20800.0,21100.0,174180.0,0.9569377990430622,1203113000,137343000,1927013500,412740500,1312368550,26076000,1332681450,1009084000,3680210000
2014-05-13,21150.0,21450.0,21100.0,21200.0,167556.0,0.47393364928909953,802947500,584054000,1607610300,579442500,425072400,228441000,1842665000,1077875900,3574054300
2014-05-14,21250.0,21750.0,21150.0,21600.0,294126.0,1.8867924528301887,2323841700,290575000,2649370900,1070694000,1763018200,1061528500,2642601400,867333500,6334481600
2014-05-15,21600.0,21750.0,21500.0,21650.0,85745.0,0.23148148148148145,744854150,215941000,855721100,36276500,258721750,0,857998500,736072500,1852792750
2014-05-16,21650.0,21650.0,21200.0,21450.0,131088.0,-0.9237875288683602,852625500,136357000,1307221600,503760500,299296350,0,1145695750,1354972500,2799964600
2014-05-19,21450.0,21550.0,21100.0,21450.0,188215.0,0.0,1819487500,66015000,1221493750,825298000,1151972850,78755000,1316341100,1385225300,3932294250
2014-05-20,21400.0,21550.0,21100.0,21300.0,153953.0,-0.6993006993006993,1634926500,0,750961800,789657000,418384000,0,1056719800,1700441500,3175545300
2014-05-21,21300.0,21700.0,21100.0,21500.0,202687.0,0.9389671361502347,819482500,411803500,2251281500,779997700,1069942000,178600000,1210580500,1803442700,4262565200
2014-05-22,21500.0,22450.0,21500.0,21950.0,608293.0,2.0930232558139537,5577055000,443000,3360119300,4538761000,5589401200,354952000,5237758400,2294266700,13476378300
2014-05-23,22100.0,22350.0,21800.0,21800.0,301991.0,-0.683371298405467,1935257900,0,2770458300,1959690000,1122554600,22200000,1901962100,3618689500,6665406200
2014-05-26,21950.0,22700.0,21900.0,22350.0,413336.0,2.522935779816514,2515094300,560053000,3917082950,2269420500,4086007600,47020000,3346309650,1782313500,9261650750
2014-05-27,22200.0,23150.0,21950.0,22950.0,1094079.0,2.684563758389262,9935194500,722140500,9410447150,4606220000,14960221400,111535500,4943291250,4658954000,24674002150
2014-05-28,22750.0,23450.0,22650.0,23200.0,488426.0,1.0893246187363834,7572452000,277823000,2366286350,1086021000,1943769800,0,3558688550,5800124000,11302582350
2014-05-29,23200.0,23500.0,22850.0,23150.0,363403.0,-0.21551724137931033,6675116000,53152000,1238961250,501845500,605893550,783451500,3150129700,3929600000,8469074750
2014-05-30,23200.0,23700.0,23200.0,23350.0,418508.0,0.8639308855291578,6673065000,0,1769647850,1401843450,1159584800,243194000,3032574000,5409203500,9844556300
2014-06-02,23500.0,23500.0,22750.0,23250.0,357691.0,-0.4282655246252677,3303335500,11425000,2698919900,2233823550,2221527800,0,3038842300,2987133850,8247503950
2014-06-03,23150.0,23400.0,22750.0,23300.0,334630.0,0.21505376344086022,3438488850,109619300,2543064750,1663239100,1547882000,120814400,1731802700,4353912900,7754412000
2014-06-05,23150.0,23750.0,23050.0,23350.0,371655.0,0.2145922746781116,5150925200,155417750,2622321300,792471950,1272974950,64479200,2261282550,5122399500,8721136200
2014-06-09,23500.0,23900.0,23500.0,23650.0,291330.0,1.284796573875803,4710552200,0,1565860750,633920300,1980534000,215261650,2850224150,1864313450,6910333250
2014-06-10,23850.0,24050.0,23300.0,23700.0,368020.0,0.21141649048625794,5833195000,145691300,2176545250,563701000,1643587200,115678500,4723022300,2236844550,8719132550
2014-06-11,23750.0,24200.0,23500.0,23850.0,354747.0,0.6329113924050633,3653856400,122259700,3400525250,1333452900,3401369000,676876200,2961137600,1470711450,8510094250
2014-06-12,23800.0,24250.0,23750.0,23900.0,332564.0,0.20964360587002098,4800086000,82119350,1792333600,1322099400,3355171250,298495150,2333586900,2009385050,7996638350
2014-06-13,23950.0,24100.0,23550.0,23700.0,141053.0,-0.8368200836820083,1816687150,1258200,992124250,538019400,658673350,112922600,1147702600,1428790450,3348089000
2014-06-16,23700.0,23800.0,23400.0,23600.0,152173.0,-0.42194092827004215,2202025550,0,1061492300,333243250,311327050,307571950,1963900800,1013961300,3596761100
2014-06-17,23550.0,23850.0,23300.0,23700.0,203215.0,0.423728813559322,2956651700,0,960091400,875191600,984982200,403761550,2704752650,698438300,4791934700
2014-06-18,23650.0,23800.0,23150.0,23550.0,148419.0,-0.6329113924050633,2241214550,3560450,1076295600,152864150,1222211300,119510550,1571593050,560619850,3473934750
2014-06-19,23650.0,23750.0,23200.0,23450.0,130488.0,-0.42462845010615713,1787447350,0,777124600,490674900,851295700,0,964156700,1239794450,3055246850
2014-06-20,23500.0,23650.0,23200.0,23300.0,221776.0,-0.6396588486140725,2513008400,2534350,664656250,2019550000,1873507800,475386450,1566634000,1284220750,5199749000
2014-06-23,23350.0,23700.0,23250.0,23400.0,229427.0,0.4291845493562232,2007815000,71879500,1762402950,1539264000,1363658700,2511730400,1279904950,226067400,5381361450
2014-06-24,23450.0,23450.0,22350.0,23000.0,355402.0,-1.7094017094017095,4749117450,0,2477581200,901101150,3025545000,597222300,3599015900,906016600,8127799800
2014-06-25,22800.0,22950.0,22050.0,22750.0,518816.0,-1.0869565217391304,6239666950,72482000,3255927150,2051483200,2031598900,686498300,5678283250,3223178850,11619559300
2014-06-26,22750.0,22900.0,22450.0,22600.0,119807.0,-0.6593406593406593,1130000750,11275000,843834750,723123400,1016061450,361864200,1110021650,220286600,2708233900
2014-06-27,22700.0,22700.0,22300.0,22450.0,96539.0,-0.6637168141592921,836738350,13991100,724150950,591323400,879117050,0,645689500,641397250,2166203800
2014-06-30,22350.0,22600.0,22100.0,22450.0,184389.0,0.0,2145883150,45408900,1223647250,701088150,2167951650,22500000,1566621950,358953850,4116027450
2014-07-01,22400.0,22450.0,22050.0,22300.0,134282.0,-0.6681514476614699,1110348900,69062250,1418249600,383838450,1168997200,2497600,1328796750,481207650,2981499200
2014-07-02,22400.0,22400.0,22050.0,22150.0,154681.0,-0.672645739910314,1556280650,4829150,1424532550,456362350,2011961050,43822550,1167786450,218434650,3442004700
2014-07-03,22150.0,22200.0,21750.0,21900.0,264282.0,-1.1286681715575622,1688609500,247838900,3004117650,849281800,2680320500,231167100,1729183100,1149177150,5789847850
2014-07-04,22000.0,22000.0,21200.0,21650.0,269556.0,-1.141552511415525,1821579400,74305850,3054578900,846073400,1721451000,35017600,2308050200,1732018750,5796537550
2014-07-07,21500.0,21950.0,21450.0,21600.0,174482.0,-0.23094688221709006,1526522600,654636700,1272658000,328176400,1191769050,21500000,2151750200,416974450,3781993700
2014-07-08,21400.0,22050.0,21400.0,21750.0,209627.0,0.6944444444444444,3065094350,31942600,956612650,537101250,1830376650,9355300,1542112450,1208906450,4590750850
2014-07-09,21600.0,21800.0,21100.0,21650.0,158623.0,-0.45977011494252873,1397754050,14532800,1652055950,339290000,685733650,0,1568954100,1148945050,3403632800
2014-07-10,21650.0,21700.0,21150.0,21250.0,272195.0,-1.8475750577367205,3238600900,19965200,2100782650,440248000,821972900,1917974100,1095459750,1964190000,5799596750
2014-07-11,21250.0,21350.0,21100.0,21200.0,73582.0,-0.2352941176470588,841054100,0,668156250,52203800,326492750,127360000,709183150,398378250,1561414150
2014-07-14,21450.0,21450.0,21150.0,21250.0,117890.0,0.2358490566037736,1371300100,8416250,670505000,455938550,1195006900,21237300,694245550,595670150,2506159900
2014-07-15,21350.0,21500.0,21200.0,21350.0,127216.0,0.4705882352941176,1270764100,26474750,1195342100,228897600,850958800,0,741349950,1129169800,2721478550
2014-07-16,21350.0,22100.0,21350.0,21700.0,308890.0,1.639344262295082,3086671750,674250,2528199400,1121955500,2437834100,524236200,1912940850,1862489750,6737500900
2014-07-17,21900.0,22500.0,21750.0,22300.0,443589.0,2.7649769585253456,6702773200,160664600,2642475900,391452650,3486390600,11226250,3293197350,3106552150,9897366350
2014-07-18,22100.0,22800.0,22100.0,22600.0,319083.0,1.345291479820628,3898170100,123145200,2298667150,904946250,2715907900,756885700,2123026950,1629108150,7224928700
2014-07-21,22550.0,23200.0,22550.0,22900.0,341420.0,1.3274336283185841,1157384500,919227500,5304982200,479721600,4145704450,280666450,2542641550,892303350,7861315800
2014-07-22,22900.0,23050.0,22550.0,22800.0,198241.0,-0.43668122270742354,2716890600,178562000,1162019000,479046700,1159425400,32780150,1529334500,1814978250,4536518300
2014-07-23,22850.0,23400.0,22700.0,23200.0,249396.0,1.7543859649122806,4366374650,0,887576100,543587950,1704303750,81480000,2335665650,1676089300,5797538700
2014-07-24,23250.0,23500.0,22900.0,23150.0,196761.0,-0.21551724137931033,3622622700,58950350,347365950,542476800,2515115200,76657750,1113857850,865785000,4571415800
2014-07-25,23050.0,23400.0,22700.0,23100.0,170536.0,-0.21598272138228944,1998693650,58006950,1126119150,753117400,717508450,100393500,2123512300,994522900,3935937150
2014-07-28,23000.0,23350.0,22650.0,22800.0,131941.0,-1.2987012987012987,1042532000,108099550,1004851350,859055750,1720355200,0,676219550,617963900,3014538650
2014-07-29,22850.0,23450.0,22800.0,23150.0,252228.0,1.5350877192982455,3459136900,107391250,1565145650,736590400,1709291200,213972750,2731868450,1213131800,5868264200
2014-07-30,23400.0,23450.0,22600.0,23150.0,240177.0,0.0,2485712750,4233600,1674956500,1364710950,3154740000,130600000,1466587600,777686200,5529613800
2014-07-31,23100.0,23100.0,22350.0,22800.0,265221.0,-1.511879049676026,3108758750,70293200,1517491500,1326817600,2704816250,321701300,1475897650,1520945850,6023361050
2014-08-01,22900.0,23300.0,22350.0,22950.0,300930.0,0.6578947368421052,4701523550,100590300,969629150,1099410850,3847591900,294315650,1992345650,736900650,6871153850
2014-08-04,22900.0,23250.0,22600.0,22950.0,163385.0,0.0,2614868900,4259600,914056650,224471050,1109915350,122530950,1177835800,1347374100,3757656200
2014-08-05,22850.0,23000.0,22150.0,22250.0,221086.0,-3.0501089324618738,1756003800,405000,2537530800,668013650,2012726500,82916000,1095950250,1770360500,4961953250
2014-08-06,22150.0,22600.0,22000.0,22200.0,187340.0,-0.22471910112359553,2997321050,405900,938624100,237412850,1198314200,438576650,1874797800,662075250,4173763900
2014-08-07,22100.0,22150.0,21500.0,21800.0,175076.0,-1.8018018018018018,1256819050,4330000,1726867000,815805700,1181348750,52886800,1416270400,1153315800,3803821750
2014-08-08,21750.0,21750.0,21100.0,21300.0,364110.0,-2.293577981651376,4266594100,45560300,2344084850,1125865500,2299779650,341075100,2210466150,2930783850,7782104750
2014-08-11,21400.0,22050.0,21400.0,21650.0,262736.0,1.643192488262911,3966899200,42351450,1106578450,628921400,3407238900,87526300,1023271450,1226713850,5744750500
2014-08-12,21600.0,21900.0,21200.0,21500.0,197097.0,-0.6928406466512702,1693875000,43099900,2001976400,488774350,1886555550,75318450,1116890950,1148960700,4227725650
2014-08-13,21350.0,21600.0,20600.0,21150.0,439922.0,-1.627906976744186,2548570200,91623600,4372521450,2213285050,3277582450,155713150,3696454750,2096249950,9226000300
2014-08-14,21100.0,21350.0,20900.0,21100.0,163574.0,-0.2364066193853428,75221150,28365100,2213414850,1124361700,1820118050,149931400,1286984250,184329100,3441362800
2014-08-18,21200.0,21250.0,20900.0,21050.0,90819.0,-0.23696682464454977,401312150,27877350,1452861050,31498600,197450400,0,751168200,964930550,1913549150
2014-08-19,21050.0,21750.0,20900.0,21500.0,276139.0,2.137767220902613,3132601850,178737900,2010787800,568799900,2688243250,6405000,1894128750,1302150450,5890927450
2014-08-20,21600.0,21700.0,21100.0,21250.0,202178.0,-1.1627906976744187,2475249200,195155450,1213618100,437017750,1005743550,196918750,1864669200,1253709000,4321040500
2014-08-21,21300.0,21400.0,20950.0,21150.0,142940.0,-0.4705882352941176,1963414650,1290150,835278400,219040050,1554809200,4438350,985065850,474709850,3019023250
2014-08-22,21050.0,21500.0,21000.0,21300.0,142089.0,0.7092198581560284,2286715050,2120000,646357400,88909300,1419205050,21945350,881029400,701921950,3024101750
2014-08-25,21500.0,21700.0,21350.0,21450.0,186456.0,0.7042253521126761,3010069850,0,764413500,243214550,1239174550,0,596256900,2182266450,4017697900
2014-08-26,21450.0,21850.0,21400.0,21600.0,170707.0,0.6993006993006993,2719133350,0,797268000,188543900,2104133100,0,968792450,632019700,3704945250
2014-08-27,21650.0,22200.0,21650.0,21900.0,176279.0,1.3888888888888888,2856210000,44506800,644843900,331647600,1383173250,109500,1189080150,1304845400,3877208300
2014-08-28,21900.0,22150.0,21700.0,21900.0,148313.0,0.0,2587140800,7260000,506370950,160482850,1100589600,11008950,1165504500,984151550,3261254600
2014-08-29,21950.0,22100.0,21800.0,21850.0,77348.0,-0.228310502283105,1284719750,10975000,363860500,40570250,457204400,7283850,736215800,499421450,1700125500
2014-09-01,21800.0,21900.0,21450.0,21750.0,79150.0,-0.4576659038901602,975810100,0,605665600,136472650,616912950,82521700,748837050,269676650,1717948350
2014-09-02,21750.0,21850.0,21350.0,21600.0,84690.0,-0.6896551724137931,932524900,0,675631650,214868450,893266050,14922100,661583050,253253800,1823025000
2014-09-03,21400.0,21750.0,21350.0,21500.0,98880.0,-0.4629629629629629,1179316850,0,679700550,273029300,808952350,0,625017350,698077000,2132046700
2014-09-04,21400.0,21600.0,21000.0,21200.0,165833.0,-1.3953488372093024,1479943450,0,1610447650,430665750,2279180050,0,809915400,431961400,3521056850
2014-09-05,21000.0,21200.0,20600.0,20850.0,272678.0,-1.650943396226415,2097687550,0,2844052450,733299700,4500389150,46853200,980125200,147672150,5675039700
2014-09-11,20700.0,21250.0,20550.0,20850.0,165507.0,0.0,1670357250,303085250,901815850,582046900,1853250600,5616000,948365200,650073450,3457305250
2014-09-12,20650.0,21050.0,20650.0,20900.0,139082.0,0.2398081534772182,1770325650,28506000,776687800,328454050,1682034850,0,725304250,496634400,2903973500
2014-09-15,21000.0,21300.0,20950.0,21150.0,116722.0,1.1961722488038278,1657621250,0,733834000,80593600,1388072200,26226000,727290800,330459850,2472048850
2014-09-16,21350.0,21350.0,20950.0,21200.0,91049.0,0.2364066193853428,1018342350,37692900,698125500,173000500,791228700,0,538632800,597299750,1927161250
2014-09-17,21300.0,21500.0,21150.0,21300.0,64227.0,0.4716981132075472,734092300,0,418561250,220033700,406140300,426900,770936300,195183750,1372687250
2014-09-18,21300.0,21350.0,21050.0,21100.0,83722.0,-0.9389671361502347,586010650,2152200,584257650,597560650,176766000,0,398026350,1195188800,1769981150
2014-09-19,21250.0,21350.0,21000.0,21200.0,99895.0,0.47393364928909953,375043350,0,476438550,1265004200,659079900,0,657023600,800382600,2116486100
2014-09-22,21200.0,21250.0,20900.0,20900.0,70099.0,-1.4150943396226416,743007900,0,504050450,232803200,451055700,7991150,224806100,796008600,1479861550
2014-09-23,21000.0,21550.0,20800.0,21300.0,157019.0,1.9138755980861244,1786754650,116941050,757255250,664544500,2082473950,0,924434850,318586650,3325495450
2014-09-24,21400.0,21500.0,20850.0,21100.0,145012.0,-0.9389671361502347,1563510300,5245200,1186679350,311817600,1600581050,0,861460250,605211150,3067252450
2014-09-25,21100.0,21250.0,20500.0,20750.0,178657.0,-1.6587677725118484,2019291800,3776900,1317944350,392496350,1958070850,21073200,1032097450,722267900,3733509400
2014-09-26,20750.0,22200.0,20400.0,20800.0,142036.0,0.24096385542168677,1250267100,0,1415532750,290771000,1342495850,271615700,982536700,359922600,2956570850
2014-09-29,20800.0,21300.0,20700.0,20850.0,181585.0,0.2403846153846154,2171228900,585734950,909909000,152826950,1052929600,4643950,1551907600,1210218650,3819699800
2014-09-30,20850.0,21200.0,20850.0,21000.0,119302.0,0.7194244604316548,897985100,128075200,1226960850,256461700,1057073450,2520000,507030300,942859100,2509482850
2014-10-01,20100.0,21100.0,20100.0,20900.0,239422.0,-0.4761904761904762,2790786650,2806400,1809132600,380135650,1223687450,0,1754272700,2004901150,4982861300
2014-10-02,20800.0,21050.0,20400.0,20950.0,201790.0,0.23923444976076555,3088547650,386503350,479988250,222260600,1550175550,4908900,942919350,1679296050,4177299850
2014-10-06,20850.0,21100.0,20250.0,20550.0,199050.0,-1.9093078758949882,2093572350,158600950,1571313200,258240050,2256885700,0,716953000,1107887850,4081726550
2014-10-07,20700.0,20700.0,20000.0,20400.0,182620.0,-0.7299270072992701,1773369750,71204500,1233784900,620378850,1447243900,43267500,805756300,1402470300,3698738000
2014-10-08,20150.0,20750.0,20100.0,20450.0,209050.0,0.24509803921568626,2373051450,81791700,919454550,900117700,1762768550,28764750,1048312000,1434570100,4274415400
2014-10-10,20550.0,20600.0,20250.0,20450.0,146953.0,0.0,1675952300,11960400,567903350,745094950,1019515500,17165050,783016850,1181213600,3000911000
2014-10-13,20250.0,20550.0,19750.0,20000.0,257628.0,-2.2004889975550124,3168158250,128637500,1506963350,345306400,1368888150,0,2551598300,1228579050,5149065500
2014-10-14,20100.0,20400.0,19950.0,20100.0,249271.0,0.5,1012972800,65786650,2487408850,1456343250,3265369650,0,518241650,1238900250,5022511550
2014-10-15,20300.0,20500.0,19850.0,20200.0,328783.0,0.4975124378109453,1932459400,338089750,2660506300,1712013000,4295120400,0,601047600,1746900450,6643068450
2014-10-16,20250.0,20300.0,19850.0,20150.0,181881.0,-0.24752475247524752,1889689200,940000,542334000,1204549300,2277133950,40000000,364778000,955600550,3637512500
2014-10-17,20300.0,20700.0,19950.0,20500.0,327886.0,1.7369727047146404,1902993500,114140500,3324663600,1347753350,4465215500,80470900,1300817750,843046800,6689550950
2014-10-20,20550.0,20650.0,20150.0,20400.0,97057.0,-0.4878048780487805,652794650,11240250,745940350,575707250,1168027800,0,355992550,461662150,1985682500
2014-10-21,20250.0,20600.0,20150.0,20300.0,107486.0,-0.49019607843137253,527956900,6156000,404728800,1252262500,753013350,0,855795600,582295250,2191104200
2014-10-22,20400.0,21250.0,20400.0,21000.0,330826.0,3.4482758620689653,3895074150,42264550,761668800,2248833800,4859824850,19592300,1461504000,606920150,6947841300
2014-10-23,21050.0,21450.0,21000.0,21000.0,193968.0,0.0,1427507050,1402050,851326750,1828834950,2135290300,20096150,707088500,1246595850,4109070800
2014-10-24,21150.0,21300.0,20550.0,20850.0,126811.0,-0.7142857142857143,697127200,5478900,898890600,1042904200,1432277550,1775900,887905100,322442350,2644400900
2014-10-27,20900.0,21000.0,20350.0,20500.0,92115.0,-1.6786570743405276,688474000,71658500,819643600,311982250,1299737650,0,291710150,300310550,1891758350
2014-10-28,20600.0,20900.0,20000.0,20650.0,160333.0,0.7317073170731708,1770365050,61637100,1284223700,147010100,1051471600,0,1644284200,567480150,3263235950
2014-10-29,20600.0,21550.0,20450.0,21250.0,187309.0,2.9055690072639226,1297824100,217106200,1939215450,499452200,1631250900,0,1774017750,548329300,3953597950
2014-10-30,21500.0,22100.0,21450.0,21850.0,432969.0,2.823529411764706,3735518000,53218650,4438533900,1231048300,4414909850,5243100,3814707500,1223458400,9458318850
2014-10-31,21800.0,22000.0,21350.0,21700.0,113872.0,-0.6864988558352403,531365100,34372950,1570736950,344158550,1019036450,27861850,745662550,688072700,2480633550
2014-11-03,21500.0,21800.0,21250.0,21450.0,106624.0,-1.1520737327188941,1099785950,451500,514340250,675351450,738276700,10775000,1077136600,463740850,2289929150
2014-11-04,21450.0,21800.0,21200.0,21350.0,67879.0,-0.4662004662004662,632825950,32075000,438403300,351214450,570556400,9763200,428691400,445507700,1454518700
2014-11-05,21700.0,21700.0,21000.0,21300.0,90346.0,-0.234192037470726,1441994300,127900,263727850,220323200,926364250,7337200,363394750,629077050,1926173250
2014-11-06,21250.0,22150.0,21200.0,21950.0,206282.0,3.051643192488263,2102445600,18222900,1922647750,475403750,1238782200,32196950,2185441350,1062299500,4518720000
2014-11-07,21800.0,22400.0,21750.0,22100.0,126944.0,0.683371298405467,531213050,99066650,2099657450,70532200,820933050,0,1176113800,803422500,2800469350
2014-11-10,22150.0,22250.0,21700.0,21800.0,103096.0,-1.3574660633484164,736065550,22000000,1424522200,78981400,869748350,0,1085355600,306465200,2261569150
2014-11-11,21650.0,21850.0,21500.0,21650.0,77689.0,-0.6880733944954129,714208250,5474300,646595300,314130100,475975100,0,579730300,624702550,1680407950
2014-11-12,21500.0,21550.0,21250.0,21550.0,117762.0,-0.4618937644341801,841715950,34068000,1232458100,412856000,1633792450,38594000,530135400,318576200,2521098050
2014-11-13,21400.0,22000.0,21250.0,21450.0,129393.0,-0.46403712296983757,548330700,43733950,1337557900,861684550,1226018800,300035600,808779850,456472850,2791307100
2014-11-14,21400.0,21600.0,21200.0,21400.0,62967.0,-0.2331002331002331,325302950,26002750,582808200,411666450,570263500,0,436630050,338886800,1345780350
2014-11-17,21650.0,21750.0,20950.0,21250.0,101405.0,-0.7009345794392523,498917350,6105600,1053729550,591411650,1022550800,0,779048050,348565300,2150164150
2014-11-18,21400.0,21400.0,21050.0,21200.0,91195.0,-0.2352941176470588,520926550,62380900,1066304150,282707950,958268000,31875000,578531400,363645150,1932319550
2014-11-19,21400.0,21400.0,20850.0,21150.0,88694.0,-0.2358490566037736,366214150,39309950,938857200,521063000,1083712550,4071100,346682050,430978600,1865444300
2014-11-20,21150.0,21150.0,20700.0,21100.0,92006.0,-0.2364066193853428,554876050,0,753528950,614936300,838235900,0,719920350,365185050,1923341300
2014-11-21,21100.0,21200.0,20900.0,20950.0,39698.0,-0.7109004739336493,353161650,0,358630000,123314900,148450950,0,357634850,329020750,835106550
2014-11-24,21000.0,21400.0,20850.0,21150.0,54380.0,0.9546539379474941,367564450,0,453245800,331942350,175453650,21250,701663450,275614250,1152752600
2014-11-25,21300.0,21450.0,21150.0,21300.0,65297.0,0.7092198581560284,566340000,0,465313050,359049300,397909850,4401350,552049700,436341450,1390702350
2014-11-26,21300.0,21300.0,20900.0,21050.0,37458.0,-1.1737089201877933,272826800,0,396778650,120314100,77391950,0,433491850,279035750,789919550
2014-11-27,21100.0,21550.0,21100.0,21450.0,73317.0,1.9002375296912115,1020578300,0,444235300,97896500,429549200,0,807014000,326146900,1562710100
2014-11-28,21450.0,21500.0,21250.0,21300.0,58433.0,-0.6993006993006993,747255750,42600000,250172100,207902550,584885750,31922700,278478700,352643250,1247930400
2014-12-01,21150.0,21200.0,20450.0,20550.0,152720.0,-3.5211267605633805,1075172050,144150,1520877150,564686550,1583654500,2510750,890253400,684461250,3160879900
2014-12-02,20250.0,20850.0,20250.0,20500.0,75772.0,-0.24330900243309003,596980350,58800200,266784950,635189400,704081700,2510750,293382450,557780000,1557754900
2014-12-03,20500.0,21150.0,20500.0,20950.0,103003.0,2.195121951219512,1354097750,0,389227300,411555400,1014662050,2522850,673536950,464158600,2154880450
2014-12-04,20750.0,21650.0,20750.0,21350.0,128429.0,1.9093078758949882,1923080000,0,292151450,536515100,538807800,2534700,1833252250,377151800,2751746550
2014-12-05,21250.0,21500.0,20950.0,21450.0,98076.0,0.468384074941452,1221030950,0,631957150,222579950,1002038100,42900,623247950,450239100,2075568050
2014-12-08,21300.0,21400.0,20900.0,21250.0,123548.0,-0.9324009324009324,1529031300,66595500,645114300,369558150,1136895200,30703950,1020875650,421824450,2610299250
2014-12-09,21050.0,21250.0,20700.0,20700.0,128460.0,-2.588235294117647,562972000,168280900,1559143250,386982900,1603303450,46604300,758107500,269363800,2677379050
2014-12-10,20600.0,21000.0,20550.0,20750.0,69471.0,0.24154589371980675,868378900,0,300452400,275163350,233869250,67544350,728895900,413685150,1443994650
2014-12-11,20600.0,20850.0,20350.0,20800.0,139874.0,0.24096385542168677,1539111400,228310450,513855100,607856250,839684300,36917150,494549750,1517982000,2889133200
2014-12-12,20700.0,21250.0,20550.0,21100.0,152616.0,1.4423076923076923,959216850,4205600,1404924100,829145450,692116450,27932950,950918900,1526523700,3197492000
2014-12-15,21200.0,21200.0,20550.0,21050.0,165796.0,-0.23696682464454977,2085573050,863050,1217825900,151461150,1376781450,0,662814250,1416127450,3455723150
2014-12-16,21250.0,24200.0,21200.0,23200.0,1315097.0,10.21377672209026,10477066850,297767350,17095844900,2951036550,7753949700,385370050,19782339550,2900056350,30821715650
2014-12-17,23150.0,23300.0,22250.0,22600.0,423873.0,-2.586206896551724,2880589500,45081100,4002331900,2717367000,1478670300,0,5284394150,2882305050,9645369500
2014-12-18,23150.0,23250.0,22050.0,22700.0,331061.0,0.4424778761061947,3871690000,65288200,2126986150,1411462600,3444586350,45300000,2541042550,1444498050,7475426950
2014-12-19,22650.0,23200.0,22500.0,22900.0,212716.0,0.881057268722467,1590784900,7521300,1430063250,1813932000,2572695550,62782650,1557444000,649379250,4842301450
2014-12-22,22800.0,23550.0,22450.0,23200.0,213596.0,1.3100436681222707,2583530000,0,1577467650,777371350,1802056750,15583050,2273299850,847429350,4938369000
2014-12-23,23100.0,24500.0,23100.0,23950.0,275520.0,3.2327586206896552,3122566100,18435150,2793240250,690563600,1554575700,109994750,4314106500,646128150,6624805100
2014-12-24,24200.0,24900.0,24050.0,24300.0,153129.0,1.4613778705636742,1982970500,489400,1342295800,435789500,870624500,22050000,2327527900,541342800,3761545200
2014-12-26,24350.0,24700.0,23700.0,23800.0,142303.0,-2.05761316872428,1354366200,48990750,1199650350,812213000,1794037750,22662500,1517305950,81214100,3415220300
2014-12-29,23800.0,24700.0,23750.0,24350.0,129694.0,2.3109243697478994,1490682850,315900,1248635900,420285800,1208717150,1020500,1681645750,268537050,3159920450
2014-12-30,24050.0,24800.0,23600.0,24450.0,193407.0,0.41067761806981523,2032314450,57067350,789923550,1831335200,1378668950,49771850,1780684750,1501515000,4710640550
2015-01-02,24100.0,24800.0,24100.0,24550.0,131539.0,0.408997955010225,1628042150,777500,402834600,1191682000,943566800,16458050,1743590200,519721200,3223336250
2015-01-05,24300.0,24650.0,23850.0,24200.0,153271.0,-1.4256619144602851,2467717800,408500,548322050,710277450,1351814000,57840700,968099800,1348971300,3726725800
2015-01-06,24150.0,24450.0,23550.0,24300.0,135286.0,0.4132231404958678,2157680200,34857000,421778950,636692550,1142459700,95628600,1670390250,342530150,3251008700
2015-01-07,24300.0,24300.0,23300.0,23550.0,173492.0,-3.0864197530864197,1792471300,86469250,1675088750,542719400,1050649850,9326300,2494135250,542637300,4096748700
2015-01-08,23500.0,23800.0,23050.0,23350.0,188256.0,-0.8492569002123143,1727380150,0,1111645350,1562780800,725250300,190572600,2829792300,656191100,4401806300
2015-01-09,23600.0,24150.0,23600.0,23900.0,100011.0,2.355460385438972,532215300,0,960222100,895227050,209490700,67743300,1867479400,242951050,2387664450
2015-01-12,23800.0,24300.0,23750.0,23900.0,47796.0,0.0,264121850,0,425282950,459954400,131916500,13409950,675503300,328529450,1149359200
2015-01-13,23900.0,25700.0,23800.0,24550.0,324314.0,2.7196652719665275,3651128250,78419350,2197300150,2158368050,1638135750,47342200,5559044600,840693250,8085215800
2015-01-14,24650.0,25350.0,24200.0,24500.0,135354.0,-0.20366598778004072,1006719900,4860000,1505032200,843754650,1277563300,600600,1460862050,621340800,3360366750
2015-01-15,24350.0,25000.0,24100.0,24750.0,108445.0,1.0204081632653061,543198750,0,848470900,1266615800,675129300,25810650,1286359300,670986200,2658285450
2015-01-16,24550.0,25250.0,24450.0,25200.0,141069.0,1.8181818181818181,1526556700,0,784960450,1200987000,1048187300,249500,1370555300,1093512050,3512504150
2015-01-19,25300.0,25850.0,25150.0,25550.0,167973.0,1.3888888888888888,2515132350,0,948177300,827766400,1164350250,25700000,1807712350,1293313450,4291076050
2015-01-20,25600.0,25900.0,24700.0,25100.0,177001.0,-1.761252446183953,1382305450,49550,1522932600,1519011300,1604923900,6223600,1396069250,1417082150,4424298900
2015-01-21,25450.0,25450.0,24650.0,24950.0,88563.0,-0.5976095617529881,972019000,124050,665922650,570055250,865948550,12772950,708790500,620608950,2208120950
2015-01-22,25400.0,25450.0,24600.0,25350.0,151030.0,1.6032064128256511,1028089350,422200,848383800,1899772250,1453050000,0,1277854250,1045763350,3776667600
2015-01-23,25550.0,25700.0,25100.0,25150.0,87975.0,-0.7889546351084813,835379850,2201600,414139300,983889150,606485800,20395950,727385850,881342300,2235609900
2015-01-26,25100.0,25300.0,24600.0,25100.0,67302.0,-0.19880715705765406,969339750,0,480073900,234749800,217018050,0,791758800,675386600,1684163450
2015-01-27,25300.0,25450.0,24900.0,25200.0,103792.0,0.398406374501992,1191864350,0,445212800,969141750,872805500,77454300,798202200,857756900,2606218900
2015-01-28,25000.0,25400.0,24600.0,24850.0,86684.0,-1.3888888888888888,568992150,0,1051091100,536084300,648706250,56048800,1101375750,350036750,2156167550
2015-01-29,24850.0,25800.0,24600.0,25700.0,224021.0,3.420523138832998,1868493300,40075900,1491190200,2261439550,2138936600,62853000,1844505050,1614904300,5661198950
2015-01-30,25750.0,25750.0,24800.0,25200.0,137897.0,-1.9455252918287937,236242900,7355600,2251269600,967461800,1475349600,0,1022849450,964130850,3462329900
2015-02-02,24900.0,24950.0,24300.0,24450.0,113019.0,-2.976190476190476,243371850,14730000,1434302050,1076046000,573111700,73723650,1513782200,607832350,2768449900
2015-02-03,24400.0,24400.0,23700.0,23950.0,174512.0,-2.044989775051125,996289000,0,904171250,2279476950,2854923400,0,815736550,509277250,4179937200
2015-02-04,24050.0,24500.0,24050.0,24400.0,149544.0,1.8789144050104383,987069350,0,363196900,2289714900,1615875000,0,1119170800,904935350,3639981150
2015-02-05,24400.0,25500.0,24150.0,25350.0,135197.0,3.8934426229508197,2027733350,0,464157750,868337100,812348600,0,1817194300,730685300,3360228200
2015-02-06,25100.0,25300.0,24600.0,25000.0,62389.0,-1.3806706114398422,719658750,0,409055950,430209250,384896900,0,642512650,531514400,1558923950
2015-02-09,24800.0,25450.0,24550.0,25250.0,118427.0,1.0,2289075600,0,279723000,406976500,1180257000,227300,1112688450,682602350,2975775100
2015-02-10,25300.0,25400.0,24250.0,24250.0,69375.0,-3.9603960396039604,436321900,122350,897372700,371954450,891923600,16089200,517280550,280478050,1705771400
2015-02-11,24350.0,24950.0,23900.0,24850.0,83884.0,2.4742268041237114,995316500,0,539402300,511871000,287784550,7598800,1312134650,439071800,2046589800
2015-02-12,24850.0,25000.0,24200.0,24800.0,79226.0,-0.2012072434607646,640440400,0,356098800,958077200,257927300,0,809323850,887365250,1954616400
2015-02-13,24950.0,25450.0,24600.0,25400.0,114083.0,2.4193548387096775,1734031400,0,414212050,739868650,569470850,3092700,1551736950,763811600,2888112100
2015-02-16,25300.0,25500.0,25100.0,25350.0,48114.0,-0.19685039370078738,684950500,30391200,250386650,251619550,492335200,3443550,342574750,378994400,1217347900
2015-02-17,25350.0,25400.0,24450.0,25050.0,109844.0,-1.183431952662722,1023738400,690600,948809050,745537400,1125723450,45664100,1016786100,530601800,2718775450
2015-02-23,24800.0,25050.0,24250.0,24250.0,115083.0,-3.1936127744510974,514900300,0,1229748350,1088434800,1502807950,0,992286450,337989050,2833083450
2015-02-24,24250.0,24700.0,24050.0,24400.0,110935.0,0.6185567010309279,556738650,0,689574900,1448348300,1003488650,8118000,1099281650,583773550,2694661850
2015-02-25,24450.0,24550.0,23950.0,24400.0,98772.0,0.0,1082601250,24400,787855050,520332550,993012150,21421700,911323900,465055500,2390813250
2015-02-26,24350.0,24700.0,24150.0,24600.0,77333.0,0.819672131147541,932502050,0,291196350,666873850,928826200,0,619879200,341866850,1890572250
2015-02-27,24450.0,24650.0,23400.0,23700.0,160304.0,-3.6585365853658534,982812350,2380000,1967937550,887825600,2650522900,0,686526150,503906450,3840955500
2015-03-02,23850.0,23850.0,23250.0,23350.0,130177.0,-1.4767932489451476,757589450,2340000,1257337950,1037231800,1710008950,6538000,1046259500,291692750,3054499200
2015-03-03,23300.0,24150.0,23300.0,24000.0,81099.0,2.7837259100642395,901428050,0,330632950,696229150,592433550,4800000,856931000,474125600,1928290150
2015-03-04,23850.0,23900.0,23500.0,23700.0,137903.0,-1.25,1483032250,0,700528200,1089781550,2041635400,0,455654200,776052400,3273342000
2015-03-05,23550.0,24350.0,23500.0,23750.0,122250.0,0.21097046413502107,1308692700,0,757766950,855415250,1599166300,23945000,941597050,357166550,2921874900
2015-03-06,23650.0,23750.0,23050.0,23100.0,129280.0,-2.736842105263158,512418450,4680000,1714974050,788873150,2202341500,6663100,525824850,286116200,3020945650
2015-03-09,23100.0,23200.0,22450.0,22500.0,118224.0,-2.5974025974025974,339801250,4530000,1288639950,1044813400,1516701200,168357100,644800800,347925500,2677784600
2015-03-10,22400.0,22900.0,22200.0,22900.0,184678.0,1.7777777777777777,1498418850,0,981518650,1661512900,2304238250,267795900,772827350,796588900,4141450400
2015-03-11,22650.0,22750.0,21900.0,22650.0,346238.0,-1.0917030567685588,3894566050,0,2613341350,1203195950,5342714100,355000,972293250,1395741000,7711103350
2015-03-12,22650.0,22650.0,22050.0,22300.0,228547.0,-1.545253863134658,2245797050,893000,1076684600,1774824550,3395358000,780500,789880450,912180250,5098199200
2015-03-13,22250.0,22650.0,22050.0,22450.0,199058.0,0.672645739910314,2966129450,0,875335250,611455600,2595328750,10137650,1007642950,839810950,4452920300
2015-03-16,22650.0,22800.0,22150.0,22650.0,124487.0,0.8908685968819599,1532070700,0,961772650,306169900,893650300,6821000,1144045600,755496350,2800013250
2015-03-17,22800.0,23050.0,22600.0,22900.0,117288.0,1.1037527593818985,1204530750,75207600,995512450,395982100,836382450,83799450,1256979900,494071100,2671232900
2015-03-18,22800.0,22900.0,22400.0,22500.0,156691.0,-1.7467248908296942,1782564600,2287500,1083687750,674298000,1880106700,898000,990062600,671770550,3542837850
2015-03-19,22600.0,22750.0,21850.0,22150.0,197056.0,-1.5555555555555556,859633550,2220000,2408982400,1088079350,2959190250,56746100,1132342100,210636850,4358915300
2015-03-20,21950.0,22050.0,21000.0,21000.0,434199.0,-5.191873589164786,2413075100,10592500,4819846450,1995471550,5827264700,54500400,2139673450,1217547050,9238985600
2015-03-23,21050.0,22000.0,21050.0,21750.0,219563.0,3.571428571428571,2125883050,72348600,1245737100,1311105650,1328199800,11576250,3173311850,241986500,4755074400
2015-03-24,21600.0,21750.0,21100.0,21200.0,190159.0,-2.528735632183908,811145400,44710000,1724055100,1473389500,3071972700,5348450,748609900,227368950,4053300000
2015-03-25,21200.0,21250.0,20600.0,21000.0,309180.0,-0.9433962264150944,2156688400,2065000,2538683900,1738765500,4363479600,234006700,1363952200,474764300,6436202800
2015-03-26,21000.0,21800.0,20750.0,21600.0,208425.0,2.857142857142857,2952167250,43200,822158150,712142700,1440908700,5457800,2187321800,852823000,4486511300
2015-03-27,21600.0,21600.0,18400.0,21150.0,1095076.0,-2.083333333333333,6357397150,271756550,12531104550,2697029200,3809509950,4828174600,11595676000,1623926900,21857287450
2015-03-30,21600.0,21650.0,20800.0,20950.0,154699.0,-0.9456264775413712,881030350,2090000,1425494800,944975300,1556892450,28769100,1020365200,647563700,3253590450
2015-03-31,21100.0,21250.0,20700.0,21100.0,254729.0,0.7159904534606205,493184900,4446650,1179304650,3677678400,571377650,39542400,1491278200,3252416350,5354614600
2015-04-01,20850.0,21050.0,20200.0,20300.0,273598.0,-3.7914691943127963,1403074500,163645000,2861258100,1174077850,2619788550,18341700,1152107100,1811818100,5602055450
2015-04-02,20250.0,21300.0,20200.0,21100.0,246110.0,3.9408866995073892,3108039500,369278300,935799700,746445000,582966200,87157350,3260559650,1228879300,5159562500
2015-04-03,21100.0,21300.0,20600.0,20850.0,153873.0,-1.1848341232227488,1319775200,51695000,1450461700,375549800,1953237100,20900000,734576050,488768550,3197481700
2015-04-06,20800.0,20900.0,20200.0,20400.0,222221.0,-2.158273381294964,1205718350,2025000,2641527400,674700550,3024047000,47258400,931532000,521133900,4523971300
2015-04-07,20300.0,20700.0,20250.0,20650.0,121346.0,1.2254901960784315,1469568350,113575300,690277450,216211050,1060654950,22964000,1017495600,388517600,2489632150
2015-04-08,20550.0,20650.0,20400.0,20500.0,95148.0,-0.7263922518159807,528331600,49898000,1080898350,292931100,1108969250,0,434670200,408419600,1952059050
2015-04-09,20500.0,21000.0,20350.0,20750.0,232379.0,1.2195121951219512,2330175100,746489650,1058502250,683963600,2226216200,2090000,1546812250,1044012150,4819130600
2015-04-10,20700.0,20850.0,20450.0,20650.0,232044.0,-0.48192771084337355,1230328450,125982500,2970129250,451763050,3300800750,0,952379250,525023250,4778203250
2015-04-13,20700.0,20800.0,20350.0,20450.0,231523.0,-0.9685230024213075,1768905300,0,2673561400,301530850,3497514400,4921050,1025449350,216112750,4743997550
2015-04-14,20500.0,20750.0,20400.0,20750.0,272806.0,1.466992665036675,2029275900,562012150,2116063600,907360850,3431999900,11931000,1661187150,509594450,5614712500
2015-04-15,20750.0,20900.0,20500.0,20850.0,167669.0,0.48192771084337355,1082038550,227601900,1798546250,356079250,970702400,62874500,1629377900,801311150,3464265950
2015-04-16,20850.0,21100.0,20600.0,21000.0,198603.0,0.7194244604316548,1694464900,10481700,1592685050,841036050,1333642450,64280550,1463159550,1277585150,4138667700
2015-04-17,21100.0,21100.0,20700.0,20850.0,133802.0,-0.7142857142857143,627827150,1504500,1509518700,651162100,1075951300,66693800,693907850,953459500,2790012450
2015-04-20,20750.0,20850.0,20450.0,20750.0,166125.0,-0.4796163069544364,1142001300,82090250,1720786850,490019000,1291091800,44024950,1345961100,753819550,3434897400
2015-04-21,20750.0,20950.0,20600.0,20800.0,129285.0,0.24096385542168677,1289218950,6277950,1105056250,282616650,1238085750,3965050,1061902950,379216050,2683169800
2015-04-22,20750.0,21000.0,20350.0,20600.0,191761.0,-0.9615384615384616,1277032500,6552500,2138435200,549158450,1461386900,0,1766066600,743725150,3971178650
2015-04-23,20600.0,21400.0,20500.0,21400.0,251826.0,3.8834951456310676,1629234300,136590200,2586062850,951895400,1034219650,6380000,3829311000,433872100,5303782750
2015-04-24,21300.0,21850.0,21050.0,21450.0,303674.0,0.23364485981308408,1404427300,29085150,3599224400,1481303350,1390688300,58772550,3895149400,1169429950,6514040200
2015-04-27,21700.0,21700.0,21100.0,21400.0,193294.0,-0.2331002331002331,709025100,9066000,2817112000,602789100,1857268550,306973650,1531039350,442710650,4137992200
2015-04-28,21300.0,21350.0,20900.0,21150.0,186783.0,-1.1682242990654206,1238577600,8174200,2323331950,361988650,1355848000,1100564850,942271450,533388100,3932072400
2015-04-29,21100.0,21450.0,20800.0,21400.0,135267.0,1.1820330969267139,1520734200,4791350,935150000,409969200,230020400,85002250,1784125250,771496850,2870644750
2015-04-30,21450.0,21550.0,21100.0,21250.0,99884.0,-0.7009345794392523,382670400,40980350,806869750,902003700,785601050,11339000,768720750,566863400,2132524200
2015-05-04,21250.0,21250.0,19600.0,19800.0,621853.0,-6.8235294117647065,4625486150,79110900,6889109800,763945750,5256505300,9846800,3604650400,3486650100,12357652600
2015-05-06,19650.0,19900.0,19350.0,19750.0,242237.0,-0.25252525252525254,1965091200,11116300,1487798300,1271416250,1891761300,0,1534309450,1309351300,4735422050
2015-05-07,19650.0,19800.0,18600.0,19400.0,336414.0,-1.7721518987341773,2659155450,7173750,3015113850,750479900,2546882100,779100,2396117100,1488144650,6431922950
2015-05-08,19250.0,19550.0,19050.0,19350.0,151148.0,-0.25773195876288657,1197465500,0,1283031800,426780750,1218535950,0,649338550,1039403550,2907278050
2015-05-11,19400.0,19500.0,19000.0,19150.0,161879.0,-1.03359173126615,1477137600,12272350,1290058100,324034650,1555783750,0,968349900,579369050,3103502700
2015-05-12,19150.0,19200.0,18750.0,18850.0,217389.0,-1.5665796344647518,1185796500,78564700,2008921200,841051000,1686000500,4410900,969677350,1454244650,4114333400
2015-05-13,18800.0,19050.0,18800.0,18850.0,115187.0,0.0,832107700,6912900,959768700,379922350,889840350,0,574294900,714576400,2178711650
2015-05-14,18850.0,19550.0,18850.0,19450.0,247409.0,3.183023872679045,939304000,324813200,2966514850,552494900,2049539150,113354250,1992969550,627264000,4783126950
2015-05-15,19450.0,19600.0,19150.0,19350.0,145870.0,-0.5141388174807198,1386556700,0,1274104550,156314700,783792950,0,740794250,1292388750,2816975950
2015-05-18,19300.0,19350.0,18950.0,19100.0,134470.0,-1.2919896640826873,622465950,0,1766395300,181317200,1344665700,81847100,558692600,584973050,2570178450
2015-05-19,19000.0,19200.0,18900.0,19150.0,119961.0,0.2617801047120419,861359750,27901100,1229482100,162943250,1198444200,0,584915450,498326550,2281686200
2015-05-20,19150.0,19500.0,18900.0,19150.0,126366.0,0.0,1121409050,0,1145353550,157362450,603221650,989300,1068105850,751808250,2424125050
2015-05-21,19100.0,19150.0,18700.0,18750.0,131502.0,-2.088772845953003,189722750,131550,2054570300,229187000,631247950,2637200,1243336500,596389950,2473611600
2015-05-22,18850.0,19700.0,18750.0,19600.0,197050.0,4.533333333333333,1482514850,32985350,1619421850,692541750,565954000,139130000,2676422300,445957500,3827463800
2015-05-26,19700.0,19800.0,19400.0,19600.0,105439.0,0.0,1003947600,10698800,843681150,213568400,276872350,23870950,1097141250,674011400,2071895950
2015-05-27,19450.0,19500.0,19000.0,19150.0,112154.0,-2.295918367346939,305794050,5541200,1713962550,124357650,561662600,0,684276600,903716250,2149655450
2015-05-28,19050.0,19450.0,18750.0,19250.0,161436.0,0.5221932114882507,1192791200,2368300,1450417950,434526200,1236604300,0,1183290450,660208900,3080103650
2015-05-29,19100.0,19650.0,19050.0,19650.0,118124.0,2.0779220779220777,940798050,11220750,793565050,555961900,120802100,1945000,1180062650,998736000,2301545750
2015-06-01,19700.0,19700.0,19150.0,19400.0,133510.0,-1.2722646310432568,1358616750,33009200,1089656900,98718350,1187960250,41858500,621405750,728776700,2580001200
2015-06-02,19350.0,19400.0,18900.0,18900.0,115569.0,-2.5773195876288657,752122100,32288050,1098067800,319901050,327296750,0,830843200,1044239050,2202379000
2015-06-03,18900.0,19050.0,18350.0,18400.0,122378.0,-2.6455026455026456,404779000,51404350,1437029200,388578200,588283300,0,567805450,1125702000,2281790750
2015-06-04,18350.0,18400.0,17800.0,18050.0,184949.0,-1.9021739130434785,809163850,4565000,1422322800,1105800600,1367235350,0,1389669200,584947700,3341852250
2015-06-05,18000.0,18400.0,17750.0,17900.0,134349.0,-0.8310249307479225,709934850,46382150,1257325000,400261900,966275450,0,559968650,887659800,2413903900
2015-06-08,17900.0,17900.0,17300.0,17600.0,253079.0,-1.675977653631285,1333853350,4161750,2025444150,1062899800,2954266650,0,776852050,695240350,4426359050
2015-06-09,17500.0,17650.0,17250.0,17450.0,190067.0,-0.8522727272727272,754017350,0,2034036250,517251300,1317244250,17350,1008428800,979614500,3305304900
2015-06-10,17550.0,17800.0,17100.0,17500.0,186037.0,0.28653295128939826,810149050,196309050,1763839750,454503800,1314506800,0,1160648150,749646700,3224801650
2015-06-11,17500.0,17900.0,17400.0,17400.0,274017.0,-0.5714285714285714,1689152550,9717800,1936019850,1189462750,2489977100,17600,1530572800,803785450,4824352950
2015-06-12,17750.0,18300.0,17500.0,17800.0,285227.0,2.2988505747126435,2609873600,60893900,1556114000,893047000,2137118450,1820000,1951907750,1029082300,5119928500
2015-06-15,17850.0,17950.0,17250.0,17600.0,164027.0,-1.1235955056179776,575753350,1742350,1783864600,519524850,1799027750,0,512211100,569646300,2880885150
2015-06-16,17450.0,17550.0,16800.0,16950.0,196972.0,-3.6931818181818183,1198668100,57445000,1740621750,355858850,952885100,95366500,1463378000,840964100,3352593700
2015-06-17,16800.0,17100.0,16600.0,16850.0,277429.0,-0.5899705014749262,1141859150,36679600,1854830500,1620317000,1769818700,35134350,1807844650,1040888550,4653686250
2015-06-18,16950.0,17050.0,16450.0,16850.0,255520.0,0.0,897497350,6103550,1779387800,1594124850,1179870750,723800,2233572100,862946900,4277113550
2015-06-19,16900.0,17100.0,16400.0,16400.0,390449.0,-2.6706231454005933,1395690350,101970300,3391975350,1602731550,1162242600,354930550,3102645200,1872549200,6492367550
2015-06-22,16600.0,17200.0,16500.0,16850.0,375999.0,2.7439024390243905,766629150,49913000,2602233850,2933089100,2761579800,508402050,2276536250,805347000,6351865100
2015-06-23,16850.0,17200.0,16750.0,16950.0,138457.0,0.5934718100890208,433410800,0,947283750,975005900,599522000,0,1133870200,622308250,2355700450
2015-06-24,17000.0,17300.0,16950.0,17300.0,99308.0,2.0648967551622417,207966650,35477950,545203300,912408400,414735900,0,884311400,402009000,1701056300
2015-06-25,17300.0,17450.0,17050.0,17300.0,122987.0,0.0,371014200,2820050,716636000,1033443550,734622150,0,879283600,510008050,2123913800
2015-06-26,17300.0,17300.0,16850.0,17150.0,210336.0,-0.8670520231213872,1762989750,2247400,1446788250,366744000,1064025750,50519350,1390439500,1073784800,3578769400
2015-06-29,16750.0,16900.0,16500.0,16650.0,150496.0,-2.9154518950437316,667747800,1693050,1331595250,504303400,1121035500,22508000,915073050,446722950,2505339500
2015-06-30,16550.0,16750.0,16400.0,16750.0,282043.0,0.6006006006006006,1758648800,1650000,1199340600,1723510800,1140936000,0,596235900,2945978300,4683150200
2015-07-01,16750.0,17150.0,16650.0,16950.0,167299.0,1.1940298507462688,471579850,0,1549995100,803800100,1068880300,0,1612674750,143820000,2825375050
2015-07-02,17050.0,17100.0,16650.0,16900.0,299413.0,-0.2949852507374631,1164458450,15393500,1662576600,2191501900,1244482400,262033550,3244358150,283056350,5033930450
2015-07-03,16950.0,17250.0,16850.0,17050.0,169585.0,0.8875739644970414,893194900,5984550,1261101700,729502150,1224301050,1720000,1291619550,372142700,2889783300
2015-07-06,17000.0,17000.0,16600.0,16750.0,170242.0,-1.7595307917888565,908918000,3478600,1197517250,756585950,1391189150,0,937940900,537369750,2866499800
2015-07-07,16850.0,16950.0,16450.0,16800.0,148214.0,0.2985074626865672,872978150,9056200,904900800,683133600,1294948650,0,853598600,321521500,2470068750
2015-07-08,17000.0,17000.0,16600.0,16750.0,123877.0,-0.2976190476190476,443137700,101292200,905953300,626234850,214185000,1680000,931327400,929425650,2076618050
2015-07-09,16650.0,16650.0,15600.0,16250.0,450294.0,-2.9850746268656714,2199664050,30218450,3961514400,1044344450,2093817300,64520500,2090612950,2986790600,7235741350
2015-07-10,16100.0,16300.0,15700.0,15850.0,181139.0,-2.4615384615384617,775015850,38310650,1626250100,442233050,1231841850,37793850,786366850,825807100,2881809650
2015-07-13,15850.0,16200.0,15750.0,16150.0,102422.0,1.8927444794952681,481957300,4849050,798373000,347742900,243340350,0,756426050,633155850,1632922250
2015-07-14,16050.0,16300.0,15900.0,15950.0,148164.0,-1.238390092879257,1027700950,4434350,1025098350,325931400,235855700,32000000,969360850,1145948500,2383165050
2015-07-15,16100.0,16250.0,15950.0,16200.0,64750.0,1.5673981191222568,90257750,6575550,706187100,241229200,121043450,0,595093600,328112550,1044249600
2015-07-16,16200.0,16300.0,15850.0,16150.0,173390.0,-0.30864197530864196,736449350,2078450,1698686100,350596550,1192449950,0,975969750,619390750,2787810450
2015-07-17,16100.0,16200.0,15650.0,15900.0,163108.0,-1.5479876160990713,860290350,14127300,1456261950,247431800,54396800,15750,1912723550,610975300,2578111400
2015-07-20,15950.0,16150.0,15750.0,16150.0,102997.0,1.5723270440251573,367538300,28635500,504889000,746502850,273586500,0,1081400250,292578900,1647565650
2015-07-21,16150.0,16850.0,16050.0,16800.0,204435.0,4.024767801857585,1216678950,360236600,1643974750,184533850,406641250,1686800,2419425700,577670400,3405424150
2015-07-22,16950.0,16950.0,16400.0,16600.0,189246.0,-1.1904761904761905,1812979750,95095250,1045156250,205468400,618242050,0,1042793350,1497664250,3158699650
2015-07-23,16850.0,17150.0,16700.0,17150.0,142522.0,3.313253012048193,1050038750,20378300,1124725300,217525750,422627700,0,1353885800,636154600,2412668100
2015-07-24,17100.0,17200.0,16650.0,16750.0,120606.0,-2.3323615160349855,781840500,15662850,1092087200,142214150,567475250,0,821863000,642466450,2031804700
2015-07-27,16650.0,16800.0,16350.0,16550.0,104226.0,-1.1940298507462688,405214050,241039600,1045940650,35039900,257133550,2968000,961214750,505917900,1727234200
2015-07-28,16650.0,16850.0,16450.0,16700.0,97566.0,0.906344410876133,298523900,133600000,798681950,397615400,156874500,3785250,919490150,548271350,1628421250
2015-07-29,16800.0,17650.0,16700.0,17550.0,496766.0,5.089820359281437,958760850,458719850,6536638550,604381950,4185876350,4827000,3245420600,1122377250,8558501200
2015-07-30,17450.0,18350.0,17150.0,18050.0,432372.0,2.849002849002849,2207628750,167344650,4858345350,550713750,1476759050,0,4631337100,1675936350,7784032500
2015-07-31,18250.0,18350.0,17000.0,17500.0,340090.0,-3.0470914127423825,953934950,148983350,3907451850,963203450,677909200,0,3350054400,1945610000,5973573600
2015-08-03,17650.0,17850.0,16800.0,17750.0,270518.0,1.4285714285714286,780459100,198675050,2208185500,1523988400,823764300,194822950,2538164850,1154555950,4711308050
2015-08-04,17650.0,18400.0,17550.0,18250.0,476190.0,2.8169014084507045,5499678350,171544500,1881570100,983632500,5494160650,131412900,1852289100,1058562800,8536425450
2015-08-05,18250.0,18400.0,17700.0,18200.0,191187.0,-0.273972602739726,611458450,325391500,2163296050,372647100,434288750,53114350,1991766150,993623850,3472793100
2015-08-06,18350.0,18350.0,17750.0,17950.0,73996.0,-1.3736263736263736,132797350,0,722387450,479975750,377577450,0,614844700,342738400,1335160550
2015-08-07,17950.0,18200.0,17200.0,18050.0,162435.0,0.5571030640668524,160190700,185489200,1703770900,844002750,857562450,1810000,1414369750,619711350,2893453550
2015-08-10,18000.0,18100.0,17450.0,18000.0,90538.0,-0.2770083102493075,34388250,159039300,1240339100,182308800,396566800,1805000,598599350,619104300,1616075450
2015-08-11,18000.0,18000.0,17400.0,17500.0,104451.0,-2.7777777777777777,942111850,1755000,644607850,259032850,966210450,43502850,598500250,239294000,1847507550
2015-08-12,17500.0,17600.0,17150.0,17500.0,107677.0,0.0,1284713250,0,346702800,240298000,601258500,2326150,921197500,346931900,1871714050
2015-08-13,17300.0,17600.0,17100.0,17400.0,154094.0,-0.5714285714285714,1382198900,0,984977500,306519650,1520787950,2475150,628616850,521816100,2673696050
2015-08-17,17650.0,17650.0,17250.0,17450.0,46118.0,0.28735632183908044,342251900,0,342851100,119377800,57809650,4742350,434419050,307509750,804480800
2015-08-18,17300.0,18000.0,16950.0,17900.0,149912.0,2.5787965616045847,243900800,269605800,1761127650,350760700,432073600,3570000,1363773350,825978000,2625394950
2015-08-19,17700.0,17850.0,16800.0,17100.0,159188.0,-4.4692737430167595,757573850,4667300,1511745350,449868050,930112750,13781850,745725350,1034234600,2723854550
2015-08-20,16650.0,16900.0,15800.0,16100.0,290447.0,-5.847953216374268,1607264700,1610000,2389808350,693415500,682599200,0,3252755000,756744350,4692098550
2015-08-21,15600.0,16000.0,15450.0,15600.0,147585.0,-3.1055900621118013,715885450,2564000,845805250,741407550,269515550,0,1242827000,793319700,2305662250
2015-08-24,15500.0,15700.0,15300.0,15600.0,70291.0,0.0,720528800,311000,206673850,163759850,125564500,38024450,463558250,464126300,1091273500
2015-08-25,15500.0,15800.0,15000.0,15500.0,103547.0,-0.641025641025641,88293250,7730000,1032302050,473556950,106057450,0,413349900,1082474900,1601882250
2015-08-26,15500.0,16250.0,15250.0,16150.0,93754.0,4.193548387096775,586807750,0,542324650,354092150,238787700,13689850,814957700,415789300,1483224550
2015-08-27,16200.0,16900.0,15950.0,16450.0,166187.0,1.8575851393188854,1695937050,1239500,725121150,332546500,797376100,7127000,1249081950,701259150,2754844200
2015-08-28,16450.0,17050.0,16350.0,16900.0,111659.0,2.735562310030395,1077271200,101396500,484889100,215308150,481311900,4420750,999247050,393885250,1878864950
2015-08-31,16700.0,17500.0,16600.0,17200.0,139075.0,1.7751479289940828,1118168200,2087250,447184350,834218000,1014336100,28762650,934111650,424447400,2401657800
2015-09-01,17050.0,18100.0,17050.0,17750.0,551861.0,3.1976744186046515,1930709300,683400450,5868474000,1295865900,1688234000,471759400,6906466100,711990150,9778449650
2015-09-02,17500.0,18500.0,17500.0,18100.0,624135.0,1.971830985915493,3135263850,40855800,6242076600,1803675800,1665228550,903094550,6892038450,1761510500,11221872050
2015-09-03,18150.0,18300.0,17900.0,18050.0,330280.0,-0.2762430939226519,1474230400,109380700,3072751050,1319293350,4252433850,40199800,990301000,692720850,5975655500
2015-09-04,17900.0,18200.0,17500.0,17950.0,342244.0,-0.554016620498615,432683600,561325450,3942769850,1178037350,2000652300,45791300,3511335600,557037050,6114816250
2015-09-07,17750.0,18300.0,17400.0,17600.0,144232.0,-1.9498607242339834,1161994350,0,911721750,505421100,729180150,357631100,1032370400,459955550,2579137200
2015-09-08,17600.0,17850.0,17350.0,17550.0,119019.0,-0.2840909090909091,4855700,212547750,1308851100,571150650,402176000,21439000,1407236050,266554150,2097405200
2015-09-09,17650.0,17850.0,17400.0,17650.0,259260.0,0.5698005698005698,814859250,32259200,2291724350,1433310550,263161700,214779750,3753695650,340516250,4572153350
2015-09-10,17700.0,18200.0,17600.0,18100.0,129660.0,2.5495750708215295,491375900,175449600,1132309850,534220400,829597950,1810000,977600550,524347250,2333355750
2015-09-11,17950.0,18150.0,17750.0,17950.0,73280.0,-0.8287292817679558,224307450,26850000,730218600,334468950,290181800,3685900,896538700,125438600,1315845000
2015-09-14,18000.0,18250.0,17800.0,18050.0,88219.0,0.5571030640668524,135014850,230175700,1151107200,80826800,360288850,3576500,866193250,367065950,1597124550
2015-09-15,17850.0,18400.0,17850.0,18200.0,105069.0,0.8310249307479225,1394573600,0,429586250,90489600,216982850,0,1064004800,633661800,1914649450
2015-09-16,18350.0,18800.0,18200.0,18250.0,233231.0,0.27472527472527475,1644453250,153350350,1816989550,703399850,621624000,128167250,3156260400,412141350,4318193000
2015-09-17,18500.0,18550.0,18200.0,18300.0,102595.0,0.273972602739726,784569150,0,392374250,707312400,293873850,0,1209937750,380444200,1884255800
2015-09-18,18300.0,18500.0,18000.0,18350.0,89892.0,0.273224043715847,708196400,0,474232350,463494700,485567400,12765000,853950750,293640300,1645923450
2015-09-21,18150.0,18450.0,18100.0,18200.0,49491.0,-0.8174386920980926,147847000,100688900,589364200,66920400,122399750,0,499012750,283408000,904820500
2015-09-22,18400.0,18400.0,18150.0,18250.0,46564.0,0.27472527472527475,192271150,0,270285800,388194250,286711250,3670000,306081550,254288400,850751200
2015-09-23,18150.0,18450.0,17550.0,17550.0,82245.0,-3.8356164383561646,183626450,0,955623200,331223650,790567950,0,425759600,254145750,1470473300
2015-09-24,17850.0,17850.0,17300.0,17800.0,73098.0,1.4245014245014245,287191750,0,261108400,741981300,312985000,0,598071250,379225200,1290281450
2015-09-25,17950.0,18000.0,17300.0,17850.0,53512.0,0.2808988764044944,472179600,0,271292500,207320650,210510100,0,539477900,200804750,950792750
2015-09-30,17600.0,18250.0,17550.0,18100.0,86059.0,1.400560224089636,25783550,167171000,976521900,378423500,473649050,0,578275500,495975400,1547899950
2015-10-01,18100.0,18450.0,18050.0,18250.0,91033.0,0.8287292817679558,565118750,256900,730773350,361431650,941568300,0,448586050,267426300,1657580650
2015-10-02,18450.0,18450.0,17950.0,17950.0,39142.0,-1.643835616438356,85786450,5950800,297603800,319583750,310867550,2057800,179158350,216841100,708924800
2015-10-05,18300.0,18300.0,17450.0,17600.0,67432.0,-1.9498607242339834,161381050,3122100,688878100,340222350,338664850,0,678864800,176073950,1193603600
2015-10-06,17650.0,18000.0,17450.0,17550.0,45462.0,-0.2840909090909091,48587550,1989400,447442900,302398750,344976050,0,368647800,86794750,800418600
2015-10-07,17450.0,17750.0,17400.0,17400.0,34262.0,-0.8547008547008548,112397400,489950,328977650,157529750,225228700,0,246471850,127694200,599394750
2015-10-08,17500.0,17600.0,16950.0,17550.0,83539.0,0.8620689655172413,406963150,1710000,642747450,390982400,703265350,0,513240900,225896750,1442403000
2015-10-12,17800.0,18750.0,17650.0,18400.0,186817.0,4.843304843304843,1258353650,1288000,954484250,1211922300,758163250,3675000,2241965650,422244300,3426048200
2015-10-13,18300.0,18900.0,18300.0,18650.0,101167.0,1.358695652173913,687037200,0,637426750,565952150,525204500,43271650,1028761750,293178200,1890416100
2015-10-14,18800.0,19100.0,18650.0,19000.0,159376.0,1.876675603217158,1034456200,0,549992600,1434556300,870500750,1890000,1739843000,406771350,3019005100
2015-10-15,18950.0,19150.0,18750.0,19050.0,81460.0,0.2631578947368421,346324450,381653450,323645850,497605800,291566600,0,1197320100,60342850,1549229550
2015-10-16,18900.0,19150.0,18550.0,18950.0,101719.0,-0.5249343832020997,447995450,0,532255250,934835400,659774350,4893250,631602550,618815950,1915086100
2015-10-19,19000.0,19100.0,18650.0,18950.0,41341.0,0.0,337682750,0,169273950,276246350,365033450,0,312145950,106023650,783203050
2015-10-20,18950.0,19150.0,18750.0,19150.0,65507.0,1.0554089709762533,794181900,0,160715550,286654950,219386050,0,530143850,492022500,1241552400
2015-10-21,19150.0,19150.0,18500.0,18850.0,121929.0,-1.5665796344647518,688064750,95478450,885804650,620542050,791232250,6787700,565810850,926059100,2289889900
2015-10-22,18800.0,18950.0,18450.0,18750.0,72773.0,-0.5305039787798408,308851700,137006700,314826850,596784050,788075400,1855000,319581800,247957100,1357469300
2015-10-23,18800.0,18950.0,18600.0,18650.0,34987.0,-0.5333333333333333,259165100,0,145201000,252292050,69490750,0,371962050,215205350,656658150
2015-10-26,18800.0,19050.0,18750.0,19000.0,98075.0,1.876675603217158,1039425600,0,256434300,558187550,261057550,1900000,1252502050,338587850,1854047450
2015-10-27,18800.0,19100.0,18800.0,18800.0,82512.0,-1.0526315789473684,883515050,0,392979000,287428050,27714800,0,820461500,715745800,1563922100
2015-10-28,18800.0,19050.0,18600.0,19000.0,56869.0,1.0638297872340425,543298350,37769400,209375650,284237450,130929300,0,592945050,350806500,1074680850
2015-10-29,18850.0,19000.0,18600.0,18800.0,48247.0,-1.0526315789473684,474081500,0,278643550,157486500,151628900,0,330037950,428544700,910211550
2015-10-30,18900.0,18900.0,18400.0,18450.0,62960.0,-1.8617021276595744,272541100,0,436045400,460589000,479338150,0,311805600,378031750,1169175500
2015-11-02,18500.0,19000.0,18250.0,18950.0,113333.0,2.710027100271003,312843500,121106250,1517606000,170524650,93122450,0,1548665150,480292800,2122080400
2015-11-03,19050.0,19300.0,18850.0,19250.0,128436.0,1.58311345646438,1507984150,7215250,450807250,488887400,210509050,0,1587729500,656655500,2454894050
2015-11-04,19250.0,19700.0,19200.0,19400.0,237016.0,0.7792207792207793,2404721950,56214700,1128234400,1016424050,1224650300,4071450,2398338100,978535250,4605595100
2015-11-05,19600.0,20400.0,19400.0,20300.0,327696.0,4.639175257731959,3719133700,39939900,1381761550,1439174350,1558703900,300305900,4135368800,585630900,6580009500
2015-11-06,20300.0,20500.0,20000.0,20400.0,148955.0,0.49261083743842365,2078651800,0,390827300,552833600,434308950,162100000,1756120950,669782800,3022312700
2015-11-09,20350.0,20400.0,19750.0,19900.0,61841.0,-2.450980392156863,265858450,0,402919500,570151500,147127300,0,818305400,273496750,1238929450
2015-11-10,19850.0,20000.0,19350.0,19750.0,60611.0,-0.7537688442211055,382137200,27108250,358440950,425465850,287489850,0,764779350,140883050,1193152250
2015-11-11,19550.0,19750.0,19150.0,19500.0,81780.0,-1.2658227848101267,537595000,0,428380150,616930500,350094750,0,475227000,757583900,1582905650
2015-11-12,19300.0,19400.0,18800.0,19300.0,124406.0,-1.0256410256410255,1054890350,81142650,744972850,479671950,815045700,150742350,377582900,1017306850,2360677800
2015-11-13,19350.0,19350.0,18700.0,19100.0,64726.0,-1.0362694300518136,567850300,725800,381162500,277820200,439368100,0,388381550,399809150,1227558800
2015-11-16,18950.0,19000.0,18500.0,18950.0,126667.0,-0.7853403141361256,571893500,37900400,1222411300,545975000,624715900,0,1189500100,563964200,2378180200
2015-11-17,19000.0,19200.0,18700.0,19000.0,74177.0,0.2638522427440633,600429600,0,615977750,189178600,318812900,0,660635800,426137250,1405585950
2015-11-18,19050.0,19150.0,18650.0,19050.0,89721.0,0.2631578947368421,963474550,19747750,553744550,152906000,781291500,47215900,505101250,356264200,1689872850
2015-11-19,19100.0,19350.0,18850.0,19000.0,55330.0,-0.26246719160104987,378924700,0,460935700,212443650,457323500,0,457927900,137052650,1052304050
2015-11-20,18950.0,19200.0,18750.0,19100.0,53159.0,0.5263157894736842,565377200,0,320566500,124262300,251009250,0,547572750,211624000,1010206000
2015-11-23,19100.0,19150.0,18850.0,18950.0,37542.0,-0.7853403141361256,68699900,0,487181550,156611300,360097400,0,188112150,164283200,712492750
2015-11-24,18950.0,19650.0,18650.0,19250.0,91647.0,1.58311345646438,1017957850,0,359530300,360852200,345749450,1553900,698673750,692363250,1738340350
2015-11-25,19250.0,19350.0,18850.0,18900.0,80252.0,-1.8181818181818181,785346100,0,585840450,162361950,445328900,0,420490750,667728850,1533548500
2015-11-26,18900.0,19200.0,18800.0,19050.0,70421.0,0.7936507936507936,797380050,41411100,361422400,134991050,632917600,2682800,234580250,465023950,1335204600
2015-11-27,19000.0,19150.0,18750.0,18750.0,41948.0,-1.574803149606299,157534100,0,454788500,180412700,411570250,0,196982300,184182750,792735300
2015-11-30,18750.0,18750.0,18200.0,18300.0,104425.0,-2.4,487746150,0,612282900,819493900,693504550,0,462919650,763098750,1919522950
2015-12-01,18350.0,18850.0,18250.0,18650.0,63042.0,1.912568306010929,421021500,1865000,302113950,445629200,443407750,0,527661400,199560500,1170629650
2015-12-02,18650.0,19200.0,18550.0,18950.0,98114.0,1.6085790884718498,404999300,0,603726450,850348700,271760350,0,967731800,619582300,1859074450
2015-12-03,19150.0,19150.0,18600.0,18750.0,72667.0,-1.0554089709762533,633431200,0,355205400,377022900,417545450,0,372956850,575157200,1365659500
2015-12-04,18700.0,18700.0,18200.0,18350.0,59655.0,-2.1333333333333333,270539600,0,493806900,331185100,291805200,0,205489500,598236900,1095531600
2015-12-07,18450.0,18550.0,18250.0,18300.0,43250.0,-0.2724795640326975,330835200,0,176236900,288348350,93148900,0,282426000,419845550,795420450
2015-12-08,18350.0,18500.0,18150.0,18250.0,50594.0,-0.273224043715847,293663050,164250,182668550,450410850,204784750,54431800,399452550,268237600,926906700
2015-12-09,18300.0,18450.0,17950.0,18000.0,43449.0,-1.36986301369863,85682300,0,473701200,228801250,182114000,162450,387960000,217948300,788184750
2015-12-10,18000.0,18500.0,17800.0,18300.0,82306.0,1.6666666666666667,825970950,4550500,233952300,431951200,377742650,0,565561500,553120800,1496424950
2015-12-11,18250.0,18700.0,18150.0,18400.0,65143.0,0.546448087431694,325079600,0,358824250,512044100,298750600,0,367911900,529285450,1195947950
2015-12-14,18000.0,18400.0,18000.0,18200.0,58409.0,-1.0869565217391304,508518000,0,210247300,345536000,132965700,998500,326467700,603869400,1064301300
2015-12-15,18450.0,18450.0,17750.0,17800.0,39471.0,-2.197802197802198,223340250,0,327599800,158478900,129237450,0,147551800,432629700,709418950
2015-12-16,18100.0,18150.0,17750.0,17850.0,89468.0,0.2808988764044944,733891150,5375000,485243900,375690800,596173050,0,239964450,764063350,1600200850
2015-12-17,17900.0,18050.0,17550.0,17750.0,112392.0,-0.5602240896358543,715121150,0,629848100,646882550,673658400,0,322565550,995627850,1991851800
2015-12-18,17700.0,18050.0,17650.0,17700.0,106559.0,-0.28169014084507044,555284050,0,649570750,692008450,508883400,0,777869400,610110450,1896863250
2015-12-21,17850.0,18200.0,17700.0,17900.0,59063.0,1.1299435028248588,396371850,75347200,298209350,295716850,230617550,0,593315950,241711750,1065645250
2015-12-22,18050.0,18600.0,17850.0,18450.0,73720.0,3.072625698324022,878163350,0,216344850,256120900,425615650,0,552769850,372243600,1350629100
2015-12-23,18300.0,18700.0,18050.0,18600.0,73159.0,0.8130081300813009,595447350,0,440242100,316584400,451810500,0,537991900,362471450,1352273850
2015-12-24,18650.0,18800.0,18000.0,18150.0,103000.0,-2.4193548387096775,500048800,0,822478350,566862100,479647650,0,1254266350,155475250,1889389250
2015-12-28,18200.0,18300.0,17700.0,17750.0,129922.0,-2.203856749311295,906088650,10774750,797881050,610169100,140822550,551800,1923900200,259639000,2324913550
2015-12-29,17650.0,18100.0,17300.0,17800.0,75375.0,0.28169014084507044,293156200,8803300,809424500,230300450,252694150,0,512675300,576315000,1341684450
2015-12-30,17750.0,18050.0,17500.0,17500.0,56094.0,-1.6853932584269662,192811150,0,681943000,119145100,357485200,2678700,263330800,370404550,993899250
2016-01-04,17400.0,17500.0,17150.0,17350.0,85886.0,-0.8571428571428572,840945650,5680500,447575600,193219150,482653550,87170750,384639550,532957050,1487420900
2016-01-05,17300.0,17850.0,17000.0,17700.0,165440.0,2.0172910662824206,1914610850,3460000,586528600,397100800,513393700,160632850,1089329250,1138344450,2901700250
2016-01-06,17650.0,17900.0,17200.0,17400.0,66554.0,-1.694915254237288,533147600,0,333397150,299678950,272196350,118169850,331004900,444852600,1166223700
2016-01-07,17450.0,17700.0,17100.0,17500.0,56360.0,0.5747126436781609,570843350,0,227557300,183390750,160719950,0,307922150,513149300,981791400
2016-01-08,17500.0,17600.0,17200.0,17350.0,87538.0,-0.8571428571428572,903555500,66336900,344947300,209310350,122238600,0,763467300,638444150,1524150050
2016-01-11,17100.0,17500.0,17000.0,17100.0,75319.0,-1.440922190201729,451306800,8973350,530352550,298968850,242632150,0,206512800,840456600,1289601550
2016-01-12,17150.0,17300.0,16800.0,16800.0,92277.0,-1.7543859649122806,821724700,991200,659509500,84469400,242930350,0,194960350,1128804100,1566694800
2016-01-13,16900.0,17150.0,16800.0,17000.0,99392.0,1.1904761904761905,934161000,994150,355469200,394556250,78455650,2397000,674359700,929968250,1685180600
2016-01-14,16950.0,17300.0,16850.0,17000.0,57839.0,0.0,542085350,0,316862550,128425600,68737900,0,317533000,601102600,987373500
2016-01-15,17250.0,17600.0,17150.0,17400.0,97421.0,2.3529411764705883,625813800,404687000,272327100,392976200,453539100,0,705482700,536782300,1695804100
2016-01-18,17450.0,17800.0,17300.0,17600.0,89645.0,1.1494252873563218,987007150,0,302876450,291530300,97348050,0,745146350,738919500,1581413900
2016-01-19,17750.0,17750.0,17200.0,17650.0,77660.0,0.2840909090909091,748576700,0,242738900,365525900,185554550,0,342688650,828598300,1356841500
2016-01-20,17750.0,17750.0,16700.0,17200.0,95012.0,-2.5495750708215295,523129650,1120200,605895500,498031400,292546150,1064450,541784050,792782100,1628176750
2016-01-21,17350.0,17600.0,17100.0,17350.0,66815.0,0.872093023255814,557122350,36261500,89607500,478864300,181506450,0,701814000,278535200,1161855650
2016-01-22,17550.0,17650.0,17100.0,17350.0,64672.0,0.0,363371900,0,490154200,265172600,40891550,0,228298950,849508200,1118698700
2016-01-25,17250.0,17650.0,17150.0,17250.0,88780.0,-0.5763688760806917,331460100,0,916356400,294801700,290122900,919900,971846300,279729100,1542618200
2016-01-26,17250.0,17450.0,16950.0,17350.0,53704.0,0.5797101449275363,392958350,0,290783050,244214100,283584100,0,426092700,218278700,927955500
2016-01-27,17450.0,17500.0,17050.0,17200.0,93851.0,-0.8645533141210375,750662450,0,542908550,325645300,557811050,0,648199100,413206150,1619216300
2016-01-28,17250.0,17700.0,17100.0,17550.0,147452.0,2.0348837209302326,415835050,7021550,1389706000,773370100,439225750,0,898782750,1247924200,2585932700
2016-01-29,17550.0,17800.0,17500.0,17750.0,92175.0,1.1396011396011396,446597300,0,514971500,666336950,506583150,31526700,493002100,596793800,1627905750
2016-02-01,17650.0,17850.0,17400.0,17500.0,119581.0,-1.4084507042253522,806397950,11235000,811178400,481583550,561036500,0,715797700,833560700,2110394900
2016-02-02,17400.0,17700.0,17400.0,17450.0,88129.0,-0.2857142857142857,700860450,0,179988300,663897350,812954450,5601450,285176450,441013750,1544746100
2016-02-03,17400.0,18000.0,17300.0,17800.0,223162.0,2.005730659025788,2503777800,18223200,666352000,761572400,1369783850,5713800,993041800,1581385950,3949925400
2016-02-04,18050.0,18050.0,17600.0,17800.0,99816.0,0.0,437705700,1951750,331274350,996046950,651509750,0,206521950,908947050,1766978750
2016-02-05,18000.0,18450.0,17850.0,18150.0,247451.0,1.9662921348314606,2016144500,346886600,882928200,1233140850,1447031200,3680000,1081996250,1946392700,4479100150
2016-02-11,18000.0,18250.0,17800.0,18100.0,142367.0,-0.27548209366391185,1525368100,8248850,328448150,716347050,511095150,1267000,1040825550,1025224450,2578412150
2016-02-12,17900.0,18350.0,17900.0,18100.0,168249.0,0.0,1146198500,0,567850100,1339197050,824224600,27237900,1274543000,927240150,3053245650
2016-02-15,18250.0,18850.0,18150.0,18550.0,140054.0,2.4861878453038675,1292163300,0,456140450,852509150,481637650,328650400,1415829700,374695150,2600812900
2016-02-16,18750.0,18950.0,18300.0,18800.0,147164.0,1.3477088948787064,1319392050,0,365753400,1050703400,1064232100,2079800,854306900,815230050,2735848850
2016-02-17,18750.0,19500.0,18700.0,19250.0,248286.0,2.393617021276596,2965275300,11985250,649232000,1160112450,1642103950,309850100,2064738450,769912500,4786605000
2016-02-18,19450.0,19500.0,18750.0,19350.0,138329.0,0.5194805194805194,1003154950,15175000,677686600,944709800,547202450,1909850,932338500,1159275550,2640726350
2016-02-19,19300.0,19700.0,19150.0,19450.0,175262.0,0.516795865633075,2269408000,0,459425850,684999450,820652050,0,2010389350,582791900,3413833300
2016-02-22,19350.0,19750.0,19350.0,19600.0,103082.0,0.7712082262210797,705616300,12061300,683705900,614893000,933377750,15538400,517205550,550154800,2016276500
2016-02-23,19450.0,20200.0,19350.0,19950.0,194467.0,1.7857142857142856,2717323650,0,363029250,777410150,1213704850,0,1884462600,759595600,3857763050
2016-02-24,19800.0,20100.0,19800.0,20050.0,89347.0,0.5012531328320802,1261235150,119974200,186253900,215922450,707078900,0,691644900,384661900,1783385700
2016-02-25,20200.0,20250.0,19650.0,20200.0,88932.0,0.7481296758104738,599682950,3940000,321181800,848855950,624839250,11429200,604769950,532622300,1773660700
2016-02-26,20100.0,20250.0,19850.0,19900.0,90296.0,-1.4851485148514851,837078750,0,107342150,862716600,890004000,0,418660900,498472600,1807137500
2016-02-29,19900.0,20300.0,19850.0,20100.0,157592.0,1.0050251256281406,1342204350,0,1111209550,704022850,1401254550,11635550,635142200,1109404450,3157436750
2016-03-02,20000.0,20550.0,20000.0,20250.0,128805.0,0.7462686567164178,1575337700,0,200195800,848831700,722293450,4060000,1002562900,895448850,2624365200
2016-03-03,20350.0,20450.0,19700.0,19800.0,155867.0,-2.2222222222222223,1319571600,273196300,826557100,694520650,2087262650,0,483764850,542818150,3113845650
2016-03-04,19750.0,20150.0,19500.0,20050.0,106416.0,1.2626262626262625,796311050,0,400207800,918979150,597685200,251553450,876127200,390132150,2115498000
2016-03-07,20200.0,21200.0,20050.0,20950.0,386900.0,4.488778054862843,4788668800,26250950,2138928000,1099156650,3241538650,154945100,3552716400,1103804250,8053004400
2016-03-08,21250.0,21900.0,21050.0,21600.0,412787.0,3.1026252983293556,7041148950,157509800,1150215550,533871850,3965261850,507746000,2511627650,1898110650,8882746150
2016-03-09,21600.0,21950.0,21600.0,21950.0,343631.0,1.6203703703703702,5835451900,0,788646650,838445450,3396755650,192861450,1748569950,2124356950,7462544000
2016-03-10,21950.0,22300.0,21400.0,22250.0,395964.0,1.366742596810934,6014251750,893425000,599693250,1212057850,4462567400,163559000,2429773750,1663527700,8719427850
2016-03-11,22100.0,22250.0,21700.0,22050.0,230377.0,-0.8988764044943821,3582839550,491907100,448518550,550433200,2786188800,0,1025061500,1262448100,5073698400
2016-03-14,21850.0,22250.0,21450.0,22000.0,253932.0,-0.22675736961451248,3736402250,0,775240100,1013580500,2464287350,183950300,1744961700,1132023500,5525222850
2016-03-15,22050.0,22200.0,21550.0,21800.0,233678.0,-0.9090909090909091,1347880050,768021350,1816693850,1156955950,2233591650,152906600,1325956500,1377096450,5089551200
2016-03-16,21800.0,22800.0,21400.0,22600.0,244940.0,3.669724770642202,3681141750,3203000,711468800,1015779950,1427466500,125788100,2417201200,1441137700,5411593500
2016-03-17,22900.0,22900.0,21750.0,22450.0,367406.0,-0.6637168141592921,4104791950,746006750,2308843050,1045081250,4539408200,233766700,2061417800,1370130300,8204723000
2016-03-18,22250.0,22450.0,21750.0,21800.0,203318.0,-2.89532293986637,1955331550,83755400,1139799150,1309148500,1644490450,320002650,2061130900,462410600,4488034600
2016-03-21,21950.0,22000.0,21400.0,21850.0,212087.0,0.22935779816513763,1516257200,4355950,1782993650,1324303350,1339403450,387801950,2147479250,753225500,4627910150
2016-03-22,22050.0,22050.0,21350.0,21500.0,147907.0,-1.6018306636155606,466328600,27022400,929202700,1765063200,619158700,328764650,1720440800,519252750,3187616900
2016-03-23,21600.0,22100.0,21400.0,21900.0,218697.0,1.8604651162790697,1772257200,420936700,566653900,2017048300,1209658550,345003350,2331583200,890651000,4776896100
2016-03-24,21750.0,22150.0,21300.0,21500.0,160366.0,-1.82648401826484,1455137000,40256000,916506650,1046527550,1022559600,303261500,1745438500,387167600,3458427200
2016-03-25,21500.0,22000.0,21250.0,21750.0,178243.0,1.1627906976744187,2845594400,152600,413940700,617263100,1004364950,360938150,2023992700,487655000,3876950800
2016-03-28,21750.0,22950.0,21450.0,22550.0,348591.0,3.67816091954023,5253662400,170790700,1803929100,631731850,2599420550,97678150,3581223750,1581791600,7860114050
2016-03-29,22900.0,22900.0,22150.0,22650.0,211681.0,0.4434589800443459,1849342450,243559250,2030120300,649529250,990461000,30324950,1142268050,2609497250,4772551250
2016-03-30,22800.0,23000.0,22500.0,22700.0,158316.0,0.22075055187637968,1613068850,33249950,1617771000,343576000,942960600,32275750,1469767500,1162661950,3607665800
2016-03-31,22750.0,23500.0,22700.0,22950.0,327941.0,1.1013215859030838,2850980900,299285150,1490597700,2934101300,3814539800,1598350,1873011450,1885815450,7574965050
2016-04-01,22950.0,23000.0,22000.0,22000.0,167592.0,-4.139433551198257,698025500,114730000,1819655700,1088344100,1479434350,101333000,1647917800,492070150,3720755300
2016-04-04,22000.0,22600.0,21600.0,22350.0,174993.0,1.5909090909090908,1460195250,20233500,487767600,1927877200,1076445400,79311650,1609161350,1131155150,3896073550
2016-04-05,22150.0,22650.0,21800.0,21900.0,239500.0,-2.013422818791946,1275083800,7685350,1313871550,2700841400,1343226650,698605350,2135342250,1120307850,5297482100
2016-04-06,21750.0,22800.0,21750.0,22300.0,252697.0,1.82648401826484,1937203300,6596550,898677050,2785010500,2367307950,8148050,1913507800,1338523600,5627487400
2016-04-07,22350.0,22600.0,21650.0,22300.0,255036.0,0.0,2588880500,218950,999747750,2089281800,1941737900,37666300,1300695200,2398029600,5678129000
2016-04-08,22050.0,22200.0,21800.0,22000.0,109217.0,-1.345291479820628,932282250,31483500,730098400,709101650,1340912750,21928050,360149300,679975700,2402965800
2016-04-11,22300.0,22650.0,21850.0,22250.0,185363.0,1.1363636363636365,1181893600,0,556771750,2395294450,2133630050,121964350,962667000,915698400,4133959800
2016-04-12,22300.0,22500.0,21900.0,22000.0,118945.0,-1.1235955056179776,1076831950,17644000,502913750,1039140450,1448126250,0,414535200,773868700,2636530150
2016-04-14,22050.0,23950.0,22000.0,23700.0,428138.0,7.727272727272727,2178318500,533483550,1476736050,5794057400,3210042600,38875900,4689057650,2044619350,9982595500
2016-04-15,23400.0,23800.0,23100.0,23550.0,180634.0,-0.6329113924050633,968177750,0,1303907450,1969941450,1962192200,207064000,852735450,1220035000,4242026650
2016-04-18,23350.0,23850.0,23050.0,23700.0,121615.0,0.6369426751592357,405278700,0,535628050,1931665650,775434850,8630800,974869050,1113637700,2872572400
2016-04-19,23850.0,24000.0,23350.0,23500.0,177981.0,-0.8438818565400843,635798950,1010500,763062350,2803346200,1812697700,1885250,802666400,1585968650,4203218000
2016-04-20,23750.0,23850.0,22800.0,22900.0,186690.0,-2.553191489361702,220860600,17335450,2238707700,1835835350,2443478950,23250,966848100,902388800,4312739100
2016-04-21,23050.0,23050.0,22550.0,22800.0,169599.0,-0.43668122270742354,1137307400,26220000,1072405450,1613591350,3180771550,22800,435799450,232930400,3849524200
2016-04-22,22700.0,23000.0,22600.0,22700.0,97852.0,-0.43859649122807015,119995400,0,488099700,1618510850,957137550,21020200,298465900,949982300,2226605950
2016-04-25,22500.0,22950.0,22350.0,22700.0,83550.0,0.0,234561400,0,247876300,1416076700,534829450,17365650,661712000,684607300,1898514400
2016-04-26,22750.0,23000.0,22400.0,22550.0,78535.0,-0.6607929515418502,768552750,0,322507150,696532250,153851850,29138750,603807700,1000793850,1787592150
2016-04-27,22500.0,22950.0,22200.0,22500.0,107463.0,-0.22172949002217296,902552850,0,485821350,1043074700,1177031700,33764200,562720400,657932600,2431448900
2016-04-28,22550.0,23050.0,22400.0,22450.0,99069.0,-0.2222222222222222,1264826000,0,298565000,680880050,883300000,68350,439862250,921040450,2244271050
2016-04-29,22350.0,22850.0,22000.0,22700.0,97955.0,1.1135857461024499,835276000,0,484614600,893377050,824949600,75561000,520084350,792672700,2213267650
2016-05-02,22700.0,22750.0,22050.0,22150.0,84813.0,-2.4229074889867843,668774200,112658900,408525300,707085900,594571350,1146850,424045800,877280300,1897044300
2016-05-03,22150.0,22400.0,21800.0,21950.0,76283.0,-0.9029345372460496,414836550,2099500,555367800,703159400,875267650,0,329466750,470728850,1675463250
2016-05-04,21800.0,22700.0,21800.0,22200.0,104229.0,1.1389521640091116,1320263900,0,339743700,665569650,1042237700,556200,452038700,830744650,2325577250
2016-05-09,22200.0,23050.0,22200.0,22600.0,141029.0,1.8018018018018018,833125550,9944650,302214900,2055337600,1802927000,22550,717540050,680133100,3200622700
2016-05-10,22700.0,23150.0,22700.0,23150.0,86229.0,2.433628318584071,512834250,59515050,184461650,1228695050,277253450,23000,739625950,968603600,1985506000
2016-05-11,23050.0,23350.0,22650.0,23250.0,94987.0,0.4319654427645789,398679000,2487750,327143200,1464039850,631729950,1053400,812526150,747040300,2192349800
2016-05-12,23350.0,23750.0,23050.0,23650.0,161077.0,1.7204301075268817,2438792900,71563000,276263850,1009167350,1270373450,22345900,1907881700,595186050,3795787100
2016-05-13,23600.0,23800.0,22900.0,23050.0,103697.0,-2.536997885835095,319311650,47748300,561913700,1475555900,696000100,0,774648300,933881150,2404529550
2016-05-16,22900.0,23400.0,22850.0,23400.0,54540.0,1.5184381778741864,451487250,8925000,154308750,652319600,312718950,12140600,449251100,492929950,1267040600
2016-05-17,23350.0,23650.0,22800.0,23550.0,98855.0,0.641025641025641,1424946750,9254750,298455150,582712950,326715800,4592200,585103950,1398957650,2315369600
2016-05-18,23400.0,23500.0,22900.0,23150.0,91628.0,-1.6985138004246285,1038705050,2602950,346295300,744112500,955773450,0,426230550,749711800,2131715800
2016-05-19,23150.0,23450.0,22700.0,22850.0,62546.0,-1.2958963282937366,463775250,6352300,308585100,655668350,811010650,160245150,286503000,176622200,1434381000
2016-05-20,22750.0,23300.0,22500.0,22750.0,70929.0,-0.437636761487965,188894200,9116750,279523750,1133575900,1044342350,23050,230473200,336272000,1611110600
2016-05-23,22750.0,22800.0,22250.0,22550.0,113546.0,-0.8791208791208791,296692050,0,990258750,1265214300,1673074650,6604900,379407050,493078500,2552165100
2016-05-24,22500.0,22700.0,22200.0,22450.0,68955.0,-0.4434589800443459,228569850,0,404505300,912484250,664329800,31872950,404831250,444525400,1545559400
2016-05-25,22500.0,23000.0,22350.0,22750.0,59797.0,1.3363028953229399,322680800,817200,216908750,821490900,97167150,4337550,640646450,619746500,1361897650
2016-05-26,22800.0,23400.0,22700.0,23350.0,147998.0,2.6373626373626373,1776768450,39732900,392217600,1216605700,604396400,1063414700,1124573550,632940000,3425324650
2016-05-27,23150.0,23850.0,23000.0,23700.0,101898.0,1.4989293361884368,1349961600,0,274369950,789930950,107443350,4346250,1603395700,699077200,2414262500
2016-05-30,23500.0,23800.0,23150.0,23300.0,82111.0,-1.6877637130801686,809648500,23300,494272050,610901100,1138115850,210600,254346500,522172000,1914844950
2016-05-31,23450.0,23750.0,23200.0,23350.0,75743.0,0.2145922746781116,769188550,0,320206350,686424950,593701450,0,409871650,772246750,1775819850
2016-06-01,23250.0,23700.0,23100.0,23350.0,98476.0,0.0,819781500,4200650,240161900,1240116700,1197611300,23400,751255150,355370900,2304260750
2016-06-02,23300.0,23400.0,22850.0,22850.0,71646.0,-2.141327623126338,347653500,0,560933700,741788850,561290750,3134800,411052000,674898500,1650376050
2016-06-03,22850.0,23550.0,22600.0,23300.0,68670.0,1.9693654266958425,634863750,0,281292450,674625500,415609600,10341500,357333450,807497150,1590781700
2016-06-07,23300.0,24150.0,23200.0,23750.0,166929.0,1.9313304721030045,1807797650,0,456094050,1727752350,908774800,31041800,2270803100,781024350,3991644050
2016-06-08,23800.0,24200.0,23400.0,23750.0,114617.0,0.0,1189342700,12639350,446248700,1082611750,1204951950,10919350,691956100,823015100,2730842500
2016-06-09,23650.0,23950.0,23100.0,23100.0,156057.0,-2.736842105263158,1771617600,24266400,784338900,1066364500,3111028150,4358050,316670550,214530650,3646587400
2016-06-10,23150.0,24200.0,23150.0,24150.0,126567.0,4.545454545454546,1834104850,21328300,249757050,925012700,903253700,13257750,1608146150,505545300,3030202900
2016-06-13,24150.0,24500.0,23650.0,24000.0,74941.0,-0.6211180124223602,769864700,24050,344548250,681043100,992162250,2838500,283785050,516694300,1795480100
2016-06-14,23800.0,23800.0,23200.0,23650.0,133966.0,-1.4583333333333333,1391725400,23550,770292300,983822600,2095452650,0,403995900,646415300,3145863850
2016-06-15,23350.0,24200.0,23100.0,23250.0,112630.0,-1.6913319238900635,1001444000,1023000,852981550,803077700,1104660050,3884400,952139850,597841950,2658526250
2016-06-16,23350.0,23750.0,22900.0,23050.0,63386.0,-0.8602150537634409,429739700,22973250,377058500,635639250,782395050,0,301170350,381845300,1465410700
2016-06-17,23350.0,23350.0,22000.0,23000.0,186970.0,-0.21691973969631237,1100759400,22550,1401178550,1711431550,1776245300,3410800,901759500,1531976450,4213392050
2016-06-20,23300.0,23450.0,22550.0,23000.0,76304.0,0.0,429266050,23050,391232300,920163300,739553050,0,486106950,515024700,1740684700
2016-06-21,22850.0,22950.0,22250.0,22700.0,110142.0,-1.3043478260869565,641771700,4375800,901289650,928382400,1498939700,179350,523681000,453019500,2475819550
2016-06-22,22550.0,23150.0,22550.0,22850.0,87275.0,0.6607929515418502,303188750,3971550,760306650,916097250,1529717750,22600,302404850,151419000,1983564200
2016-06-23,22650.0,22950.0,22350.0,22900.0,59841.0,0.2188183807439825,531292250,0,186173650,639985700,560487850,67550,361707250,435188950,1357451600
2016-06-24,22700.0,23000.0,21550.0,21750.0,111190.0,-5.021834061135371,418386350,3975550,637042100,1403956300,1000162950,1172900,743219200,718805250,2463360300
2016-06-27,22000.0,22550.0,21350.0,21950.0,117434.0,0.9195402298850575,678480400,1861900,603530600,1267049050,983969250,3035600,605405500,958511600,2550921950
2016-06-28,21500.0,21850.0,21250.0,21450.0,141744.0,-2.277904328018223,1084764850,2745600,760259300,1207726400,1573155450,21650,448241800,1034077250,3055496150
2016-06-29,21400.0,22450.0,21400.0,22100.0,131297.0,3.0303030303030303,365695100,0,367103800,2154289700,1813815250,2926400,757784900,312562050,2887088600
2016-06-30,22200.0,22450.0,22000.0,22250.0,44289.0,0.6787330316742082,261971600,0,175124750,548272850,563779500,4437700,187255300,229896700,985369200
2016-07-01,22400.0,22500.0,22000.0,22150.0,48933.0,-0.44943820224719105,294125100,16511700,303341750,472688750,751281900,0,225363250,110022150,1086667300
2016-07-04,22150.0,22350.0,22000.0,22250.0,75876.0,0.4514672686230248,957349700,5241650,271856300,448504150,1109603350,0,380943800,192404650,1682951800
2016-07-05,22350.0,22500.0,21300.0,21400.0,157385.0,-3.8202247191011236,302992850,0,2199645300,879419500,2372339250,54930050,482801600,471986750,3382057650
2016-07-06,21550.0,21750.0,21050.0,21400.0,141343.0,0.0,989614350,63900,506612650,1515801000,1968330300,11592350,903560800,128608450,3012091900
2016-07-07,21700.0,21750.0,21100.0,21250.0,119444.0,-0.7009345794392523,212070250,0,765250900,1575976450,1867285450,0,602004900,84007250,2553297600
2016-07-08,21250.0,21450.0,20900.0,21050.0,65934.0,-0.9411764705882352,149184150,0,405248600,838160100,942203600,2176800,283065250,165147200,1392592850
2016-07-11,21350.0,21700.0,21200.0,21300.0,82231.0,1.187648456057007,850215800,17163250,231856600,662706100,1232844000,0,462241800,66855950,1761941750
2016-07-12,21350.0,21850.0,21250.0,21650.0,115174.0,1.643192488262911,724209800,0,434425850,1339277450,1547597500,0,701566550,248749050,2497913100
2016-07-13,21700.0,22050.0,21600.0,21850.0,101893.0,0.9237875288683602,641471450,0,414203650,1165649300,1493032200,0,381327300,346964900,2221324400
2016-07-14,21850.0,21850.0,21300.0,21400.0,84239.0,-2.059496567505721,694718350,1120550,847701400,267096900,920106350,0,294748750,595782100,1810637200
2016-07-15,21550.0,21700.0,21150.0,21500.0,137682.0,0.46728971962616817,725052450,0,636706200,1579457950,2135599350,8998850,316214150,480404250,2941216600
2016-07-18,21450.0,21500.0,20900.0,21000.0,124905.0,-2.3255813953488373,1022692900,0,1000068800,612927050,1388261800,0,427259000,820167950,2635688750
2016-07-19,21100.0,21200.0,20900.0,20950.0,98225.0,-0.2380952380952381,494509400,168250,242133150,1329631950,383407450,0,124664900,1558370400,2066442750
2016-07-20,20850.0,20950.0,20250.0,20650.0,202151.0,-1.431980906921241,1487463100,406000,1487854850,1172981050,2673794000,2262850,927148250,545499900,4148705000
2016-07-21,20500.0,20950.0,20350.0,20900.0,131208.0,1.2106537530266344,1969857100,0,445258700,301790050,1461076100,0,875980950,379848800,2716905850
2016-07-22,20800.0,21100.0,20600.0,20700.0,104527.0,-0.9569377990430622,1118468450,607550,415206500,646798100,1210086000,3769400,247831750,719393450,2181080600
2016-07-25,20750.0,20850.0,20050.0,20050.0,156683.0,-3.140096618357488,562724550,1778050,1559256300,1051217150,2555198000,947050,255138750,363692250,3174976050
2016-07-26,19950.0,20100.0,19700.0,20000.0,196873.0,-0.24937655860349126,1499296600,572750,1278022500,1142523250,2581729650,75594400,484747550,778343500,3920415100
2016-07-27,20000.0,20150.0,19750.0,20000.0,118093.0,0.0,1487425250,30000000,488517150,356629850,1252372150,1340600,379346450,729513050,2362572250
2016-07-28,19950.0,20600.0,19900.0,20550.0,179962.0,2.75,2522568750,0,507710300,649157500,1327483600,2272550,1123740700,1225939700,3679436550
2016-07-29,20600.0,20800.0,20150.0,20650.0,154677.0,0.48661800486618007,2552760700,0,480000300,138385500,940636000,2992650,606216050,1621301800,3171146500
2016-08-01,20800.0,21200.0,20400.0,20900.0,192197.0,1.2106537530266344,2725533150,0,791769300,492716050,1431424750,1296450,977893150,1599404150,4010018500
2016-08-02,21050.0,21200.0,20350.0,20350.0,163172.0,-2.631578947368421,1851005900,997150,1028062450,463647400,784096400,918650,301590750,2257107100,3343712900
2016-08-03,20200.0,20300.0,19750.0,19900.0,222756.0,-2.211302211302211,2144845550,21106850,1625369900,646080500,1666952900,0,636017600,2134432300,4437402800
2016-08-04,19950.0,20050.0,19650.0,19900.0,175542.0,0.0,2299114450,0,770097550,418784250,1290575150,0,300005450,1897415650,3487996250
2016-08-05,19950.0,20450.0,19950.0,20400.0,155118.0,2.512562814070352,2029571550,126543800,443815150,537298950,1784504500,0,675118000,677606950,3137229450
2016-08-08,20400.0,20800.0,20150.0,20500.0,201961.0,0.49019607843137253,2954362550,6217250,976538100,215642750,1440412000,1002050,975452100,1735894500,4152760650
2016-08-09,20450.0,20800.0,20300.0,20650.0,144250.0,0.7317073170731708,1770194250,0,590921800,620458650,1475743750,21600100,846229850,638001000,2981574700
2016-08-10,20650.0,20800.0,20000.0,20000.0,189439.0,-3.14769975786925,1123742250,1000000,1996900350,690696950,1782082950,0,511689750,1518566850,3812339550
2016-08-11,20050.0,20250.0,19950.0,20200.0,131799.0,1.0,1699214700,1933550,455150500,495242150,1617508100,3520750,457973400,572538650,2651540900
2016-08-12,20200.0,20350.0,19900.0,19950.0,107003.0,-1.2376237623762376,313353600,0,1427613900,398444600,1619379850,19297350,280687800,220047100,2139412100
2016-08-16,19900.0,20000.0,19550.0,19750.0,218737.0,-1.0025062656641603,925381100,0,2220711300,1171755450,2449424050,0,594128900,1274294900,4317847850
2016-08-17,19950.0,22600.0,19900.0,21650.0,761724.0,9.620253164556962,5678246150,114058050,5589489800,4901179450,2630311900,15583500,10632146750,3004931300,16282973450
2016-08-18,21650.0,21650.0,20800.0,21100.0,265669.0,-2.5404157043879905,1215219950,26321400,2965045550,1393055550,701766900,0,1968792000,2929083550,5599642450
2016-08-19,21000.0,21800.0,20850.0,21500.0,251645.0,1.8957345971563981,1523150900,30054500,749843800,3102966600,1984314800,0,1783166150,1638534850,5406015800
2016-08-22,21400.0,21500.0,20950.0,21350.0,118609.0,-0.6976744186046512,763739750,0,505219400,1256661100,757197950,490100,663124550,1104807650,2525620250
2016-08-23,21250.0,21300.0,20500.0,20500.0,165028.0,-3.9812646370023423,519404500,984000,1327028000,1576529950,1577949950,26697500,902118800,917180200,3423946450
2016-08-24,20600.0,21050.0,20300.0,20700.0,112019.0,0.975609756097561,338662300,18729550,665798050,1302573050,1093587100,1424600,537587400,693163850,2325762950
2016-08-25,20750.0,20950.0,20450.0,20900.0,99450.0,0.966183574879227,1069545900,0,461962250,523161050,851986500,0,356185100,846497600,2054669200
2016-08-26,20700.0,20900.0,20450.0,20800.0,70514.0,-0.4784688995215311,693632500,725100,388229850,376362500,527537350,993600,359686100,570732900,1458949950
2016-08-29,20800.0,20800.0,20350.0,20450.0,67300.0,-1.6826923076923077,459156800,5153700,535628650,381259400,511291850,0,281046750,588859950,1381198550
2016-08-30,20450.0,20700.0,20300.0,20300.0,58138.0,-0.7334963325183375,351071300,994700,509102400,325947650,501589400,0,328718250,356808400,1187116050
2016-08-31,20500.0,21450.0,20400.0,21400.0,183709.0,5.41871921182266,2142804350,0,897914200,849876350,705627550,0,2059256700,1125710650,3890594900
2016-09-01,21150.0,21500.0,21100.0,21400.0,99554.0,0.0,1343855200,212000,474171800,306013200,978944750,2194400,531619950,611493100,2124252200
2016-09-02,21400.0,21450.0,21100.0,21150.0,80979.0,-1.1682242990654206,1121088700,1086300,409217300,189357650,1120036300,0,317627350,283086300,1720749950
2016-09-05,21300.0,21850.0,21150.0,21300.0,105025.0,0.7092198581560284,930552400,15222800,468854900,846847400,1281015450,0,592033450,388428600,2261477500
2016-09-06,21300.0,21800.0,21100.0,21500.0,108727.0,0.9389671361502347,1596551300,25776300,236063450,489527550,1059481450,0,742840750,545596400,2347918600
2016-09-07,21500.0,22500.0,21500.0,22050.0,280011.0,2.558139534883721,4081553850,18486900,1206693000,898073900,1880483900,88400000,3819649350,416274400,6204807650
2016-09-08,21950.0,22950.0,21900.0,22150.0,316314.0,0.45351473922902497,3314527500,0,1358928350,2470898200,1878225450,30487300,3748975800,1486665500,7144354050
2016-09-09,22250.0,22750.0,22100.0,22300.0,156703.0,0.6772009029345373,2178528300,0,543586650,776701100,2254659850,0,662356400,581799800,3498816050
2016-09-12,22300.0,22850.0,22250.0,22750.0,154525.0,2.0179372197309418,1528586500,0,402946300,1569166050,490056650,176597400,1392562600,1441482200,3500698850
2016-09-13,22900.0,22950.0,21900.0,22350.0,230567.0,-1.7582417582417582,2419884750,0,1674742600,1028884450,2049805200,0,1120913450,1952793150,5123511800
2016-09-19,22150.0,22950.0,22150.0,22750.0,112228.0,1.7897091722595078,1319354600,226850,222795650,1008677850,574062050,0,675392300,1301600600,2551054950
2016-09-20,22700.0,22950.0,22400.0,22850.0,114283.0,0.43956043956043955,1591208950,0,240577100,767095375,1246308725,0,397632550,954940150,2598881425
2016-09-21,22700.0,23550.0,22550.0,23200.0,180671.0,1.5317286652078774,2694260600,138950,400119150,1107565650,1584912650,0,1270452000,1346719700,4202084350
2016-09-22,23300.0,23600.0,22750.0,22750.0,72236.0,-1.9396551724137931,334656600,1626550,498607000,828529150,780758350,0,465777100,416883850,1663419300
2016-09-23,23100.0,23400.0,22750.0,22850.0,181485.0,0.43956043956043955,1247039050,138200,210587400,2700832500,1969374100,0,696258650,1492964400,4158597150
2016-09-26,23250.0,23250.0,22750.0,23000.0,70446.0,0.6564551422319475,647038500,414850,112695300,859157000,936155400,0,290786900,392363350,1619305650
2016-09-27,23150.0,23650.0,22600.0,23650.0,147072.0,2.8260869565217392,1837720700,45650,239750300,1359703050,1107462550,0,1182718300,1147038850,3437219700
2016-09-28,23700.0,23800.0,23150.0,23600.0,63040.0,-0.21141649048625794,853408150,23700,327231200,296751900,426398100,1040650,245812850,804163350,1477414950
2016-09-29,23600.0,23850.0,23050.0,23450.0,121469.0,-0.6355932203389831,1676308700,23500,330682750,841632150,1902230600,0,395314500,551102000,2848647100
2016-09-30,23400.0,23400.0,22700.0,22950.0,175576.0,-2.1321961620469083,1391228150,23200,1050323750,1581105100,2792638650,82590650,779819050,367631850,4022680200
2016-10-04,23000.0,23200.0,22550.0,22800.0,81614.0,-0.6535947712418301,195390900,23050,564423400,1098034300,1047876250,0,424630950,385364450,1857871650
2016-10-05,22800.0,23450.0,22500.0,23300.0,159649.0,2.1929824561403506,1068452000,0,321829350,2290628250,2714588450,0,538540300,427780850,3680909600
2016-10-06,23000.0,23250.0,22250.0,23000.0,221480.0,-1.2875536480686696,1403739050,1913200,1461070700,2140764300,2872199550,14959600,1486609100,633719000,5007487250
2016-10-07,22900.0,22900.0,22500.0,22500.0,129823.0,-2.1739130434782608,768709100,6043500,701194650,1459706300,2123206350,0,161251650,651195550,2935653550
2016-10-10,22800.0,23300.0,22500.0,22750.0,114275.0,1.1111111111111112,818273600,0,442011950,1351056800,1289038400,69250,658214650,664020050,2611342350
2016-10-11,23100.0,23150.0,22200.0,22500.0,135270.0,-1.098901098901099,1248301950,23150,946780100,842396250,1958506750,0,355837750,723156950,3037501450
2016-10-12,22700.0,22800.0,22350.0,22500.0,95245.0,0.0,1086139500,0,296039600,764565750,1433111600,67950,403236100,310329200,2146744850
2016-10-13,22350.0,22350.0,21550.0,21650.0,99398.0,-3.7777777777777777,429055150,0,832577150,906524000,1284219700,44350,253461500,630430750,2168156300
2016-10-14,21750.0,22300.0,21700.0,22150.0,119709.0,2.3094688221709005,583737350,0,196871750,1866312800,1727808550,88450,496828750,422196150,2646921900
2016-10-17,22350.0,22400.0,21850.0,21950.0,91771.0,-0.9029345372460496,144921150,87800,198284300,1676000750,1169351000,44400,175057800,674840800,2019294000
2016-10-18,21850.0,22400.0,21600.0,21950.0,148193.0,0.0,599090050,174800,525064150,2114026200,1596908950,22250,620106500,1021317500,3238355200
2016-10-19,21850.0,22050.0,21550.0,21700.0,105877.0,-1.1389521640091116,233647850,0,697454750,1364484050,1335681650,65200,225676550,734163250,2295586650
2016-10-20,21650.0,21900.0,21300.0,21400.0,94152.0,-1.3824884792626728,251266300,984400,847115700,920038250,1242299700,17518500,398569650,361016800,2019404650
2016-10-21,21500.0,21750.0,21400.0,21600.0,118276.0,0.9345794392523363,1067035250,0,144619750,1342983300,1507834500,107850,381847400,664848550,2554638300
2016-10-24,21650.0,22250.0,21500.0,21650.0,132378.0,0.23148148148148145,839624150,0,568847550,1484396850,1841146900,87900,629959000,421674750,2892868550
2016-10-25,21750.0,21850.0,21100.0,21400.0,110747.0,-1.1547344110854503,291802500,0,804541450,1265757850,1453579650,21800,319826900,588673450,2362101800
2016-10-26,21500.0,21750.0,21350.0,21650.0,137576.0,1.1682242990654206,1549070750,0,279828600,1137017750,1445278550,21650,723408350,797208550,2965917100
2016-10-27,21800.0,21950.0,21550.0,21800.0,77038.0,0.6928406466512702,602900200,0,284679250,784172250,866190250,21700,275799600,529740150,1671751700
2016-10-28,21900.0,22250.0,21500.0,21850.0,111783.0,0.22935779816513763,1123741700,0,382718300,950816700,950921550,21700,616144600,890188850,2457276700
2016-10-31,22250.0,22250.0,21500.0,21650.0,49737.0,-0.9153318077803204,358174300,0,284459350,440156550,536860000,65150,218389900,327475150,1082790200
2016-11-01,21850.0,22100.0,21600.0,21900.0,94454.0,1.1547344110854503,763757150,0,339235450,963523334,707054200,33612600,379283450,946565684,2066515934
2016-11-02,21800.0,21800.0,20850.0,21300.0,103910.0,-2.73972602739726,887637700,0,824377900,488838250,765969200,0,554354750,880529900,2200853850
2016-11-03,21400.0,22450.0,21350.0,22100.0,183920.0,3.755868544600939,2583273650,11056200,257390900,1199078600,1917569300,6384000,1007070300,1119775750,4050799350
2016-11-04,22400.0,22600.0,22350.0,22600.0,105183.0,2.262443438914027,1771339500,0,284828850,309728750,853527500,22600,644550350,867796650,2365897100
2016-11-07,22650.0,22900.0,22000.0,22050.0,93740.0,-2.433628318584071,516528700,0,1132523150,430744950,1097243700,22772100,236838100,722942900,2079796800
2016-11-08,22250.0,22250.0,21900.0,21950.0,89636.0,-0.45351473922902497,412566350,0,1031719650,526692650,1256530350,0,259017550,455430750,1970978650
2016-11-09,22050.0,22700.0,21050.0,21300.0,226925.0,-2.9612756264236904,1946841600,22100,1414918200,1537457450,2305363750,0,1309282250,1284593350,4899239350
2016-11-10,21500.0,21600.0,20500.0,20750.0,192395.0,-2.5821596244131455,1247409350,2075000,1713971350,1029377400,2051076300,25671650,1064231800,851853350,3992833100
2016-11-11,20900.0,21150.0,20300.0,21100.0,185830.0,1.6867469879518073,1279005450,0,514460850,2052958300,2534135250,41900,815726000,496521450,3846424600
2016-11-14,20900.0,21300.0,20550.0,20750.0,115450.0,-1.6587677725118484,652099800,0,789937900,963043950,1835577800,0,406658500,162845350,2405081650
2016-11-15,20900.0,20900.0,20500.0,20650.0,139355.0,-0.48192771084337355,1259876100,1030000,923854500,693665000,2024333150,20800,423103650,430968000,2878425600
2016-11-16,20650.0,21450.0,20550.0,21250.0,193970.0,2.9055690072639226,2544819850,0,520090300,1033728750,1453151300,39738300,1365621100,1240128200,4098638900
2016-11-17,21600.0,21600.0,21050.0,21200.0,121155.0,-0.2352941176470588,2063272000,0,213972450,302868750,662598550,0,695309800,1222204850,2580113200
2016-11-18,21300.0,21350.0,20650.0,21000.0,96880.0,-0.9433962264150944,790939900,0,568080400,658156300,1117213150,21100,185422700,714519650,2017176600
2016-11-21,21100.0,21100.0,20600.0,20900.0,114104.0,-0.4761904761904762,943310350,562350,454430200,977900900,1342682050,0,392786900,640734850,2376203800
2016-11-22,20750.0,21000.0,20600.0,20750.0,121756.0,-0.7177033492822966,833216850,20833000,913057100,760989800,796717100,145200,338629650,1392604800,2528096750
2016-11-23,20650.0,20900.0,20250.0,20450.0,154674.0,-1.4457831325301205,1304230150,19605550,940300300,908252150,1547637800,0,439942300,1184808050,3172388150
2016-11-24,20450.0,20650.0,20250.0,20400.0,78162.0,-0.24449877750611246,761244650,39500550,364289650,428300700,688190750,4269250,331596300,569279250,1593335550
2016-11-25,20500.0,20750.0,20350.0,20600.0,95984.0,0.9803921568627451,1482198750,28888350,168495550,298958500,1084555600,3684350,448361850,441939350,1978541150
2016-11-28,20650.0,21000.0,20500.0,20750.0,84571.0,0.7281553398058253,875740450,28978000,354939350,492852200,836734450,9736800,416261850,489776900,1752510000
2016-11-29,20650.0,21000.0,20550.0,20850.0,87450.0,0.48192771084337355,797612200,83100,279677650,741666650,804547750,24596100,383529400,606366350,1819039600
2016-11-30,21000.0,21000.0,20600.0,20650.0,59057.0,-0.9592326139088728,333535750,61950000,236835000,592778750,438744150,61449350,149714000,575192000,1225099500
2016-12-01,20700.0,21250.0,20500.0,21250.0,105336.0,2.9055690072639226,1319200650,0,167853350,724756450,762216050,52170050,736348350,661076000,2211810450
2016-12-02,21200.0,21550.0,21050.0,21350.0,92913.0,0.4705882352941176,780012800,0,201600200,1008361000,299471050,1017600,572126600,1117358750,1989974000
2016-12-05,21550.0,21650.0,21050.0,21400.0,114431.0,0.234192037470726,389197800,1067500,199527500,1859471950,865238100,1775700,333644700,1248606250,2449264750
2016-12-06,21650.0,21650.0,21250.0,21300.0,70315.0,-0.46728971962616817,500894900,1001100,159333450,841431550,683129750,17174500,258030150,544326600,1502661000
2016-12-07,21400.0,21400.0,20650.0,21050.0,91099.0,-1.1737089201877933,677345750,1042500,358720050,865868100,759484350,0,208632600,934859450,1902976400
2016-12-08,21050.0,21700.0,20950.0,21700.0,121075.0,3.0878859857482186,1537814550,0,178245700,866269300,803455600,31096600,843660100,904117250,2582329550
2016-12-09,21350.0,21500.0,21150.0,21350.0,61489.0,-1.6129032258064515,517841100,1062500,282639000,510204700,305137750,0,144740600,861868950,1311747300
2016-12-12,21550.0,21550.0,21050.0,21100.0,73040.0,-1.1709601873536302,527520600,10003950,376651300,631783400,944120700,0,143695700,458142850,1545959250
2016-12-13,21250.0,22000.0,20900.0,21800.0,145868.0,3.3175355450236967,1493693250,0,287997500,1337146550,874859000,253929750,880668900,1109379650,3118837300
2016-12-14,21800.0,21800.0,21400.0,21550.0,87774.0,-1.146788990825688,1085070200,15104900,312674550,479322400,686317700,1037150,246554150,958263050,1892172050
2016-12-15,21350.0,21650.0,21200.0,21400.0,94494.0,-0.6960556844547563,949646050,11781700,329993350,733500250,793445850,0,200243900,1031231600,2024921350
2016-12-16,21350.0,21500.0,21050.0,21150.0,123380.0,-1.1682242990654206,1199609750,1015200,566870500,851504950,1011420300,42300,161769000,1445768800,2619000400
2016-12-19,21150.0,21450.0,21150.0,21300.0,82468.0,0.7092198581560284,1157310250,4293000,311036850,283175150,1116669400,85100,384782100,254278650,1755815250
2016-12-20,21350.0,21350.0,20950.0,21050.0,95344.0,-1.1737089201877933,1177600500,10326150,523230600,305334200,975498450,27760200,293147200,720085600,2016491450
2016-12-21,21100.0,21250.0,20700.0,20850.0,146634.0,-0.9501187648456058,1050501350,0,1252729150,751415050,2419486750,47264450,424954350,162940000,3054645550
2016-12-22,20850.0,20850.0,20500.0,20550.0,64042.0,-1.4388489208633095,275760000,2060000,815925750,225490600,893049250,40859400,259175700,126152000,1319236350
2016-12-23,20750.0,20850.0,20450.0,20650.0,55313.0,0.48661800486618007,449596950,1200600,469634350,218252300,759634900,0,209300400,169748900,1138684200
2016-12-26,20650.0,20850.0,20600.0,20650.0,44238.0,0.0,605908050,0,270835500,40624400,170188100,0,603236100,143943750,917367950
2016-12-27,20750.0,20900.0,20650.0,20750.0,52761.0,0.48426150121065376,623487400,352750,400970950,73341650,302273700,9859250,642119550,143900250,1098152750
2016-12-28,20550.0,20650.0,20400.0,20550.0,49207.0,-0.9638554216867471,371639700,0,458345150,180051900,446139100,0,170784250,393113400,1010036750
2016-12-29,20650.0,20800.0,20400.0,20750.0,73846.0,0.9732360097323601,930636000,1431750,280072650,311463300,706390950,20450,243287750,573904550,1523603700
2017-01-02,20800.0,20850.0,20500.0,20600.0,22013.0,-0.7228915662650602,229667250,0,179546200,46184550,179218400,998400,149254300,125926900,455398000
2017-01-03,20600.0,20850.0,20500.0,20700.0,83007.0,0.48543689320388345,566355500,0,785593250,363384150,1156673350,0,371403850,187255700,1715332900
2017-01-04,20800.0,21100.0,20700.0,20950.0,103788.0,1.2077294685990339,989394800,20899950,341016750,821439050,571505800,20850,783223650,818000250,2172750550
2017-01-05,21000.0,21200.0,20800.0,21150.0,64247.0,0.9546539379474941,626678700,0,322854000,405447700,389981200,0,425210550,539788650,1354980400
2017-01-06,21150.0,21200.0,20900.0,21100.0,43025.0,-0.2364066193853428,259768900,0,342147600,303475000,239549750,0,305987000,359854750,905391500
2017-01-09,21050.0,21150.0,20850.0,20850.0,70152.0,-1.1848341232227488,509063150,0,473740700,490001950,566538100,0,204563600,701704100,1472805800
2017-01-10,20850.0,21950.0,20800.0,21750.0,235745.0,4.316546762589928,2666949550,522000,639359500,1800933550,1868863900,1504200,2288563650,948832850,5107764600
2017-01-11,21750.0,22350.0,21550.0,22150.0,200078.0,1.839080459770115,3009763050,40999900,675843450,696707550,1665301550,0,1387793000,1370219400,4423313950
2017-01-12,22150.0,22350.0,21800.0,22350.0,90368.0,0.9029345372460496,1090870300,0,469108600,436612800,742734100,0,355051750,898805850,1996591700
2017-01-13,22350.0,22350.0,22000.0,22000.0,71538.0,-1.5659955257270695,681719200,0,188884900,714515150,286399100,0,242463000,1056257150,1585119250
2017-01-16,22050.0,22400.0,22000.0,22300.0,95892.0,1.3636363636363635,1116759550,0,149662450,863833200,874245600,9556600,358379050,888073950,2130255200
2017-01-17,22300.0,22650.0,22050.0,22400.0,90684.0,0.4484304932735426,997171450,0,462890750,569219950,825131200,9611450,438701300,755838200,2029282150
2017-01-18,22600.0,22600.0,21950.0,22150.0,103109.0,-1.1160714285714286,777119900,2210000,303287300,1209642800,1317012200,9574450,217746200,747927150,2292260000
2017-01-19,21950.0,22250.0,21800.0,21850.0,43228.0,-1.3544018058690745,87309700,1005100,330127950,530184550,473876100,0,292742150,182009050,948627300
2017-01-20,21900.0,21900.0,21150.0,21300.0,77912.0,-2.517162471395881,279816700,0,631938700,750530950,1028185750,0,214750900,419349700,1662286350
2017-01-23,21050.0,21400.0,20950.0,21200.0,86489.0,-0.4694835680751174,696876700,9116000,384479000,737429600,927994200,254150,260838950,638814000,1827901300
2017-01-24,21100.0,21600.0,20600.0,20700.0,85264.0,-2.358490566037736,323301600,0,1030847200,415724150,1015921800,0,145153300,608797850,1769872950
2017-01-25,20900.0,20900.0,20300.0,20350.0,100007.0,-1.6908212560386473,728903800,0,794384150,525601350,1389053350,0,199574400,460261550,2048889300
2017-01-26,20500.0,20550.0,20050.0,20100.0,99129.0,-1.2285012285012284,441820200,0,1105902100,445840600,1677760650,2507400,159896750,153398100,1993562900
2017-01-31,20150.0,20250.0,19900.0,20250.0,81723.0,0.7462686567164178,1036253400,0,363308800,246045400,726407000,20150,314015000,605165450,1645607600
2017-02-01,20400.0,20950.0,20150.0,20800.0,153997.0,2.7160493827160495,2188883550,0,696659550,301838100,727545700,931500,1018618200,1440285800,3187381200
2017-02-02,20800.0,21100.0,20600.0,20800.0,103240.0,0.0,1495145800,0,453171950,205302950,612248650,0,546983750,994388300,2153620700
2017-02-03,20800.0,20900.0,20450.0,20550.0,64629.0,-1.201923076923077,786253800,24887800,406031550,115267400,493566550,0,152206100,686667900,1332440550
2017-02-06,20800.0,20800.0,19950.0,19950.0,103791.0,-2.9197080291970803,251278850,2000000,1349464350,492495650,1146521250,0,263781000,684936600,2095238850
2017-02-07,20050.0,20050.0,19550.0,20050.0,125734.0,0.5012531328320802,636131400,0,1090719600,762045500,1319029500,0,565313150,604553850,2488896500
2017-02-08,20000.0,20050.0,19650.0,19750.0,110453.0,-1.4962593516209477,688176000,0,890256100,606167600,834957800,950950,327561150,1021129800,2184599700
2017-02-09,19800.0,19900.0,19450.0,19700.0,148294.0,-0.25316455696202533,919312950,19600,1088235050,903131750,914206800,0,563064950,1433427600,2910699350
2017-02-10,20000.0,20050.0,19550.0,19750.0,95183.0,0.25380710659898476,337871400,0,1279596900,258150800,1027265250,0,321629350,526724500,1875619100
2017-02-13,19850.0,20100.0,19750.0,20050.0,101836.0,1.5189873417721518,827085300,19800,564066450,638414100,777094950,0,646780950,605709750,2029585650
2017-02-14,20150.0,20900.0,20100.0,20650.0,325455.0,2.9925187032418954,4430353750,41200,1374239400,914751900,1965984150,20650,2185436450,2567945000,6719386250
2017-02-15,20550.0,21050.0,20550.0,20900.0,134665.0,1.2106537530266344,2149883400,0,312233150,353874250,363979150,0,1127180850,1324830800,2815990800
2017-02-16,20950.0,21300.0,20700.0,20750.0,83030.0,-0.7177033492822966,1258523250,975250,237190300,238237300,423718100,0,322935100,988272900,1734926100
2017-02-17,20750.0,21000.0,20750.0,20950.0,53201.0,0.9638554216867471,707501450,0,134748800,269707800,262882200,0,416279700,432796150,1111958050
2017-02-20,21000.0,21000.0,20300.0,20300.0,83919.0,-3.1026252983293556,494375450,203000,878817250,337767650,310578600,0,188678950,1211905800,1711163350
2017-02-21,20400.0,20700.0,20350.0,20600.0,51016.0,1.477832512315271,732326350,1291800,149556050,165906150,230709950,0,496464100,321906300,1049080350
2017-02-22,20750.0,20750.0,20400.0,20400.0,57395.0,-0.9708737864077669,253683450,0,670322550,252000350,649629900,0,61251150,465125300,1176006350
2017-02-23,20650.0,20650.0,20300.0,20500.0,81544.0,0.49019607843137253,471437600,0,778830100,420272850,591588100,64377300,276703150,737872000,1670540550
2017-02-24,20550.0,20650.0,20200.0,20350.0,62107.0,-0.7317073170731708,339045850,0,625115150,304656950,418384800,22095050,417900800,410437300,1268817950
2017-02-27,20600.0,20600.0,20300.0,20450.0,102010.0,0.4914004914004914,1073278950,0,735219650,277482350,893452950,13600250,383314400,795613350,2085980950
2017-02-28,20450.0,20850.0,20150.0,20500.0,132006.0,0.24449877750611246,1507179800,0,850316950,348978000,584233500,0,692678450,1429562800,2706474750
2017-03-02,20650.0,20700.0,20100.0,20200.0,157633.0,-1.4634146341463417,1686416250,20621500,1106820100,379668750,1426381200,0,572876650,1194268750,3193526600
2017-03-03,20300.0,20500.0,19900.0,19950.0,121974.0,-1.2376237623762376,1477720350,0,628265800,350567550,1438152150,0,461090250,557311300,2456553700
2017-03-06,19850.0,20150.0,19750.0,19950.0,113828.0,0.0,1340110900,398000,451432400,479830900,1627881200,0,211891200,431999800,2271772200
2017-03-07,20150.0,20300.0,19950.0,20000.0,137821.0,0.2506265664160401,672861850,0,449612050,1646097900,707502450,0,261819500,1799249850,2768571800
2017-03-08,20000.0,20500.0,19950.0,20450.0,118334.0,2.25,1131285500,0,291121150,977836200,1065892200,0,835466950,498883700,2400242850
2017-03-09,20500.0,20800.0,20250.0,20800.0,131054.0,1.7114914425427872,1004380600,0,484947250,1208768700,1042657200,962550,1030616200,623860600,2698096550
2017-03-10,20700.0,21000.0,20550.0,20800.0,144428.0,0.0,1640585300,0,254125450,1111276400,993218450,0,915270750,1097497950,3005987150
2017-03-13,20700.0,20850.0,20150.0,20150.0,130983.0,-3.125,323198800,967200,1196383200,1150454050,947247300,0,257948600,1465807350,2671003250
2017-03-14,20300.0,20300.0,20000.0,20050.0,145573.0,-0.49627791563275436,154821500,0,1084241750,1685685150,1167916000,0,209205250,1547627150,2924748400
2017-03-15,20100.0,20200.0,19800.0,19800.0,120295.0,-1.2468827930174564,99971050,0,1203904300,1090293800,1658282700,0,251866200,484020250,2394169150
2017-03-16,20050.0,20100.0,19700.0,19800.0,109907.0,0.0,248684900,0,974832800,954033350,1350452650,0,316952800,510145600,2177551050
2017-03-17,19750.0,19900.0,19550.0,19750.0,162339.0,-0.25252525252525254,147937250,492500,1676254300,1367251800,2138554800,0,352191350,701189700,3191935850
2017-03-20,19800.0,20000.0,19700.0,19900.0,98942.0,0.7594936708860759,647386750,0,577891850,737662000,1106550300,2556600,559278500,294555200,1962940600
2017-03-21,19950.0,20000.0,19650.0,19750.0,145137.0,-0.7537688442211055,389936000,177900,1303816100,1175676250,2090067950,0,273134100,506404200,2869606250
2017-03-22,19800.0,20100.0,19550.0,19900.0,124413.0,0.7594936708860759,689621900,207720100,644577550,939887950,867600350,0,976252900,637954250,2481807500
2017-03-23,20000.0,20000.0,19650.0,19700.0,133343.0,-1.0050251256281406,988572850,0,1257449850,386885200,1091328500,0,765117300,776462100,2632907900
2017-03-24,19700.0,19900.0,19700.0,19850.0,71257.0,0.7614213197969544,700571950,0,528419100,181060750,807828550,0,491077200,111146050,1410051800
2017-03-27,19950.0,20100.0,19800.0,19900.0,128749.0,0.2518891687657431,1603506750,1108900,513148850,451968650,1048826850,0,915510250,605396050,2569733150
2017-03-28,20050.0,20050.0,19650.0,19750.0,98846.0,-0.7537688442211055,526850250,1379000,1042898200,379254350,360393750,0,371341750,1218646300,1950381800
2017-03-29,19750.0,19750.0,19350.0,19400.0,113953.0,-1.7721518987341773,114564550,4211800,1701385100,400521700,1118011600,19400,487574250,615077900,2220683150
2017-03-30,19450.0,19450.0,19100.0,19350.0,101714.0,-0.25773195876288657,79963250,1420800,1019594300,854947850,799034200,0,626942750,529949250,1955926200
2017-03-31,19400.0,19500.0,19200.0,19450.0,55032.0,0.516795865633075,409006900,0,324489100,333647750,420915350,0,386541300,259687100,1067143750
2017-04-03,19550.0,19550.0,19300.0,19350.0,52393.0,-0.5141388174807198,96251800,0,634969650,284487800,264317150,936000,210847500,539608600,1015709250
2017-04-04,19400.0,19450.0,19100.0,19300.0,126256.0,-0.2583979328165375,101689800,12832400,1028952800,1285116200,1019756750,3628800,1038097200,367108450,2428591200
2017-04-05,19350.0,19450.0,19200.0,19250.0,141871.0,-0.2590673575129534,433249150,965000,785511900,1516363750,705878700,57900000,730792750,1241518350,2736089800
2017-04-06,19250.0,19650.0,19150.0,19300.0,137121.0,0.2597402597402597,334566000,3705600,886052000,1429476450,1091051000,28950000,1234371850,299427200,2653800050
2017-04-07,19350.0,19450.0,19150.0,19300.0,117908.0,0.0,384533700,1872100,606174150,1282293600,1098775050,31527500,762946150,381624850,2274873550
2017-04-10,19250.0,19400.0,19000.0,19150.0,124056.0,-0.7772020725388601,169304900,0,752759500,1458617500,1132238000,22813700,504173300,721456900,2380681900
2017-04-11,19100.0,19300.0,19000.0,19100.0,83422.0,-0.26109660574412535,294074600,3201300,529161900,767203000,185290200,32798850,608338950,767212800,1593640800
2017-04-12,19100.0,19850.0,19100.0,19800.0,244209.0,3.664921465968586,2220315800,62636650,575774850,1940805600,467632850,32147400,2916281900,1383470750,4799532900
2017-04-13,19800.0,19900.0,19600.0,19850.0,151108.0,0.25252525252525254,1705971550,0,222917550,1054505300,710666750,32191300,496485950,1744050400,2983394400
2017-04-14,19850.0,19950.0,19600.0,19850.0,82368.0,0.0,957905150,0,131542400,546927000,204358550,8734000,1112358100,310923900,1636374550
2017-04-17,19850.0,20050.0,19700.0,19900.0,83042.0,0.2518891687657431,1006247550,0,295801600,350978700,64609100,920000,617044200,970454550,1653027850
2017-04-18,19900.0,20100.0,19800.0,19950.0,88153.0,0.25125628140703515,859297850,0,270391050,627386800,260428750,0,423433000,1073213950,1757075700
2017-04-19,19950.0,20150.0,19700.0,19800.0,99698.0,-0.7518796992481203,745022350,0,274331850,963111150,443897100,0,273149350,1265418900,1982465350
2017-04-20,19800.0,20150.0,19750.0,20000.0,131444.0,1.0101010101010102,1114991750,0,355553200,1156945800,1267680050,8600050,642081500,709129150,2627490750
2017-04-21,20050.0,20050.0,19850.0,19950.0,52883.0,-0.25,334637100,119400,206110300,512553050,220493750,0,173798900,659127200,1053419850
2017-04-24,19950.0,20150.0,19800.0,19950.0,65704.0,0.0,866359100,0,338037800,107067450,777217400,0,328588100,205658850,1311464350
2017-04-25,19900.0,20000.0,19750.0,20000.0,95263.0,0.2506265664160401,321749000,0,317401150,1254234100,1100636300,0,217775950,574972000,1893384250
2017-04-26,20000.0,20300.0,20000.0,20000.0,175863.0,0.0,871689650,980000,488416550,2175606300,2206400600,0,712622650,617669250,3536692500
2017-04-27,20000.0,20350.0,19950.0,20350.0,125832.0,1.7500000000000002,1369420650,0,214708750,963356700,999002250,0,1167824800,380659050,2547486100
2017-04-28,20050.0,20400.0,19950.0,20000.0,117433.0,-1.71990171990172,709745050,0,432676450,1228641750,1326022800,0,505391950,539648500,2371063250
2017-05-02,20000.0,20600.0,20000.0,20300.0,69865.0,1.5,435564100,0,237278700,751343650,405459650,27581800,829343900,161801100,1424186450
2017-05-04,20150.0,20450.0,20050.0,20400.0,82758.0,0.49261083743842365,525735600,0,362346350,791351700,446895900,189193350,407118500,636225900,1679433650
2017-05-08,20300.0,20800.0,20250.0,20750.0,85555.0,1.715686274509804,438853700,0,286265400,1034782200,375680200,0,1100321000,283900100,1759901300
2017-05-10,20900.0,21500.0,20650.0,20900.0,173867.0,0.7228915662650602,1796235000,7052650,641775000,1206710900,1321849850,21150,1524790400,805112150,3651773550
2017-05-11,20900.0,21200.0,20700.0,21200.0,105653.0,1.4354066985645932,1175315600,0,391607300,640931600,778507900,0,490345000,939001600,2207854500
2017-05-12,21200.0,21250.0,20750.0,20750.0,141670.0,-2.1226415094339623,487918950,2085000,782098400,1691739600,1097643000,0,814270300,1051928650,2963841950
2017-05-15,20850.0,21000.0,20450.0,20450.0,98855.0,-1.4457831325301205,292610000,0,468609200,1284856450,1250097400,0,403981550,391996700,2046075650
2017-05-16,20550.0,20750.0,20450.0,20600.0,47583.0,0.7334963325183375,407918800,0,166310950,405972000,581306550,0,255885900,143009300,980201750
2017-05-17,20450.0,20550.0,20150.0,20200.0,103869.0,-1.9417475728155338,304908050,0,545186800,1265644450,790459800,0,354834700,970444800,2115739300
2017-05-18,20250.0,20400.0,20050.0,20200.0,100334.0,0.0,777403200,4040000,610606200,631099250,1431643750,9225400,287848550,294430950,2023148650
2017-05-19,20250.0,20300.0,19850.0,19900.0,141487.0,-1.4851485148514851,880301150,1059800,1420775150,523003500,1785184650,0,248489500,791465450,2825139600
2017-05-22,20050.0,20150.0,19700.0,19950.0,136925.0,0.25125628140703515,1055478800,987500,1087597400,580377800,1539357400,0,495924900,689159200,2724441500
2017-05-23,20000.0,20350.0,19850.0,20100.0,153009.0,0.7518796992481203,812675950,324000,1053936250,1223274300,1823532100,121250,763286250,503270900,3090210500
2017-05-24,20300.0,20500.0,20050.0,20250.0,125680.0,0.7462686567164178,227628750,9644300,1073637100,1226833200,758483850,0,558663650,1220595850,2537743350
2017-05-25,20250.0,20400.0,20150.0,20200.0,125283.0,-0.24691358024691357,580926500,0,757895550,1200430150,1192424750,0,756179200,590648250,2539252200
2017-05-26,20250.0,20450.0,20200.0,20350.0,103981.0,0.7425742574257426,496980850,407000,755370600,861785750,408490500,0,531357950,1174695750,2114544200
2017-05-29,20500.0,20900.0,20350.0,20850.0,163014.0,2.457002457002457,979784100,2530700,1421882050,980758500,900249800,0,1768167200,716538350,3384955350
2017-05-30,21050.0,21350.0,21000.0,21300.0,164978.0,2.158273381294964,1891760700,0,1318998600,288465900,533436100,2041850,2059382100,904365150,3499225200
2017-05-31,21150.0,21500.0,20850.0,20850.0,158658.0,-2.112676056338028,1304163000,1443650,1036341800,998137400,819162450,0,1298495350,1222428050,3340085850
2017-06-01,21100.0,21300.0,21050.0,21200.0,158945.0,1.6786570743405276,1382332850,0,1029182050,960438200,590893550,0,1039604300,1741455250,3371953100
2017-06-02,21300.0,22050.0,21150.0,21850.0,269337.0,3.0660377358490565,2653149200,0,766795200,2441666600,1407706850,21600000,3239232650,1193071500,5861611000
2017-06-05,21950.0,22200.0,21700.0,22100.0,139154.0,1.1441647597254003,955854000,4982650,900588550,1197310900,934918150,2200000,1025439650,1096178300,3058736100
2017-06-07,21850.0,23150.0,21650.0,22900.0,378575.0,3.619909502262444,3422253400,134700,756581500,4412046250,1767269300,4705400,3759869800,3059171350,8591015850
2017-06-08,23250.0,23300.0,22350.0,23300.0,287483.0,1.7467248908296942,3137850200,248500,1018426650,2396641450,2230985400,1357200,1448826050,2871998150,6553166800
2017-06-09,22950.0,23200.0,22550.0,22700.0,177532.0,-2.575107296137339,2044828600,229000,1084728900,912661950,1500818050,250300,516660350,2024719750,4042448450
2017-06-12,22600.0,22750.0,22100.0,22300.0,191078.0,-1.762114537444934,1940505550,0,630234650,1697691950,2802570950,0,747677200,718184000,4268432150
2017-06-13,22300.0,22700.0,22250.0,22500.0,104010.0,0.8968609865470852,1468421000,0,243527950,630526650,1341620650,0,309225500,691629450,2342475600
2017-06-14,22350.0,22500.0,21800.0,21800.0,253727.0,-3.111111111111111,1604876600,3226400,1611255250,2348267050,2104142900,27790400,763981900,2671710100,5567625300
2017-06-15,22000.0,22000.0,21500.0,21700.0,171709.0,-0.45871559633027525,1084013550,0,749127300,1886694100,1572575650,0,752914350,1394344950,3719834950
2017-06-16,21800.0,22300.0,21800.0,21950.0,167914.0,1.1520737327188941,2167205800,5205750,359501850,1177696200,1019897000,219000,1109521050,1579972550,3709609600
2017-06-19,21900.0,22250.0,21750.0,21950.0,70311.0,0.0,1081546700,0,183721800,286623200,603140300,0,373635850,575115550,1551891700
2017-06-20,21800.0,22250.0,21650.0,21950.0,127142.0,0.0,1399029950,0,469388050,930644750,533809550,0,977804350,1287448850,2799062750
2017-06-21,22000.0,22050.0,21500.0,21550.0,110018.0,-1.8223234624145785,1070318300,0,584854700,725871700,1049679750,10918800,687199400,633246750,2381044700
2017-06-22,21550.0,22100.0,21400.0,21950.0,139869.0,1.8561484918793503,2065304400,0,371514650,615489450,921153050,4340000,508935250,1617880200,3052308500
2017-06-23,22100.0,22400.0,21800.0,22250.0,158527.0,1.366742596810934,2311871550,6288250,624989300,552714850,1833853900,11459550,536075900,1114474600,3495863950
2017-06-26,22300.0,22300.0,21900.0,22100.0,78540.0,-0.6741573033707865,1360240950,0,245040050,126616700,394068000,0,304724600,1033105100,1731897700
2017-06-27,22000.0,22150.0,21700.0,21900.0,133443.0,-0.904977375565611,2014908850,0,535675100,374606700,947940200,11050000,628250050,1337950400,2925190650
2017-06-28,21850.0,21900.0,21450.0,21650.0,117855.0,-1.141552511415525,1133587450,0,831155250,578578200,896839150,343200,630782900,1015355650,2543320900
2017-06-29,21700.0,22050.0,21650.0,22000.0,130885.0,1.6166281755196306,598495300,1980000,211400500,2061493400,1350008475,30835000,578674450,913851275,2873369200
2017-06-30,21800.0,22000.0,21600.0,21800.0,82476.0,-0.9090909090909091,920796300,0,249762700,623010500,1276522650,1024600,170342750,345679500,1793569500
2017-07-03,21900.0,22000.0,21650.0,21950.0,53224.0,0.6880733944954129,458044450,33781850,134016500,538566575,482738925,37250000,272239650,372180800,1164409375
2017-07-04,22100.0,22400.0,21650.0,21750.0,148023.0,-0.9111617312072893,1466928400,168817450,740070750,888439950,1333180150,89378350,996119550,845578500,3264256550
2017-07-05,21600.0,22100.0,21600.0,21700.0,82514.0,-0.22988505747126436,855699100,0,397785550,548056550,468801750,13375800,580830150,738533500,1801541200
2017-07-06,21800.0,21800.0,21300.0,21500.0,94711.0,-0.9216589861751152,692024550,0,740545700,600931500,1128501650,340800,391742700,512916600,2033501750
2017-07-07,21300.0,21800.0,21300.0,21700.0,54453.0,0.9302325581395349,467316750,0,67382100,645056100,176458000,39297400,452628100,511371450,1179754950
2017-07-10,21600.0,21700.0,21300.0,21400.0,83270.0,-1.3824884792626728,923135650,0,259799550,606455850,577551850,2557500,415716250,793565450,1789391050
2017-07-11,21400.0,22000.0,21400.0,21850.0,108565.0,2.102803738317757,1049042950,4370000,47575350,1272545300,1083883500,47816200,740594050,501239850,2373533600
2017-07-12,21750.0,21900.0,21450.0,21600.0,150334.0,-1.1441647597254003,700589550,0,377911500,2181135950,1536271650,4380000,180308000,1538677350,3259637000
2017-07-13,21850.0,21950.0,21450.0,21950.0,71721.0,1.6203703703703702,385410550,0,121473800,1054897300,659690050,93857400,227901700,580332500,1561781650
2017-07-14,21800.0,22100.0,21600.0,22100.0,82480.0,0.683371298405467,1069727200,0,138699600,605157200,567678350,41800000,436886750,767218900,1813584000
2017-07-17,22600.0,22600.0,22150.0,22450.0,85956.0,1.583710407239819,536820600,0,186977850,1201988950,762866500,56025000,624069100,482826800,1925787400
2017-07-18,22500.0,22500.0,22100.0,22250.0,60591.0,-0.8908685968819599,269244500,0,346282350,729948650,498980500,0,205302450,641192550,1345475500
2017-07-19,22350.0,22800.0,22100.0,22750.0,166439.0,2.247191011235955,1426236800,2522100,193753500,2145514950,1545664750,68100000,1171487050,982775550,3768027350
2017-07-20,22750.0,22850.0,22450.0,22600.0,141629.0,-0.6593406593406593,434260350,0,375279150,2398031600,1980367750,12073050,351982150,863148150,3207571100
2017-07-21,22600.0,22650.0,22150.0,22250.0,81138.0,-1.5486725663716814,271974050,0,404684850,1134422850,915513850,22036550,640672250,232859100,1811081750
2017-07-24,22500.0,22500.0,21900.0,22200.0,85226.0,-0.22471910112359553,603676400,0,277324650,1003824350,801695750,9744150,496975200,576410300,1884825400
2017-07-25,22050.0,22450.0,21950.0,22150.0,129520.0,-0.22522522522522523,1374404950,0,575641900,922179250,1502473500,32343850,713638350,623770400,2872226100
2017-07-26,22300.0,22350.0,21950.0,22300.0,83237.0,0.6772009029345373,854266200,0,274553550,712668150,1213084150,3237550,346591300,278574900,1841487900
2017-07-27,22450.0,22450.0,21950.0,22250.0,66908.0,-0.2242152466367713,870943450,0,286601950,322927450,816632500,6690000,335043400,322106950,1480472850
2017-07-28,22150.0,22500.0,22000.0,22250.0,143668.0,0.0,2317459750,0,234422050,646811600,2013129450,19860400,622528950,543174600,3198693400
2017-07-31,22450.0,22500.0,21000.0,21200.0,177432.0,-4.719101123595506,1460040500,5996150,1289134250,1043147800,2543701700,4490000,619224150,630902850,3798318700
2017-08-01,21100.0,21900.0,21100.0,21800.0,119694.0,2.8301886792452833,1274110850,16501050,173273300,1140067550,1726784050,43615000,595718200,237835500,2603952750
2017-08-02,21800.0,21900.0,21150.0,21200.0,111138.0,-2.7522935779816518,551085700,0,1013591150,812581250,1942767250,0,266568050,167922800,2377258100
2017-08-03,21150.0,21350.0,20800.0,21000.0,95765.0,-0.9433962264150944,611727700,0,819292600,582267350,1386196150,2130000,385568050,239393450,2013287650
2017-08-04,21050.0,21200.0,20650.0,20800.0,137853.0,-0.9523809523809524,1186567500,0,591332150,1095510550,2274926000,0,383836400,214647800,2873410200
2017-08-07,20800.0,21250.0,20650.0,21050.0,89974.0,1.201923076923077,1205794900,0,265657100,421643900,1074549300,40125000,308118650,470302950,1893095900
2017-08-08,21100.0,21100.0,20550.0,20850.0,122060.0,-0.9501187648456058,842877650,3268850,821977450,861560200,1876358600,0,270542900,382782650,2529684150
2017-08-09,20800.0,21050.0,20750.0,20850.0,171402.0,0.0,1011986650,0,713799750,1845210350,2658608050,123946950,346434750,442007000,3570996750
2017-08-10,20850.0,21050.0,20750.0,20900.0,108723.0,0.2398081534772182,756193700,0,353739750,1154397100,1330820600,42983100,346728550,543798300,2264330550
2017-08-11,20800.0,21000.0,20750.0,20950.0,72142.0,0.23923444976076555,711625350,0,230777400,562445850,613549550,8708400,381675150,500915500,1504848600
2017-08-14,20950.0,21050.0,20800.0,21000.0,53979.0,0.23866348448687352,727780650,0,230174350,170619500,375440100,0,189223100,563911300,1128574500
2017-08-16,21000.0,21000.0,20750.0,20900.0,86037.0,-0.4761904761904762,916946750,0,348043550,531969650,960933350,0,287616000,548410600,1796959950
2017-08-17,20850.0,21200.0,20800.0,21050.0,56004.0,0.7177033492822966,803893600,0,165283000,207695800,260174200,0,336880250,579817950,1176872400
2017-08-18,20900.0,21100.0,20700.0,20750.0,61628.0,-1.4251781472684086,357337400,0,270997950,652820550,627316950,16872900,71295400,565670650,1281155900
2017-08-21,20850.0,21000.0,20800.0,20850.0,82130.0,0.48192771084337355,534986950,0,112586650,1067736300,1314025500,16929000,316004850,68350550,1715309900
2017-08-22,20950.0,21200.0,20450.0,20600.0,98978.0,-1.1990407673860912,656761350,0,401605900,992782050,1505686850,0,183691150,361771300,2051149300
2017-08-23,20600.0,20750.0,20500.0,20650.0,99120.0,0.24271844660194172,819267700,0,228911150,996068400,1290309550,0,124135500,629802200,2044247250
2017-08-24,20800.0,21000.0,20700.0,20950.0,73192.0,1.4527845036319613,695306200,0,66746350,765542150,1042911100,0,286672750,198010850,1527594700
2017-08-25,20900.0,21200.0,20700.0,21050.0,32840.0,0.47732696897374705,207653150,0,158866150,320673400,99498800,1024100,247704750,338965050,687192700
2017-08-28,21300.0,21300.0,20800.0,21150.0,106867.0,0.4750593824228029,1205795950,0,215981650,839668900,1496949750,0,403824050,360672700,2261446500
2017-08-29,21300.0,21300.0,20800.0,21300.0,100856.0,0.7092198581560284,957697150,0,291358000,876853200,1028959950,0,368955850,727992550,2125908350
2017-08-30,21500.0,21500.0,20950.0,21100.0,92109.0,-0.9389671361502347,708030650,0,304589800,935787500,1342900500,0,182554800,422952650,1948407950
2017-08-31,21000.0,21450.0,20950.0,21300.0,79043.0,0.9478672985781991,529042250,1974000,365016100,778066600,923373850,0,196816450,553908650,1674098950
2017-09-01,21350.0,21350.0,20800.0,21050.0,70266.0,-1.1737089201877933,645434000,0,316523150,517501650,586463400,164176900,211509600,517308900,1479458800
2017-09-04,20900.0,21250.0,20800.0,21100.0,79453.0,0.23752969121140144,862465400,0,80197150,733318400,705932000,45585350,570450550,354013050,1675980950
2017-09-05,21300.0,21300.0,21050.0,21050.0,47950.0,-0.23696682464454977,539030850,0,66507600,407804600,394809050,8860800,211863600,397809600,1013343050
2017-09-06,21300.0,21300.0,20850.0,21050.0,54024.0,0.0,502210250,0,164564000,464543600,478882000,0,97560500,554875350,1131317850
2017-09-07,21200.0,21400.0,20900.0,21200.0,54760.0,0.7125890736342043,578078900,0,31152550,550362700,380260550,0,342685400,436648200,1159594150
2017-09-08,21050.0,21350.0,21000.0,21250.0,101704.0,0.2358490566037736,736300050,0,214140450,1206061400,333681500,0,152403650,1670416750,2156501900
2017-09-11,21350.0,21500.0,21150.0,21500.0,73568.0,1.1764705882352942,642969600,0,68213250,860781000,262378350,0,359892300,949693200,1571963850
2017-09-12,21550.0,21550.0,21150.0,21450.0,74599.0,-0.23255813953488372,425278000,0,146769750,1018975100,479242100,0,66485000,1045295750,1591022850
2017-09-13,21450.0,21500.0,21150.0,21300.0,79110.0,-0.6993006993006993,430929900,0,120814850,1136473850,707926550,0,151618950,828673100,1688218600
2017-09-14,21250.0,21750.0,21100.0,21600.0,159538.0,1.4084507042253522,1035005900,0,172991750,2210106450,1197116200,0,1099281750,1121706150,3418104100
2017-09-15,21600.0,22000.0,21450.0,22000.0,109282.0,1.8518518518518516,1385864500,30660000,109796700,851888350,471192850,0,1174423600,732593100,2378209550
2017-09-18,22050.0,22050.0,21300.0,21550.0,47991.0,-2.0454545454545454,162776600,0,356919700,517023800,524418650,0,145748600,366552850,1036720100
2017-09-19,21500.0,21700.0,21200.0,21300.0,152919.0,-1.160092807424594,387866200,0,319954050,2556378700,2614113650,0,126793850,523291450,3264198950
2017-09-20,21350.0,21650.0,21300.0,21650.0,98760.0,1.643192488262911,1048935850,0,112749050,960806550,930169850,0,845582050,346739550,2122491450
2017-09-21,21500.0,21700.0,21450.0,21600.0,97782.0,-0.23094688221709006,1149593050,0,153761150,807017750,1013006150,0,369267400,728098400,2110371950
2017-09-22,21500.0,21650.0,21350.0,21450.0,79222.0,-0.6944444444444444,853420600,1008150,76101900,778369250,562573700,8666350,346886800,790773050,1708899900
2017-09-25,21600.0,21850.0,21350.0,21550.0,85710.0,0.4662004662004662,895078050,0,368106200,590155050,321633300,0,938627950,593078050,1853339300
2017-09-26,21800.0,22000.0,21600.0,21900.0,69241.0,1.6241299303944314,779444300,0,170927250,561251500,331037350,0,637724650,542861050,1511623050
2017-09-27,21950.0,22000.0,21900.0,21900.0,48805.0,0.0,588401000,1007400,133528300,346881450,475080050,2148000,264799400,327790700,1069818150
2017-09-28,22100.0,22100.0,21300.0,21850.0,152107.0,-0.228310502283105,1370016050,0,805160700,1106980450,1899252050,312305400,622888300,447711450,3282157200
2017-09-29,21800.0,22000.0,21650.0,21850.0,71353.0,0.0,877640850,0,108032050,571297550,759624350,0,182575600,614770500,1556970450
2017-10-10,21550.0,22000.0,21500.0,21500.0,147362.0,-1.6018306636155606,845278400,0,557174500,1789325550,1941625050,0,322394400,927759000,3191778450
2017-10-11,21500.0,21850.0,21350.0,21450.0,130663.0,-0.23255813953488372,642743600,0,433318950,1736007000,1639210450,0,158195150,1014663950,2812069550
2017-10-12,21400.0,21650.0,20950.0,21150.0,155341.0,-1.3986013986013985,780085050,0,1104046750,1406916750,1513887950,0,487640800,1289519800,3291048550
2017-10-13,21100.0,21250.0,20450.0,20950.0,183988.0,-0.9456264775413712,1570804600,0,980197650,1260131850,1646889150,0,624004100,1540240850,3811134100
2017-10-16,20850.0,21000.0,20700.0,20800.0,87494.0,-0.7159904534606205,475970950,1003200,399273950,942640250,1148181000,0,317539600,353167750,1818888350
2017-10-17,20800.0,20850.0,20150.0,20350.0,128116.0,-2.1634615384615383,740343850,3033800,770134600,1100581300,1615384300,0,352065950,646643300,2614093550
2017-10-18,20400.0,20650.0,20300.0,20450.0,50209.0,0.4914004914004914,495204550,0,203841650,331045550,319646700,0,142561500,567883550,1030091750
2017-10-19,20500.0,20750.0,20350.0,20450.0,94489.0,0.0,1097281900,0,524325500,316488950,730755750,0,246946500,960394100,1938096350
2017-10-20,20450.0,20900.0,20250.0,20250.0,153354.0,-0.9779951100244498,1165835600,0,384214900,1587769400,867171900,0,275839350,1994808650,3137819900
2017-10-23,20400.0,20850.0,20350.0,20350.0,145736.0,0.49382716049382713,1087461150,12465050,306878850,1584929650,1988755100,0,516321200,486658400,2991734700
2017-10-24,20300.0,20550.0,20200.0,20450.0,65221.0,0.4914004914004914,538993850,9229900,200041450,584162500,519066150,0,244681500,568680050,1332427700
2017-10-25,20750.0,20750.0,20250.0,20300.0,64749.0,-0.7334963325183375,210827850,0,371671100,737458950,922215350,0,113223150,284519400,1319957900
2017-10-26,20500.0,20500.0,20150.0,20300.0,83243.0,0.0,304617900,506250,428413400,954472150,969438900,0,226061000,492509800,1688009700
2017-10-27,20250.0,20450.0,20000.0,20400.0,93043.0,0.49261083743842365,960377450,1005000,431398850,495017700,912585600,0,334568800,640644600,1887799000
2017-10-30,20400.0,20400.0,19950.0,20000.0,84447.0,-1.9607843137254901,569994850,1984900,1029274150,98334300,774161250,1883250,526495450,397048250,1699588200
2017-10-31,20000.0,20350.0,19900.0,20100.0,118301.0,0.5,976164050,0,474493350,930034700,1567734100,0,384204050,428753950,2380692100
2017-11-01,19850.0,20650.0,19800.0,20550.0,127065.0,2.2388059701492535,1972318000,1012350,184239250,442639100,420314850,7642500,900759050,1271492300,2600208700
2017-11-02,20250.0,20650.0,20250.0,20300.0,89637.0,-1.2165450121654502,1256034450,2019150,442816450,132489500,550054000,15029400,373728500,894547650,1833359550
2017-11-03,20550.0,20650.0,20050.0,20200.0,92683.0,-0.49261083743842365,482869700,0,953726550,441694750,1472392150,0,184598900,221299950,1878291000
2017-11-06,20200.0,20250.0,19700.0,19800.0,154268.0,-1.9801980198019802,865757450,1393250,1912177300,289148800,2190357250,0,349534850,528584700,3068476800
2017-11-07,19750.0,20250.0,19700.0,20000.0,175237.0,1.0101010101010102,1734758000,0,1051494750,732452800,2121676800,0,1002721000,394307750,3518705550
2017-11-08,19950.0,20150.0,19850.0,20050.0,64033.0,0.25,527531350,0,443197800,310652450,787455300,2845700,316921650,174158950,1281381600
2017-11-09,20200.0,20200.0,19850.0,20050.0,86538.0,0.0,590918550,0,495601500,645400250,1221630650,0,235377650,274912000,1731920300
2017-11-10,19950.0,20050.0,19650.0,19700.0,78004.0,-1.7456359102244388,226604900,1420400,1092551100,221573700,869841050,0,196420500,475888550,1542150100
2017-11-13,19700.0,19850.0,19550.0,19800.0,66140.0,0.5076142131979695,687867000,99941800,356216750,159986450,736072700,0,231703600,336235700,1304012000
2017-11-14,19800.0,19800.0,19300.0,19450.0,99617.0,-1.7676767676767675,240429650,1014000,1229844150,466386950,1377808050,2033450,213620500,344212750,1937674750
2017-11-15,19350.0,19650.0,19100.0,19150.0,117360.0,-1.5424164524421593,645363350,2845850,898880000,715781250,1397896100,0,398195350,466779000,2262870450
2017-11-16,19250.0,19350.0,19000.0,19150.0,91665.0,0.0,110400750,2710050,833031050,809673350,1050615650,9460350,405493800,290245400,1755815200
2017-11-17,19050.0,19250.0,18950.0,18950.0,89541.0,-1.0443864229765014,219411950,95250,1119957300,364707050,1200128050,0,266005950,238037550,1704171550
2017-11-20,19000.0,19100.0,18750.0,18800.0,63731.0,-0.79155672823219,106857350,1001700,977664300,117590850,773271850,0,329479050,100363300,1203114200
2017-11-21,18850.0,19250.0,18800.0,19250.0,98963.0,2.393617021276596,763385050,96000,375301050,752446350,726450750,0,564641100,600136600,1891228450
2017-11-22,19100.0,19200.0,18750.0,18800.0,83843.0,-2.3376623376623376,235295300,3048100,1051823650,291599100,330945950,995800,394874700,854949700,1581766150
2017-11-23,18850.0,19100.0,18700.0,19050.0,66092.0,1.3297872340425532,517003550,112500,382305350,352806600,393760200,0,434130850,424336950,1252228000
2017-11-24,19150.0,19200.0,18800.0,18900.0,59153.0,-0.7874015748031495,212280150,0,783907950,122188000,727042500,0,152042950,239290650,1118376100
2017-11-27,18950.0,19100.0,18800.0,18850.0,63390.0,-0.26455026455026454,691635000,0,410465500,95368750,489763400,0,444682350,263023500,1197469250
2017-11-28,18850.0,19000.0,18750.0,18750.0,67894.0,-0.5305039787798408,224793250,1012500,693886850,359339650,523815600,0,531500900,223715750,1279032250
2017-11-29,18850.0,19150.0,18700.0,19100.0,130460.0,1.866666666666667,1313574200,0,749027200,405685350,956641600,0,1066142800,445502350,2468286750
2017-11-30,19150.0,19150.0,18850.0,18950.0,68894.0,-0.7853403141361256,708919450,113750,281997800,315864050,555533100,152118900,170371750,428871300,1306895050
2017-12-01,18950.0,18950.0,18500.0,18600.0,97555.0,-1.8469656992084433,486740900,2022300,1272722750,59748250,997138100,0,156512750,667583350,1821234200
2017-12-04,18650.0,18750.0,18250.0,18250.0,64083.0,-1.881720430107527,132541800,3025000,855062800,186569250,791450900,0,222018650,163729300,1177198850
2017-12-05,18150.0,18500.0,18150.0,18400.0,116850.0,0.821917808219178,584517500,0,542964200,1021387400,1644364750,5044200,305410800,194049350,2148869100
2017-12-06,18450.0,18750.0,18200.0,18650.0,95876.0,1.358695652173913,374996400,18400,435234400,959119150,749660850,0,859904200,159803300,1769368350
2017-12-07,18650.0,18750.0,18350.0,18700.0,125399.0,0.2680965147453083,2022491500,1036200,159131150,156133500,1089293600,1023000,624798100,623677650,2338792350
2017-12-08,18600.0,18650.0,18300.0,18400.0,43124.0,-1.6042780748663104,123291050,100964450,445748000,127375850,387436350,0,91338950,318604050,797379350
2017-12-11,18300.0,18550.0,18100.0,18400.0,57235.0,0.0,211766550,10076000,525027450,301299000,564473700,0,260974950,222720350,1048169000
2017-12-12,18300.0,18350.0,18100.0,18200.0,34039.0,-1.0869565217391304,143578250,9102500,241789850,225828250,273965150,0,113475150,232858550,620298850
2017-12-13,18200.0,18650.0,18200.0,18650.0,59058.0,2.4725274725274726,619001450,0,198789000,269480600,657968050,1058500,246290950,181953550,1087271050
2017-12-14,18700.0,18700.0,18000.0,18000.0,168523.0,-3.485254691689008,1269330450,21542750,1410829650,362496850,2212703000,144000,154963500,696389200,3064199700
2017-12-15,18250.0,18350.0,17950.0,18100.0,175998.0,0.5555555555555556,1038928100,1005200,920569300,1230317050,1629240950,3077000,473390950,1085110750,3190819650
2017-12-18,18200.0,18250.0,17950.0,18250.0,113934.0,0.8287292817679558,550728450,5794050,655478250,849459200,1338472850,0,230908950,492078150,2061459950
2017-12-19,18150.0,18250.0,17950.0,18150.0,86337.0,-0.547945205479452,701591300,107700,637407700,218521550,1018019600,0,342149600,197459050,1557628250
2017-12-20,18150.0,18250.0,18000.0,18150.0,40434.0,0.0,368180550,0,206183650,157399950,402851800,0,148178500,180733850,731764150
2017-12-21,18050.0,18350.0,17950.0,18300.0,98375.0,0.8264462809917356,1267583750,0,124283100,398698650,898807900,0,512356950,379400650,1790565500
2017-12-22,18450.0,18450.0,18150.0,18400.0,26205.0,0.546448087431694,327468000,0,73184100,79845450,81897850,0,129744250,268855450,480497550
2017-12-26,18400.0,18700.0,18300.0,18650.0,51208.0,1.358695652173913,624454600,298800,231617350,94327800,270062800,0,360363750,320272000,950698550
2017-12-27,18400.0,18700.0,18100.0,18550.0,74077.0,-0.5361930294906166,1005338750,2026750,317046950,44908450,229163900,0,299610250,840546750,1369320900
2017-12-28,18650.0,18950.0,18500.0,18900.0,68180.0,1.8867924528301887,983690200,53597000,175450200,65794800,172061450,0,759134400,347336350,1278532200
2018-01-02,19000.0,19150.0,18850.0,19000.0,88214.0,0.5291005291005291,572706450,0,225941850,873356400,393429850,0,645078500,633496350,1672004700
2018-01-03,18500.0,18800.0,18350.0,18350.0,148702.0,-3.421052631578948,1073203350,5386200,1379306450,286078650,853762200,332100,411571550,1478308800,2743974650
2018-01-04,18400.0,18650.0,18250.0,18550.0,181043.0,1.08991825613079,2136745900,1006500,792165750,406032750,909312250,0,753465500,1673173150,3335950900
2018-01-05,18650.0,18650.0,18400.0,18500.0,44795.0,-0.2695417789757413,387387050,0,343981950,99567300,156476250,0,405429750,269030300,830936300
2018-01-08,18450.0,18900.0,18450.0,18650.0,50364.0,0.8108108108108109,243034750,111850000,293840300,291966450,185187500,75350000,509406550,170747450,940691500
2018-01-09,18600.0,18900.0,18500.0,18800.0,75089.0,0.8042895442359249,728096350,87373450,337713000,250346000,207644250,0,274719550,921165000,1403528800
2018-01-10,18800.0,19050.0,18650.0,18850.0,132910.0,0.26595744680851063,883438950,1009800,301030450,1313700425,673759250,69654000,511555500,1244210875,2499179625
2018-01-11,19000.0,19550.0,18850.0,19400.0,219722.0,2.9177718832891246,2144961700,0,679548150,1423964250,727538450,56900000,3013037100,450998550,4248474100
2018-01-12,19550.0,19550.0,19150.0,19300.0,127952.0,-0.5154639175257731,952656250,8970000,461288450,1049520200,726668500,0,796373100,949393300,2472434900
2018-01-15,19250.0,19550.0,19050.0,19400.0,157871.0,0.5181347150259068,1416058550,0,436717100,1190660100,1878146650,9155200,467997650,688136250,3043435750
2018-01-16,19350.0,19600.0,19200.0,19500.0,99289.0,0.5154639175257731,1240965350,0,193228750,498503200,838517100,19400,611728850,482431950,1932697300
2018-01-17,19400.0,19650.0,19350.0,19350.0,88106.0,-0.7692307692307693,933962850,0,222112550,563235500,566371800,0,901125450,251813650,1719310900
2018-01-18,19500.0,19550.0,19300.0,19500.0,69710.0,0.7751937984496124,698039750,116700,149671900,509227250,622769600,54135600,459973400,220177000,1357055600
2018-01-19,19500.0,19700.0,19300.0,19450.0,78354.0,-0.2564102564102564,979646300,0,229638850,317423400,731085300,0,515928650,279694600,1526708550
2018-01-22,19600.0,19750.0,19350.0,19550.0,82831.0,0.5141388174807198,1069777100,0,204201950,345152600,830948250,0,417779600,370403800,1619131650
2018-01-23,19600.0,19750.0,19400.0,19450.0,81472.0,-0.5115089514066496,673460350,0,333052250,584973150,764163800,4384750,417080050,405857150,1591485750
2018-01-24,19500.0,19950.0,19450.0,19850.0,124679.0,2.056555269922879,1083137750,0,211388500,1161597375,722990350,0,991538750,741594525,2456123625
2018-01-25,19650.0,20050.0,19650.0,19900.0,67125.0,0.2518891687657431,1125746750,0,127362400,85518300,370540600,0,724920400,243166450,1338627450
2018-01-26,19850.0,20050.0,19700.0,19750.0,49512.0,-0.7537688442211055,611310700,0,215193550,156753600,582398300,0,171225750,229633800,983257850
2018-01-29,19700.0,20150.0,19700.0,19950.0,85493.0,1.0126582278481013,1299251950,0,176082500,237091500,341794000,1221400,937463850,431946700,1712425950
2018-01-30,19950.0,20200.0,19700.0,19750.0,74493.0,-1.0025062656641603,862202100,0,298203950,320678050,987979800,0,243491900,249612400,1481084100
2018-01-31,19700.0,19950.0,19400.0,19800.0,73781.0,0.25316455696202533,570002050,0,277988600,604070900,603109800,0,309201700,539750050,1452061550
2018-02-01,19650.0,19950.0,19600.0,19850.0,68017.0,0.25252525252525254,586937700,0,125572550,633977250,620956800,0,373955400,351575300,1346487500
2018-02-02,19700.0,19950.0,19500.0,19900.0,103140.0,0.2518891687657431,1142444650,0,318234200,575783650,1063829150,0,432156850,540476500,2036462500
2018-02-05,20000.0,20100.0,19600.0,20000.0,110408.0,0.5025125628140703,1033172050,0,366875700,789311800,890072600,17543750,734576600,547166600,2189359550
2018-02-06,19950.0,20100.0,19600.0,19950.0,102435.0,-0.25,1411239050,0,299929950,317330600,373041600,0,1092062550,563395450,2028499600
2018-02-07,19750.0,19950.0,19250.0,19300.0,72466.0,-3.258145363408521,605137200,0,541135150,278464700,536232300,197500,186174650,702132600,1424737050
2018-02-08,19100.0,19700.0,19100.0,19500.0,102755.0,1.0362694300518136,1087859200,115800,216576250,693377050,934953400,0,383440600,679534300,1997928300
2018-02-09,19150.0,20000.0,19000.0,20000.0,155122.0,2.564102564102564,2243128500,0,179541100,650388550,1182655650,99150,1466702000,423601350,3073058150
2018-02-12,19900.0,19900.0,19350.0,19500.0,104224.0,-2.5,1271732700,38800,603463300,158549150,1303370200,234150,107573350,622606250,2033783950
2018-02-13,19350.0,19900.0,19100.0,19600.0,138616.0,0.5128205128205128,1194429800,0,383398350,1116784250,1845094950,0,488637200,360880250,2694612400
2018-02-14,19650.0,19750.0,18950.0,19250.0,146473.0,-1.7857142857142856,642856350,106141500,1185403600,876640100,1653125500,0,358566300,799349750,2811041550
2018-02-19,19550.0,19700.0,19300.0,19700.0,71055.0,2.3376623376623376,399801050,0,25974150,959708150,802627000,0,300521450,282334900,1385483350
2018-02-20,19500.0,19600.0,19250.0,19500.0,45771.0,-1.015228426395939,280899450,0,97638600,511855650,543863650,0,167324350,179205700,890393700
2018-02-21,19500.0,20200.0,19350.0,20150.0,139296.0,3.3333333333333335,2158684150,0,227875100,381702800,622792000,22352800,1621599850,501517400,2768262050
2018-02-22,19850.0,19950.0,19600.0,19850.0,58446.0,-1.488833746898263,452244750,0,523047850,177138550,708149450,158300,227205750,216917650,1152431150
2018-02-23,19850.0,20100.0,19650.0,20050.0,72181.0,1.0075566750629723,735209900,117900,293976950,412537000,534890200,39900,655035600,251876050,1441841750
2018-02-26,20100.0,20100.0,19550.0,19750.0,83136.0,-1.4962593516209477,722417600,39500,430729650,490962600,1158071600,54848450,274167900,157061400,1644149350
2018-02-27,19650.0,20050.0,19500.0,19900.0,98398.0,0.7594936708860759,1001465600,117000,486342000,450404250,827703200,0,681761100,428864550,1938328850
2018-02-28,19750.0,20050.0,19600.0,19900.0,89692.0,0.0,1052166150,0,188238150,538076700,851161400,138250,420460150,506721200,1778481000
2018-03-02,19650.0,19900.0,19500.0,19600.0,122378.0,-1.507537688442211,1139959500,0,610929000,648097350,1665877700,0,118633250,614474900,2398985850
2018-03-05,19550.0,19700.0,19300.0,19500.0,62474.0,-0.5102040816326531,440159200,233100,275740900,500739350,773254750,0,219553450,224064350,1216872550
2018-03-06,19450.0,19750.0,19350.0,19450.0,36639.0,-0.2564102564102564,406132950,0,133809350,175248350,480296150,0,76427250,158467250,715190650
2018-03-07,19250.0,19300.0,19100.0,19100.0,64737.0,-1.7994858611825193,90279400,878600,337352600,811574900,960075950,0,96064450,183945100,1240085500
2018-03-08,19100.0,19300.0,19050.0,19250.0,69621.0,0.7853403141361256,604033700,0,275135500,455215000,1024078100,0,184965450,125340650,1334384200
2018-03-09,19150.0,19650.0,19150.0,19650.0,79579.0,2.0779220779220777,834764750,0,166212550,546283500,700887950,407850,337585250,508379750,1547260800
2018-03-12,19750.0,19800.0,19350.0,19750.0,75821.0,0.5089058524173028,956558400,0,284552750,243069150,735085050,899300,359064600,389131350,1484180300
2018-03-13,19450.0,19750.0,19200.0,19250.0,68580.0,-2.5316455696202533,324596500,904750,504952400,494795450,1005208600,0,247194700,72845800,1325249100
2018-03-14,19150.0,19450.0,19000.0,19300.0,74306.0,0.2597402597402597,519628450,0,458599050,445588200,926637850,0,197661400,299516450,1423815700
2018-03-15,19400.0,19400.0,18500.0,18750.0,125859.0,-2.849740932642487,628500850,3088200,1241318500,480167650,1635769700,0,251787700,465517800,2353075200
2018-03-16,18700.0,18900.0,18550.0,18750.0,96170.0,0.0,127442200,16107600,300392350,1357700550,1173507000,0,244194200,383941500,1801642700
2018-03-19,18850.0,19000.0,18650.0,18850.0,58283.0,0.5333333333333333,511787500,0,111427150,474030000,538649700,48029450,186156100,324409400,1097244650
2018-03-20,18700.0,18850.0,18700.0,18750.0,34559.0,-0.5305039787798408,153093050,0,105028150,390261300,202972400,0,39601900,405808200,648382500
2018-03-21,18650.0,18900.0,18600.0,18750.0,82188.0,0.0,409051300,0,338645200,791978150,753739600,0,84066350,701868700,1539674650
2018-03-22,18650.0,18850.0,18500.0,18650.0,77976.0,-0.5333333333333333,443740450,0,430761050,579199100,635118350,18750,305798950,512764550,1453700600
2018-03-23,18500.0,18850.0,18400.0,18500.0,75371.0,-0.8042895442359249,461361400,0,76465650,867807400,713587500,0,442988450,249058500,1405634450
2018-03-26,18500.0,18750.0,18100.0,18250.0,43631.0,-1.3513513513513513,219860750,620300,255347650,321673300,531389450,0,95863650,170248900,797502000
2018-03-27,18300.0,18550.0,18250.0,18350.0,74451.0,0.547945205479452,208891500,109800,180136900,977205900,433504950,101034700,553617700,278186750,1366344100
2018-03-28,18250.0,18750.0,18200.0,18700.0,288018.0,1.9073569482288828,596892400,219300,296480900,4091818930,913055650,0,308550000,3763805880,4985411530
2018-03-29,18600.0,18950.0,18350.0,18900.0,54877.0,1.06951871657754,595379700,18904200,112551150,296118150,322220150,874200,226126300,473732550,1022953200
2018-03-30,19000.0,19000.0,18550.0,18650.0,40108.0,-1.3227513227513228,296982100,111900,208194500,247279000,513072400,0,118074050,121421050,752567500
2018-04-02,18450.0,18900.0,18450.0,18550.0,43851.0,-0.5361930294906166,286952100,0,227518400,300580150,514860250,0,116522700,183667700,815050650
2018-04-03,18550.0,18800.0,18350.0,18650.0,55181.0,0.5390835579514826,560530550,110700,215416250,248933800,440384950,0,216824600,367781750,1024991300
2018-04-04,18550.0,18700.0,18350.0,18600.0,59823.0,-0.2680965147453083,362739900,110700,285713100,456962000,695427700,0,231710000,178388000,1105525700
2018-04-05,18500.0,18800.0,18400.0,18650.0,51985.0,0.2688172043010753,532272050,0,250578400,181839200,420250800,0,328965600,215473250,964689650
2018-04-06,18500.0,18500.0,18250.0,18450.0,74633.0,-1.0723860589812333,153174450,0,534329900,681647850,1070313900,0,98448950,200389350,1369152200
2018-04-09,18200.0,18400.0,18150.0,18350.0,30493.0,-0.5420054200542005,113015050,0,151827600,292439200,265996350,401750,139117000,151766750,557281850
2018-04-10,18200.0,18600.0,18150.0,18450.0,65954.0,0.544959128065395,546596400,0,153702300,508810800,578872250,0,341338800,288898450,1209109500
2018-04-11,18250.0,18400.0,18150.0,18350.0,69054.0,-0.5420054200542005,147335250,0,256196350,857830900,765301450,54750,109812500,386193800,1261362500
2018-04-12,18200.0,18500.0,18150.0,18200.0,67777.0,-0.8174386920980926,517667400,0,208935650,514650550,409294200,0,234283650,597675750,1241253600
2018-04-13,18150.0,18200.0,17650.0,17900.0,110358.0,-1.6483516483516485,75245900,0,841799550,1053351850,1651044950,0,120314700,199037650,1970397300
2018-04-16,18000.0,18000.0,17750.0,17950.0,40644.0,0.27932960893854747,435542550,0,175251400,118282650,354890450,0,123653500,250532650,729076600
2018-04-17,17850.0,18000.0,17700.0,17950.0,106890.0,0.0,477074200,19771800,684793600,717935550,1394313350,4746950,287548850,212966000,1899575150
2018-04-18,17850.0,18050.0,17800.0,17950.0,73105.0,0.0,389991550,107400,118255300,803115300,765502000,0,156032700,389934850,1311469550
2018-04-19,17900.0,17950.0,17700.0,17800.0,161197.0,-0.8356545961002786,578096700,0,361677400,1932318250,2092618800,18156000,246163600,515153950,2872092350
2018-04-20,17700.0,17800.0,17550.0,17750.0,55032.0,-0.2808988764044944,257626200,0,353723200,360677500,486475150,48980200,98623900,337947650,972026900
2018-04-23,17850.0,17850.0,17350.0,17650.0,107293.0,-0.5633802816901409,463762900,314400,659306400,755876200,1270923800,0,271827450,336508650,1879259900
2018-04-24,17700.0,17700.0,17450.0,17600.0,33448.0,-0.28328611898017,153043100,17650,243375400,190988200,236426350,11515000,120565100,218917900,587424350
2018-04-25,17650.0,17700.0,17350.0,17700.0,96913.0,0.5681818181818182,1023792300,0,182765450,499258850,865046300,0,248552550,592217750,1705816600
2018-04-26,17700.0,18050.0,17550.0,17800.0,85585.0,0.5649717514124294,441517400,0,205455950,878072550,558979050,0,353099350,612967500,1525045900
2018-04-27,17750.0,17900.0,17500.0,17900.0,104169.0,0.5617977528089888,769722550,211500,597729500,475233650,1015042500,0,214261700,613593000,1842897200
2018-04-30,17800.0,18300.0,17650.0,18300.0,84652.0,2.2346368715083798,564911750,0,293950550,667940200,272345150,0,875362200,379095150,1526802500
2018-05-02,18300.0,18600.0,18150.0,18500.0,81700.0,1.092896174863388,819056650,0,101934800,581693250,179121500,0,551541050,772022150,1502684700
2018-05-03,18650.0,18650.0,18250.0,18550.0,47072.0,0.2702702702702703,631663650,36700,92728800,147607400,95853600,0,241052000,535130950,872036550
2018-05-04,18300.0,18550.0,18100.0,18350.0,59934.0,-1.078167115902965,591134800,36300,151297700,359176500,178702450,0,231775750,691167100,1101645300
2018-05-08,18300.0,18500.0,18250.0,18300.0,27714.0,-0.2724795640326975,155941300,0,169553250,182546200,244102400,0,140038650,123899700,508040750
2018-05-09,18400.0,18600.0,18250.0,18250.0,42226.0,-0.273224043715847,265876250,0,119137300,388747250,184577300,0,166867600,422315900,773760800
2018-05-10,18250.0,18400.0,18200.0,18350.0,46606.0,0.547945205479452,387808100,0,78307000,385303250,586737800,54750,88484700,176141100,851418350
2018-05-11,18250.0,18550.0,18250.0,18400.0,57868.0,0.2724795640326975,428655050,0,41827700,591415400,576334750,0,241918050,243645350,1061898150
2018-05-14,18400.0,18600.0,18150.0,18350.0,37688.0,-0.2717391304347826,476599300,365900,142839450,73294300,262587300,0,185939450,244572200,693098950
2018-05-15,18250.0,18500.0,18100.0,18250.0,41524.0,-0.544959128065395,66029250,127750,81432200,610568850,429056300,0,82523250,246578500,758158050
2018-05-16,18200.0,18550.0,18050.0,18300.0,49578.0,0.273972602739726,452408550,108300,83826800,370160550,285961800,0,192670650,427871750,906504200
2018-05-17,18300.0,18450.0,18150.0,18200.0,51705.0,-0.546448087431694,516852350,54600,201406100,224640150,362379300,0,55423050,525150850,942953200
2018-05-18,18150.0,18450.0,18100.0,18450.0,23255.0,1.3736263736263736,168911750,0,80357100,175737750,174227050,18400,169505350,81255800,425006600
2018-05-21,18350.0,18650.0,18250.0,18550.0,41807.0,0.5420054200542005,437220300,146400,142631750,191402000,182339000,55650,318024200,270981600,771400450
2018-05-23,18250.0,18600.0,18200.0,18450.0,109125.0,-0.5390835579514826,1577986900,0,176322950,262423700,762075650,0,298485350,956172550,2016733550
2018-05-24,18450.0,18650.0,18200.0,18500.0,41516.0,0.27100271002710025,379287650,54900,217615400,165412850,437604350,0,108499500,216266950,762370800
2018-05-25,18550.0,18600.0,18200.0,18600.0,58828.0,0.5405405405405406,426729000,36400,149163500,508577250,593274900,0,229152200,262079050,1084506150
2018-05-28,18600.0,18700.0,18150.0,18250.0,44306.0,-1.881720430107527,341482550,73000,358868350,112900950,405058650,0,223185350,185080850,813324850
2018-05-29,18200.0,18300.0,18000.0,18150.0,36794.0,-0.547945205479452,233602050,54150,203242550,230898100,286651650,0,198642300,182502900,667796850
2018-05-30,17950.0,18500.0,17900.0,18250.0,84514.0,0.5509641873278237,478475950,0,136941100,907428050,607319350,0,315383150,600142600,1522845100
2018-05-31,18150.0,18200.0,17800.0,17950.0,60753.0,-1.643835616438356,101546500,72200,305650450,681553700,557811200,0,48391300,482620350,1088822850
2018-06-01,17900.0,18200.0,17600.0,18200.0,182180.0,1.392757660167131,476034400,53250,226673000,2542195675,500443700,0,230008100,2514504525,3244956325
2018-06-04,18200.0,18200.0,17750.0,18050.0,65887.0,-0.8241758241758242,429188900,0,459541550,293130600,778967300,35800,262748800,140109150,1181861050
2018-06-05,17900.0,18150.0,17700.0,17700.0,88611.0,-1.9390581717451523,401445700,35600,976406050,199070150,724316500,0,88698450,763942550,1576957500
2018-06-07,17600.0,17750.0,17400.0,17700.0,258920.0,0.0,479588650,69700,848225650,3190732050,1324278600,0,235394400,2958943050,4518616050
2018-06-08,17700.0,17850.0,17450.0,17750.0,105904.0,0.2824858757062147,894054150,0,359663450,613535300,216253300,70800,471356150,1179572650,1867252900
2018-06-11,17750.0,18200.0,17750.0,18150.0,57403.0,2.2535211267605635,442772850,0,169823600,422497300,62100800,0,903305350,69687600,1035093750
2018-06-12,18100.0,18350.0,18100.0,18350.0,41531.0,1.1019283746556474,512070750,0,72516150,174776800,106480050,0,546674300,106209350,759363700
2018-06-14,18200.0,18500.0,17950.0,17950.0,103027.0,-2.17983651226158,1177370450,35900,177539350,521204500,741588700,55500,437318800,697187200,1876150200
2018-06-15,17950.0,18350.0,17800.0,17950.0,52112.0,0.0,680744200,0,124890700,136837200,168733500,416800,170398200,602923600,942472100
2018-06-18,18150.0,18200.0,17900.0,18100.0,64992.0,0.8356545961002786,445618200,0,32490150,694269650,534248950,0,209782900,428346150,1172378000
2018-06-19,17850.0,18050.0,17300.0,17650.0,109295.0,-2.4861878453038675,811280050,0,462634900,650523150,906537450,36000,135064750,882799900,1924438100
2018-06-20,17700.0,17700.0,17400.0,17550.0,44169.0,-0.56657223796034,160570000,0,77863900,536772800,333633050,0,119490750,322082900,775206700
2018-06-21,17450.0,17750.0,17450.0,17500.0,55186.0,-0.2849002849002849,142047200,35150,96412750,729975000,526158800,0,91537100,350774200,968470100
2018-06-22,17400.0,17850.0,17400.0,17600.0,50455.0,0.5714285714285714,133416100,34800,82196450,668561450,326669300,0,81419600,476119900,884208800
2018-06-25,17450.0,18050.0,17400.0,18000.0,49263.0,2.272727272727273,324506900,0,23284550,525548150,337286550,0,156315200,379737850,873339600
2018-06-26,18000.0,18100.0,17650.0,17850.0,42145.0,-0.8333333333333334,262157300,0,51866350,436733350,292496500,35600,113384850,344840050,750757000
2018-06-27,17650.0,17850.0,17650.0,17750.0,31114.0,-0.5602240896358543,84427000,0,57160050,410545350,212090100,0,97638150,242404150,552132400
2018-06-28,17800.0,17900.0,17600.0,17800.0,28248.0,0.28169014084507044,228733950,159300,104685650,167940650,225816650,0,97104950,178597950,501519550
2018-06-29,17800.0,17800.0,17350.0,17500.0,52179.0,-1.6853932584269662,236011500,0,267410950,415865500,401378300,0,76248950,441660700,919287950
2018-07-02,17400.0,17650.0,17150.0,17350.0,85628.0,-0.8571428571428572,177580200,0,82934200,1223585250,1186380150,0,80420700,217298800,1484099650
2018-07-03,17350.0,17700.0,17000.0,17400.0,75723.0,0.2881844380403458,451966600,0,79158900,784841050,817505400,0,281908500,216552650,1315966550
2018-07-04,17150.0,17600.0,17150.0,17350.0,27197.0,-0.28735632183908044,99948600,0,56508300,317019250,210070900,175500,129542100,133687650,473476150
2018-07-05,17300.0,17700.0,17300.0,17500.0,24277.0,0.8645533141210375,151800850,0,27229050,246400700,117515550,0,126989150,180925900,425430600
2018-07-06,17400.0,18000.0,17400.0,18000.0,53333.0,2.857142857142857,569508100,0,109679250,267108900,260824450,124250,406062900,279284650,946296250
2018-07-09,17800.0,18150.0,17750.0,18150.0,43494.0,0.8333333333333334,402563450,0,74272900,304021800,327583150,1203250,230320250,221751500,780858150
2018-07-10,18150.0,18200.0,17750.0,17950.0,45439.0,-1.1019283746556474,313781300,0,184747100,317184700,321751600,0,215913500,278048000,815713100
2018-07-11,17750.0,17950.0,17550.0,17950.0,56114.0,0.0,155890550,0,148563700,690996950,603049050,0,181101300,211300850,995451200
2018-07-12,18100.0,18150.0,17950.0,17950.0,24095.0,0.0,293565050,0,10165100,129653300,321163900,0,53245050,58974500,433383450
2018-07-13,17950.0,18100.0,17900.0,18000.0,18535.0,0.2785515320334262,83298850,0,21319700,229365150,159372200,198550,88070700,86342250,333983700
2018-07-16,17800.0,18200.0,17800.0,18200.0,42260.0,1.1111111111111112,240690550,0,120721850,399919150,166759550,0,373634100,220937900,761331550
2018-07-17,18300.0,18300.0,18000.0,18100.0,10891.0,-0.5494505494505495,88190100,0,38502250,70478900,77729800,0,71590450,47851000,197171250
2018-07-18,17950.0,18100.0,17800.0,17800.0,11726.0,-1.6574585635359116,36720450,142800,32062950,140816550,118045200,0,43520050,48177500,209742750
2018-07-19,17800.0,18000.0,17650.0,17650.0,20138.0,-0.8426966292134831,87500750,0,53694350,217187900,193438400,0,33052700,131891900,358383000
2018-07-20,17700.0,18150.0,17700.0,18000.0,31940.0,1.9830028328611897,162069700,0,12863350,400415450,256230950,430800,173083850,145602900,575348500
2018-07-23,18050.0,18300.0,17850.0,18200.0,42080.0,1.1111111111111112,358815100,71800,9922200,393620500,253732900,0,190653500,318043200,762429600
2018-07-24,18350.0,18400.0,17950.0,18400.0,34381.0,1.098901098901099,416428200,0,33482950,178481750,124658450,18400,351396800,152319250,628392900
2018-07-25,18350.0,18550.0,18100.0,18400.0,69363.0,0.0,467700600,0,117391800,681926150,771909350,166050,272878750,222064400,1267018550
2018-07-26,18600.0,18700.0,18350.0,18450.0,17041.0,0.2717391304347826,144785550,0,21195150,149666400,93364150,0,119832150,102450800,315647100
2018-07-27,18700.0,18700.0,18400.0,18600.0,23999.0,0.8130081300813009,190330100,186500,21778100,233697300,87485550,260400,257252050,100994000,445992000
2018-07-30,18450.0,18600.0,18350.0,18500.0,18532.0,-0.5376344086021506,115995400,257600,45580150,180681300,171786300,0,20159900,150568250,342514450
2018-07-31,18500.0,18600.0,18300.0,18500.0,33363.0,0.0,200341950,0,11238700,406146700,62906350,0,192784750,362036250,617727350
2018-08-01,18500.0,18800.0,18500.0,18650.0,58688.0,0.8108108108108109,653019650,0,24203100,420939800,180174500,0,339089250,578898800,1098162550
2018-08-02,18450.0,18600.0,18300.0,18300.0,16377.0,-1.876675603217158,49205700,36700,70832250,181104350,203621350,0,13351300,84206350,301179000
2018-08-03,18150.0,18800.0,18100.0,18800.0,38581.0,2.73224043715847,186279650,0,65903450,465051850,139133400,18350,423867050,154216150,717234950
2018-08-06,18650.0,18900.0,18300.0,18800.0,66373.0,0.0,489537000,5824200,231182550,506988550,741910150,18800,209507100,282096250,1233532300
2018-08-07,18500.0,18850.0,18350.0,18650.0,28622.0,-0.7978723404255319,306690950,0,158190100,67924700,141973750,18650,134045850,256767500,532805750
2018-08-08,18450.0,18650.0,18300.0,18550.0,37143.0,-0.5361930294906166,294400650,366500,181650850,209472150,429947950,0,119508500,136433700,685890150
2018-08-09,18550.0,18850.0,18450.0,18850.0,26409.0,1.6172506738544474,350308100,2070400,7292250,135337650,187973400,187700,180363000,126484300,495008400
2018-08-10,18800.0,18950.0,18550.0,18850.0,25266.0,0.0,337340700,599900,45597900,92729800,127899100,169650,181624050,166575500,476268300
2018-08-13,18700.0,18950.0,18550.0,18950.0,37375.0,0.5305039787798408,386099600,338500,44603300,273022850,83196400,0,301321100,319546750,704064250
2018-08-14,18900.0,19000.0,18550.0,18650.0,22474.0,-1.58311345646438,214669200,746200,69406300,136838900,78710050,18900,102828150,240103500,421660600
2018-08-16,18650.0,18900.0,18400.0,18550.0,23106.0,-0.5361930294906166,220762950,0,58712950,151551200,186575300,18750,76742550,167690500,431027100
2018-08-17,18500.0,18850.0,18400.0,18450.0,23384.0,-0.5390835579514826,152925950,867150,92486100,187512000,262038800,0,82862200,88890200,433791200
2018-08-20,18500.0,18850.0,18400.0,18700.0,22972.0,1.3550135501355014,294719400,18450,52135850,81955900,156457400,488800,148724950,123158450,428829600
2018-08-21,18550.0,18800.0,18500.0,18600.0,25815.0,-0.53475935828877,76859300,0,40363550,365719500,290662700,0,84890100,107389550,482942350
2018-08-22,18600.0,18950.0,18100.0,18600.0,64899.0,0.0,486506450,182000,374877250,337303550,545497300,869400,384435950,268066600,1198869250
2018-08-23,18550.0,18700.0,18250.0,18250.0,41744.0,-1.881720430107527,283323000,0,237318000,248323600,447253750,18650,105462750,216229450,768964600
2018-08-24,18150.0,18400.0,18050.0,18250.0,21908.0,0.0,149725000,0,91507100,157733350,229970400,18300,71038000,97938750,398965450
2018-08-27,18300.0,18400.0,18100.0,18150.0,23024.0,-0.547945205479452,148146150,18200,111662200,160488850,213983450,0,116503100,89828850,420315400
2018-08-28,18100.0,18500.0,18050.0,18250.0,55567.0,0.5509641873278237,347696400,0,222407400,444655750,382416150,0,224473700,407869700,1014759550
2018-08-29,18250.0,18550.0,18100.0,18200.0,41906.0,-0.273972602739726,311337950,455000,127253550,327039100,461081450,0,93172800,211831350,766085600
2018-08-30,18200.0,18250.0,17850.0,18050.0,52450.0,-0.8241758241758242,276126000,18050,307794500,360950700,563252250,0,148537300,233099700,944889250
2018-08-31,18100.0,18300.0,18000.0,18200.0,42028.0,0.8310249307479225,188507350,0,26442200,549383178,271005600,0,104264450,389062678,764332728
2018-09-03,17950.0,18300.0,17600.0,17750.0,84613.0,-2.4725274725274726,297577350,180000,757907600,449130350,1281997000,0,33829400,188968900,1504795300
2018-09-04,17650.0,17700.0,17400.0,17550.0,49652.0,-1.1267605633802817,179204100,0,475608000,214584250,688286000,0,61228800,119881550,869396350
2018-09-05,17550.0,17700.0,17450.0,17600.0,34384.0,0.2849002849002849,94948200,0,149967350,358941850,339845750,0,217436250,46575400,603857400
2018-09-06,17450.0,17700.0,17300.0,17400.0,56537.0,-1.1363636363636365,165072150,401550,407568400,413167800,891377750,0,60664150,34168000,986209900
2018-09-07,17550.0,17550.0,17350.0,17550.0,52142.0,0.8620689655172413,524099200,0,202942000,182914450,660080950,0,183615000,66259700,909955650
2018-09-10,17350.0,17550.0,17300.0,17300.0,56886.0,-1.4245014245014245,227080600,695500,422247000,338473000,837675750,0,77253100,73567250,988496100
2018-09-11,17250.0,17450.0,17250.0,17250.0,26171.0,-0.2890173410404624,138604400,0,148524650,166067150,354391900,0,69808850,28995450,453196200
2018-09-12,17150.0,17450.0,17150.0,17400.0,53605.0,0.8695652173913043,460505850,602200,215052800,249358450,621058000,0,190597600,113863700,925519300
2018-09-13,17500.0,17700.0,17400.0,17500.0,50534.0,0.5747126436781609,622962500,0,39306200,224880100,507779500,52950,194080550,185235800,887148800
2018-09-14,17500.0,17850.0,17500.0,17850.0,33492.0,2.0,280289200,0,48525200,265141400,142748850,0,327459800,123747150,593955800
2018-09-17,17650.0,17950.0,17600.0,17900.0,33954.0,0.2801120448179272,456607450,0,42811950,103978050,229958550,35700,192939350,180463850,603397450
2018-09-18,17650.0,17900.0,17650.0,17900.0,67322.0,0.0,484204750,0,161311200,549871800,753633600,0,297663700,144090450,1195387750
2018-09-19,17700.0,18200.0,17700.0,17950.0,102767.0,0.27932960893854747,1141847600,0,237271200,475782900,394111400,0,404764350,1056025950,1854901700
2018-09-20,17900.0,18100.0,17700.0,17800.0,54659.0,-0.8356545961002786,429984300,0,262258400,282856400,510413800,72400,129655600,334957300,975099100
2018-09-21,18150.0,18200.0,17900.0,18100.0,116434.0,1.6853932584269662,1176172000,0,42970050,888173700,188262000,452600,344535050,1574066100,2107315750
2018-09-27,17850.0,18250.0,17850.0,18000.0,89772.0,-0.5524861878453038,352636250,0,167362050,1108505075,234931300,145600,135756800,1257669675,1628503375
2018-09-28,18200.0,18250.0,18000.0,18000.0,74935.0,0.0,623547650,0,128643800,606401050,283587350,0,98479300,976525850,1358592500
2018-10-01,17900.0,18100.0,17650.0,17700.0,29489.0,-1.6666666666666667,55749450,0,331901050,136881100,280590950,0,47492400,196448250,524531600
2018-10-02,17650.0,18100.0,17650.0,17950.0,38572.0,1.4124293785310735,423406600,5330300,47865150,217063900,131480350,0,381912800,180272800,693665950
2018-10-04,18150.0,18200.0,17800.0,17850.0,36502.0,-0.5571030640668524,265587900,13157350,42175150,334686650,158901900,288400,190854650,305562100,655607050
2018-10-05,18000.0,18100.0,17500.0,18000.0,67114.0,0.8403361344537815,512121150,0,186935350,490898500,690056300,0,179816250,320082450,1189955000
2018-10-08,18000.0,18100.0,17950.0,18100.0,23388.0,0.5555555555555556,324757700,0,10927150,85965150,195283850,0,119144250,107221900,421650000
2018-10-10,18100.0,18300.0,17900.0,18100.0,74404.0,0.0,874885950,0,31756000,443814050,162640350,0,308603600,879212050,1350456000
2018-10-11,17700.0,18200.0,17250.0,17500.0,72214.0,-3.314917127071823,534190850,0,222739850,509883050,816180550,53700,136643950,313935550,1266813750
2018-10-12,17700.0,17700.0,17050.0,17100.0,54237.0,-2.2857142857142856,353770250,361850,504364700,73220850,276218000,0,247700700,407798950,931717650
2018-10-15,17200.0,17250.0,16750.0,17250.0,46949.0,0.8771929824561403,410234850,0,184560500,203993450,346676350,0,186782550,265329900,798788800
2018-10-16,17300.0,17400.0,17000.0,17200.0,24955.0,-0.2898550724637681,305845000,0,32807400,92138800,160123700,0,129212050,141455450,430791200
2018-10-17,17400.0,17600.0,17300.0,17450.0,18397.0,1.4534883720930232,172176850,0,35600150,112778300,146996000,139200,107496000,65924100,320555300
2018-10-18,17300.0,17450.0,17100.0,17400.0,19288.0,-0.28653295128939826,176145700,0,75362050,81968900,148023750,0,62529250,122923650,333476650
2018-10-19,17450.0,17450.0,16850.0,17100.0,85516.0,-1.7241379310344827,396146550,0,385990800,673381750,994785150,51000,102782450,357900500,1455519100
2018-10-22,17100.0,17450.0,16850.0,17350.0,28245.0,1.461988304093567,219773000,0,73802200,190483900,119813650,34000,260985000,103226450,484059100
2018-10-23,17200.0,17350.0,16800.0,16850.0,37926.0,-2.881844380403458,169487550,0,373152900,98986000,341231450,17050,81290550,219087400,641626450
2018-10-24,17100.0,17550.0,16950.0,17550.0,50803.0,4.154302670623145,466592400,0,28824700,380517800,326049950,0,361497200,188387750,875934900
2018-10-25,17600.0,18000.0,17450.0,17700.0,110822.0,0.8547008547008548,1104474450,0,71364050,787407600,311805850,35200,661400100,990004950,1963246100
2018-10-26,17400.0,18000.0,17400.0,17850.0,67032.0,0.847457627118644,887788500,0,49094350,255780750,657675300,53100,195577350,339357850,1192663600
2018-10-29,18100.0,18100.0,17400.0,17700.0,58693.0,-0.8403361344537815,683045450,0,97539900,259452050,506549500,35400,170885050,362567450,1040037400
2018-10-30,18050.0,18050.0,17000.0,17000.0,98407.0,-3.954802259887006,995922450,141600,147670250,570370050,971667000,0,261272500,481164850,1714104350
2018-10-31,16800.0,17350.0,16350.0,16900.0,114324.0,-0.5882352941176471,738612700,0,351586650,843642150,528977100,83250,213489350,1191291800,1933841500
2018-11-01,16750.0,17200.0,16550.0,16750.0,59477.0,-0.8875739644970414,367433900,135500,169714450,463039200,732868850,270800,135460000,131723400,1000323050
2018-11-02,16650.0,16950.0,16600.0,16700.0,42383.0,-0.2985074626865672,87992500,10020000,393124450,217573200,434084600,67000,117670550,156888000,708710150
2018-11-05,16650.0,16700.0,15950.0,16150.0,77531.0,-3.293413173652695,271677800,49500,678676950,304227200,667986800,0,105035800,481608850,1254631450
2018-11-06,16250.0,16450.0,16050.0,16400.0,59572.0,1.5479876160990713,337743400,0,159983850,471909800,585828000,65200,262089600,121654250,969637050
2018-11-07,16350.0,16500.0,15350.0,15400.0,148118.0,-6.097560975609756,249470800,847000,1059417550,1034663100,1865608950,0,248169350,230620150,2344398450
2018-11-08,15650.0,16200.0,15650.0,15750.0,114824.0,2.272727272727273,796414650,0,224755400,802508900,1313224500,142650,390553300,119758500,1823678950
2018-11-09,15750.0,16150.0,15750.0,15800.0,61897.0,0.31746031746031744,502358800,0,94607300,391935850,560679800,47700,178888000,249286450,988901950
2018-11-12,16000.0,16200.0,15900.0,16200.0,33970.0,2.5316455696202533,331480250,0,33267750,180205100,209687900,16050,152160950,183088200,544953100
2018-11-13,16150.0,16300.0,15800.0,16100.0,47381.0,-0.6172839506172839,437859150,0,108685000,216686200,340562250,880000,173759300,248028800,763230350
2018-11-14,15950.0,16300.0,15950.0,16300.0,28960.0,1.2422360248447204,310155350,0,14250650,145483900,300626800,0,82307850,86955250,469889900
2018-11-15,16100.0,16450.0,16000.0,16400.0,27913.0,0.6134969325153374,252273400,0,50118200,152427900,78832650,0,175636200,200350650,454819500
2018-11-16,16300.0,16750.0,16100.0,16600.0,38140.0,1.2195121951219512,340880900,0,60251200,228636500,149481850,0,281683000,198603750,629768600
2018-11-19,16400.0,16800.0,16400.0,16600.0,35674.0,0.0,314428700,0,79024600,196743550,333241650,0,104423650,152531550,590196850
2018-11-20,16750.0,16850.0,16300.0,16650.0,44544.0,0.30120481927710846,339122800,0,62772300,338163450,446584000,0,155309100,138165450,740058550
2018-11-21,16700.0,16700.0,16400.0,16550.0,34079.0,-0.6006006006006006,191737800,877150,44643950,325769750,253204850,0,49722600,260101200,563028650
2018-11-22,16550.0,16600.0,16100.0,16300.0,26585.0,-1.5105740181268883,131543000,0,79757800,221054100,92432300,0,42474600,297448000,432354900
2018-11-23,16250.0,16500.0,15800.0,16400.0,58355.0,0.6134969325153374,452387950,0,173578350,318143450,184699150,0,271513350,487897250,944109750
2018-11-26,16500.0,16750.0,16150.0,16750.0,37410.0,2.1341463414634148,214937150,0,45032100,361256350,129120250,50824500,223951650,217329200,621225600
2018-11-27,16550.0,16650.0,16350.0,16550.0,29295.0,-1.1940298507462688,202109050,0,131967950,149055900,193748400,57942000,69470000,161972500,483132900
2018-11-28,16700.0,16700.0,16300.0,16650.0,26069.0,0.6042296072507553,167793150,0,48749650,215309000,92085550,0,201597000,138169250,431851800
2018-11-29,16700.0,16850.0,16650.0,16850.0,23652.0,1.2012012012012012,187956350,0,19985700,189082550,166060900,0,158963300,72000400,397024600
2018-11-30,16850.0,16950.0,16650.0,16900.0,48432.0,0.2967359050445104,225292050,0,62546900,527439000,268855050,0,147153500,399269400,815277950
2018-12-03,17000.0,17200.0,16750.0,17050.0,36044.0,0.8875739644970414,384725200,0,20470500,209807350,269047250,0,110084250,235871550,615003050
2018-12-04,17000.0,17150.0,16650.0,16800.0,48250.0,-1.466275659824047,151755450,0,151014150,509079450,326435950,0,31559050,453854050,811849050
2018-12-05,16800.0,17050.0,16450.0,16450.0,51065.0,-2.083333333333333,275764250,0,133430250,438042600,349452950,0,80002850,417781300,847237100
2018-12-06,16600.0,16900.0,16450.0,16800.0,54167.0,2.127659574468085,302607350,0,36374000,567376550,139518850,0,161525300,605313750,906357900
2018-12-07,16850.0,17000.0,16400.0,16550.0,49489.0,-1.488095238095238,194152900,0,154363200,471146650,258230650,0,68114450,493317650,819662750
2018-12-10,16000.0,16750.0,15850.0,16150.0,93923.0,-2.416918429003021,403716000,0,285981200,825557900,1232462950,0,119217400,163574750,1515255100
2018-12-11,15900.0,16200.0,15850.0,16050.0,32370.0,-0.6191950464396285,316508700,0,127881800,74478300,270421700,0,91072550,157374550,518868800
2018-12-12,16300.0,16650.0,16000.0,16600.0,34971.0,3.4267912772585665,339484900,0,10663550,222360950,112304600,0,218951900,241252900,572509400
2018-12-13,16450.0,16850.0,16200.0,16600.0,77396.0,0.0,764758800,0,51500350,469683150,871421900,0,222730450,191789950,1285942300
2018-12-14,16550.0,17100.0,16500.0,17000.0,37896.0,2.4096385542168677,449699350,0,6373400,185508150,210470200,10110000,322068950,98931750,641580900
2018-12-17,17200.0,17500.0,16950.0,17050.0,44716.0,0.29411764705882354,473378200,0,58468900,232718950,468370400,0,105609200,190586450,764566050
2018-12-18,17350.0,17500.0,17050.0,17500.0,40035.0,2.6392961876832843,405839550,0,16610250,269843400,215027400,0,158877800,318388000,692293200
2018-12-19,17500.0,17700.0,17150.0,17550.0,54359.0,0.2857142857142857,460178900,0,27952450,465930600,455470850,244300,254470800,243876000,954061950
2018-12-20,17700.0,17700.0,17150.0,17400.0,25917.0,-0.8547008547008548,292175950,0,29751650,131431550,152888100,0,185985900,114485150,453359150
2018-12-21,17800.0,17800.0,17250.0,17300.0,31050.0,-0.5747126436781609,357025950,0,47616200,135555300,441656500,0,47174500,51366450,540197450
2018-12-24,17200.0,17650.0,17000.0,17200.0,37967.0,-0.5780346820809248,259613350,0,125925550,267237600,453291900,0,43013150,156471450,652776500
2018-12-26,17150.0,17250.0,16950.0,16950.0,27070.0,-1.4534883720930232,378296000,0,42737150,39358350,312713300,271200,66913350,80493650,460391500
2018-12-27,16600.0,17350.0,16250.0,16500.0,56052.0,-2.6548672566371683,342137350,0,264943650,327028350,579304800,0,182618400,172186150,934109350
2018-12-28,16500.0,16850.0,16450.0,16600.0,47231.0,0.6060606060606061,66342950,0,53650700,664723950,541925550,0,108001650,134790400,784717600
2019-01-02,16600.0,17100.0,16550.0,16850.0,43918.0,1.5060240963855422,246974850,0,39880050,450746900,390433150,0,73844300,273324350,737601800
2019-01-03,17050.0,17100.0,16650.0,16700.0,48811.0,-0.8902077151335311,234074300,0,43412250,545210350,285794100,0,61069050,475833750,822696900
2019-01-04,17150.0,17150.0,16500.0,16750.0,50386.0,0.29940119760479045,457324850,0,25356950,366888700,415169050,0,21217750,413183700,849570500
2019-01-07,17150.0,17150.0,16600.0,16600.0,50837.0,-0.8955223880597015,284878950,0,71727000,497766843,287995250,0,31828800,534548743,854372793
2019-01-08,16600.0,16950.0,16500.0,16700.0,45472.0,0.6024096385542169,343983900,0,32201050,387997850,269044750,0,154598750,340539300,764182800
2019-01-09,16500.0,16700.0,16300.0,16300.0,75966.0,-2.3952095808383236,226827900,0,385012750,636851950,823349600,0,33451500,391891500,1248692600
2019-01-10,16300.0,16300.0,15800.0,15900.0,95855.0,-2.4539877300613497,159221200,159000,709316450,665715800,825213400,0,119081900,590117150,1534412450
2019-01-11,15900.0,16150.0,15800.0,16000.0,101004.0,0.628930817610063,452755250,0,191467850,971701450,768563450,0,80165000,767196100,1615924550
2019-01-14,15950.0,16150.0,15600.0,15600.0,54456.0,-2.5,229715250,0,442450450,181749750,625976000,0,36114300,191825150,853915450
2019-01-15,15650.0,15800.0,15500.0,15550.0,134424.0,-0.3205128205128205,519766850,0,1043390250,533132700,1121614250,0,208002250,766673300,2096289800
2019-01-16,15600.0,15700.0,15450.0,15650.0,74199.0,0.6430868167202572,150938800,0,487993700,518258250,616803800,0,342615600,197771350,1157190750
2019-01-17,15550.0,16050.0,15550.0,16000.0,101708.0,2.2364217252396164,297745750,0,328116000,988037400,557747800,0,673777150,382374200,1613899150
2019-01-18,15850.0,16200.0,15850.0,16150.0,107916.0,0.9375,702612600,0,317690250,707361000,389669450,0,331263350,1006731050,1727663850
2019-01-21,16200.0,16200.0,15650.0,15700.0,77540.0,-2.786377708978328,203791050,0,855818150,163448400,989985700,0,91716300,141355600,1223057600
2019-01-22,15800.0,16000.0,15700.0,15850.0,46355.0,0.9554140127388535,388463800,0,164059900,184118800,247824500,0,402638650,86179350,736642500
2019-01-23,15800.0,16000.0,15750.0,16000.0,56429.0,0.9463722397476341,634271650,0,127039600,136120100,339898750,0,279018100,278514500,897431350
2019-01-24,15900.0,16050.0,15700.0,15850.0,85424.0,-0.9375,796132850,0,389473450,170721000,559113750,0,257386900,539826650,1356327300
2019-01-25,15800.0,16150.0,15750.0,15950.0,38216.0,0.6309148264984227,319604600,0,81189100,210195350,236072450,160500,212384650,162371450,610989050
2019-01-28,15950.0,16200.0,15800.0,16100.0,66644.0,0.9404388714733543,640760500,0,254150250,171115850,408108200,0,291182100,366736300,1066026600
2019-01-29,16000.0,16250.0,15800.0,16200.0,84562.0,0.6211180124223602,645296650,0,355317200,350836250,664262200,206700,329718350,357262850,1351450100
2019-01-30,16350.0,16350.0,15850.0,15950.0,107408.0,-1.5432098765432098,507528300,0,712717650,496976950,680353400,0,348771400,688098100,1717222900
2019-01-31,16000.0,16100.0,15850.0,16100.0,80435.0,0.9404388714733543,589701850,0,115330250,583381100,333165150,0,524738450,430509600,1288413200
2019-02-01,16050.0,16150.0,15900.0,16000.0,43440.0,-0.6211180124223602,374764250,0,142561500,179637850,235614950,0,194098300,267250350,696963600
2019-02-07,16000.0,16000.0,15700.0,16000.0,45607.0,0.0,219495600,0,344052550,161272500,280970650,0,100022700,343827300,724820650
2019-02-08,15900.0,16000.0,15850.0,15900.0,31710.0,-0.625,297372800,0,116063900,90414100,260007450,0,87558400,156284950,503850800
2019-02-11,16000.0,16000.0,15600.0,15650.0,77557.0,-1.5723270440251573,326629600,63200,505895300,391124425,748162350,0,59880400,415669775,1223712525
2019-02-12,15750.0,16050.0,15700.0,15900.0,85626.0,1.5974440894568689,1024839050,0,70789250,266259750,335696550,0,585064550,441126950,1361888050
2019-02-13,15900.0,16050.0,15800.0,15950.0,106458.0,0.3144654088050315,770944500,0,404491300,521002133,223048250,0,135442350,1337947333,1696437933
2019-02-14,15850.0,16150.0,15750.0,16150.0,90930.0,1.2539184952978055,479889650,0,231492400,737649675,345716800,47850,446717950,656549125,1449031725
2019-02-15,16050.0,16050.0,15850.0,16050.0,45022.0,-0.6191950464396285,187429150,0,296721300,234287700,321222350,16050,165869400,231330350,718438150
2019-02-18,16050.0,16100.0,15950.0,16050.0,41750.0,0.0,173796050,31900,245914200,248779350,237876000,0,110004300,320641200,668521500
2019-02-19,16050.0,16100.0,15900.0,16050.0,62496.0,0.0,246539450,20047850,284939450,447493300,606388400,0,162305500,230326150,999020050
2019-02-20,15950.0,16200.0,15900.0,15900.0,103709.0,-0.9345794392523363,164393050,0,427957100,1067919900,203147650,0,224630150,1232492250,1660270050
2019-02-21,15900.0,16200.0,15900.0,16100.0,80472.0,1.257861635220126,371831350,0,159929000,760836000,200426250,0,688693050,403477050,1292596350
2019-02-22,16150.0,16300.0,16050.0,16150.0,74111.0,0.3105590062111801,221228300,0,224071950,753587750,167071300,16250,594893100,436907350,1198888000
2019-02-25,16250.0,16400.0,16200.0,16200.0,39810.0,0.30959752321981426,192976800,9993750,128406500,315779450,79725100,0,301101450,266329950,647156500
2019-02-26,16100.0,16250.0,16100.0,16150.0,28644.0,-0.30864197530864196,96215750,0,123883500,243779600,125900950,0,84845650,253132250,463878850
2019-02-27,16250.0,16500.0,16000.0,16500.0,93160.0,2.1671826625387,503724300,49350,448320150,570113700,164926650,0,953640750,403640100,1522207500
2019-02-28,16550.0,16600.0,16200.0,16300.0,107317.0,-1.2121212121212122,332092700,0,126667450,1301752100,98672800,0,432661400,1229178050,1760512250
2019-03-04,16250.0,16600.0,16150.0,16200.0,68291.0,-0.6134969325153374,258853650,0,85284050,770136038,235406150,0,175530200,703337388,1114273738
2019-03-05,16200.0,16500.0,16050.0,16400.0,86807.0,1.2345679012345678,661401700,0,90709750,672013250,340615600,0,322458000,761051100,1424124700
2019-03-06,16550.0,16550.0,16300.0,16500.0,33661.0,0.6097560975609756,240963050,0,68000100,244466150,247694900,0,127074250,178660150,553429300
2019-03-07,16500.0,16500.0,16150.0,16300.0,42821.0,-1.2121212121212122,302116650,16250,166807200,226717650,352675100,0,79641600,263341050,695657750
2019-03-08,16300.0,16300.0,15950.0,16000.0,35996.0,-1.8404907975460123,262258600,32000,171256500,145149450,358511200,0,89143200,131042150,578696550
2019-03-11,15900.0,16200.0,15850.0,16200.0,46518.0,1.25,430954450,0,90286250,227637900,208212200,0,151561200,389105200,748878600
2019-03-12,16350.0,16350.0,16150.0,16350.0,26889.0,0.9259259259259258,260288200,64600,34792400,141768900,197328600,0,82095800,157489700,436914100
2019-03-13,16350.0,16400.0,16150.0,16350.0,37338.0,0.0,413525650,0,30247750,165888850,307353500,0,143153800,159154950,609662250
2019-03-14,16450.0,16550.0,16300.0,16550.0,108462.0,1.2232415902140672,1059598200,0,41199050,683749200,1060881150,0,508968600,214696700,1784546450
2019-03-15,16550.0,16800.0,16500.0,16650.0,98616.0,0.6042296072507553,701454850,0,183986200,757316850,281002600,0,423717450,938037850,1642757900
2019-03-18,16700.0,16800.0,16400.0,16800.0,65224.0,0.9009009009009009,886793850,66200,79737050,123863300,446871700,0,538672100,104916600,1090460400
2019-03-19,16700.0,16850.0,16450.0,16750.0,44305.0,-0.2976190476190476,577589050,0,52844850,111977700,208630700,0,328683750,205097150,742411600
2019-03-20,16500.0,17000.0,16450.0,17000.0,56662.0,1.4925373134328357,570372500,0,92188700,286640950,485193700,0,242229650,221778800,949202150
2019-03-21,16700.0,17000.0,16300.0,16400.0,73293.0,-3.5294117647058822,537169900,0,455427450,216640250,717781250,0,60531550,430924800,1209237600
2019-03-22,16250.0,16350.0,16050.0,16050.0,46575.0,-2.1341463414634148,232066700,32100,259262500,260271800,527589300,0,92307850,131735950,751633100
2019-03-25,15850.0,16050.0,15700.0,15800.0,70582.0,-1.557632398753894,387900450,4992600,334746100,387553700,682110450,0,66329650,366752750,1115192850
2019-03-26,15850.0,16100.0,15700.0,15950.0,67942.0,0.949367088607595,413571250,0,271529400,394805150,699246200,32000,140749100,239878500,1079905800
2019-03-27,15900.0,16000.0,15700.0,15800.0,47794.0,-0.9404388714733543,237494800,15700,255957200,261663650,468253050,0,165739250,121139050,755131350
2019-03-28,15700.0,15800.0,15500.0,15500.0,53232.0,-1.89873417721519,140005600,9999600,329017900,352487150,218793750,0,160207600,452508900,831510250
2019-03-29,15750.0,16150.0,15550.0,15550.0,58626.0,0.3225806451612903,258352400,15600,240321000,425351250,438868650,0,284772800,200398800,924040250
2019-04-01,15650.0,16000.0,15600.0,15900.0,31161.0,2.2508038585209005,193545450,1701300,60205150,238973850,147334450,0,203172350,143918950,494425750
2019-04-02,15800.0,16100.0,15700.0,15950.0,48579.0,0.3144654088050315,499523200,0,96986150,179169800,327511900,0,340938800,107228450,775679150
2019-04-03,15800.0,16350.0,15800.0,16300.0,55514.0,2.19435736677116,510399550,0,94579550,291175350,400712500,0,311421650,184020300,896154450
2019-04-04,16200.0,16700.0,16150.0,16600.0,57137.0,1.8404907975460123,735159450,0,110099600,101152500,229127700,5264000,570288850,141731000,946411550
2019-04-05,16600.0,16700.0,16300.0,16300.0,34732.0,-1.8072289156626504,183344400,97800,154287050,231872650,189625000,0,80159350,299817550,569601900
2019-04-08,16300.0,16550.0,16200.0,16400.0,31686.0,0.6134969325153374,350971900,81250,57456950,111887650,336644950,0,114182250,69570550,520397750
2019-04-09,16400.0,17000.0,16300.0,16650.0,99489.0,1.524390243902439,1185253200,0,79930950,402842200,615081700,0,461719950,591224700,1668026350
2019-04-10,16650.0,16900.0,16550.0,16650.0,74516.0,0.0,585273250,16833300,176427550,466424700,532313000,0,129902750,582743050,1244958800
2019-04-11,16600.0,16950.0,16600.0,16850.0,54503.0,1.2012012012012012,587292200,33550000,69180300,226508200,647872550,0,125987250,142670900,916530700
2019-04-12,16800.0,16800.0,16450.0,16500.0,51596.0,-2.0771513353115725,459384250,66516400,129689000,202942250,218082600,0,257956250,382493050,858531900
2019-04-15,16400.0,16700.0,16400.0,16600.0,36606.0,0.6060606060606061,249541000,16849800,93171950,248719350,236028650,249750,121188850,250814850,608282100
2019-04-16,16450.0,16750.0,16450.0,16550.0,23369.0,-0.30120481927710846,97001700,32900,92840000,197803400,168733650,0,65066050,153878300,387678000
2019-04-17,16600.0,16800.0,16450.0,16650.0,26403.0,0.6042296072507553,155605500,0,87428250,197241250,188315250,0,43526050,208433700,440275000
2019-04-18,16900.0,16950.0,16450.0,16500.0,55989.0,-0.9009009009009009,228579000,0,189329550,516087100,313933600,0,264304150,355757900,933995650
2019-04-19,16500.0,17000.0,16500.0,16950.0,114344.0,2.727272727272727,1402957200,0,336601100,192233250,528216450,0,889871200,513703900,1931791550
2019-04-22,16950.0,17000.0,16600.0,16850.0,42666.0,-0.5899705014749262,360125800,167500,206415750,151442200,207769750,0,164363300,346018200,718151250
2019-04-23,16850.0,16950.0,16650.0,16850.0,21465.0,0.0,138177100,99900,56645850,165934400,116199400,0,139720500,104937350,360857250
2019-04-24,17000.0,17000.0,16500.0,16550.0,49602.0,-1.7804154302670623,145901800,0,225258400,454122450,467030650,0,195713750,162538250,825282650
2019-04-25,16600.0,17200.0,16600.0,17150.0,90149.0,3.625377643504532,788930850,0,140551300,607012800,410490950,51300,742300850,383651850,1536494950
2019-04-26,17150.0,17200.0,16650.0,16650.0,59878.0,-2.9154518950437316,463351150,34100,286641550,259243400,530679150,0,182007100,296583950,1009270200
2019-04-29,16750.0,17250.0,16700.0,17250.0,46486.0,3.6036036036036037,538943000,0,83044200,174815400,226107100,0,411546100,159149400,796802600
2019-04-30,17250.0,17300.0,16900.0,17050.0,46475.0,-1.1594202898550725,563929300,120050,178073550,53698050,415425050,0,72050050,308345850,795820950
2019-05-02,16750.0,17250.0,16550.0,17150.0,65449.0,0.5865102639296188,625971650,50100,208168450,275265050,444922350,17000,242282750,422233150,1109455250
2019-05-03,16900.0,17100.0,16700.0,17050.0,38312.0,-0.5830903790087464,235790300,0,162351650,250525800,345957400,102000,75336250,227272100,648667750
2019-05-07,16750.0,17100.0,16500.0,16950.0,62095.0,-0.5865102639296188,376731900,33200,136822950,531799800,536898450,58189250,206357250,243942900,1045387850
2019-05-08,16650.0,17300.0,16500.0,17150.0,68214.0,1.1799410029498525,641527500,0,102014750,419247050,256718850,16800,378773900,527279750,1162789300
2019-05-09,16900.0,17450.0,16650.0,16650.0,134379.0,-2.9154518950437316,984351450,0,234862250,1080529450,881242550,34400,421506100,996960100,2299743150
2019-05-10,16850.0,17200.0,16450.0,16700.0,152083.0,0.3003003003003003,520426400,0,392927100,1619014975,1624697550,16550,96796850,810857525,2532368475
2019-05-13,16400.0,16550.0,16050.0,16450.0,85356.0,-1.4970059880239521,534140550,0,379779450,481857000,930157650,0,247806400,217812950,1395777000
2019-05-14,16550.0,16700.0,16150.0,16500.0,95874.0,0.303951367781155,484993550,0,170555550,919780124,807473150,33300,234831850,532990924,1575329224
2019-05-15,16450.0,16800.0,16150.0,16800.0,51772.0,1.8181818181818181,374319500,0,86457800,397151950,176000300,32600,291925150,389971200,857929250
2019-05-16,16550.0,17000.0,16500.0,16850.0,43796.0,0.2976190476190476,335826200,0,110445350,289301900,202302300,33700,205357250,327880200,735573450
2019-05-17,16800.0,16950.0,16550.0,16700.0,37721.0,-0.8902077151335311,343545100,33100,138549300,147183500,176321650,0,83441700,369547650,629311000
2019-05-20,16550.0,16900.0,16500.0,16700.0,19233.0,0.0,206998550,20095600,24672450,69381050,117825850,0,50264200,153057600,321147650
2019-05-21,16500.0,16950.0,16500.0,16600.0,39327.0,-0.5988023952095809,550670750,0,39632250,68245950,250956050,0,65862550,341730350,658548950
2019-05-22,16500.0,16850.0,16400.0,16800.0,41278.0,1.2048192771084338,440949150,0,30632100,214762150,228361000,0,31211650,426770750,686343400
2019-05-23,16750.0,17000.0,16600.0,16850.0,96061.0,0.2976190476190476,861707050,0,19107400,735577850,179263800,33600,120509350,1316585550,1616392300
2019-05-24,16800.0,17000.0,16650.0,16900.0,48176.0,0.2967359050445104,326269050,1008000,27919950,453911050,412249050,101400,93835150,302922450,809108050
2019-05-27,16650.0,17100.0,16650.0,17000.0,34661.0,0.591715976331361,209754550,0,167432750,209248250,170031200,25417600,258933350,132053400,586435550
2019-05-28,16850.0,17350.0,16850.0,16900.0,92746.0,-0.5882352941176471,405666300,17200,154857550,1020309350,107476900,85657600,233519250,1154196650,1580850400
2019-05-29,16900.0,17150.0,16450.0,16600.0,54239.0,-1.7751479289940828,447006300,16900,166390900,289048000,454988150,25187100,66510800,355776050,902462100
2019-05-30,16450.0,16750.0,16400.0,16550.0,33526.0,-0.30120481927710846,304843750,0,106497800,143176850,349727650,0,88866700,115924050,554518400
2019-05-31,16550.0,16550.0,16100.0,16150.0,44464.0,-2.416918429003021,309822100,0,217652250,194598750,469712800,0,35630100,216730200,722073100
2019-06-03,16000.0,16700.0,16000.0,16700.0,88217.0,3.4055727554179565,880994450,0,59858750,500861550,841010100,32400,357687050,242985200,1441714750
2019-06-04,16650.0,16850.0,16550.0,16650.0,33371.0,-0.29940119760479045,453137000,0,25448450,79648950,281850500,33700,59202550,217147650,558234400
2019-06-05,16650.0,16750.0,16450.0,16600.0,42302.0,-0.3003003003003003,453649450,0,116277750,130861650,395988650,0,110938300,193861900,700788850
2019-06-07,16600.0,16700.0,16400.0,16450.0,63612.0,-0.9036144578313252,647736400,0,163054900,241707200,381001300,33300,187189250,484274650,1052498500
2019-06-10,16500.0,16900.0,16450.0,16800.0,39557.0,2.127659574468085,475505400,0,36500600,150568950,179441050,33500,334638100,148462300,662574950
2019-06-11,16700.0,17250.0,16650.0,17100.0,54270.0,1.7857142857142856,658516800,0,35693950,232568700,182832750,0,671496650,72450050,926779450
2019-06-12,17100.0,17250.0,16850.0,16850.0,40217.0,-1.461988304093567,399281050,0,66062750,218621050,359598000,34500,106177950,218154400,683964850
2019-06-13,16850.0,17450.0,16650.0,17450.0,93269.0,3.5608308605341246,1191785600,0,63007850,339444800,692865400,34900,343650400,557687550,1594238250
2019-06-14,17300.0,17300.0,16700.0,16800.0,55019.0,-3.7249283667621778,231912450,0,507550550,188509150,361584050,33800,38127800,528226500,927972150
2019-06-17,16650.0,16950.0,16650.0,16800.0,19552.0,0.0,192910500,0,34488400,101036050,109878500,16850,57617950,160921650,328434950
2019-06-18,16650.0,16850.0,16650.0,16750.0,17236.0,-0.2976190476190476,191486000,0,46679000,50609550,95499900,0,50444050,142830600,288774550
2019-06-19,16750.0,16900.0,16650.0,16800.0,20497.0,0.2985074626865672,134392400,83500,37678100,172474100,92668900,0,68481750,183477450,344628100
2019-06-20,16900.0,17150.0,16700.0,17050.0,39779.0,1.488095238095238,378083650,9889000,179891550,108830350,126726750,456300,437979250,111532250,676694550
2019-06-21,16950.0,17050.0,16700.0,16900.0,39178.0,-0.8797653958944283,241862000,0,181775050,236683650,502212900,0,26138150,131969650,660320700
2019-06-24,17000.0,17150.0,16800.0,17100.0,31220.0,1.183431952662722,336022550,119700,28007650,167627200,153370900,1136500,242980600,134289100,531777100
2019-06-25,17100.0,17200.0,17000.0,17050.0,25766.0,-0.29239766081871343,293318250,0,34486600,113270500,209380400,9947000,125019800,96728150,441075350
2019-06-26,17000.0,17300.0,16850.0,16950.0,25752.0,-0.5865102639296188,237985100,0,39546950,163098800,265925850,0,71629950,103075050,440630850
2019-06-27,16900.0,17400.0,16900.0,17350.0,42933.0,2.359882005899705,592146200,0,37468250,112688900,309179600,0,355012050,78111700,742303350
2019-06-28,17200.0,17400.0,17150.0,17150.0,20307.0,-1.1527377521613833,186894200,0,85290250,77126750,233761100,0,27074500,88475600,349311200
2019-07-01,17450.0,17450.0,17000.0,17000.0,15797.0,-0.8746355685131195,191426750,0,28164800,51060800,159621800,0,22344750,88685800,270652350
2019-07-02,16850.0,17000.0,16750.0,16750.0,18961.0,-1.4705882352941175,108969650,0,98227350,112280250,182992500,1752400,20016450,114715900,319477250
2019-07-03,16650.0,16950.0,16650.0,16700.0,22828.0,-0.2985074626865672,111742200,0,135498350,134680850,129037350,167000,101874000,150843050,381921400
2019-07-04,16850.0,16850.0,16500.0,16750.0,42864.0,0.29940119760479045,421061700,0,182747300,108832050,365158350,0,61180600,286302100,712641050
2019-07-05,16900.0,16950.0,16650.0,16900.0,21189.0,0.8955223880597015,252849150,0,11866300,93083700,51643700,0,87457750,218697700,357799150
2019-07-08,16900.0,16950.0,16300.0,16450.0,36646.0,-2.6627218934911245,163700800,0,197590100,244201550,408072300,0,25961600,171458550,605492450
2019-07-09,16350.0,16550.0,15200.0,15400.0,122410.0,-6.382978723404255,264432250,107800,680621650,974719770,1238473600,0,175340100,506067770,1919881470
2019-07-10,15400.0,15500.0,15200.0,15350.0,57878.0,-0.3246753246753247,380883150,107800,161068650,348199650,400567200,0,171213350,318478700,890259250
2019-07-11,15450.0,15950.0,15350.0,15800.0,42346.0,2.9315960912052117,303057000,0,79811450,283165500,372955350,0,135103700,157974900,666033950
2019-07-12,15600.0,15850.0,15400.0,15650.0,46274.0,-0.949367088607595,357439150,0,205180350,155653100,429806700,0,85685450,202780450,718272600
2019-07-15,15850.0,15850.0,15450.0,15600.0,23872.0,-0.3194888178913738,180124450,0,53920000,138290100,229610700,0,64785750,77938100,372334550
2019-07-16,15750.0,15750.0,15350.0,15650.0,40506.0,0.3205128205128205,215916750,0,145950950,266103450,360095050,0,81879950,185996150,627971150
2019-07-17,15650.0,15700.0,15300.0,15600.0,16882.0,-0.3194888178913738,69653950,0,60133350,132076150,142258800,0,45838400,73766250,261863450
2019-07-18,15350.0,15750.0,15300.0,15700.0,33142.0,0.641025641025641,235756700,0,119255850,158524650,187415800,0,156264100,169857300,513537200
2019-07-19,15700.0,16200.0,15500.0,16100.0,33555.0,2.547770700636943,355287150,0,2399850,178844000,125089250,0,173575650,237866100,536531000
2019-07-22,16050.0,16100.0,15750.0,15900.0,39090.0,-1.2422360248447204,278214050,0,162188700,181100950,337020250,0,89465300,195018150,621503700
2019-07-23,15850.0,16150.0,15800.0,16150.0,36528.0,1.5723270440251573,350743900,0,49968550,184282600,358591050,0,150132750,76271250,584995050
2019-07-24,16050.0,16100.0,15800.0,16050.0,52032.0,-0.6191950464396285,263352150,0,115172750,450994150,578298800,0,112438850,138781400,829519050
2019-07-25,16050.0,16050.0,15600.0,15900.0,50118.0,-0.9345794392523363,382472650,0,98181300,311036250,524544150,0,107778350,159367700,791690200
2019-07-26,15850.0,16050.0,15750.0,15850.0,38129.0,-0.3144654088050315,295500550,0,46972450,263624250,369132200,0,126171350,110793700,606097250
2019-07-29,15800.0,15950.0,15550.0,15650.0,27921.0,-1.2618296529968454,194276900,0,51857750,192870500,308135900,0,46554200,84315050,439005150
2019-07-30,15800.0,15800.0,15400.0,15650.0,23759.0,0.0,204487750,0,11522700,155441350,236871150,0,36390450,98190200,371451800
2019-07-31,15800.0,15900.0,15500.0,15500.0,24025.0,-0.9584664536741214,169854600,852500,40416650,164830600,230959950,0,55437550,89556850,375954350
2019-08-01,15450.0,15700.0,15250.0,15550.0,37232.0,0.3225806451612903,291654950,0,35223700,248140600,195365400,0,67773250,311880600,575019250
2019-08-02,15300.0,15700.0,15200.0,15250.0,37139.0,-1.929260450160772,256098150,0,82927300,230441600,209298300,0,45588650,314580100,569467050
2019-08-05,15200.0,15500.0,15050.0,15250.0,63915.0,0.0,341422000,0,53117050,577404400,381766500,0,131130700,459046250,971943450
2019-08-06,15250.0,15400.0,15000.0,15300.0,86987.0,0.32786885245901637,679904250,0,110800600,531769900,630743650,0,183698800,508032300,1322474750
2019-08-07,15000.0,15150.0,14600.0,15050.0,113698.0,-1.6339869281045754,673529800,0,238015450,778820800,831647300,0,240085150,618633600,1690366050
2019-08-08,15050.0,15350.0,14900.0,15250.0,59711.0,1.3289036544850499,648052050,0,43926450,212325050,436971050,830500,182557500,283944500,904303550
2019-08-09,15050.0,15250.0,14900.0,15150.0,33293.0,-0.6557377049180327,263738550,0,129289950,109455950,180558800,0,52198750,269726900,502484450
2019-08-12,15000.0,15050.0,14750.0,14950.0,35910.0,-1.3201320132013201,269462800,0,180493450,84523650,305193350,0,121859150,107427400,534479900
2019-08-13,14750.0,14900.0,14400.0,14400.0,80981.0,-3.678929765886288,392613000,0,334585000,451311050,757475400,0,200008950,221024700,1178509050
2019-08-14,14500.0,14550.0,14300.0,14450.0,63043.0,0.3472222222222222,179879500,0,190184200,539727450,691960200,0,133464200,84366750,909791150
2019-08-16,14450.0,14450.0,13750.0,13750.0,45906.0,-4.844290657439446,147072250,825000,273327450,220790500,348762500,0,179109850,114142850,642015200
2019-08-19,13950.0,14050.0,13750.0,14000.0,32972.0,1.8181818181818181,167144750,0,92262900,199133800,204637450,0,191577350,62326650,458541450
2019-08-20,13850.0,14050.0,13800.0,13950.0,40814.0,-0.35714285714285715,253719050,0,167155900,146999950,450605900,834000,90490750,25944250,567874900
2019-08-21,13900.0,14400.0,13850.0,14400.0,61133.0,3.225806451612903,547356350,0,114705100,206834200,390042300,0,312816700,166036650,868895650
2019-08-22,14300.0,15050.0,14100.0,14800.0,83316.0,2.7777777777777777,1021226400,0,104348850,90163950,245106550,0,362034050,608598600,1215739200
2019-08-23,14550.0,14850.0,14500.0,14650.0,24078.0,-1.0135135135135136,213139700,0,67336700,72858550,75660900,0,87917050,189757000,353334950
2019-08-26,14500.0,14750.0,14250.0,14750.0,24129.0,0.6825938566552902,262793350,0,13470450,76659400,64478200,0,105254700,183190300,352923200
2019-08-27,14600.0,14650.0,14200.0,14450.0,45674.0,-2.0338983050847457,272333650,0,172497650,211448200,295228200,0,103457000,257594300,656279500
2019-08-28,14800.0,15150.0,14250.0,15000.0,46151.0,3.8062283737024223,282834750,0,152544600,247989200,136698200,0,285658950,261011400,683368550
2019-08-29,14700.0,15050.0,14650.0,15000.0,42716.0,0.0,408957500,0,99153550,129272900,323740750,0,54676850,258966350,637383950
2019-08-30,14800.0,15050.0,14550.0,14750.0,69517.0,-1.6666666666666667,566913900,0,280359100,178283650,604526700,0,180120950,240909000,1025556650
2019-09-02,14600.0,14850.0,14550.0,14700.0,23032.0,-0.3389830508474576,262137900,3278100,42835050,31284300,132730200,0,67820150,138985000,339535350
2019-09-03,14600.0,14750.0,14450.0,14600.0,30338.0,-0.6802721088435374,229637350,846800,101934900,110263950,330932250,0,27077100,84673650,442683000
2019-09-04,14550.0,14600.0,14150.0,14300.0,77977.0,-2.054794520547945,366541050,115600,479930100,267021550,851581450,0,118083700,143943150,1113608300
2019-09-05,14150.0,14550.0,14100.0,14300.0,60176.0,0.0,412446100,0,211280800,238549350,562556850,0,203377650,96341750,862276250
2019-09-06,14250.0,14300.0,14050.0,14100.0,36565.0,-1.3986013986013985,232342400,0,186850200,98396300,400425350,0,27783200,89380350,517588900
2019-09-09,14150.0,14200.0,13900.0,13900.0,59525.0,-1.4184397163120568,265489600,0,290608500,276762300,601514750,0,47782050,183563600,832860400
2019-09-10,13850.0,14000.0,13850.0,13950.0,107318.0,0.3597122302158274,456701300,0,711074950,323990500,1247252900,0,18524700,225989150,1491766750
2019-09-11,14000.0,14450.0,13950.0,14100.0,168052.0,1.0752688172043012,1309360900,0,537603150,529686500,1309991850,0,587500750,479157950,2376650550
2019-09-16,14200.0,14400.0,14050.0,14350.0,42308.0,1.773049645390071,337308950,0,122932500,143443800,174728900,0,258523900,170432450,603685250
2019-09-17,14250.0,14450.0,14100.0,14250.0,51382.0,-0.6968641114982579,417768800,0,196110400,122226000,263186650,826500,250407750,221684300,736105200
2019-09-18,14200.0,14450.0,14200.0,14350.0,66635.0,0.7017543859649122,621090450,0,111683700,224947050,488990750,0,329151300,139579150,957721200
2019-09-19,14250.0,14500.0,14250.0,14300.0,45538.0,-0.34843205574912894,362739300,0,153007600,138473100,207014550,0,239062300,208143150,654220000
2019-09-20,14300.0,14650.0,14300.0,14600.0,54235.0,2.097902097902098,295670950,0,155375050,336309200,321610300,0,346784850,118960050,787355200
2019-09-23,14550.0,14700.0,14400.0,14450.0,32415.0,-1.0273972602739725,253571800,852550,77141900,139843950,177076100,0,52789300,241544800,471410200
2019-09-24,14450.0,14700.0,14400.0,14600.0,43792.0,1.0380622837370241,254693950,0,181314600,201065800,268367900,0,151202050,217504400,637074350
2019-09-25,14600.0,14700.0,14400.0,14400.0,35324.0,-1.36986301369863,249655800,0,53168300,211374550,115139750,0,186123650,212935250,514198650
2019-09-26,14400.0,14800.0,14200.0,14250.0,25937.0,-1.0416666666666665,103240900,0,142810000,126911350,186899300,0,67003150,119059800,372962250
2019-09-27,14450.0,14450.0,14000.0,14050.0,27157.0,-1.4035087719298245,41285750,0,237822350,104612400,202777100,0,70051650,110891750,383720500
2019-09-30,14050.0,14300.0,14050.0,14300.0,18609.0,1.7793594306049825,89002400,0,37478450,136688100,99004300,0,110628800,53535850,263168950
2019-10-01,14250.0,14500.0,14100.0,14400.0,24632.0,0.6993006993006993,223270050,0,38866950,90461900,98087950,837800,154673600,98999550,352598900
2019-10-02,14250.0,14400.0,14050.0,14050.0,22273.0,-2.430555555555556,50919950,0,110890050,153116900,206621800,0,28053350,80251750,314926900
2019-10-04,14050.0,14200.0,14000.0,14000.0,34737.0,-0.3558718861209964,76992700,0,65468500,344452250,198857700,0,77970750,210085000,486913450
2019-10-07,14000.0,14150.0,13900.0,14000.0,37850.0,0.0,104134500,0,57344900,369145900,128868950,0,49938000,351818350,530625300
2019-10-08,14100.0,14100.0,13600.0,13700.0,81619.0,-2.142857142857143,198964500,0,305256500,627566550,247201450,0,126740900,757845200,1131787550
2019-10-10,13700.0,13950.0,13400.0,13650.0,98731.0,-0.36496350364963503,508714050,0,225905250,615425650,514319900,0,240572900,595152150,1350044950
2019-10-11,13800.0,14000.0,13650.0,13850.0,27249.0,1.465201465201465,167845150,0,71795400,136567900,224625800,0,98067250,53515400,376208450
2019-10-14,13900.0,14100.0,13900.0,14000.0,19337.0,1.083032490974729,170568450,0,54772450,45885150,48223450,0,109657650,113344950,271226050
2019-10-15,14050.0,14500.0,13850.0,14050.0,62176.0,0.35714285714285715,531919400,0,155678600,197751900,299350550,0,261575700,324423650,885349900
2019-10-16,14100.0,14700.0,14050.0,14550.0,39766.0,3.558718861209965,487962900,0,11863650,75952200,52747800,717500,339211500,183101950,575778750
2019-10-17,14700.0,14700.0,14200.0,14200.0,45078.0,-2.405498281786942,227222900,0,217835700,200755000,499767100,7261500,35029150,103755850,645813600
2019-10-18,14350.0,14350.0,13750.0,13750.0,113501.0,-3.169014084507042,343367550,0,963303750,267553100,846174100,0,138714300,589336000,1574224400
2019-10-21,13800.0,13850.0,13500.0,13650.0,51624.0,-0.7272727272727273,288145800,0,257186500,159453600,308537100,165600,117545550,278537650,704785900
2019-10-22,13650.0,13950.0,13450.0,13600.0,119907.0,-0.3663003663003663,734958100,0,557093650,347026250,781744900,248850,504367350,352716900,1639078000
2019-10-23,13500.0,13700.0,13450.0,13500.0,34761.0,-0.7352941176470588,133799350,0,250985250,85397350,285838650,0,78798200,105545100,470181950
2019-10-24,13500.0,13650.0,13350.0,13500.0,46103.0,0.0,263575800,0,192881500,164858050,281216450,0,257992550,82106350,621315350
2019-10-25,13450.0,13700.0,13400.0,13650.0,29958.0,1.1111111111111112,279261350,0,89983850,37848550,72075800,0,305459550,29558400,407093750
2019-10-28,13750.0,13900.0,13600.0,13750.0,29076.0,0.7326007326007326,323027550,0,43430850,34261000,87319650,0,215132200,98267550,400719400
2019-10-29,13750.0,13800.0,13550.0,13550.0,41876.0,-1.4545454545454546,295256450,0,115555700,160319600,108769850,0,28882450,433479450,571131750
2019-10-30,13550.0,13650.0,13350.0,13400.0,28463.0,-1.107011070110701,140038000,0,159800950,83024300,218487100,0,20256850,144119300,382863250
2019-10-31,13400.0,13500.0,13300.0,13300.0,32711.0,-0.7462686567164178,94160400,0,290920100,52124350,254666050,0,59539350,122999450,437204850
2019-11-01,13250.0,13400.0,13200.0,13250.0,19891.0,-0.37593984962406013,77092950,0,126565550,60654750,158317450,0,50512850,55482950,264313250
2019-11-04,13400.0,13500.0,13250.0,13450.0,59992.0,1.509433962264151,409682300,0,58122400,337928200,205522700,107600,102010200,498092400,805732900
2019-11-05,13500.0,14000.0,13500.0,13800.0,64804.0,2.6022304832713754,450866350,0,298472700,146135500,296917700,0,481954400,116602450,895474550
2019-11-06,13750.0,14000.0,13700.0,13800.0,41896.0,0.0,372198300,0,39764650,168189450,183236500,0,175110350,221805550,580152400
2019-11-07,13700.0,13950.0,13650.0,13750.0,42200.0,-0.36231884057971014,219955350,0,134886450,226141900,354292100,0,66371900,160319700,580983700
2019-11-08,13800.0,13900.0,13700.0,13750.0,29702.0,0.0,191370300,0,59148150,159182250,204472950,0,42379500,162848250,409700700
2019-11-11,13750.0,13950.0,13550.0,13700.0,37046.0,-0.36363636363636365,213954450,0,106343550,188152050,343081600,0,74544150,90824300,508450050
2019-11-12,13650.0,13850.0,13650.0,13700.0,32775.0,0.0,261574550,0,121261600,66554950,301037200,0,73918700,74435200,449391100
2019-11-13,13700.0,14050.0,13450.0,13800.0,55917.0,0.7299270072992701,423020350,0,193674650,151534500,257204050,0,279402600,231622850,768229500
2019-11-14,13700.0,14050.0,13550.0,13950.0,53033.0,1.0869565217391304,490041550,0,152320150,88793800,429125850,0,236549100,65480550,731155500
2019-11-15,14050.0,14300.0,13900.0,14150.0,44110.0,1.4336917562724014,373382350,0,113238350,137692300,62465600,0,380425450,181421950,624313000
2019-11-18,14000.0,14250.0,13900.0,14050.0,28079.0,-0.7067137809187279,176261600,0,113695850,104553500,228399200,0,32501000,133610750,394510950
2019-11-19,13950.0,14250.0,13850.0,14100.0,35317.0,0.3558718861209964,277726500,1415000,96503250,122323650,213658100,0,211759550,72550750,497968400
2019-11-20,13950.0,14250.0,13850.0,14000.0,30345.0,-0.7092198581560284,213795350,0,141759150,69191550,147353950,27072000,126690150,123629950,424746050
2019-11-21,14000.0,14200.0,13800.0,13950.0,29721.0,-0.35714285714285715,232937200,0,65245900,115698800,227199800,0,59753550,126928550,413881900
2019-11-22,14050.0,14050.0,13750.0,13900.0,22419.0,-0.35842293906810035,181787300,0,63428600,65437250,169665300,0,86663800,54324050,310653150
2019-11-25,13950.0,14450.0,13800.0,14400.0,59082.0,3.597122302158273,333694300,1001000,123577150,380642150,266035200,0,324383750,248495650,838914600
2019-11-26,14400.0,14500.0,14250.0,14450.0,52677.0,0.3472222222222222,533523750,23300800,79891900,122184200,388491050,0,131457700,238951900,758900650
2019-11-27,14600.0,14650.0,14250.0,14600.0,58388.0,1.0380622837370241,565206900,49932650,106000650,124703650,412759750,0,219317400,213766700,845843850
2019-11-28,14500.0,14550.0,14250.0,14500.0,20775.0,-0.684931506849315,164677100,14450000,72182750,48570750,87448000,2900000,117421950,92110650,299880600
2019-11-29,14750.0,14750.0,14100.0,14350.0,51575.0,-1.0344827586206897,274077300,0,169738550,292676250,535564500,0,76478300,124449300,736492100
2019-12-02,14350.0,14450.0,14150.0,14450.0,30271.0,0.6968641114982579,227585150,0,82231200,124083900,279811950,0,48353350,105734950,433900250
2019-12-03,14400.0,14400.0,14100.0,14250.0,31434.0,-1.384083044982699,96134550,0,121970600,227606200,316074950,8573250,44396200,76666950,445711350
2019-12-04,14100.0,14350.0,14050.0,14300.0,34914.0,0.3508771929824561,207347550,0,45107400,242803150,317827050,0,63224500,114206550,495258100
2019-12-05,14100.0,14300.0,13950.0,14250.0,36914.0,-0.34965034965034963,240527250,0,44835250,237445800,247734600,183300,69812000,205078400,522808300
2019-12-06,14200.0,14350.0,14100.0,14300.0,17169.0,0.3508771929824561,160606700,0,25971250,57910900,109510000,0,73352500,61626350,244488850
2019-12-09,14150.0,14350.0,13800.0,14000.0,92341.0,-2.097902097902098,210329700,0,139951350,944544900,561451850,0,59413950,673960150,1294825950
2019-12-10,13850.0,14100.0,13800.0,14000.0,45779.0,0.0,175504200,0,148578400,312574850,524539550,0,57776650,54341250,636657450
2019-12-11,14100.0,14100.0,13900.0,14000.0,43389.0,0.0,224555000,0,110650900,270105300,458727400,0,60779250,85804550,605311200
2019-12-12,14100.0,14150.0,13800.0,14100.0,106720.0,0.7142857142857143,871121150,0,173657750,455433600,868983000,0,234111200,397118300,1500212500
2019-12-13,14100.0,14400.0,14000.0,14150.0,48449.0,0.3546099290780142,293916550,0,97036750,297046200,442744650,0,148342250,96912600,687999500
2019-12-16,14050.0,14350.0,14050.0,14250.0,47104.0,0.7067137809187279,278968650,0,147441850,241793200,408439400,0,114804050,144960250,668203700
2019-12-17,14200.0,14550.0,14050.0,14500.0,41536.0,1.7543859649122806,277270100,0,63985350,255718300,277072350,0,220605800,99295600,596973750
2019-12-18,14300.0,14450.0,14050.0,14100.0,39967.0,-2.7586206896551726,95495950,860100,251384600,218419900,359090250,0,75735800,131334500,566160550
2019-12-19,14150.0,14400.0,14050.0,14300.0,38905.0,1.4184397163120568,225136600,0,116740000,209978200,297784550,0,121919600,132150650,551854800
2019-12-20,14400.0,14400.0,14150.0,14400.0,40059.0,0.6993006993006993,80416400,0,75219100,416593350,239005350,0,114888750,218334750,572228850
2019-12-23,14450.0,14500.0,14150.0,14250.0,41004.0,-1.0416666666666665,304520800,0,87443350,194854450,234731200,878400,107774950,243434050,586818600
2019-12-24,14150.0,14300.0,14100.0,14250.0,42268.0,0.0,286993600,0,153960250,159515750,274278500,0,144208050,181983050,600469600
2019-12-26,14400.0,14450.0,14200.0,14450.0,38630.0,1.4035087719298245,383360750,0,71367200,99277750,195487000,0,160123250,198395450,554005700
2019-12-27,14200.0,14500.0,14000.0,14150.0,73894.0,-2.0761245674740483,424200550,0,362473600,261817200,617785850,0,196067150,234638350,1048491350
2019-12-30,14250.0,14400.0,14150.0,14400.0,36924.0,1.76678445229682,222349800,0,54777300,251027450,97604600,0,231980250,198569700,528154550
2020-01-02,14400.0,14400.0,13950.0,14000.0,66416.0,-2.7777777777777777,389125400,4370900,407571250,133637200,356970500,0,132151300,445582950,934704750
2020-01-03,14100.0,14300.0,13800.0,13900.0,63904.0,-0.7142857142857143,267972800,0,334935750,290836600,383198550,0,190376450,320170150,893745150
2020-01-06,13800.0,14000.0,13750.0,13900.0,49173.0,0.0,131382000,0,143708300,407113250,243187350,0,165676550,273339650,682203550
2020-01-07,13950.0,14050.0,13850.0,13950.0,27695.0,0.3597122302158274,161367150,0,55458350,169982250,193729350,0,119598800,73479600,386807750
2020-01-08,13700.0,13750.0,13450.0,13700.0,55688.0,-1.7921146953405016,131390150,0,252039300,372502900,496603050,0,115798900,143530400,755932350
2020-01-09,13700.0,13750.0,13400.0,13650.0,70795.0,-0.36496350364963503,312789250,0,279821150,369542600,380290450,846300,129390150,451626100,962153000
2020-01-10,13550.0,13850.0,13350.0,13700.0,66246.0,0.3663003663003663,367250250,0,239271600,294824450,562287400,0,247853850,91205050,901346300
2020-01-13,13850.0,13950.0,13600.0,13750.0,42876.0,0.36496350364963503,152758050,0,95765600,341285100,416909000,0,100344050,72555700,589808750
2020-01-14,13700.0,13850.0,13600.0,13700.0,47632.0,-0.36363636363636365,245938750,0,149436750,258212000,410941350,0,177416850,65229300,653587500
2020-01-15,13650.0,14000.0,13650.0,14000.0,35152.0,2.18978102189781,178663150,0,90378350,217511200,213006500,0,233333550,40212650,486552700
2020-01-16,13950.0,14000.0,13750.0,13900.0,30396.0,-0.7142857142857143,103506700,0,83022100,235004600,254032450,0,87340150,80160800,421533400
2020-01-17,13900.0,14050.0,13700.0,13900.0,44834.0,0.0,108349450,276000,211301850,300246550,381406450,0,98622600,140144800,620173850
2020-01-20,13850.0,14050.0,13800.0,13850.0,46025.0,-0.3597122302158274,287387050,0,134708800,219532700,429511900,0,142227600,69889050,641628550
2020-01-21,13850.0,14000.0,13800.0,13850.0,15214.0,0.0,121565100,0,37575750,51890750,110206400,0,51522450,49302750,211031600
2020-01-22,13900.0,14000.0,13650.0,13800.0,41177.0,-0.36101083032490977,186953650,0,210091150,173038400,367825550,0,135012100,67245550,570083200
2020-01-23,13750.0,13850.0,13650.0,13750.0,32411.0,-0.36231884057971014,123541300,0,106281300,215534700,356364500,0,45899800,43093000,445357300
2020-01-28,13700.0,13900.0,13250.0,13350.0,52612.0,-2.909090909090909,220070650,3997250,288186050,194048700,410244400,0,147622450,148435800,706302650
2020-01-29,13300.0,13400.0,13100.0,13250.0,49182.0,-0.7490636704119851,108534350,0,318183100,225123200,452722400,0,114629100,84489150,651840650
2020-01-30,13250.0,13350.0,12950.0,13050.0,48042.0,-1.509433962264151,117327250,0,282521550,227181400,529023350,0,54062250,43944600,627030200
2020-01-31,13150.0,13450.0,12950.0,13250.0,41648.0,1.532567049808429,293976250,0,107668000,148560450,180775500,0,215061550,154367650,550204700
2020-02-03,13350.0,13450.0,13000.0,13150.0,48159.0,-0.7547169811320755,226622900,6824400,91611650,310303900,289023650,0,174515550,171823650,635362850
2020-02-04,13000.0,13100.0,12800.0,12950.0,63298.0,-1.520912547528517,283418550,0,290204700,247525800,610784800,0,90121550,120242700,821149050
2020-02-05,12850.0,13200.0,12750.0,13100.0,65001.0,1.1583011583011582,299067200,12900000,153342300,377236450,413109150,0,177235200,252201600,842545950
2020-02-06,13150.0,13350.0,13100.0,13250.0,118708.0,1.1450381679389312,467971300,13200000,106059100,980302525,165385750,0,134486100,1267661075,1567532925
2020-02-07,13100.0,13250.0,12900.0,13150.0,49786.0,-0.7547169811320755,306737600,0,185693750,158708500,360381850,0,117627500,173130500,651139850
2020-02-10,13000.0,13200.0,12850.0,13100.0,40720.0,-0.38022813688212925,267176000,0,157906000,106080500,216052550,0,118452200,196657750,531162500
2020-02-11,13200.0,13600.0,13150.0,13600.0,45825.0,3.816793893129771,274599350,0,55992250,283439500,205862750,0,210630550,197537800,614031100
2020-02-12,13400.0,13650.0,13150.0,13450.0,99323.0,-1.1029411764705883,520231400,0,333420400,473825850,950413700,0,195069150,181994800,1327477650
2020-02-13,13400.0,13450.0,13050.0,13200.0,127725.0,-1.858736059479554,570437800,0,463212400,658675100,1138932650,0,225578500,327814150,1692325300
2020-02-14,13100.0,13100.0,12850.0,12950.0,82295.0,-1.893939393939394,342560500,0,254646450,469975750,581727350,0,195015050,290440300,1067182700
2020-02-17,13000.0,13300.0,12900.0,13250.0,30832.0,2.3166023166023164,254625600,26087800,59726000,65041850,141017350,26300000,117075950,121087950,405481250
2020-02-18,13100.0,13300.0,12950.0,13200.0,56483.0,-0.37735849056603776,186066600,0,163684050,391500400,460235950,9953400,160538100,110523600,741251050
2020-02-19,13300.0,13300.0,12850.0,12900.0,48158.0,-2.272727272727273,151115150,0,223087300,251509800,356258350,0,55441350,214012550,625712250
2020-02-20,12800.0,13050.0,12800.0,12800.0,49279.0,-0.7751937984496124,94273400,32225000,85818800,422743500,281542900,0,58968500,294549300,635060700
2020-02-21,12750.0,12750.0,12550.0,12750.0,73994.0,-0.390625,299831950,0,111934300,524505900,377623650,0,71202050,487446450,936272150
2020-02-24,12750.0,12800.0,12350.0,12450.0,65977.0,-2.3529411764705883,345705550,0,154529600,324088650,228726300,31125000,184174050,380298450,824323800
2020-02-25,12450.0,12500.0,12150.0,12400.0,71698.0,-0.4016064257028112,416664650,0,196352050,268594150,372802200,0,168493800,340314850,881610850
2020-02-26,12400.0,12650.0,12050.0,12550.0,83621.0,1.2096774193548387,468562850,0,102388850,459679250,341921400,0,339116350,349593200,1030630950
2020-02-27,12300.0,12500.0,12200.0,12450.0,50589.0,-0.796812749003984,204117300,0,104880500,316591700,243457450,0,134688400,247443650,625589500
2020-02-28,12500.0,12600.0,12050.0,12250.0,84874.0,-1.6064257028112447,395622850,0,104418850,537444300,200751400,0,191804250,644930350,1037486000
2020-03-02,12300.0,12500.0,12050.0,12450.0,82588.0,1.6326530612244898,327682600,0,104732950,579693650,387618050,0,206189850,418301300,1012109200
2020-03-03,12500.0,12700.0,12400.0,12650.0,80004.0,1.6064257028112447,164007750,12102350,112206550,715148900,514592500,0,173851250,315021800,1003465550
2020-03-04,12700.0,12800.0,12250.0,12300.0,169328.0,-2.766798418972332,216811400,0,396936950,1486067350,380707050,0,140201550,1578907100,2099815700
2020-03-05,12300.0,12350.0,12100.0,12150.0,183037.0,-1.2195121951219512,204432500,0,338051950,1692527590,464134100,0,124756100,1646121840,2235012040
2020-03-06,12050.0,12150.0,11300.0,11500.0,175030.0,-5.349794238683128,107828050,2023000,1046082200,869823600,796293700,0,303864600,925598550,2025756850
2020-03-09,11200.0,11300.0,10550.0,10900.0,142983.0,-5.217391304347826,202219900,9507300,600772200,729487150,244551650,0,598095050,699339850,1541986550
2020-03-10,10950.0,11150.0,10550.0,10750.0,124125.0,-1.3761467889908259,599380250,2148500,261928900,470213900,592093350,0,269646300,471931900,1333671550
2020-03-11,10450.0,10800.0,10300.0,10800.0,134034.0,0.46511627906976744,393647050,2014000,382178150,637194000,680608150,0,432683650,301741400,1415033200
2020-03-12,11000.0,11000.0,9930.0,10150.0,114961.0,-6.018518518518518,458459170,2030000,408532880,307030480,644717960,0,296164050,235170520,1176052530
2020-03-13,9350.0,9990.0,9150.0,9960.0,256314.0,-1.87192118226601,724529730,2032800,179038160,1541989750,440231540,0,331989240,1675369660,2447590440
2020-03-16,9610.0,10150.0,9530.0,10150.0,95618.0,1.9076305220883536,370909890,483000,271369560,293383060,374514530,0,332788490,228842490,936145510
2020-03-17,9700.0,9970.0,9300.0,9970.0,93195.0,-1.7733990147783252,442244000,0,253320090,208907620,243933850,7903360,250632000,402002500,904471710
2020-03-18,9690.0,9830.0,9100.0,9100.0,86713.0,-8.72617853560682,168655360,0,308318180,347706300,308124910,0,170737700,345817230,824679840
2020-03-19,9100.0,9400.0,8000.0,8000.0,183967.0,-12.087912087912088,405145790,0,163224850,994182320,729373680,16860,403385130,429777290,1562552960
2020-03-20,7910.0,8660.0,7790.0,8660.0,117672.0,8.25,286742600,161000,181175330,482320570,317553130,0,280387130,352459240,950399500
2020-03-23,8300.0,8400.0,7420.0,7490.0,136101.0,-13.51039260969977,146560810,227100,376896090,512275510,437201350,0,182301290,416456870,1035959510
2020-03-24,7510.0,7990.0,7400.0,7990.0,157346.0,6.675567423230974,320024810,0,564102100,317091530,358364050,0,641953220,200901170,1201218440
2020-03-25,8220.0,8830.0,7990.0,8830.0,153595.0,10.513141426783479,226446150,0,521215370,529939790,331653760,0,586149780,359797770,1277601310
2020-03-26,8750.0,8920.0,8530.0,8580.0,192335.0,-2.8312570781426953,486294520,0,775671320,401597200,434669860,0,383833230,845059950,1663563040
2020-03-27,9000.0,9000.0,8420.0,8590.0,177575.0,0.11655011655011654,226936840,0,720795660,580664970,490873770,0,639141360,398382340,1528397470
2020-03-30,8410.0,8500.0,8200.0,8410.0,180552.0,-2.0954598370197903,300653490,0,453938180,754433450,686535800,0,242533120,579956200,1509025120
2020-03-31,8450.0,8630.0,8430.0,8550.0,176840.0,1.6646848989298455,172012340,0,830994470,505172770,604944760,0,536142640,367092180,1508179580
2020-04-01,8470.0,8850.0,8410.0,8600.0,152482.0,0.5847953216374269,264039320,0,432261480,629764210,489237900,0,569010150,267816960,1326065010
2020-04-02,8550.0,8850.0,8420.0,8750.0,110010.0,1.744186046511628,344059060,0,321152790,287038790,194854620,0,336878200,420517820,952250640
2020-04-03,8680.0,9030.0,8680.0,9030.0,115178.0,3.2,259369400,0,382671800,380836500,230473990,0,423518130,368885580,1022877700
2020-04-06,9130.0,9350.0,8830.0,9200.0,134166.0,1.8826135105204873,295275990,0,716946470,208174760,330349350,0,607762160,282285710,1220397220
2020-04-07,9250.0,9650.0,9180.0,9560.0,125942.0,3.91304347826087,479246810,0,439569970,257844750,289119790,0,572560420,314981320,1176661530
2020-04-08,9560.0,10050.0,9330.0,9560.0,161762.0,0.0,424258090,0,868603600,257475470,613230550,0,542995410,394111200,1550337160
2020-04-09,9650.0,9900.0,9650.0,9790.0,104052.0,2.405857740585774,407977980,0,319792020,290585810,256208740,0,518339720,243807350,1018355810
2020-04-10,9760.0,10700.0,9760.0,10550.0,220960.0,7.763023493360572,698906780,26135850,1279503190,255086210,467708550,13326080,1404927770,373669630,2259632030
2020-04-13,10550.0,10550.0,10050.0,10050.0,88632.0,-4.739336492890995,193358500,653250,657432950,53054750,296497250,0,407946950,200055250,904499450
2020-04-14,9990.0,10100.0,9710.0,9960.0,154845.0,-0.8955223880597015,274337540,0,992510520,273556330,547505650,54406700,612013530,326478510,1540404390
2020-04-16,9710.0,9890.0,9300.0,9580.0,140376.0,-3.815261044176707,150482160,0,989440510,199064280,159890170,0,353879260,825217520,1338986950
2020-04-17,9650.0,10050.0,9650.0,9740.0,141990.0,1.6701461377870561,201954000,61272670,779422060,349793810,365905090,0,527641680,498895770,1392442540
2020-04-20,9700.0,9950.0,9650.0,9760.0,131523.0,0.20533880903490762,532315540,10897580,400415860,347622160,302485660,0,400030610,588734870,1291251140
2020-04-21,9710.0,9750.0,9420.0,9590.0,100276.0,-1.7418032786885245,151267640,0,538967680,268013650,266575570,0,252005910,439667490,958248970
2020-04-22,9310.0,9530.0,9310.0,9520.0,84763.0,-0.7299270072992701,164387460,112045990,335561660,183331780,230600190,0,322004150,242722550,795326890
2020-04-23,9460.0,9670.0,9410.0,9650.0,55754.0,1.365546218487395,190400150,0,231091210,111964260,189150910,10264340,203685640,130354730,533455620
2020-04-24,9560.0,9570.0,9240.0,9410.0,73162.0,-2.4870466321243523,95435040,14157990,489951790,89113150,318501010,0,150701240,219455720,688657970
2020-04-27,9410.0,9590.0,9370.0,9590.0,118266.0,1.9128586609989375,438299450,12843660,216267910,452884140,339834330,28303080,610182670,141975080,1120295160
2020-04-28,9540.0,9860.0,9500.0,9860.0,89381.0,2.815432742440042,240038470,0,298782610,329871730,176754220,0,489810810,202127780,868692810
2020-04-29,9760.0,10200.0,9760.0,10100.0,91506.0,2.434077079107505,201806680,0,369285970,347510660,229527560,0,611622710,77453040,918603310
2020-05-04,9900.0,9910.0,9660.0,9730.0,131533.0,-3.663366336633663,241482120,486500,731579310,311353240,499597180,0,292117630,493186360,1284901170
2020-05-06,9880.0,9880.0,9700.0,9770.0,72820.0,0.41109969167523125,211773480,976000,345220050,152811350,281346510,0,188105120,241329250,710780880
2020-05-07,9690.0,9860.0,9620.0,9840.0,62703.0,0.7164790174002047,220331670,782400,221830900,169104740,236556650,0,250677180,124815880,612049710
2020-05-08,9840.0,10900.0,9800.0,10100.0,427814.0,2.642276422764228,322946400,1635300,3440430540,592928080,585732990,201285200,2921442210,649479920,4357940320
2020-05-11,10200.0,10450.0,10000.0,10300.0,179136.0,1.9801980198019802,947626750,0,732059900,159554850,227115850,0,1296387600,315738050,1839241500
2020-05-12,10300.0,10300.0,9760.0,9760.0,150464.0,-5.242718446601942,102445790,6674600,1284009590,94436230,284438100,158080,541185280,661784750,1487566210
2020-05-13,9650.0,9730.0,9520.0,9700.0,104086.0,-0.6147540983606558,152626340,1916000,651302150,196650780,205268100,0,579944320,217282850,1002495270
2020-05-14,9650.0,9670.0,9440.0,9440.0,80683.0,-2.6804123711340204,195441520,0,483221100,88537450,215953490,0,379051440,172195140,767200070
2020-05-15,9480.0,9570.0,9370.0,9510.0,65076.0,0.7415254237288136,168657750,0,247579380,198569230,228038970,0,218979890,167787500,614806360
2020-05-18,9580.0,9800.0,9410.0,9770.0,108479.0,2.7339642481598316,436728040,69182650,413353610,124751410,173888620,0,697006270,173120820,1044015710
2020-05-19,9910.0,10350.0,9860.0,10250.0,215074.0,4.912998976458546,694564020,0,1081294900,408186560,901542760,0,1156990550,125512170,2184045480
2020-05-20,10100.0,10350.0,10100.0,10150.0,83823.0,-0.975609756097561,230589450,0,456939750,171770250,144747600,0,574654150,139897700,859299450
2020-05-21,10200.0,10400.0,10100.0,10150.0,96838.0,0.0,153225250,0,493434400,344076050,306621850,0,434589300,249524550,990735700
2020-05-22,10250.0,10250.0,9810.0,9880.0,148071.0,-2.6600985221674875,163350070,0,637511410,671446155,201945610,0,358891930,911470095,1472307635
2020-05-25,10050.0,10150.0,9880.0,10050.0,72971.0,1.7206477732793521,332010720,1010000,160454160,238197670,110740460,299700,309285460,311346930,731672550
2020-05-26,10100.0,10400.0,10050.0,10250.0,78832.0,1.9900497512437811,193677600,114015000,356085100,145789800,82460050,1030000,419710200,306367250,809567500
2020-05-27,10300.0,10550.0,10050.0,10500.0,115079.0,2.4390243902439024,386674900,0,545280000,256990150,213017800,0,660406750,315520500,1188945050
2020-05-28,10400.0,10500.0,10200.0,10250.0,84822.0,-2.380952380952381,201853100,95232750,443168350,137268200,230324350,0,485303200,161894850,877522400
2020-05-29,10250.0,10450.0,10050.0,10100.0,93153.0,-1.4634146341463417,408738950,62581500,352175800,128087850,237007750,0,362353850,352222500,951584100
2020-06-01,10050.0,10450.0,10050.0,10400.0,48463.0,2.9702970297029703,199515150,33040400,189516250,76625450,166949550,0,266592650,65155050,498697250
2020-06-02,10400.0,10750.0,10300.0,10750.0,120636.0,3.3653846153846154,177968700,0,968758100,136702750,321689200,0,826067850,135672500,1283429550
2020-06-03,10800.0,11400.0,10800.0,11050.0,198282.0,2.7906976744186047,729639400,0,1023017750,445535300,959945900,0,886454300,351792250,2198192450
2020-06-04,11100.0,11500.0,10850.0,10900.0,96569.0,-1.3574660633484164,436667250,0,568105300,67496950,423958050,0,383773800,264537650,1072269500
2020-06-05,10850.0,11300.0,10800.0,11200.0,88721.0,2.7522935779816518,465245200,0,351343100,171120350,386241950,0,455511650,145955050,987708650
2020-06-08,11550.0,11950.0,11300.0,11400.0,175246.0,1.7857142857142856,227697600,0,1709896500,91608800,727673100,0,1036559200,264970600,2029202900
2020-06-09,11600.0,11700.0,11100.0,11300.0,81837.0,-0.8771929824561403,227171900,0,512170850,187614250,351959800,0,410624850,164372350,926957000
2020-06-10,11250.0,11400.0,11050.0,11350.0,68136.0,0.4424778761061947,197914600,0,444207600,118778350,489448500,0,224324400,47127650,760900550
2020-06-11,11150.0,11350.0,10900.0,10950.0,175416.0,-3.524229074889868,691126900,0,860779650,391065750,1348713300,0,373960500,220298500,1942972300
2020-06-12,10650.0,10700.0,10350.0,10600.0,91164.0,-3.1963470319634704,264220900,0,469911500,224625500,419353950,2007900,421324450,116071600,958757900
2020-06-15,10600.0,10700.0,10000.0,10000.0,96722.0,-5.660377358490567,150654800,0,689408850,156669750,390180050,0,343242700,263310650,996733400
2020-06-16,10100.0,11000.0,10100.0,11000.0,123670.0,10.0,742215350,0,369805600,201766750,324294050,0,819020800,170472850,1313787700
2020-06-17,11000.0,11350.0,10650.0,11100.0,128831.0,0.9090909090909091,266886550,0,563570200,591016000,519578550,0,641384700,260509500,1421472750
2020-06-18,10950.0,12000.0,10850.0,11950.0,184543.0,7.657657657657657,211178650,0,1471196650,433497100,527989650,0,1050884350,536998400,2115872400
2020-06-19,11950.0,12150.0,11250.0,11400.0,214073.0,-4.602510460251046,334846050,46500000,1119877900,990932850,801533850,17051500,1055691450,617880000,2492156800
2020-06-22,11200.0,11300.0,10950.0,11100.0,121843.0,-2.631578947368421,94080050,66150000,866269600,327767200,511081500,134400,627851000,215199950,1354266850
2020-06-23,11100.0,11700.0,11100.0,11400.0,138863.0,2.7027027027027026,216783600,73970000,943362250,350927650,707604800,0,773190000,104248700,1585043500
2020-06-24,11550.0,12150.0,11400.0,11500.0,240408.0,0.8771929824561403,264057400,166492450,1289357250,1087013250,1474649750,11500000,940719650,380050950,2806920350
2020-06-25,11450.0,11600.0,11050.0,11200.0,141813.0,-2.608695652173913,618566950,1030500,690131600,292858200,394887100,103665250,661567200,442467700,1602587250
2020-06-26,11250.0,12100.0,11100.0,11150.0,22227270.0,-0.4464285714285714,407161750,0,246839225450,714436350,1504757450,359497150,245827672500,268896450,247960823550
2020-06-29,11900.0,14450.0,11550.0,12250.0,3217689.0,9.865470852017937,1322192200,31487700,37193749150,3603860900,13622263150,338909450,24033427100,4156690250,42151289950
2020-06-30,13400.0,15900.0,12600.0,12950.0,13742119.0,5.714285714285714,4608681650,1267847300,187131476650,5515081550,22050002000,483465500,155661037750,20328581900,198523087150
2020-07-01,13900.0,15400.0,12800.0,13350.0,8108945.0,3.088803088803089,1970016800,1227851150,107883348200,4127263750,2447595400,337606700,104973426250,7449851550,115208479900
2020-07-02,13150.0,13450.0,12350.0,13000.0,1320349.0,-2.6217228464419478,652957600,586838600,14376614200,1373030350,1121025100,80256350,14632456100,1155703200,16989440750
2020-07-03,12750.0,13050.0,12650.0,12700.0,805738.0,-2.307692307692308,272163200,220837650,8441644400,1394059250,404143750,48966550,9366225300,509368900,10328704500
2020-07-06,13150.0,14350.0,12950.0,13950.0,2421577.0,9.84251968503937,2508671750,443310000,28825741150,1515121300,1085047450,96738100,29826217000,2284841650,33292844200
2020-07-07,14350.0,14750.0,13850.0,14200.0,2237637.0,1.7921146953405016,306194350,56166550,30557196800,1007132400,1448291450,557236650,20107550750,9813611250,31926690100
2020-07-08,14100.0,14150.0,13450.0,13800.0,794808.0,-2.8169014084507045,228872200,4095000,9727301900,912557800,219059600,23280000,9699576500,930910800,10872826900
2020-07-09,13700.0,13700.0,12850.0,12900.0,938084.0,-6.521739130434782,229250700,154698100,10597931400,1326528000,1809345450,0,9897193250,601869500,12308408200
2020-07-10,13000.0,13000.0,12200.0,12500.0,809420.0,-3.10077519379845,186055600,95630600,7471754250,2358733750,1203739050,215806600,7857022250,835606300,10112174200
2020-07-13,12700.0,12800.0,12350.0,12800.0,523500.0,2.4,144641700,0,5811332800,620309650,231100050,14544600,5611743000,718896500,6576284150
2020-07-14,12600.0,12750.0,12400.0,12500.0,362287.0,-2.34375,107018050,12450,3865450000,574358250,303767600,10291000,3591670900,641109250,4546838750
2020-07-15,12550.0,12650.0,12000.0,12200.0,635657.0,-2.4,224266100,0,6753635400,825635050,919118300,61000000,5514532400,1308885850,7803536550
2020-07-16,12150.0,12200.0,11850.0,11900.0,374797.0,-2.459016393442623,175785050,6116600,3398975900,914836300,350155550,0,2922252400,1223305900,4495713850
2020-07-17,11950.0,12350.0,11800.0,12100.0,328442.0,1.680672268907563,103339550,0,2658898450,1199793950,192715100,8018500,3042154700,719143650,3962031950
2020-07-20,12100.0,12150.0,11550.0,11650.0,380216.0,-3.71900826446281,83215400,5825000,3871933950,503194650,905029350,0,3085046300,474093350,4464169000
2020-07-21,11700.0,11900.0,11600.0,11700.0,327665.0,0.4291845493562232,256164300,39625000,2473885300,1067818350,489702750,0,2974848150,372942050,3837492950
2020-07-22,11750.0,12000.0,11550.0,11800.0,325600.0,0.8547008547008548,163995450,2117250,3304102050,376511600,254334000,0,2489817700,1102574650,3846726350
2020-07-23,11800.0,11800.0,11200.0,11400.0,476377.0,-3.389830508474576,78156400,8350500,4479221450,865904050,419073900,15053500,4752074700,245430300,5431632400
2020-07-24,11250.0,11450.0,11000.0,11300.0,530815.0,-0.8771929824561403,97207250,5525000,3874619050,1968527850,662717250,22400000,3312088400,1948673500,5945879150
2020-07-27,11250.0,11700.0,11200.0,11650.0,413161.0,3.0973451327433628,97323050,1043250,4263486400,407604300,438696000,0,3307428150,1023332850,4769457000
2020-07-28,11750.0,12050.0,11450.0,11600.0,485424.0,-0.4291845493562232,138043250,13082750,5171400850,378299600,726500400,592500,3377587900,1596145650,5700826450
2020-07-29,11450.0,11550.0,11250.0,11350.0,349593.0,-2.1551724137931036,125344750,57000,3305592100,553713650,777946900,0,1156935600,2049825000,3984707500
2020-07-30,11400.0,14750.0,11250.0,14750.0,8100058.0,29.955947136563875,1520123100,122968850,104454797100,3172067050,7159895850,184276150,94655839900,7269944200,109269956100
2020-07-31,15050.0,17850.0,13700.0,14300.0,23620370.0,-3.050847457627119,2991379100,812851450,362755624950,7337628050,4732224050,2249263200,355498861250,11417135050,373897483550
2020-08-03,14350.0,15000.0,14100.0,14300.0,4931658.0,0.0,1222874500,147354750,67925277550,2454072450,1311519100,164397250,67911807550,2361855350,71749579250
2020-08-04,14750.0,14950.0,14250.0,14300.0,3003399.0,0.0,178980450,87815050,41912405950,1396423400,490610800,89242000,41295213700,1700558350,43575624850
2020-08-05,14050.0,14700.0,13650.0,13950.0,2528446.0,-2.4475524475524475,131144350,131121900,33505059200,1997540600,547676550,143372550,33671212100,1402604850,35764866050
2020-08-06,13800.0,14000.0,13400.0,13650.0,1231542.0,-2.1505376344086025,284643850,149094750,14000490250,2383068800,315366050,0,15674010950,827920650,16817297650
2020-08-07,13600.0,14250.0,13500.0,13950.0,1501661.0,2.197802197802198,1156441000,0,18430046500,1243102900,278963550,10920000,18698053400,1841653450,20829590400
2020-08-10,13800.0,14200.0,13700.0,13950.0,674373.0,0.0,426577050,0,7782199100,1209759950,315627950,18190800,8468661300,616056050,9418536100
2020-08-11,14000.0,14400.0,13850.0,14200.0,772423.0,1.7921146953405016,252685300,28145000,9001656800,1590139650,556732200,82422500,9568684400,664787650,10872626750
2020-08-12,14050.0,14300.0,13600.0,13950.0,951716.0,-1.7605633802816902,869234050,20180700,9995084800,2326723950,3363277750,0,8563267100,1284678650,13211223500
2020-08-13,13950.0,14000.0,13600.0,13700.0,561229.0,-1.7921146953405016,492205900,20825000,5613897450,1616326550,579796400,238065700,6125377500,800015300,7743254900
2020-08-14,13700.0,14000.0,13350.0,13950.0,938329.0,1.824817518248175,1100621900,0,8891410250,2860571150,236787150,0,9459117550,3156698600,12852603300
2020-08-18,13650.0,14100.0,13250.0,13400.0,733544.0,-3.942652329749104,816412950,1689950,6946487250,2231796600,132689000,750750,6817312350,3045634650,9996386750
2020-08-19,13300.0,14150.0,13200.0,13900.0,689177.0,3.731343283582089,451719650,66886400,7014198800,1920586350,410231700,17715000,7479829500,1545615000,9453391200
2020-08-20,13900.0,13950.0,13150.0,13150.0,528773.0,-5.39568345323741,629473800,7347500,5621598900,844426050,664310250,64011700,4874959100,1499565200,7102846250
2020-08-21,13200.0,13400.0,13000.0,13200.0,238032.0,0.38022813688212925,238775650,567600,2123127000,789164650,203009450,0,2508815650,439809800,3151634900
2020-08-24,13150.0,13850.0,12950.0,13550.0,363093.0,2.6515151515151514,421213350,0,3747465250,763319750,293633000,0,4173149900,465215450,4931998350
2020-08-25,13650.0,17600.0,13600.0,17600.0,16022141.0,29.88929889298893,1347431100,1551013100,254315021550,6926273650,3328619900,1510028850,247070572750,12230517900,264139739400
2020-08-26,18000.0,19450.0,16250.0,16350.0,12566006.0,-7.1022727272727275,376032350,668413250,218379499500,5228207100,3273821150,1050899850,202188709350,18138721850,224652152200
2020-08-27,16400.0,16750.0,15600.0,15750.0,2798369.0,-3.669724770642202,383252450,64751300,39674921600,4891731800,414940300,45956000,39827154800,4726606050,45014657150
2020-08-28,15750.0,15900.0,15100.0,15150.0,1858735.0,-3.8095238095238098,295350200,18007050,24577699300,3930608750,434459700,161750150,24218359600,4007095850,28821665300
2020-08-31,15150.0,16200.0,15100.0,15400.0,2471413.0,1.65016501650165,457353300,160695750,35417275000,2657872150,388300700,117041850,32767708750,5420144900,38693196200
2020-09-01,15200.0,15750.0,15150.0,15350.0,760607.0,-0.3246753246753247,187118900,7191750,9844898900,1653278200,315649600,6017150,10171349400,1199471600,11692487750
2020-09-02,15350.0,16400.0,15150.0,15900.0,2304471.0,3.5830618892508146,230218600,185549000,34986043050,1251290450,285881850,53755550,33232962200,3080501500,36653101100
2020-09-03,15950.0,16250.0,15700.0,15800.0,876746.0,-0.628930817610063,122185350,496000,13086414250,743075150,243300500,159027100,12272673650,1277169500,13952170750
2020-09-04,15050.0,15500.0,15050.0,15400.0,648186.0,-2.5316455696202533,132478700,46757450,8743179300,1008656000,504071750,15450,8790984350,635999900,9931071450
2020-09-07,15500.0,16100.0,15350.0,15600.0,797620.0,1.2987012987012987,265047350,66442400,11222654650,1024603650,408476500,0,10627634250,1542637300,12578748050
2020-09-08,15800.0,17900.0,15650.0,16550.0,6159246.0,6.089743589743589,870287300,153855450,100534510450,2928556500,1655913750,94705950,97241524500,5495065500,104487209700
2020-09-09,16250.0,17550.0,16200.0,16650.0,2238972.0,0.6042296072507553,290040550,168048650,35682963700,1739100050,503333400,123240200,35010143200,2243436150,37880152950
2020-09-10,16600.0,16600.0,15800.0,16150.0,1062124.0,-3.003003003003003,1493524900,16225000,14509209250,1040430800,1485480800,879250,13918556250,1654473650,17059389950
2020-09-11,15900.0,16100.0,15450.0,15450.0,791461.0,-4.3343653250774,151117600,16795600,10575097000,1641161550,1037909950,1372800,9740454500,1604434500,12384171750
2020-09-14,15450.0,16350.0,15300.0,16150.0,944907.0,4.53074433656958,365552300,160110600,13402350850,1217304850,457958400,0,12383274900,2304085300,15145318600
2020-09-15,16050.0,16400.0,15850.0,15900.0,449266.0,-1.5479876160990713,498205850,7714400,6569418650,143749950,312643200,821100,5654611500,1251013050,7219088850
2020-09-16,16050.0,16300.0,15650.0,15750.0,412357.0,-0.9433962264150944,150225950,33059250,5814532900,578772250,362672050,0,5771086650,442831650,6576590350
2020-09-17,15850.0,16450.0,15700.0,16100.0,716073.0,2.2222222222222223,249427900,0,10540504150,717022550,342853650,48300000,10159946500,955854450,11506954600
2020-09-18,16200.0,16450.0,15950.0,16000.0,578339.0,-0.6211180124223602,251014300,528000,8369717550,729670900,407688650,8157750,7372170100,1562914250,9350930750
2020-09-21,16150.0,17200.0,15850.0,16150.0,2385784.0,0.9375,200311550,26653550,37754155250,1578255150,533853050,25973150,37398552700,1600996600,39559375500
2020-09-22,16250.0,18450.0,16200.0,18400.0,4753505.0,13.93188854489164,103415200,124533600,81103817400,1579082600,1672639550,434816600,78067406650,2735986000,82910848800
2020-09-23,17700.0,18500.0,16550.0,16650.0,2505621.0,-9.510869565217392,518468300,244124100,39441260400,3282991350,908450350,112278150,39582418950,2883696700,43486844150
2020-09-24,16350.0,16450.0,15250.0,15400.0,1220233.0,-7.5075075075075075,401511150,35029350,15950716000,2954581400,685915650,159381550,17250270800,1246269900,19341837900
2020-09-25,15600.0,16250.0,15400.0,15600.0,1027684.0,1.2987012987012987,391975800,32129600,14998185250,838903300,761043000,17510000,13922516750,1560124200,16261193950
2020-09-28,15950.0,17500.0,15850.0,16550.0,2209295.0,6.089743589743589,366723650,67506050,34218829450,2364008700,786648700,160175700,33511886000,2558357450,37017067850
2020-09-29,16800.0,17200.0,16550.0,16750.0,832899.0,1.2084592145015105,341567450,83902250,11870652000,1708136600,376819050,16600000,12447318250,1163521000,14004258300
2020-10-05,16900.0,17250.0,16700.0,16900.0,932634.0,0.8955223880597015,242072950,17513350,14657415900,949471900,922214850,17513350,13328143200,1598602700,15866474100
2020-10-06,18000.0,18200.0,16900.0,17300.0,2418891.0,2.366863905325444,421024200,656860150,40024600750,1266001150,1443860650,163023900,38287799900,2473801800,42368486250
2020-10-07,17050.0,17650.0,16900.0,17450.0,1049816.0,0.8670520231213872,1150928450,3691200,16125532450,1023878950,165398200,191600,17135335200,1003106050,18304031050
2020-10-08,17550.0,17800.0,17150.0,17150.0,724334.0,-1.7191977077363898,217908650,3378950,11775983800,585354000,827090800,1770000,10225666550,1528098050,12582625400
2020-10-12,17150.0,17350.0,16750.0,16800.0,504871.0,-2.0408163265306123,251327100,1348700,7638895000,661772200,419584750,440618900,6306829900,1386309450,8553343000
2020-10-13,16900.0,17150.0,16500.0,16850.0,655956.0,0.2976190476190476,447974800,0,9182009950,1422916000,593779300,0,9117385400,1341736050,11052900750
2020-10-14,16800.0,17150.0,16250.0,16300.0,691670.0,-3.2640949554896146,131072700,9069750,10225682400,1131961250,448207650,3260000,9477792300,1568526150,11497786100
2020-10-15,16250.0,16700.0,15800.0,16450.0,571973.0,0.9202453987730062,77085700,22439950,7406697100,1765415550,377730350,0,7727593900,1166314050,9271638300
2020-10-16,16300.0,16500.0,15750.0,16350.0,567011.0,-0.60790273556231,135258650,0,8620690850,383070150,519553150,0,6898312150,1721154350,9139019650
2020-10-19,16350.0,16600.0,16100.0,16400.0,419649.0,0.3058103975535168,322224750,355850,6023156350,509501350,331966650,0,5725607300,797664350,6855238300
2020-10-20,16200.0,16450.0,16100.0,16350.0,320696.0,-0.3048780487804878,154634450,1620300,3711654900,1366649000,333048850,574000,4179620000,721315800,5234558650
2020-10-21,16350.0,17300.0,16350.0,16700.0,1514366.0,2.1406727828746175,176114750,17100000,23217588850,2307410350,255821900,22131500,24007551350,1432709200,25718213950
2020-10-22,16750.0,17200.0,16700.0,17200.0,824239.0,2.9940119760479043,121510150,0,11939632350,1952155500,142404950,142215000,12926247950,802430100,14013298000
2020-10-23,17250.0,17300.0,16750.0,16750.0,447799.0,-2.616279069767442,121920750,1902650,6887912250,559003900,192922850,810750,7076343000,300662950,7570739550
2020-10-26,16700.0,16750.0,15600.0,15750.0,634487.0,-5.970149253731343,226992350,34294000,9074685800,799656550,95008100,0,9365759800,674860800,10135628700
2020-10-27,15500.0,16050.0,15300.0,15750.0,321335.0,0.0,131041850,16108500,3846403150,1072053450,218736200,0,4350723900,496146850,5065606950
2020-10-28,15650.0,16050.0,15650.0,16000.0,215809.0,1.5873015873015872,82824650,63700000,2909771150,359955900,162141100,0,3036338200,217772400,3416251700
2020-10-29,15500.0,15750.0,15150.0,15550.0,427965.0,-2.8125,178374650,8233750,5478909200,947180750,542926350,16283200,5452820150,600668650,6612698350
2020-10-30,15450.0,15650.0,14800.0,14900.0,388101.0,-4.180064308681672,129156900,41642900,4817292850,896332400,291815200,0,4960778250,631831600,5884425050
2020-11-02,14900.0,15350.0,14850.0,15000.0,249720.0,0.6711409395973155,103159950,998300,2483627950,1165906100,104467700,0,3293247500,355977100,3753692300
2020-11-03,15250.0,15700.0,15250.0,15450.0,370073.0,3.0,229413100,9871400,4530499200,967267050,60356950,54205000,4618321700,1004167100,5737050750
2020-11-04,15600.0,15700.0,15150.0,15350.0,237104.0,-0.6472491909385114,478473200,1013100,2509047100,667173300,119577450,0,2892314000,643815250,3655706700
2020-11-05,15400.0,15750.0,15300.0,15600.0,191594.0,1.6286644951140066,486578200,7775000,2096721500,390016900,505562100,0,2244139350,231390150,2981091600
2020-11-06,15600.0,15650.0,15350.0,15500.0,193304.0,-0.641025641025641,140344900,1192950,2660869800,193985500,175704150,79038500,2370293950,371356550,2996393150
2020-11-09,15900.0,15950.0,15550.0,15750.0,302434.0,1.6129032258064515,343830000,32708800,3932821450,461297550,124447500,2282400,4361709700,282218200,4770657800
2020-11-10,15800.0,16000.0,15550.0,15950.0,288510.0,1.2698412698412698,182085500,2246400,3268729650,1100019600,232696800,2296800,3852492750,465594800,4553081150
2020-11-11,16050.0,16100.0,15600.0,15850.0,405918.0,-0.6269592476489028,488585500,17165850,4918751550,989685950,198257250,816000,5396594050,818521550,6414188850
2020-11-12,15850.0,15850.0,15500.0,15550.0,272951.0,-1.8927444794952681,230948050,16374150,3397226450,608886000,441375350,0,2979653450,832405850,4253434650
2020-11-13,15450.0,15800.0,15300.0,15550.0,249736.0,0.0,388958750,2254750,2956474800,531617600,186164400,0,3000662150,692479350,3879305900
2020-11-16,15650.0,16200.0,15600.0,15950.0,405518.0,2.572347266881029,239230550,550800,4437032100,1748232100,191769500,2320750,4922832250,1308123050,6425045550
2020-11-17,16100.0,16350.0,15800.0,16000.0,308594.0,0.3134796238244514,281673500,190800,3892547450,767610800,262725900,31834050,3701025600,946437000,4942022550
2020-11-18,15950.0,16350.0,15800.0,16300.0,305792.0,1.875,143383850,196200,4514199050,262393000,161658400,391200,4398653100,359469400,4920172100
2020-11-19,16200.0,16800.0,16050.0,16200.0,575003.0,-0.6134969325153374,243334050,573100,8573810300,595056100,294160400,50676400,7223877200,1844059550,9412773550
2020-11-20,16200.0,16650.0,15050.0,15750.0,911262.0,-2.7777777777777777,490467450,70994200,12471567900,1636210850,838979050,82845100,12558522150,1188894100,14669240400
2020-11-23,15600.0,15900.0,15500.0,15700.0,286610.0,-0.31746031746031744,242034500,83185000,3118600500,1067036700,348070750,0,3856707450,306078500,4510856700
2020-11-24,15600.0,15900.0,15350.0,15600.0,430357.0,-0.6369426751592357,445200300,5384400,4472297900,1797464200,1000326100,0,5519516100,200504600,6720346800
2020-11-25,15650.0,15900.0,15300.0,15850.0,571628.0,1.6025641025641024,280423800,346550,6868408500,1769328550,830068300,0,6731094050,1357345050,8918507400
2020-11-26,16150.0,16350.0,15800.0,15850.0,525216.0,0.0,315352700,2257800,7607958550,505669650,1185490100,77943500,5799235650,1368569450,8431238700
2020-11-27,16600.0,17350.0,16350.0,16550.0,1789306.0,4.416403785488959,2844130700,235969850,25026801950,1903558550,458695800,145613850,27896418250,1509733150,30010461050
2020-11-30,16600.0,16700.0,16000.0,16200.0,622629.0,-2.1148036253776437,412710400,52425250,7456370350,2179816700,869779900,38887150,6845445250,2347210400,10101322700
2020-12-01,16150.0,16350.0,16000.0,16100.0,272995.0,-0.6172839506172839,296807600,252940000,3284624750,578413500,192120550,178180800,3638817750,403666750,4412785850
2020-12-02,16200.0,16250.0,16000.0,16050.0,258911.0,-0.3105590062111801,201563600,24150000,3125362900,815360200,349164600,2205700,3535783000,279283400,4166436700
2020-12-03,16050.0,16100.0,15850.0,16100.0,316844.0,0.3115264797507788,142371950,208136850,3620554350,1085426500,309307500,42795000,4324039450,380347700,5056489650
2020-12-04,16050.0,16150.0,15850.0,15900.0,288794.0,-1.2422360248447204,308317900,16692700,3310293450,972644850,826310850,829400,3365375750,415432900,4607948900
2020-12-07,15800.0,16200.0,15500.0,15600.0,443585.0,-1.8867924528301887,148511100,40008450,6154785900,636955550,449118550,23520550,5997474700,510147200,6980261000
2020-12-08,15600.0,15650.0,15200.0,15300.0,338253.0,-1.9230769230769231,218357950,198250,4005097600,966818700,1272936500,0,3604095000,313441000,5190472500
2020-12-09,15300.0,15600.0,15200.0,15500.0,317209.0,1.3071895424836601,311125800,15200,3900419150,682591450,1047255600,46425000,3485817100,314653900,4894151600
2020-12-10,15400.0,15650.0,15250.0,15550.0,294295.0,0.3225806451612903,1061065850,0,2719096750,781269900,754092000,0,2717042100,1090298400,4561432500
2020-12-11,15500.0,15700.0,15400.0,15700.0,249397.0,0.964630225080386,519767650,46450000,2944318050,366860100,845828000,1092000,2427409700,603066100,3877395800
2020-12-14,15650.0,15650.0,15350.0,15500.0,309297.0,-1.2738853503184715,671998450,0,2165585700,1961423600,2001019750,824150,2002648750,794515100,4799007750
2020-12-15,15450.0,15500.0,15200.0,15200.0,243478.0,-1.935483870967742,505460650,15200,2750169050,471924200,1350268100,0,2232039250,145261750,3727569100
2020-12-16,15350.0,15400.0,15100.0,15350.0,176025.0,0.9868421052631579,251088950,30300,2074562500,357360650,317405900,15350000,1543264900,807021600,2683042400
2020-12-17,15300.0,15350.0,15150.0,15150.0,168511.0,-1.3029315960912053,224786900,15200,2263361500,71828550,955366300,30446500,1360923600,213255750,2559992150
2020-12-18,15150.0,15250.0,15000.0,15150.0,252374.0,0.0,165032700,9381800,3133914100,506377650,858688100,25720000,2337632400,592665750,3814706250
2020-12-21,15150.0,15200.0,14700.0,14850.0,296785.0,-1.9801980198019802,190499050,15000,3615442200,613973200,347653300,0,2917609050,1154667100,4419929450
2020-12-22,14850.0,14850.0,14250.0,14250.0,431559.0,-4.040404040404041,124458250,44944650,4929152350,1139261800,579930000,3398400,5272311700,382176950,6237817050
2020-12-23,14300.0,14450.0,14050.0,14250.0,319866.0,0.0,187920800,28400000,2935725300,1398391400,512666500,0,3492288350,545482650,4550437500
2020-12-24,14250.0,14400.0,13900.0,14350.0,318005.0,0.7017543859649122,592918050,184600,3041059500,881962800,583968600,8595000,3300490250,623071100,4516124950
2020-12-28,14400.0,14750.0,14150.0,14650.0,376313.0,2.0905923344947737,893682850,154685100,3597340250,791148200,180931200,47276000,4261458450,947190750,5436856400
2020-12-29,14650.0,14700.0,14250.0,14300.0,283749.0,-2.3890784982935154,95304100,252205000,3470712650,264081600,767474850,217500,2456920750,857690250,4082303350
2020-12-30,14400.0,14700.0,14200.0,14650.0,316972.0,2.4475524475524475,425421400,362521550,2824065050,961055600,391603950,28800000,3678483500,474176150,4573063600
2021-01-04,14300.0,14450.0,14150.0,14400.0,271945.0,-1.7064846416382253,452254000,165540300,2571624050,699910650,1140440500,86100,2499170750,249631650,3889329000
2021-01-05,14300.0,14400.0,14150.0,14300.0,255249.0,-0.6944444444444444,402156550,432550600,2443156550,354123250,907751750,0,1904712950,819522250,3631986950
2021-01-06,14300.0,14450.0,14200.0,14350.0,260282.0,0.34965034965034963,334431700,240995850,2567083650,588009500,1037117000,0,2111507750,581895950,3730520700
2021-01-07,14400.0,14650.0,14300.0,14500.0,218052.0,1.0452961672473868,794689500,208611900,1642904550,511714950,744774800,9648000,2126031750,277466350,3157920900
2021-01-08,14500.0,15250.0,14500.0,15000.0,679279.0,3.4482758620689653,971925000,246672300,6806944000,2130022500,1058898050,166203400,8016028650,914433700,10155563800
2021-01-11,14950.0,14950.0,14500.0,14750.0,478726.0,-1.6666666666666667,433206450,616775000,3883539550,2112308450,1500335300,0,4308490050,1237004100,7045829450
2021-01-12,14650.0,14700.0,14300.0,14500.0,375705.0,-1.694915254237288,338520700,612655400,3010794750,1479003700,1273417800,0,3542359600,625197150,5440974550
2021-01-13,14500.0,14900.0,14400.0,14650.0,248944.0,1.0344827586206897,425973900,108753950,1628986350,1469972900,876433650,0,2081252650,676000800,3633687100
2021-01-14,14700.0,14900.0,14600.0,14800.0,189562.0,1.023890784982935,339736950,145665250,1648047500,664027300,979555750,0,1417042200,400879050,2797477000
2021-01-15,14900.0,15100.0,14750.0,14800.0,312624.0,0.0,719357900,195665500,2805659900,930681800,553054400,46049900,3200255250,852005550,4651365100
2021-01-18,14950.0,15150.0,14650.0,14850.0,298591.0,0.33783783783783783,384697700,321783650,2891108100,854393050,290376150,222750,3201874200,959509400,4451982500
2021-01-19,14900.0,15600.0,14800.0,15450.0,421735.0,4.040404040404041,729931700,59646300,3355971100,2273059350,812231400,995400,5353679100,251702550,6418608450
2021-01-20,15650.0,15650.0,15200.0,15350.0,324480.0,-0.6472491909385114,655853400,88718450,3177985400,1055746950,982338350,0,2551316250,1444649600,4978304200
2021-01-21,15350.0,16750.0,15250.0,16600.0,1248618.0,8.143322475570033,2351561850,64946450,12194445500,5644554550,1097245500,118098500,17608322250,1431842100,20255508350
2021-01-22,16500.0,16700.0,16000.0,16100.0,654916.0,-3.0120481927710845,938266400,2639700,7959282250,1801271600,1827111900,32022550,7325259200,1517066300,10701459950
2021-01-25,16300.0,17150.0,16150.0,16950.0,813148.0,5.279503105590062,1527224950,423069900,10206073900,1472918950,1197874700,223225900,10794058650,1414128450,13629287700
2021-01-26,17200.0,17350.0,16150.0,16300.0,659650.0,-3.8348082595870205,479966650,66707600,8582325350,1856591150,1678433000,69605650,7274109150,1963442950,10985590750
2021-01-27,16300.0,17000.0,15900.0,17000.0,741550.0,4.294478527607362,874596900,213650,8019473100,3398603750,400075100,23155650,9748595250,2121061400,12292887400
2021-01-28,16400.0,16700.0,16150.0,16300.0,592418.0,-4.117647058823529,490071400,16621500,7622159600,1594989850,391496300,41769400,6095907800,3194668850,9723842350
2021-01-29,16400.0,16550.0,15500.0,15850.0,538632.0,-2.7607361963190185,418837950,808576250,6491555800,854136550,437857400,16060000,6532459000,1586730150,8573106550
2021-02-01,15850.0,16550.0,15550.0,16550.0,386245.0,4.416403785488959,1473589900,19153150,4008245150,722920150,198263700,4088750,5022462250,999093650,6223908350
2021-02-02,16750.0,18400.0,16600.0,18200.0,3554617.0,9.969788519637463,3464120950,663207150,51675588050,7815473800,1184260400,634175800,55073565300,6726388450,63618389950
2021-02-03,18050.0,22600.0,17850.0,20600.0,3852988.0,13.186813186813188,3091154500,468593300,61624571200,11923027450,2019388300,210703400,67381889300,7495365450,77107346450
2021-02-04,20500.0,21650.0,20400.0,21150.0,1598465.0,2.669902912621359,2016744800,239450700,23975190750,7262317950,1916795700,251145950,27051206250,4274556300,33493704200
2021-02-05,21100.0,22300.0,20600.0,21450.0,1090668.0,1.4184397163120568,1494348150,238970350,17549862350,4110959000,838924800,14161050,19194843200,3346210800,23394139850
2021-02-08,21200.0,22200.0,21100.0,21450.0,804244.0,0.0,1139568100,130195450,12576090750,3615582800,2575835250,15280000,12712069950,2158251900,17461437100
2021-02-09,21350.0,21650.0,20000.0,20250.0,902609.0,-5.594405594405594,1254698950,125300000,11142555950,6141243550,2750883350,47580850,13221772450,2643561800,18663798450
2021-02-10,20500.0,22450.0,20250.0,22200.0,1184623.0,9.62962962962963,1662216450,126300,16949753000,7062257350,836571200,395210650,20945990200,3496581050,25674353100
2021-02-15,22300.0,22400.0,20550.0,21100.0,990430.0,-4.954954954954955,823465750,125421800,16525313900,3457405700,1217746650,0,14396886200,5316974300,20931607150
2021-02-16,21450.0,21450.0,20700.0,21050.0,340163.0,-0.23696682464454977,323835050,378000,4475486000,2363810200,610251600,104900000,5675553050,772804600,7163509250
2021-02-17,21050.0,21700.0,20600.0,21500.0,500370.0,2.137767220902613,1010421400,2125000,8165229250,1475611000,690694600,127200,8378449100,1584115750,10653386650
2021-02-18,21200.0,23100.0,21150.0,22200.0,994802.0,3.255813953488372,1940149400,10886500,15960753850,4356548950,928058050,233045950,16629377450,4477857250,22268338700
2021-02-19,22200.0,22450.0,21250.0,21500.0,511712.0,-3.153153153153153,275793500,97036000,8915176300,1832516500,1744286650,23616850,6685522050,2667096750,11120522300
2021-02-22,21750.0,23000.0,21500.0,22350.0,611040.0,3.953488372093023,1903019150,147225000,9456753700,2144382250,962326150,155400,9718373000,2970525550,13651380100
2021-02-23,22500.0,23400.0,22000.0,22400.0,522452.0,0.22371364653243847,394220450,95600950,9468916250,1801684500,2700664100,0,6971480400,2088277650,11760422150
2021-02-24,22500.0,22800.0,17800.0,18100.0,2891315.0,-19.196428571428573,2606316000,496579250,43214049750,10215026050,3821193000,118081850,42593712600,9998983600,56531971050
2021-02-25,19100.0,19300.0,17450.0,18000.0,1449707.0,-0.5524861878453038,1433003100,940377500,17693437600,6164196950,2999074900,37050,12450316550,10781586650,26231015150
2021-02-26,17950.0,18700.0,17100.0,17250.0,1320514.0,-4.166666666666666,342271450,1108178700,15210040250,6712104650,1458376100,1267032300,12112666500,8534520150,23372595050
2021-03-02,17650.0,18150.0,17500.0,17650.0,792241.0,2.318840579710145,476302900,231890000,9545135850,3850073100,550784100,18854000,10430559600,3103204150,14103401850
2021-03-03,17650.0,17900.0,17500.0,17800.0,316728.0,0.84985835694051,536302250,38617200,3881282100,1144371300,194721800,10630000,4385117250,1010103800,5600572850
2021-03-04,17600.0,17600.0,16900.0,17300.0,495602.0,-2.8089887640449436,235377250,477151500,6202180050,1611846350,524038150,17271850,5485652900,2499592250,8526555150
2021-03-05,17000.0,17250.0,16550.0,17000.0,350644.0,-1.7341040462427744,197968450,382147000,3508476800,1814942550,442176150,339097450,4301038800,821222400,5903534800
2021-03-08,17200.0,17400.0,16650.0,16750.0,277305.0,-1.4705882352941175,243439550,209790000,2946887950,1315226500,288091950,5070000,3052282050,1369900000,4715344000
2021-03-09,16800.0,17150.0,16250.0,16950.0,348302.0,1.1940298507462688,387594250,552439600,3873585800,1021218900,424286050,34260450,3726181100,1650110950,5834838550
2021-03-10,17150.0,17500.0,16850.0,17000.0,261878.0,0.2949852507374631,469537100,1029000,2959068700,1056206650,367270800,0,2728539550,1390031100,4485841450
2021-03-11,17000.0,17650.0,17000.0,17300.0,298686.0,1.7647058823529411,1037475850,174000,2877185350,1272022250,477377250,139986950,3457546650,1111946600,5186857450
2021-03-12,17450.0,17850.0,17300.0,17600.0,193611.0,1.7341040462427744,453263600,875000,2373029150,560756750,301601900,350000,2267565750,818406850,3387924500
2021-03-15,17700.0,17700.0,17050.0,17100.0,205425.0,-2.840909090909091,72924450,17992500,3273539400,188609400,894830100,0,1938699550,719536100,3553065750
2021-03-16,17150.0,17350.0,16950.0,17150.0,189271.0,0.29239766081871343,106811500,136000000,2494641300,498884850,80516200,0,2878930300,276891150,3236337650
2021-03-17,17100.0,17250.0,16900.0,17000.0,215973.0,-0.8746355685131195,76066950,170125000,2817090650,608928250,142270100,0,2679005800,850934950,3672210850
2021-03-18,17100.0,17200.0,16950.0,17000.0,168668.0,0.0,174471850,50900000,1966982450,684345950,174965000,170250000,2129904150,401581100,2876700250
2021-03-19,16800.0,20500.0,16700.0,18000.0,2459874.0,5.88235294117647,438569350,298991000,43048452100,2271438650,1518711300,227724900,39250852200,5060162700,46057451100
2021-03-22,17950.0,19200.0,17800.0,18200.0,986547.0,1.1111111111111112,175623450,479104250,16119210900,1184527150,671288700,9050000,14149822750,3128304300,17958465750
2021-03-23,18200.0,18350.0,17900.0,18050.0,352341.0,-0.8241758241758242,178628400,224408000,5021129000,954159600,485435700,9075000,4549039200,1334775100,6378325000
2021-03-24,17700.0,18100.0,17650.0,17900.0,261409.0,-0.8310249307479225,197489350,1767500,3701471800,774563400,572319700,0,3040920950,1062051400,4675292050
2021-03-25,17750.0,18250.0,17650.0,17950.0,228921.0,0.27932960893854747,219409350,52283000,3245315700,577243150,278733900,0,3055557900,759959400,4094251200
2021-03-26,17950.0,18850.0,17950.0,18750.0,428553.0,4.456824512534819,498302000,89145000,5820574050,1519356050,224926400,34125350,7077209400,591115950,7927377100
2021-03-29,19200.0,19650.0,18850.0,19050.0,624448.0,1.6,200016650,103860500,9612031750,2054458800,1178795300,235115150,8421791800,2134665450,11970367700
2021-03-30,19150.0,19800.0,18600.0,19000.0,743443.0,-0.26246719160104987,721410850,9500000,11663323850,1878815300,1003384350,119730000,11467073100,1682862550,14273050000
2021-03-31,19050.0,19050.0,18350.0,18500.0,404549.0,-2.631578947368421,518161750,69141500,5353652950,1594681600,519353050,0,5459390150,1556894600,7535637800
2021-04-01,18700.0,18700.0,18050.0,18200.0,275435.0,-1.6216216216216217,357702300,20405000,3415930400,1243535900,763839000,91750,3994099000,279543850,5037573600
2021-04-02,18100.0,18500.0,17900.0,18000.0,242264.0,-1.098901098901099,205117600,108200000,3625923000,448563850,1157473950,91230600,2535505050,603594850,4387804450
2021-04-05,18100.0,18100.0,17850.0,17950.0,159870.0,-0.2777777777777778,103531100,21788000,2117837400,626749400,147719400,0,2430479400,291707100,2869905900
2021-04-06,17950.0,18100.0,17900.0,17950.0,186552.0,0.0,50145750,523728250,2535678450,241742300,165784150,0,1963091900,1222418700,3351294750
2021-04-07,18000.0,18500.0,17950.0,18400.0,240204.0,2.5069637883008355,231948000,12735000,3398056700,741376350,265094150,9050000,3617757700,492214200,4384116050
2021-04-08,18600.0,18700.0,18200.0,18500.0,198540.0,0.5434782608695652,112662650,917500,3028431350,512552800,459315550,772800,2543020200,651455750,3654564300
2021-04-09,18550.0,18700.0,18300.0,18450.0,175237.0,-0.2702702702702703,126489500,0,2700724100,404426900,455675600,498150,1986603350,788863400,3231640500
2021-04-12,18450.0,18500.0,18150.0,18450.0,167967.0,0.0,192502900,0,2471082150,408178500,110068100,104968100,2476911550,379815800,3071763550
2021-04-13,18500.0,18700.0,18350.0,18700.0,217136.0,1.3550135501355014,138533550,446400000,3094936500,345823800,233836500,92102650,3311714200,388040500,4025693850
2021-04-14,18750.0,19000.0,18600.0,19000.0,213213.0,1.6042780748663104,509934650,350833500,2714379850,435534350,153105500,0,3540658650,316918200,4010682350
2021-04-15,19200.0,19250.0,18750.0,18900.0,223097.0,-0.5263157894736842,121618000,0,3284707500,811052800,233893650,0,2884506450,1098978200,4217378300
2021-04-16,18900.0,18950.0,18500.0,18600.0,247123.0,-1.5873015873015872,79557400,146812600,3827652450,559674200,1350841700,0,2230754100,1032100850,4613696650
2021-04-19,18600.0,19250.0,18450.0,18850.0,394502.0,1.3440860215053763,294271450,84563100,5888304500,1170179000,781086600,202464450,5686375850,767391150,7437318050
2021-04-20,18850.0,18900.0,18600.0,18700.0,226992.0,-0.7957559681697612,627165900,12762400,3307145100,302578200,763082000,4195500,2963449550,518924550,4249651600
2021-04-21,18700.0,18700.0,18150.0,18300.0,240881.0,-2.13903743315508,78228850,35249650,3803365200,513886200,317063000,36543500,3326074350,751049050,4430729900
2021-04-22,18400.0,18450.0,18100.0,18200.0,189635.0,-0.546448087431694,138079550,2948400,2869656800,446428800,213218400,148132800,2450126000,645636350,3457113550
2021-04-23,18150.0,18550.0,18000.0,18450.0,229479.0,1.3736263736263736,324575200,1516050,2447459000,1442078450,629395650,19002000,3248437150,318793900,4215628700
2021-04-26,18600.0,18750.0,18350.0,18500.0,195490.0,0.27100271002710025,185121400,318385000,2639347600,474757550,161547450,132878600,2899823600,423361900,3617611550
2021-04-27,18450.0,21200.0,18300.0,19600.0,3345401.0,5.9459459459459465,362860600,600345700,60238416350,5012557100,1246532350,297386000,60945282900,3724978500,66214179750
2021-04-28,19800.0,20200.0,19400.0,19550.0,877609.0,-0.25510204081632654,291995450,32600300,15675071200,1362736250,910934850,9652000,14469564600,1972251750,17362403200
2021-04-29,19450.0,19500.0,18900.0,19200.0,326219.0,-1.7902813299232736,212825150,27022800,5120917550,897923600,150862050,0,5268242800,839584250,6258689100
2021-04-30,19150.0,19250.0,18500.0,18600.0,342301.0,-3.125,258037400,6155700,5655753900,508626850,327374400,0,5088252350,1012947100,6428573850
2021-05-03,18500.0,18850.0,18150.0,18250.0,328749.0,-1.881720430107527,331900100,15811050,3713144150,2047308950,215397800,0,4391775900,1500990550,6108164250
2021-05-04,18600.0,18600.0,18000.0,18300.0,222665.0,0.273972602739726,370825550,4065250,2363950750,1316772350,243672050,44137200,2621044350,1146760300,4055613900
2021-05-06,18150.0,18550.0,18150.0,18500.0,249620.0,1.092896174863388,487384950,1692000,2926618850,1176927400,1187049850,0,2653188200,752385150,4592623200
2021-05-07,18500.0,19000.0,18450.0,18850.0,325133.0,1.891891891891892,669792800,94500,3326367550,2118487500,125332550,82449000,5396739050,510221750,6114742350
2021-05-10,18900.0,19550.0,18850.0,19300.0,452771.0,2.3872679045092835,675520150,220498000,5433745850,2414630900,137315000,21131600,7694106300,891842000,8744394900
2021-05-11,19100.0,19350.0,19000.0,19350.0,283834.0,0.2590673575129534,490154550,5110250,3905718600,1035092000,493594800,11850250,3557130650,1373499700,5436075400
2021-05-12,19400.0,19550.0,18750.0,19050.0,393114.0,-1.550387596899225,540168450,35811350,5724743600,1209283950,260570400,38851650,5538104450,1672480850,7510007350
2021-05-13,18700.0,19100.0,18500.0,18650.0,209278.0,-2.099737532808399,850934100,1867000,2521961300,562564550,429386750,57089050,1946469900,1504381250,3937326950
2021-05-14,18800.0,19000.0,18650.0,18800.0,235950.0,0.8042895442359249,1635585750,0,1874270850,932798700,590865800,19345200,2275777200,1556667100,4442655300
2021-05-17,18900.0,19050.0,18700.0,19000.0,180413.0,1.0638297872340425,610175450,0,1677321000,1118679200,237796100,0,2521205850,647173700,3406175650
2021-05-18,19100.0,19450.0,19050.0,19350.0,394669.0,1.8421052631578945,1547950000,0,3983852850,2078826200,117797600,39436200,6848174600,605220650,7610629050
2021-05-20,19250.0,20150.0,19150.0,19800.0,703180.0,2.3255813953488373,1615382950,50204000,7049993500,5193477300,1591352800,141659500,11356918800,819126650,13909057750
2021-05-21,19750.0,19950.0,19350.0,19600.0,409982.0,-1.0101010101010102,1271880300,20868500,4920932400,1831807550,310628750,21630000,4579330850,3133899150,8045488750
2021-05-24,19550.0,19950.0,19400.0,19700.0,256180.0,0.5102040816326531,660603200,0,3109760050,1276545000,119752350,36817450,4092895100,797443350,5046908250
2021-05-25,19850.0,20150.0,19600.0,20100.0,541001.0,2.030456852791878,1660814300,177625000,5544046000,3422227400,67987250,1376843000,6940448250,2419434200,10804712700
2021-05-26,20100.0,20350.0,19950.0,20050.0,312656.0,-0.24875621890547264,724794900,200500,3756275600,1807228400,425491650,124157550,4384767750,1354082450,6288499400
2021-05-27,20050.0,20450.0,19850.0,20200.0,393884.0,0.7481296758104738,990711350,639650,4603668600,2349689000,214925700,276834900,5984594350,1468353650,7944708600
2021-05-28,20400.0,20850.0,20200.0,20550.0,405468.0,1.7326732673267329,1170683700,13740200,4965884150,2202482300,85878900,83860550,6201877850,1981173050,8352790350
2021-05-31,20550.0,20750.0,19950.0,20350.0,284721.0,-0.9732360097323601,932477850,32510700,4021316800,801045800,325654950,23842750,3502640250,1935213200,5787351150
2021-06-01,20350.0,20850.0,20150.0,20500.0,260867.0,0.7371007371007371,546956450,20600000,2686692450,2104144350,152556100,54743300,3757118200,1393975650,5358393250
2021-06-02,20550.0,20700.0,20300.0,20550.0,248738.0,0.24390243902439024,305355100,9926450,3198111700,1576127550,269204300,224400,3031473550,1788618550,5089520800
2021-06-03,20550.0,20600.0,20250.0,20400.0,182389.0,-0.7299270072992701,441325250,1323500,2254502950,1021640850,276238150,0,2928758650,513795750,3718792550
2021-06-04,20400.0,20600.0,20050.0,20400.0,258927.0,0.0,296090300,604500,2430380750,2529947000,1117515000,3365050,3583925700,552216800,5257022550
2021-06-07,20450.0,21200.0,20350.0,21050.0,365095.0,3.1862745098039214,2100485600,0,3449247550,2052926400,342368700,21417400,6492857000,746016450,7602659550
2021-06-08,21050.0,21350.0,20800.0,20900.0,271546.0,-0.7125890736342043,330336900,0,4534934000,851941550,190309950,38797850,4104778100,1383326550,5717212450
2021-06-09,20700.0,20950.0,20500.0,20600.0,221575.0,-1.4354066985645932,431687550,1299900,3066012300,1089152000,266345250,0,2681618400,1640188100,4588151750
2021-06-10,20600.0,20600.0,20300.0,20400.0,218694.0,-0.9708737864077669,657292550,753800,2247193800,1563130500,611694700,12413500,2652937800,1191324650,4468370650
2021-06-11,20500.0,20700.0,20350.0,20450.0,185818.0,0.24509803921568626,571568400,53420000,1845895400,1330785700,365909200,0,2545485850,890274450,3801669500
2021-06-14,20550.0,20600.0,19550.0,19800.0,372646.0,-3.1784841075794623,431947150,18186900,6349414950,632405550,1040204350,0,4981923450,1409826750,7431954550
2021-06-15,19900.0,20550.0,19650.0,20500.0,300771.0,3.535353535353535,1926481400,20200000,1776356900,2350709000,157315600,1215000,5285677350,629539350,6073747300
2021-06-16,20450.0,21000.0,20350.0,20900.0,273687.0,1.951219512195122,1934838300,4235950,2204405050,1554119800,156619750,86951250,5071515500,382512600,5697599100
2021-06-17,20700.0,21200.0,20500.0,21050.0,284150.0,0.7177033492822966,2358219900,11166500,2719803950,861701350,264725900,5486000,4671260050,1009419750,5950891700
2021-06-18,21000.0,21250.0,20650.0,20850.0,193733.0,-0.9501187648456058,1410877250,11022500,2055864350,566020700,79890650,13977600,2300703200,1649213350,4043784800
2021-06-21,20750.0,21250.0,20250.0,20550.0,305623.0,-1.4388489208633095,1223689350,1849500,4042956750,1071218850,727940150,8774500,4367834600,1235165200,6339714450
2021-06-22,20850.0,20950.0,20500.0,20800.0,203638.0,1.2165450121654502,908882950,0,2223189000,1098095150,298024500,625500,2500606150,1430910950,4230167100
2021-06-23,20850.0,20900.0,20200.0,20350.0,331595.0,-2.1634615384615383,1641984350,10943650,4316829000,792389100,206917150,102250,4778082950,1777043750,6762146100
2021-06-24,20250.0,20250.0,19900.0,20100.0,217247.0,-1.2285012285012284,650732900,1564300,2522034200,1183014500,408788300,0,2972466950,976090650,4357345900
2021-06-25,20150.0,20500.0,19950.0,20300.0,187919.0,0.9950248756218906,622761850,38917200,1575880900,1567954450,156720950,6675600,2404214800,1237903050,3805514400
2021-06-28,20400.0,20500.0,20150.0,20450.0,125761.0,0.7389162561576355,344696150,0,926964300,1287074500,363588050,0,1839702000,355444900,2558734950
2021-06-29,20450.0,20450.0,20150.0,20400.0,164168.0,-0.24449877750611246,851681450,0,1819288100,659813100,258349250,69170000,2090610750,912652650,3330782650
2021-06-30,20250.0,20450.0,20250.0,20350.0,105207.0,-0.24509803921568626,139345750,0,1400850900,598708650,256161800,0,1630883800,251859700,2138905300
2021-07-01,20350.0,20400.0,20100.0,20150.0,129453.0,-0.9828009828009828,160330850,0,1809210350,643493850,335884850,0,1693961400,583188800,2613035050
2021-07-02,20150.0,20200.0,19850.0,20000.0,221620.0,-0.7444168734491315,152120000,208348500,3305832100,769286700,560646800,0,2913530650,961409850,4435587300
2021-07-05,20050.0,20050.0,19750.0,19800.0,171508.0,-1.0,231374200,791250,2178338950,994443150,292432400,0,2175744800,936770350,3404947550
2021-07-06,19800.0,20000.0,19550.0,19600.0,192310.0,-1.0101010101010102,184774100,201022550,3072545700,330732500,454871000,58808150,2354095050,921300650,3789074850
2021-07-07,19650.0,19650.0,19150.0,19350.0,200002.0,-1.2755102040816326,139544200,136661400,2899421900,690716450,231017850,106380400,3005578050,523367650,3866343950
2021-07-08,19300.0,19550.0,18850.0,18900.0,255828.0,-2.3255813953488373,387795450,340447350,3310826250,831611150,367521800,0,3419130900,1084027500,4870680200
2021-07-09,18800.0,18950.0,18300.0,18750.0,267757.0,-0.7936507936507936,301695350,292603000,3684642550,688464850,557665700,0,3045108600,1364631450,4967405750
2021-07-12,19000.0,19200.0,18750.0,18950.0,137177.0,1.0666666666666667,560675100,56625000,1194521250,789790450,237401500,39516000,1975085950,349608350,2601611800
2021-07-13,19000.0,19300.0,19000.0,19250.0,98741.0,1.58311345646438,427657850,172350,1077573600,385562450,42923700,18990650,1450664200,378387700,1890966250
2021-07-14,19050.0,19150.0,18850.0,19000.0,151972.0,-1.2987012987012987,200814400,372257000,1983117900,328030200,140674500,3583750,2078974100,660987150,2884219500
2021-07-15,19100.0,19150.0,18700.0,19050.0,77533.0,0.2631578947368421,204482750,96425900,838523900,334013850,83614150,10165000,1107526100,272141150,1473446400
2021-07-16,19000.0,19000.0,18650.0,18800.0,145783.0,-1.3123359580052494,210183050,481305000,1898864200,152272800,230853250,0,2103807900,407963900,2742625050
2021-07-19,18650.0,18700.0,18300.0,18400.0,194825.0,-2.127659574468085,315249300,425177100,2580786950,268145600,588481400,55050,2600865050,399957450,3589358950
2021-07-20,18250.0,18400.0,18150.0,18350.0,149083.0,-0.2717391304347826,282128500,438983600,1526438250,476708150,184023950,0,1825316250,714918300,2724258500
2021-07-21,18500.0,18550.0,18250.0,18400.0,117212.0,0.2724795640326975,280195150,514731900,1238740450,119969850,110753700,0,1402698000,640185650,2153637350
2021-07-22,18400.0,18650.0,18400.0,18450.0,142972.0,0.2717391304347826,559448750,499033000,1337947300,247633150,561767800,558000,1198786500,882949900,2644062200
2021-07-23,18400.0,18750.0,18400.0,18450.0,129531.0,0.0,223479250,372164950,1731477950,74489600,409057800,0,1198869700,793684250,2401611750
2021-07-26,18400.0,18500.0,18150.0,18150.0,150407.0,-1.6260162601626018,115569050,457596000,1842289600,332717000,98141750,0,1936026600,714003300,2748171650
2021-07-27,18350.0,18450.0,18100.0,18200.0,125545.0,0.27548209366391185,186874100,622856300,1057794900,424716000,83078400,0,1746719800,462443100,2292241300
2021-07-28,18100.0,18250.0,17950.0,18100.0,224302.0,-0.5494505494505495,225195250,452882200,2051866000,1333376350,67655650,1810000,2196638550,1797215600,4063319800
2021-07-29,18150.0,18250.0,18050.0,18150.0,165813.0,0.2762430939226519,189412000,417013000,1392801550,1008593850,350045750,0,1153757150,1504017500,3007820400
2021-07-30,18150.0,18950.0,17700.0,17950.0,768470.0,-1.1019283746556474,270468900,591339100,11469802300,1718585600,392025050,46002600,8400286650,5211881600,14050195900
2021-08-02,18050.0,18200.0,17950.0,18000.0,91415.0,0.2785515320334262,329752000,360850700,612011100,349093500,88667050,0,1268701200,294339050,1651707300
2021-08-03,17900.0,18050.0,17750.0,18000.0,123464.0,0.0,246897450,333943250,1146471750,486900350,399148500,18238000,1452594100,344232200,2214212800
2021-08-04,18000.0,18250.0,18000.0,18200.0,137803.0,1.1111111111111112,336958650,39692400,1074833600,1045564350,155428150,547500,1686158950,654914400,2497049000
2021-08-05,18200.0,18400.0,18150.0,18350.0,99183.0,0.8241758241758242,339447650,59049800,1024110300,388647050,228349900,1686600,1307255600,273962700,1811254800
2021-08-06,18350.0,18400.0,18200.0,18400.0,93383.0,0.2724795640326975,199994200,54715000,1155379100,299528500,257344950,0,1016848800,435423050,1709616800
2021-08-09,18250.0,18350.0,18050.0,18200.0,147803.0,-1.0869565217391304,93311450,133467900,1879261250,578671050,381976650,0,1699662450,603072550,2684711650
2021-08-10,18100.0,18250.0,17950.0,18200.0,117078.0,0.0,329893250,182269350,1171891050,436908450,251505400,18150000,1576947050,274359650,2120962100
2021-08-11,18300.0,18450.0,18150.0,18250.0,98480.0,0.27472527472527475,201891050,92715000,1103288300,401243800,234185350,552000,1145249050,419151750,1799138150
2021-08-12,18350.0,18400.0,18200.0,18350.0,137371.0,0.547945205479452,333139900,91150000,1140000050,947705700,354241050,40150000,1756349550,361255050,2511995650
2021-08-13,18400.0,18450.0,17900.0,18100.0,127593.0,-1.3623978201634876,280007600,109240000,1280736750,636835200,280411250,71929950,969149200,985329150,2306819550
2021-08-17,18100.0,18200.0,17550.0,17700.0,199105.0,-2.209944751381215,232822700,213302600,1561469200,1544375100,335230100,0,1497707550,1719031950,3551969600
2021-08-18,17550.0,18100.0,17550.0,18000.0,139876.0,1.694915254237288,217966700,143600,917546500,1371847900,238118850,18791150,1785898750,464695950,2507504700
2021-08-19,17800.0,17850.0,17200.0,17350.0,341174.0,-3.6111111111111107,235430900,372889650,3243663250,2083245750,1034626450,34600000,2958344500,1907658600,5935229550
2021-08-20,17350.0,17500.0,16700.0,16850.0,312019.0,-2.881844380403458,606280400,232727200,2349195900,2126547350,281362300,997100,3080531350,1951860100,5314750850
2021-08-23,16950.0,17550.0,16950.0,17400.0,110474.0,3.2640949554896146,321756700,26944600,513129650,1047862200,123645450,1558500,1141836450,642652750,1909693150
2021-08-24,17450.0,17650.0,17300.0,17500.0,134544.0,0.5747126436781609,426364450,188526500,961885550,776346450,231170800,24766700,861689950,1235495500,2353122950
2021-08-25,17550.0,17600.0,17150.0,17200.0,113464.0,-1.7142857142857144,104673950,87601950,1147907900,624787100,126807900,0,624653450,1213509550,1964970900
2021-08-26,17200.0,17350.0,16900.0,16900.0,126932.0,-1.744186046511628,258870150,120005050,1229759750,561469800,188573800,0,1020690850,960840100,2170104750
2021-08-27,17150.0,17250.0,16800.0,17000.0,109310.0,0.591715976331361,282785300,66409000,787453750,723821850,50753550,514500,1071043950,738157900,1860469900
2021-08-30,17200.0,17250.0,16950.0,17000.0,93614.0,0.0,183101550,34214050,859729200,519054400,373370200,136400,731814250,490778350,1596099200
2021-08-31,17000.0,17350.0,16950.0,17250.0,118700.0,1.4705882352941175,242134000,33925000,1082077450,671085850,527285950,519000,685397800,816019550,2029222300
2021-09-01,17150.0,17400.0,17050.0,17200.0,112368.0,-0.2898550724637681,157901250,42850000,1006398150,722446800,414099450,15253200,1007105600,493137950,1929596200
2021-09-02,17200.0,17450.0,17100.0,17150.0,137030.0,-0.29069767441860467,85872900,53165000,1037668750,1181257650,657326100,0,853262700,847375500,2357964300
2021-09-03,17200.0,17250.0,16950.0,17000.0,106055.0,-0.8746355685131195,121134850,26620000,1202316750,459835850,349811400,0,851648600,608447450,1809907450
2021-09-06,17000.0,17100.0,16850.0,17000.0,134272.0,0.0,88816000,50700000,1236872550,897729950,252905900,0,1238178000,783034600,2274118500
2021-09-07,16900.0,17000.0,16700.0,16850.0,201138.0,-0.8823529411764706,150935600,638400,1933679750,1296512050,537751950,0,1559782900,1284230950,3381765800
2021-09-08,16800.0,17050.0,16750.0,16850.0,155590.0,0.0,447230900,0,975559350,1205879500,521836550,50600000,1300114800,756118400,2628669750
2021-09-09,16800.0,16950.0,16500.0,16550.0,242522.0,-1.7804154302670623,235236650,67113800,2233590100,1497718000,954148200,0,1713137350,1366373000,4033658550
2021-09-10,16650.0,17050.0,16350.0,16850.0,193512.0,1.812688821752266,357967000,991500,1817630650,1059483100,282842700,1012500,2068519550,883697500,3236072250
2021-09-13,16750.0,17050.0,16700.0,16850.0,143084.0,0.0,637152300,2356000,879780150,890413150,100965200,508500,1132316100,1175911800,2409701600
2021-09-14,16850.0,17150.0,16800.0,17000.0,111347.0,0.8902077151335311,482502500,0,691482900,722043150,171822650,19666500,964904750,739634650,1896028550
2021-09-15,16950.0,17000.0,16700.0,16800.0,128513.0,-1.1764705882352942,84202600,504000,1530312550,546095200,156827650,0,1081735950,922550750,2161114350
2021-09-16,16850.0,16950.0,16600.0,16800.0,115850.0,0.0,126170300,498000,913899100,899145550,295854900,0,874266200,769591850,1939712950
2021-09-17,16700.0,16800.0,16450.0,16550.0,179346.0,-1.488095238095238,102309950,2148500,1870804450,995974050,440448350,198600,1173246050,1357343950,2971236950
2021-09-23,16450.0,16500.0,16000.0,16200.0,263256.0,-2.1148036253776437,146288150,1103100,2530921150,1587508900,291417800,0,2374085200,1600318300,4265821300
2021-09-24,16250.0,16550.0,16100.0,16300.0,175927.0,0.6172839506172839,643846000,484500,855422100,1366868665,299674150,495000,1278987250,1287464865,2866621265
2021-09-27,16150.0,16500.0,16150.0,16350.0,82154.0,0.3067484662576687,380369650,0,490467650,472660250,292078100,0,736358800,315060650,1343497550
2021-09-28,16500.0,16500.0,16000.0,16100.0,167939.0,-1.529051987767584,379013700,5805000,1566844250,755898900,536335200,0,894179700,1277046950,2707561850
2021-09-29,15900.0,16050.0,15550.0,15750.0,192032.0,-2.1739130434782608,166214750,17170500,1412224700,1434481600,194112450,0,1568953350,1267025750,3030091550
2021-09-30,15600.0,16050.0,15600.0,15900.0,133198.0,0.9523809523809524,224783200,6280000,710804600,1170470850,384898850,2527500,789243700,935668600,2112338650
2021-10-01,15650.0,15850.0,15450.0,15600.0,177979.0,-1.8867924528301887,124496850,1027500,1130020100,1516313900,332358550,0,1378206400,1061293400,2771858350
2021-10-05,15450.0,15900.0,15000.0,15600.0,234693.0,0.0,313604650,31405500,1422014800,1848835950,258020750,2341500,2104319650,1251179000,3615860900
2021-10-06,15850.0,16050.0,15350.0,15750.0,118322.0,0.9615384615384616,352445150,1395000,661282150,839543400,218769050,12441500,1168900450,454554700,1854665700
2021-10-07,15800.0,16150.0,15750.0,16000.0,117443.0,1.5873015873015872,403575900,635500,945227900,530273300,117194900,1744000,1137929850,622843850,1879712600
2021-10-08,16000.0,16550.0,15800.0,16500.0,176041.0,3.125,906694150,16400,812643700,1160661750,390503600,1468500,1674199100,813844800,2880016000
2021-10-12,16600.0,17350.0,16550.0,17100.0,312010.0,3.6363636363636362,670685450,1294800,3563932850,1066967350,308560800,2986200,3101462800,1889870650,5302880450
2021-10-13,17000.0,17350.0,16950.0,17200.0,110138.0,0.5847953216374269,415108200,5135000,677370050,788727700,92422600,14279000,741475250,1038164100,1886340950
2021-10-14,17250.0,17550.0,16950.0,17500.0,129707.0,1.744186046511628,493120300,1115750,921406800,834015150,139539950,66190750,1651554850,392372450,2249658000
2021-10-15,17550.0,17950.0,17500.0,17800.0,225444.0,1.7142857142857144,642576600,19600000,1721600000,1622876550,383085450,1065000,2978094600,644408100,4006653150
2021-10-18,17850.0,17850.0,17550.0,17650.0,107945.0,-0.8426966292134831,243195550,0,797071900,871388850,253100250,5340000,1145246300,507969750,1911656300
2021-10-19,17800.0,17950.0,17600.0,17750.0,109859.0,0.56657223796034,174849750,0,895322300,875564750,40027600,621250,1171654200,733433750,1945736800
2021-10-20,17600.0,17750.0,17150.0,17350.0,117273.0,-2.2535211267605635,169228600,1044000,1129352950,741883200,115558550,5297650,1346726350,573926200,2041508750
2021-10-21,17250.0,17550.0,17100.0,17500.0,96170.0,0.8645533141210375,208323000,514500,672135600,788538500,167907500,5730000,848208700,647665400,1669511600
2021-10-22,17450.0,17550.0,17200.0,17350.0,67186.0,-0.8571428571428572,422035400,0,470020850,276266800,71824800,0,724837100,371661150,1168323050
2021-10-25,17200.0,17350.0,17050.0,17250.0,57107.0,-0.5763688760806917,146987150,23914600,366301800,445818500,75397150,0,545359600,362265300,983022050
2021-10-26,17250.0,17400.0,17150.0,17350.0,46456.0,0.5797101449275363,192215100,17150000,376862900,215171800,35886700,0,593583600,171929500,801399800
2021-10-27,17350.0,17350.0,17050.0,17300.0,48393.0,-0.2881844380403458,92695750,0,704159350,34540650,164931100,0,519035150,147429500,831395750
2021-10-28,17150.0,17300.0,16650.0,16650.0,88672.0,-3.7572254335260116,99005800,1012500,1273063200,125204650,154615950,0,939247550,404422650,1498286150
2021-10-29,16700.0,16850.0,16400.0,16700.0,58492.0,0.3003003003003003,115920600,991500,691970100,162403250,218675950,3330000,428483250,320796250,971285450
2021-11-01,16600.0,16900.0,16450.0,16600.0,116537.0,-0.5988023952095809,297738700,10807150,913215850,715135600,322746150,4243600,1314150700,295756850,1936897300
2021-11-02,16650.0,17400.0,16650.0,17350.0,130055.0,4.518072289156627,687642900,0,855955650,687450600,117965300,50273400,1853955250,208855200,2231049150
2021-11-03,17250.0,17450.0,17050.0,17100.0,72590.0,-1.440922190201729,374237200,0,730563850,145751150,279760450,208800,456454150,514128800,1250552200
2021-11-04,17200.0,18000.0,17200.0,17750.0,318794.0,3.8011695906432745,758777900,409400,3873517200,1039090650,219297650,137674500,4453973200,860849800,5671795150
2021-11-05,17750.0,17800.0,17050.0,17300.0,223713.0,-2.535211267605634,616492050,1769700,2221081250,1037445300,148309100,0,3050893700,677585500,3876788300
2021-11-08,17300.0,17900.0,17050.0,17600.0,207873.0,1.7341040462427744,195146450,43194200,2857596650,556661850,125199000,63520400,2362506450,1101373300,3652599150
2021-11-09,17700.0,17800.0,17200.0,17450.0,137949.0,-0.8522727272727272,241939900,866100,1317338350,834357400,105268500,0,2096108550,193124700,2394501750
2021-11-10,17300.0,17500.0,16950.0,17050.0,78411.0,-2.292263610315186,188672950,1580000,900069350,253967600,237722650,0,886734650,219832600,1344289900
2021-11-11,16950.0,17250.0,16650.0,16850.0,107040.0,-1.1730205278592376,333026700,52012500,1071037150,358280050,183498200,0,1148722000,482136200,1814356400
2021-11-12,16800.0,17150.0,16800.0,17100.0,53068.0,1.483679525222552,231361250,1764300,396125550,271898400,104859100,650900,619071550,176567950,901149500
2021-11-15,16950.0,17400.0,16950.0,17350.0,75794.0,1.461988304093567,228630650,2225900,532655600,538806700,56553200,519000,1097401200,147845450,1302318850
2021-11-16,17250.0,17350.0,16950.0,17100.0,94762.0,-1.440922190201729,161845450,1506100,1309935600,147646450,527647050,0,476878900,616407650,1620933600
2021-11-17,17000.0,17000.0,16450.0,16500.0,140337.0,-3.508771929824561,58087800,2141000,2190125200,91004850,652643050,0,1164169700,524546100,2341358850
2021-11-18,16550.0,16550.0,16250.0,16300.0,74168.0,-1.2121212121212122,134507950,6967950,865198400,206354100,484214700,654000,573991700,154168000,1213028400
2021-11-19,16300.0,16500.0,16150.0,16200.0,68227.0,-0.6134969325153374,135974400,5359500,822190450,144025900,341523650,0,581859200,184167400,1107550250
2021-11-22,16200.0,16500.0,16100.0,16450.0,66504.0,1.5432098765432098,335507650,0,353961200,397709050,105193100,10529500,819653550,151801750,1087177900
2021-11-23,16250.0,16300.0,16000.0,16050.0,103957.0,-2.43161094224924,77605300,160984500,1294881750,139553700,349568950,0,832624750,490831550,1673025250
2021-11-24,16100.0,16450.0,15800.0,16000.0,93702.0,-0.3115264797507788,127654000,41121450,1080683450,242381700,214310350,0,665123500,612406750,1491840600
2021-11-25,16000.0,16000.0,15500.0,15700.0,121274.0,-1.875,266246950,469500,1376544300,263905050,164892900,0,1278936600,463336300,1907165800
2021-11-26,15750.0,15800.0,15500.0,15500.0,84232.0,-1.2738853503184715,67013850,465000,997394150,247462150,335907950,0,792110000,184317200,1312335150
2021-11-29,15350.0,15600.0,15050.0,15200.0,97556.0,-1.935483870967742,316267350,92465200,837636100,241117850,66911850,465000,1057633550,362476100,1487486500
2021-11-30,15500.0,16000.0,15050.0,15150.0,200566.0,-0.3289473684210526,237089550,1410800,2151303150,709395500,315534250,1411500,1902460800,879792450,3099199000
2021-12-01,15200.0,15700.0,15100.0,15500.0,147985.0,2.31023102310231,478617800,915000,1493620150,297349550,159970950,1401000,1007886350,1101244200,2270502500
2021-12-02,15450.0,16400.0,15200.0,16150.0,178282.0,4.193548387096775,924334300,0,1214633850,689151450,189829650,18650000,1983233900,636406050,2828119600
2021-12-03,16250.0,16500.0,16000.0,16400.0,115777.0,1.5479876160990713,762138250,0,783404350,341708500,210133500,495000,1069978900,606643700,1887251100
2021-12-06,16200.0,16400.0,16000.0,16100.0,74510.0,-1.8292682926829267,94284300,805650,741261100,365140900,188819100,0,535289200,477383650,1201491950
2021-12-07,16250.0,16350.0,16050.0,16200.0,66979.0,0.6211180124223602,74516500,1960200,393296600,615094500,123222850,0,552022950,409622000,1084867800
2021-12-08,16250.0,16600.0,16100.0,16200.0,101893.0,0.0,691090300,1177500,601136000,374268550,113290600,495000,1161874300,392012450,1667672350
2021-12-09,16300.0,16450.0,16100.0,16450.0,113338.0,1.5432098765432098,1070386050,0,516911400,261963300,822136800,0,633647500,393476450,1849260750
2021-12-10,16250.0,16400.0,16000.0,16150.0,89880.0,-1.82370820668693,210050900,0,918490400,320974150,805571550,0,394961000,248982900,1449515450
2021-12-13,16250.0,16400.0,15950.0,16000.0,133640.0,-0.9287925696594427,168376050,9272100,1309674700,673887400,421527800,0,1352781250,386901200,2161210250
2021-12-14,15950.0,16150.0,15700.0,15900.0,81006.0,-0.625,42477500,1270500,843649800,399872400,157490350,0,815870150,313909700,1287270200
2021-12-15,15900.0,15950.0,15700.0,15700.0,59322.0,-1.257861635220126,47139300,0,718397000,170435750,166470950,0,472512300,296988800,935972050
2021-12-16,15800.0,16000.0,15450.0,15650.0,86388.0,-0.3184713375796179,113529750,934500,1028176950,207005300,113706400,0,872112100,363828000,1349646500
2021-12-17,15650.0,15800.0,15500.0,15550.0,70076.0,-0.6389776357827476,299031950,0,459029700,336858900,87463300,0,451731750,555725500,1094920550
2021-12-20,15600.0,16000.0,15500.0,15600.0,98094.0,0.3215434083601286,181946400,465000,1164340400,189904450,113917900,475500,1066686300,355576550,1536656250
2021-12-21,15550.0,15650.0,15400.0,15550.0,101186.0,-0.3205128205128205,232578750,777500,1128424150,207859600,135854350,0,584187000,849598650,1569640000
2021-12-22,15500.0,15800.0,15450.0,15750.0,107122.0,1.2861736334405145,79674400,0,971464100,618761050,214329250,0,1406470050,49100250,1669899550
2021-12-23,15700.0,15950.0,15700.0,15900.0,56385.0,0.9523809523809524,151183750,0,579008250,161349550,46291700,475500,822953550,21820800,891541550
2021-12-24,15950.0,16200.0,15950.0,16150.0,101837.0,1.5723270440251573,198066450,16100,1169642800,272602050,32294850,980550,1410494400,196557600,1640327400
2021-12-27,16250.0,16250.0,15950.0,16000.0,57328.0,-0.9287925696594427,121247600,0,715763850,85427400,32685850,0,748261900,141491100,922438850
2021-12-28,16000.0,16350.0,15950.0,16250.0,230749.0,1.5625,438743400,112000000,2133182950,1028398200,316799550,489000,2898383350,496652650,3712324550
2021-12-29,16150.0,16250.0,15900.0,15900.0,120000.0,-2.1538461538461537,255736200,1066800,1439471150,228119200,420598500,32300,1091691550,412071000,1924393350
2021-12-30,15850.0,15900.0,15550.0,15700.0,90782.0,-1.257861635220126,174021150,943500,1177091750,72642000,289777600,0,507980900,626939900,1424698400
2022-01-03,15800.0,15800.0,15500.0,15550.0,78770.0,-0.9554140127388535,48550900,1045200,1107049950,72409350,393878100,0,487426250,347751050,1229055400
2022-01-04,15550.0,15750.0,15400.0,15700.0,87125.0,0.964630225080386,74548350,4117350,806695200,476960550,478768000,0,700703400,182850050,1362321450
2022-01-05,15850.0,15850.0,15500.0,15550.0,77898.0,-0.9554140127388535,296344750,15650,636587400,285968550,358449700,1050850,499646550,359769250,1218916350
2022-01-06,15450.0,15500.0,15150.0,15200.0,114026.0,-2.2508038585209005,94186400,1378500,1564412300,83064600,654389500,0,774379300,314273000,1743041800
2022-01-07,15300.0,15450.0,15100.0,15250.0,74503.0,0.3289473684210526,81964100,0,823017950,232629050,393252400,0,518982650,225376050,1137611100
2022-01-10,15200.0,15350.0,14950.0,15050.0,64877.0,-1.3114754098360655,84164200,600500,825611300,65624850,114852450,0,675458450,185689950,976000850
2022-01-11,14950.0,15100.0,14700.0,14700.0,116065.0,-2.3255813953488373,238778750,8587000,1169645500,306058650,662676750,59500000,633009150,367884000,1723069900
2022-01-12,14750.0,15150.0,14700.0,15000.0,99063.0,2.0408163265306123,325899900,441000,686349150,461364300,548869350,904500,654090200,270190300,1474054350
2022-01-13,15000.0,15150.0,14800.0,14900.0,58713.0,-0.6666666666666667,214815650,15345500,501726950,144188600,409157700,0,331495850,135423150,876076700
2022-01-14,14800.0,14800.0,14550.0,14650.0,98298.0,-1.6778523489932886,45332950,37539050,994930900,361423800,609222300,700850,644157600,185145950,1439226700
2022-01-17,14600.0,14600.0,14300.0,14450.0,71959.0,-1.3651877133105803,262606400,6706000,545678900,221827400,297799200,0,623322600,115696900,1036818700
2022-01-18,14550.0,14650.0,14000.0,14050.0,84551.0,-2.768166089965398,74255750,6910750,1048832500,72577000,89634950,508500,735657200,376775350,1202576000
2022-01-19,13950.0,14150.0,13750.0,14100.0,106121.0,0.3558718861209964,157407500,415500,888641150,432687250,557477550,0,627329800,294344050,1479151400
2022-01-20,13900.0,14100.0,13800.0,14050.0,77912.0,-0.3546099290780142,156780650,0,801511150,129470450,499803850,0,374393800,213564600,1087762250
2022-01-21,13900.0,14150.0,13850.0,13850.0,45679.0,-1.4234875444839856,70624850,415500,470856350,95742600,230052250,424500,247597900,159564650,637639300
2022-01-24,13750.0,14000.0,13450.0,13550.0,125162.0,-2.166064981949458,354224350,819000,1045267700,308018400,568119900,0,869231000,270978550,1708329450
2022-01-25,13600.0,13650.0,12900.0,13050.0,216723.0,-3.6900369003690034,295632600,1588500,1672193050,885178100,701879500,0,1587554050,565158700,2854592250
2022-01-26,13250.0,13350.0,12750.0,13050.0,101128.0,0.0,94532000,1165500,595342250,629979150,495272600,13989100,630154550,181602650,1321018900
2022-01-27,12950.0,13050.0,12350.0,12350.0,200947.0,-5.363984674329502,97549050,1134000,1533048350,892157650,857800800,1337500,1213992350,450758400,2523889050
2022-01-28,12350.0,13100.0,12200.0,12950.0,121177.0,4.8582995951417,175373300,369000,555178050,817367250,416410650,1536000,873086350,257254600,1548287600
2022-02-03,13200.0,13800.0,13100.0,13400.0,104055.0,3.474903474903475,277054900,402000,603048950,518103850,145151550,2154500,696055500,555248150,1398609700
2022-02-04,13300.0,13600.0,13250.0,13500.0,56484.0,0.7462686567164178,312376700,838500,322725900,124071850,146950000,816000,233511200,378735750,760012950
2022-02-07,13500.0,13800.0,13200.0,13700.0,87461.0,1.4814814814814816,116415850,399000,874632500,184965200,294590400,887500,423905900,457028750,1176412550
2022-02-08,13700.0,14000.0,13400.0,13450.0,87066.0,-1.824817518248175,228172850,811500,903740100,56049400,100601600,417000,334880700,752874550,1188773850
2022-02-09,13650.0,13850.0,13450.0,13650.0,46532.0,1.486988847583643,115856200,0,362302050,157337600,70873050,412500,332063600,232146700,635495850
2022-02-10,13650.0,13850.0,13600.0,13700.0,42544.0,0.3663003663003663,93388600,1411100,287269100,200533150,205509200,0,256606250,120486500,582601950
2022-02-11,13550.0,13750.0,13450.0,13650.0,45309.0,-0.36496350364963503,27341900,0,180448000,409374350,204565350,0,230223400,182375500,617164250
2022-02-14,13600.0,13650.0,13300.0,13450.0,61880.0,-1.465201465201465,240866850,802500,301183600,291114250,65106800,408000,416575600,351876800,833967200
2022-02-15,13350.0,13650.0,13150.0,13350.0,47573.0,-0.7434944237918215,260796050,399000,282961700,93550900,105047150,0,299163600,233496900,637707650
2022-02-16,13500.0,13600.0,13350.0,13450.0,58882.0,0.7490636704119851,194937150,677500,413930550,183274750,218517750,408000,278307000,295587200,792819950
2022-02-17,13300.0,13750.0,13250.0,13400.0,89841.0,-0.37174721189591076,138136200,816150,475455700,598475400,295904100,820500,501448000,414710850,1212883450
2022-02-18,13450.0,13700.0,13300.0,13550.0,42104.0,1.1194029850746268,92012500,399000,228782850,247679450,79010550,421400,248166950,241274900,568873800
2022-02-21,13400.0,13650.0,13300.0,13500.0,58137.0,-0.36900369003690037,123983850,3069000,286495700,367950300,122443800,408000,523630250,135016800,781498850
2022-02-22,13350.0,13400.0,13100.0,13300.0,68139.0,-1.4814814814814816,76954400,3438500,508530750,312061600,361826600,0,222122750,317035900,900985250
2022-02-23,13250.0,13350.0,13200.0,13350.0,45176.0,0.37593984962406013,87658400,0,353907000,159248400,46772900,0,247611850,306429050,600813800
2022-02-24,13200.0,13250.0,12950.0,13050.0,84767.0,-2.247191011235955,70425600,391500,675921800,360146400,170942700,0,470855200,465087400,1106885300
2022-02-25,13200.0,13300.0,13000.0,13250.0,54437.0,1.532567049808429,129690050,0,283565000,304413300,74761600,0,396245750,246661000,717668350
2022-02-28,13300.0,13400.0,13100.0,13400.0,43968.0,1.1320754716981132,56355550,0,287033050,241075800,133695350,400500,304781800,145586750,584464400
2022-03-02,13350.0,13400.0,13100.0,13150.0,90018.0,-1.8656716417910446,106240550,3960000,753059450,324139950,323140350,0,378143100,486116500,1187399950
2022-03-03,13200.0,13450.0,13150.0,13350.0,60024.0,1.520912547528517,105178200,0,435932700,258159350,92769750,403500,496340350,209756650,799270250
2022-03-04,13400.0,13500.0,13200.0,13350.0,47186.0,0.0,73871750,0,350497500,204243400,84417100,0,458226750,85968800,628612650
2022-03-07,13200.0,13200.0,12950.0,13000.0,117707.0,-2.6217228464419478,57642800,154726000,741547100,578592250,244297300,0,406858850,881352000,1532508150
2022-03-08,12850.0,12950.0,12700.0,12950.0,68665.0,-0.38461538461538464,73043500,41645650,406390350,361639750,149279900,0,328812700,404626650,882719250
2022-03-10,13150.0,13350.0,13100.0,13350.0,71871.0,3.088803088803089,454009250,1320000,321965200,177009200,114563900,1191000,536419250,302129500,954303650
2022-03-11,13300.0,13350.0,13200.0,13300.0,40583.0,-0.37453183520599254,131378250,0,221620000,186708750,204764500,0,167560850,167381650,539707000
2022-03-14,13250.0,13350.0,13100.0,13150.0,47973.0,-1.1278195488721803,122916350,49246750,344931850,117109000,255525900,0,187362150,191315900,634203950
2022-03-15,13100.0,13200.0,13000.0,13200.0,39103.0,0.38022813688212925,40646750,391500,397770750,74965350,41999150,1091450,329434950,141248800,513774350
2022-03-16,13300.0,13500.0,13200.0,13500.0,55764.0,2.272727272727273,162273650,0,440272350,143528600,37165100,6184000,602843350,99882150,746074600
2022-03-17,13650.0,13900.0,13550.0,13550.0,81235.0,0.3703703703703704,263586900,408000,577884250,272570900,216676150,1239000,639913900,256621000,1114450050
2022-03-18,13550.0,13800.0,13500.0,13550.0,109903.0,0.0,190837950,2720000,561126400,742529100,469522850,13675000,496572550,517443050,1497213450
2022-03-21,13750.0,13750.0,13400.0,13600.0,72343.0,0.36900369003690037,232867250,417250,664080000,84177800,104532550,27100000,352427500,497482250,981542300
2022-03-22,13700.0,13850.0,13550.0,13850.0,137761.0,1.8382352941176472,380528850,0,526463000,988051400,671643700,412500,745094750,477892300,1895043250
2022-03-23,13900.0,14050.0,13850.0,13950.0,58107.0,0.7220216606498195,270815400,6949000,319584050,213418200,90258900,837000,555604450,164066300,810766650
2022-03-24,13800.0,13950.0,13700.0,13950.0,50468.0,0.0,80961950,493800,401276850,214299650,137279950,0,420336750,139415550,697032250
2022-03-25,14000.0,14050.0,13850.0,14000.0,47892.0,0.35842293906810035,81088950,1168800,320939100,265150900,116528050,504000,392823050,158492650,668347750
2022-03-28,13950.0,14200.0,13800.0,14150.0,56441.0,1.0714285714285714,171279050,0,337843600,282944200,97447050,873900,558052000,135693900,792066850
2022-03-29,14200.0,14400.0,14050.0,14350.0,84181.0,1.4134275618374559,281895750,5534100,647432000,265676650,116559550,429000,786946800,296603150,1200538500
2022-03-30,14400.0,14550.0,14350.0,14400.0,78589.0,0.34843205574912894,212527350,5154600,438455750,475865800,69307600,433500,690346150,371916250,1132003500
2022-03-31,14400.0,14700.0,14350.0,14650.0,84977.0,1.7361111111111112,316495350,14700,577600200,345266800,156102350,877500,954057650,128339550,1239377050
2022-04-01,14600.0,14700.0,14400.0,14500.0,61817.0,-1.023890784982935,65462050,0,659111850,175389450,277137100,0,346846350,275979900,899963350
2022-04-04,14450.0,14600.0,14350.0,14500.0,55704.0,0.0,141161300,1435000,405593100,255309700,262538450,0,403966650,136994000,803499100
2022-04-05,14400.0,14500.0,14350.0,14450.0,46450.0,-0.3448275862068966,172621850,0,325059000,171744000,161263900,7891200,389725050,110544700,669424850
2022-04-06,14400.0,14400.0,14200.0,14400.0,77998.0,-0.34602076124567477,180328950,131027800,527107850,275717950,211201300,0,485679200,417302050,1114182550
2022-04-07,14200.0,14250.0,14100.0,14150.0,78435.0,-1.7361111111111112,283446800,79390000,562595150,184729250,219005800,0,569287050,321868350,1110161200
2022-04-08,14150.0,14150.0,13900.0,14050.0,76587.0,-0.7067137809187279,77990850,42520000,657525500,294063450,207799800,13950,490684150,373601900,1072099800
2022-04-11,14000.0,14150.0,13850.0,14050.0,43087.0,0.0,178415200,1031500,239697900,184428100,58092700,424500,442255000,102800500,603572700
2022-04-12,13950.0,14050.0,13750.0,13950.0,55769.0,-0.7117437722419928,60550600,28015500,488191550,194675500,91789650,0,446633650,233009850,771433150
2022-04-13,14000.0,14050.0,13850.0,13950.0,57265.0,0.0,272675500,0,299837400,226497450,37870850,0,490839950,270299550,799010350
2022-04-14,14000.0,14150.0,13900.0,14150.0,57311.0,1.4336917562724014,270519100,0,282711450,250093800,129737300,424500,477584550,195578000,803324350
2022-04-15,14100.0,14350.0,13900.0,14200.0,65254.0,0.35335689045936397,459304300,0,291471050,174104700,290378750,429000,474012950,160059350,924880050
2022-04-18,14050.0,14300.0,14050.0,14200.0,51189.0,0.0,98124050,26336200,516531250,84942700,135526150,4970000,513384100,72053950,725934200
2022-04-19,14100.0,14250.0,14050.0,14250.0,32955.0,0.35211267605633806,131745800,2820000,239246500,92739600,66579050,42600,260937100,138993150,466551900
2022-04-20,14150.0,14150.0,13850.0,14000.0,168638.0,-1.7543859649122806,339389500,8669000,1488587700,520434450,1272243350,6064300,560027000,518746000,2357080650
2022-04-21,14000.0,14100.0,13850.0,14100.0,56283.0,0.7142857142857143,251968850,166200,365724800,172726250,34973450,282000,625273950,130056700,790586100
2022-04-22,14000.0,14300.0,13900.0,14200.0,103386.0,0.7092198581560284,37188600,14100,497036450,927198719,240556500,598800,880167650,340114919,1461437869
2022-04-25,14050.0,14200.0,13900.0,14150.0,61006.0,-0.35211267605633806,242981750,434050,288133850,326566200,142825050,0,407329350,307961450,858115850
2022-04-26,14250.0,14700.0,14150.0,14550.0,155201.0,2.8268551236749118,334814200,1022000,1300858050,618560800,61667350,1300500,1757380450,434906750,2255255050
2022-04-27,14300.0,14450.0,14200.0,14300.0,82339.0,-1.718213058419244,186535450,2437500,735324750,250309000,97184600,1430000,516314250,559677850,1174606700
2022-04-28,14250.0,14550.0,14250.0,14500.0,61774.0,1.3986013986013985,214145550,722500,502841850,174394950,97974550,0,562741150,231389150,892104850
2022-04-29,14500.0,14600.0,14350.0,14550.0,61978.0,0.3448275862068966,254346200,722500,483055400,160548100,77394750,438000,409286850,411552600,898672200
2022-05-02,14350.0,14550.0,14300.0,14500.0,32357.0,-0.3436426116838488,113950650,429000,306927900,44894000,125780700,14400,285531750,54874700,466201550
2022-05-03,14400.0,14550.0,14250.0,14400.0,42857.0,-0.6896551724137931,120481600,0,429601050,66419900,124453800,720000,392290700,99038050,616502550
2022-05-04,14300.0,14400.0,14100.0,14200.0,58811.0,-1.3888888888888888,289111350,424500,504525250,41080400,73463400,14150,598210400,163453550,835141500
2022-05-06,14000.0,14200.0,13900.0,14150.0,54975.0,-0.35211267605633806,125758300,420000,310342500,334942467,83445850,0,444017400,244000017,771463267
2022-05-09,14000.0,14000.0,13700.0,14000.0,87837.0,-1.0600706713780919,255259050,826500,801232300,158053550,216044250,420000,500422600,498484550,1215371400
2022-05-10,13900.0,13900.0,13400.0,13650.0,72067.0,-2.5,148838150,5160350,758630250,65617800,105641450,0,348381400,524223700,978246550
2022-05-11,13550.0,13600.0,13350.0,13500.0,52788.0,-1.098901098901099,103127700,2760400,504398450,101388700,156713800,0,324997450,229964000,711675250
2022-05-12,13350.0,14050.0,13350.0,13700.0,102480.0,1.4814814814814816,409937550,6873900,818959850,174046550,181840950,1249500,1067650500,159076900,1409817850
2022-05-13,13850.0,14200.0,13750.0,14050.0,85291.0,2.5547445255474455,412803350,0,254119400,526609200,90213800,42994500,956929150,103394500,1193531950
2022-05-16,13950.0,14150.0,13750.0,13900.0,69711.0,-1.0676156583629894,350059450,19806000,413410450,189268700,235073500,0,505621650,231849450,972544600
2022-05-17,14050.0,14300.0,14050.0,14150.0,53928.0,1.7985611510791366,262441250,0,318082800,183486450,35604400,424500,476634950,251346650,764010500
2022-05-18,14100.0,14250.0,13950.0,14000.0,41390.0,-1.0600706713780919,272547950,0,200761200,109165550,162308050,0,142872800,277293850,582474700
2022-05-19,13750.0,13850.0,13550.0,13650.0,47110.0,-2.5,161925800,1231500,353890350,128063150,165037750,0,324741350,155331700,645110800
2022-05-20,13850.0,14200.0,13850.0,14200.0,65252.0,4.029304029304029,568114050,1420000,100620050,248049950,43764350,87789250,748320200,38330250,918204050
2022-05-23,14200.0,14200.0,14050.0,14100.0,29827.0,-0.7042253521126761,234251300,7050000,99646500,80540800,72812150,14100,285268400,63393950,421488600
2022-05-24,14150.0,14500.0,14050.0,14400.0,96271.0,2.127659574468085,757084500,0,357092100,266609350,131766650,3472500,1050051400,195495400,1380785950
2022-05-25,14300.0,14400.0,13950.0,14000.0,109239.0,-2.7777777777777777,406078750,844500,1043662900,95988350,157386350,0,848239500,540948650,1546574500
2022-05-26,14100.0,14200.0,13950.0,14150.0,39354.0,1.0714285714285714,195017950,42450000,215931050,101563450,95599200,0,321258700,138104550,554962450
2022-05-27,14200.0,14450.0,13900.0,14300.0,69164.0,1.0600706713780919,335844850,11980000,404738000,235321150,19063450,1291500,833789050,133740000,987884000
2022-05-30,14450.0,14600.0,14400.0,14450.0,49188.0,1.048951048951049,202059300,0,310548800,200699350,39741750,88530350,541959800,43075550,713307450
2022-05-31,14550.0,14650.0,14250.0,14250.0,95477.0,-1.384083044982699,246411700,427500,463341500,664693650,241065350,136865500,335567050,661376450,1374874350
2022-06-02,14250.0,14500.0,14100.0,14350.0,69015.0,0.7017543859649122,343434150,496500,414624550,230633100,381043550,433500,255415050,352296200,989188300
2022-06-03,14450.0,14500.0,14250.0,14450.0,34862.0,0.6968641114982579,248860200,0,120655400,132261450,63991900,0,351992700,85792450,501777050
2022-06-07,14550.0,14550.0,14150.0,14250.0,58897.0,-1.384083044982699,240388000,12436500,470514050,115199450,269064250,6830200,234134400,328509150,838538000
2022-06-08,14200.0,14350.0,14150.0,14200.0,34748.0,-0.3508771929824561,152602700,14250000,264065050,63951500,64844400,0,218622150,211402700,494869250
2022-06-09,14100.0,14150.0,13800.0,13850.0,120224.0,-2.464788732394366,612799600,5015500,899767900,153389900,777815050,1592750,218484500,673080600,1670972900
2022-06-10,13750.0,14300.0,13750.0,14250.0,98979.0,2.888086642599278,817394550,174134000,298825500,101043350,204198000,853500,868848750,317497150,1391397400
2022-06-13,14000.0,14150.0,13500.0,13600.0,81211.0,-4.56140350877193,238472150,1926500,832025700,45582550,307851850,0,487277350,322877700,1118006900
2022-06-14,13500.0,13600.0,13000.0,13300.0,124276.0,-2.2058823529411766,287595600,3677100,1091067200,257144900,146323150,822050,856603150,635736450,1639484800
2022-06-15,13250.0,13450.0,12900.0,13100.0,90933.0,-1.5037593984962405,326391200,48314900,538909050,280114550,101565800,3433950,553768450,534961500,1193729700
2022-06-16,13200.0,13350.0,12950.0,12950.0,49341.0,-1.1450381679389312,210155050,1749350,346645650,89890150,91551250,928500,202814850,353145600,648440200
2022-06-17,12750.0,13250.0,12650.0,13250.0,86682.0,2.3166023166023164,383863850,3193200,216147600,515957500,69612100,3043650,461281750,585224650,1119162150
2022-06-20,13250.0,13250.0,12700.0,12800.0,86220.0,-3.3962264150943398,294300450,1453650,555481650,256391850,37231950,0,433089950,637305700,1107627600
2022-06-21,13000.0,13100.0,12750.0,12950.0,62932.0,1.171875,454263400,1178450,139060950,220589650,42853200,1064900,422376000,348798350,815092450
2022-06-22,12900.0,13000.0,12400.0,12550.0,109664.0,-3.088803088803089,266295400,174500550,768262600,169650300,83004850,0,659653750,636050250,1378708850
2022-06-23,12350.0,12750.0,12050.0,12500.0,114675.0,-0.398406374501992,553057000,126890500,497388400,248099250,43927850,1504500,747859950,632142850,1425435150
2022-06-24,12250.0,12800.0,12250.0,12600.0,121658.0,0.8,349117550,47687500,703627350,425299450,133363350,757500,873839550,517771450,1525731850
2022-06-27,12700.0,12950.0,12550.0,12850.0,71528.0,1.984126984126984,241109950,20007850,282821750,369487800,150120850,387000,479297700,283621800,913427350
2022-06-28,12800.0,13100.0,12800.0,13000.0,39111.0,1.1673151750972763,258871450,0,111992900,136469900,74449450,404500,273086200,159394100,507334250
2022-06-29,12950.0,12950.0,12750.0,12850.0,32732.0,-1.153846153846154,128475750,8102500,211706650,72153250,129272650,4480000,92993700,193691800,420438150
2022-06-30,12800.0,12850.0,12650.0,12850.0,138176.0,0.0,392900400,2593250,252937500,1113839650,166870750,0,533409200,1061990850,1762270800
2022-07-01,12950.0,13100.0,12500.0,12700.0,67093.0,-1.1673151750972763,130381850,2045500,469616800,255731050,79780250,416700,366432750,411145500,857775200
2022-07-04,12650.0,12800.0,12150.0,12350.0,123933.0,-2.7559055118110236,298451400,113693750,775512400,344584100,246765550,0,520437600,765038500,1532241650
2022-07-05,12450.0,12550.0,12200.0,12350.0,71784.0,0.0,94004700,579350,400576400,393675750,118069450,824100,675521050,94421600,888836200
2022-07-06,12300.0,12350.0,11900.0,12200.0,126228.0,-1.214574898785425,215948650,99134000,961295150,256818250,294113850,0,526258550,712823650,1533196050
2022-07-07,12200.0,12200.0,11900.0,12050.0,162736.0,-1.2295081967213115,406805200,2757000,1309837550,234124800,225055550,0,577734700,1150734300,1953524550
2022-07-08,12100.0,12150.0,11750.0,12000.0,138932.0,-0.4149377593360996,235667450,57339800,1066665500,298986150,121588850,8624500,629150100,899295450,1658658900
2022-07-11,12000.0,12000.0,11700.0,11900.0,97172.0,-0.8333333333333334,176991050,203161250,604323150,165883550,163299000,0,464895800,522164200,1150359000
2022-07-12,11950.0,12100.0,11500.0,11800.0,211392.0,-0.8403361344537815,65205800,188398500,2074713600,166329800,480772250,715500,999977100,1013182850,2494647700
2022-07-13,11700.0,12000.0,11700.0,12000.0,48247.0,1.694915254237288,115439950,0,309330650,149162850,36974350,357000,472183500,64418600,573933450
2022-07-14,12000.0,12000.0,11800.0,11850.0,44903.0,-1.25,190405050,0,255889250,88335550,196113400,0,272309600,66206850,534629850
2022-07-15,11900.0,11900.0,11400.0,11500.0,146918.0,-2.9535864978902953,324294800,6151100,1037577150,330463050,191247150,0,333325500,1173913450,1698486100
2022-07-18,11600.0,11900.0,11500.0,11750.0,74041.0,2.1739130434782608,187571900,1155000,385124100,290685400,97592300,352500,715169250,51422350,864536400
2022-07-19,11700.0,11950.0,11700.0,11850.0,66371.0,0.851063829787234,152723450,11950,234094200,401157850,77770200,357000,412351600,297508650,787987450
2022-07-20,12050.0,12100.0,11850.0,12000.0,55978.0,1.2658227848101267,120648950,12050,267818900,282161050,78576250,361500,258978200,332725000,670640950
2022-07-21,11900.0,12200.0,11850.0,12000.0,73993.0,0.0,315338050,7222750,354956650,212011000,83301350,364500,295086150,510776450,889528450
2022-07-22,11950.0,12150.0,11900.0,12050.0,54302.0,0.4166666666666667,157847750,357000,284647750,209674550,53669350,60250,278543100,320254350,652527050
2022-07-25,12050.0,12200.0,11900.0,12150.0,138863.0,0.8298755186721992,437248400,0,495022150,737001600,47162550,608500,1476503700,144997400,1669272150
2022-07-26,12150.0,12200.0,12000.0,12150.0,47129.0,0.0,97268700,602500,277199400,194506500,46781300,182250,143083150,379530400,569577100
2022-07-27,12150.0,12200.0,12050.0,12150.0,49280.0,0.0,231237850,0,199874700,165159050,47163350,486000,259259950,289362300,596271600
2022-07-28,12200.0,12300.0,12000.0,12000.0,115557.0,-1.2345679012345678,767018750,18075000,383134900,223404200,59216800,0,896673750,435742300,1391632850
2022-07-29,12100.0,12300.0,12000.0,12300.0,125494.0,2.5,402236300,6099350,381834900,734866800,57767350,369000,789089050,677811950,1525037350
2022-08-01,12200.0,12500.0,12100.0,12400.0,67790.0,0.8130081300813009,308598250,0,331701700,195785950,71318450,372000,564025250,200370200,836085900
2022-08-02,12400.0,12450.0,12250.0,12450.0,48787.0,0.4032258064516129,202053550,0,245136950,156462750,145378000,6150000,257570450,194554800,603653250
2022-08-03,12500.0,13400.0,12450.0,13200.0,260137.0,6.024096385542169,1590972950,19929350,1179443600,616966700,211026450,94059100,2815775850,286451200,3407312600
2022-08-04,13200.0,13250.0,12850.0,12900.0,99992.0,-2.272727272727273,477010350,13916900,721126800,88003900,363595100,19345050,467661550,449456250,1300057950
2022-08-05,12900.0,13150.0,12850.0,13050.0,55814.0,1.1627906976744187,314753050,0,329926950,81574550,145410450,0,286879400,293964700,726254550
2022-08-08,12950.0,13050.0,12850.0,13050.0,58569.0,0.0,261925850,22947000,349576150,122622050,337529300,12900000,240170850,166470900,757071050
2022-08-09,13050.0,13150.0,12900.0,13100.0,42406.0,0.38314176245210724,236361300,5240000,262521450,49143350,317240900,0,160722900,75302300,553266100
2022-08-10,13000.0,13150.0,12900.0,13000.0,68720.0,-0.7633587786259541,140957750,12950000,392717950,348377900,358482300,0,361929350,174591950,895003600
2022-08-11,13050.0,13300.0,13050.0,13250.0,50789.0,1.9230769230769231,320100050,79500,271838450,78920300,88693000,396000,520095250,61754050,670938300
2022-08-12,13250.0,13350.0,13150.0,13300.0,54323.0,0.37735849056603776,412031350,0,160076550,149964350,77047500,1725500,481714900,161584350,722072250
2022-08-16,13450.0,13450.0,13200.0,13250.0,37730.0,-0.37593984962406013,166885350,0,318976100,16330750,57638000,403500,227312300,216838400,502192200
2022-08-17,13550.0,13800.0,13450.0,13550.0,148470.0,2.2641509433962264,872956500,27450,754836900,401474400,367622900,820500,1301081550,359770300,2029295250
2022-08-18,13450.0,13600.0,13250.0,13350.0,69660.0,-1.4760147601476015,230080150,802500,537556450,165662950,198753400,1627400,406897350,326823900,934102050
2022-08-19,13400.0,13600.0,13350.0,13400.0,51967.0,0.37453183520599254,347596650,0,280389700,72341000,149883000,0,303531550,246912800,700327350
2022-08-22,13400.0,13500.0,13200.0,13500.0,57338.0,0.7462686567164178,431656150,1891950,237948200,98458100,151980650,13400000,448926450,155647300,769954400
2022-08-23,13500.0,13500.0,13000.0,13000.0,53208.0,-3.7037037037037033,131835000,786000,534131500,34508450,140777150,0,417359450,143124350,701260950
2022-08-24,13150.0,13150.0,12800.0,12950.0,74375.0,-0.38461538461538464,301793850,387000,575324200,84974850,214411450,0,639736800,108331650,962479900
2022-08-25,13000.0,13250.0,13000.0,13100.0,37480.0,1.1583011583011582,180620500,0,256548500,56054350,123488050,1716000,300539150,67480150,493223350
2022-08-26,13100.0,13200.0,13000.0,13150.0,32490.0,0.38167938931297707,160275850,0,206679400,59464150,103922250,0,276663200,45833950,426419400
2022-08-29,12950.0,13000.0,12700.0,12800.0,49122.0,-2.6615969581749046,159931400,13569500,331647700,124934150,187183850,0,333484550,109414350,630082750
2022-08-30,12950.0,13500.0,12900.0,13350.0,92999.0,4.296875,538384250,20767200,335142050,345171850,83375050,69514000,948872050,137704250,1239465350
2022-08-31,13400.0,13400.0,13050.0,13100.0,61993.0,-1.8726591760299627,256196700,18783050,444893550,97838800,431649950,0,148215050,237847100,817712100
2022-09-01,13000.0,13050.0,12800.0,12850.0,71091.0,-1.9083969465648856,307240400,1774150,390998750,216750950,196761400,12900,457967700,262022250,916764250
2022-09-02,12900.0,13300.0,12850.0,13150.0,82913.0,2.3346303501945527,323224050,0,190701200,573645050,237224400,396000,716049500,133900400,1087570300
2022-09-05,13200.0,14100.0,13100.0,14100.0,302778.0,7.224334600760455,1381492550,30714550,1736550000,1025197500,367952050,3851500,3121135850,681015200,4173954600
2022-09-06,14300.0,14800.0,14000.0,14650.0,272284.0,3.900709219858156,876349750,14700,2669577300,391245450,570930800,30519550,2619418300,716318550,3937187200
2022-09-07,14650.0,14850.0,14300.0,14350.0,159473.0,-2.04778156996587,1086131900,433500,916824700,317024850,334062050,291000,1161711050,824350850,2320414950
2022-09-08,14350.0,14900.0,12300.0,13800.0,877243.0,-3.8327526132404177,3073037450,36625850,5901552250,2808384800,7092734800,26245100,3148324600,1552295850,11819600350
2022-09-13,13800.0,14300.0,13650.0,14250.0,204550.0,3.260869565217391,1254766850,63874750,634265350,913998050,621703850,1690500,1543553900,699956750,2866905000
2022-09-14,13850.0,14200.0,13750.0,14000.0,95349.0,-1.7543859649122806,705447200,5801000,337600350,285548700,340646900,424500,594684550,398641300,1334397250
2022-09-15,14000.0,14000.0,13800.0,13800.0,71653.0,-1.4285714285714286,307727700,415500,395793350,291290450,287381100,139000,263634150,444072750,995227000
2022-09-16,13700.0,13850.0,13600.0,13800.0,62516.0,0.0,172711450,1027500,267785500,417367600,108979900,13700000,317364650,418847500,858892050
2022-09-19,13600.0,13750.0,13500.0,13750.0,59575.0,-0.36231884057971014,254258450,9893000,273886000,275374200,27759550,0,371341050,414311050,813411650
2022-09-20,13850.0,14000.0,13600.0,13850.0,86409.0,0.7272727272727273,318046350,408000,616753550,255276400,89765400,417000,893518950,206782950,1190484300
2022-09-21,13800.0,13800.0,13500.0,13550.0,76893.0,-2.166064981949458,393429450,0,400195500,249207600,225654700,0,585331000,231846850,1042832550
2022-09-22,13450.0,13450.0,13100.0,13450.0,113997.0,-0.7380073800738007,484934450,7807000,570616350,446245800,595846150,403500,666129200,247224750,1509603600
2022-09-23,13400.0,13400.0,13000.0,13200.0,100332.0,-1.858736059479554,339472800,3396000,663204750,315905550,560174350,0,589779200,172025550,1321979100
2022-09-26,13100.0,13100.0,12550.0,12600.0,91025.0,-4.545454545454546,407118250,16256000,487683850,243860300,73294850,21590600,614088000,445944950,1154918400
2022-09-27,12500.0,12850.0,12500.0,12650.0,64309.0,0.3968253968253968,297249800,0,343747300,172188950,85767350,0,432174850,295243850,813186050
2022-09-28,12550.0,12650.0,12100.0,12400.0,91403.0,-1.9762845849802373,286484200,1107000,604156500,235163900,426904550,372000,386707050,312928000,1126911600
2022-09-29,12550.0,12600.0,12400.0,12400.0,71243.0,0.0,343391950,2490000,331358850,212518200,344470600,376500,355962050,188949850,889759000
2022-09-30,12500.0,12550.0,12100.0,12450.0,91746.0,0.4032258064516129,367688600,8482500,169012500,594543850,142265800,1125000,358959100,637377550,1139727450
2022-10-04,12450.0,12650.0,12350.0,12550.0,42895.0,0.8032128514056224,80996850,0,400310100,55272100,153913650,0,202394250,180271150,536579050
2022-10-05,12700.0,12700.0,12100.0,12100.0,89485.0,-3.5856573705179287,259348250,3577000,684661100,154718850,205106450,381000,457469300,439348450,1102305200
2022-10-06,12200.0,12600.0,12150.0,12500.0,40029.0,3.3057851239669422,46943400,0,337758750,112180050,79700650,748500,354569900,61863150,496882200
2022-10-07,12300.0,12700.0,12300.0,12550.0,53968.0,0.4,416256900,10419750,165405500,85594400,69944450,757500,203830850,403143750,677676550
2022-10-11,12350.0,12550.0,11950.0,12000.0,72996.0,-4.382470119521913,173656150,1477650,530156200,180262450,212490200,0,329069400,343992850,885552450
2022-10-12,11850.0,12200.0,11700.0,12000.0,60539.0,0.0,184103900,4540200,360306900,174351000,81379450,726000,365498450,275698100,723302000
2022-10-13,11900.0,11950.0,11600.0,11600.0,129755.0,-3.3333333333333335,426513150,6960500,681583600,407018150,148575650,0,943407800,430091950,1522075400
2022-10-14,11800.0,12150.0,11750.0,12150.0,72107.0,4.741379310344827,199411300,5900000,349203150,311114150,85226000,1083000,552661400,226658200,865628600
2022-10-17,11950.0,12100.0,11700.0,11900.0,105466.0,-2.05761316872428,183117750,4675750,444303950,625370950,98864450,1926950,930141850,226535150,1257468400
2022-10-18,12050.0,12500.0,12050.0,12450.0,99715.0,4.621848739495799,386481850,7941450,344069250,484100550,113380550,1467000,702179950,405565600,1222593100
2022-10-19,12350.0,13150.0,12250.0,12300.0,161525.0,-1.2048192771084338,146770950,51054850,1501034850,325980700,88542650,25840500,1123966900,786491300,2024841350
2022-10-20,12250.0,12300.0,12100.0,12150.0,59840.0,-1.2195121951219512,306613500,364500,214677850,207506850,108431650,0,155379600,465351450,729162700
2022-10-21,12150.0,12350.0,12050.0,12350.0,83693.0,1.646090534979424,509378500,361500,177333750,336510050,235138150,369000,621325100,166751550,1023583800
2022-10-24,12450.0,12700.0,12300.0,12450.0,61694.0,0.8097165991902834,309982300,0,370050900,90028050,111198550,750000,296827550,361285150,770061250
2022-10-25,12500.0,12500.0,12150.0,12250.0,34199.0,-1.6064257028112447,74103000,733500,327622600,17203750,58873650,0,104322950,256466250,419662850
2022-10-26,12100.0,12300.0,12000.0,12000.0,36030.0,-2.0408163265306123,41575950,21511000,302968050,69185350,169150850,0,210793900,55295600,435240350
2022-10-27,12100.0,12500.0,12000.0,12450.0,58467.0,3.75,366416100,0,167502900,186449350,91706800,741000,500295600,127624950,720368350
2022-10-28,12450.0,12650.0,12400.0,12450.0,47433.0,0.0,224938300,138650,296527500,74837300,92858000,376500,394791000,108416250,596441750
2022-10-31,12500.0,12850.0,12450.0,12850.0,66352.0,3.2128514056224895,96907550,12750,270799400,476386650,172417450,381000,494565650,176742250,844106350
2022-11-01,12850.0,12900.0,12600.0,12650.0,53533.0,-1.556420233463035,277264250,0,327621500,77817550,354288850,6812000,147538050,174064400,682703300
2022-11-02,12550.0,12800.0,12450.0,12700.0,50261.0,0.3952569169960474,120075600,762700,282020500,232856200,229312250,34155750,263190500,109056500,635715000
2022-11-03,12550.0,12550.0,11900.0,12050.0,319242.0,-5.118110236220472,407525650,36230550,2906079300,530521200,2433934150,36150,799682000,646704400,3880356700
2022-11-04,12100.0,12250.0,11950.0,12200.0,135905.0,1.2448132780082988,437482400,0,914232200,293184800,585534750,0,710451250,348913400,1644899400
2022-11-07,12300.0,12450.0,12200.0,12350.0,153263.0,1.2295081967213115,586401050,0,627317200,678879050,595857600,741000,1188800900,107197800,1892597300
2022-11-08,12400.0,12550.0,12300.0,12450.0,91249.0,0.8097165991902834,353410800,369000,576848050,198229400,500595200,376500,444139350,183746200,1128857250
2022-11-09,12450.0,12550.0,12350.0,12450.0,106748.0,0.0,565046100,0,416345500,349251450,722179350,12611200,513441350,82411150,1330643050
2022-11-10,12350.0,12700.0,12300.0,12450.0,94618.0,0.0,326534500,25269000,590233250,240386300,637870700,376500,411992900,132182950,1182423050
2022-11-11,12700.0,12850.0,12650.0,12750.0,85080.0,2.4096385542168677,443850700,19000000,389980750,230384400,43626600,381000,739896400,299311850,1083215850
2022-11-14,12650.0,12900.0,12650.0,12800.0,83892.0,0.39215686274509803,293673750,128000,397321700,383880950,399015900,399850,466220150,209368500,1075004400
2022-11-15,12750.0,12950.0,12700.0,12900.0,41961.0,0.78125,205550200,0,245399100,89506800,100501500,0,259461550,180493050,540456100
2022-11-16,12900.0,13000.0,12700.0,12900.0,52540.0,0.0,245983300,19425000,302295900,109650100,122348950,0,364230450,190774900,677354300
2022-11-17,12950.0,13000.0,12750.0,12850.0,38901.0,-0.3875968992248062,216989100,2560000,174735400,105742150,145057900,2415800,260096850,92456100,500026650
2022-11-18,12750.0,12950.0,12750.0,12800.0,38162.0,-0.38910505836575876,194300550,0,228323600,67929550,99840500,0,211644950,179068250,490553700
2022-11-21,12750.0,12850.0,12550.0,12750.0,37402.0,-0.390625,207881950,378000,170783250,96560500,51623750,21420000,243054400,159505550,475603700
2022-11-22,12750.0,13000.0,12650.0,12900.0,43132.0,1.1764705882352942,312925250,0,212202000,30611750,42780000,387000,357992550,154579450,555739000
2022-11-23,13000.0,13450.0,12900.0,13450.0,99359.0,4.263565891472868,546382900,0,520180100,248539800,137693350,41231500,978878750,157299200,1315102800
2022-11-24,13500.0,13500.0,13300.0,13350.0,49485.0,-0.7434944237918215,294646750,0,309279800,59738650,138404000,0,315389250,209871950,663665200
2022-11-25,13350.0,13600.0,13250.0,13550.0,71125.0,1.4981273408239701,481137100,7450000,359796400,112685250,200085650,408000,691977250,68597850,961068750
2022-11-28,13550.0,13650.0,13400.0,13650.0,47202.0,0.7380073800738007,322878000,20325000,149032750,147095150,118823900,0,456356400,64150600,639330900
2022-11-29,13650.0,14100.0,13600.0,14050.0,67768.0,2.93040293040293,500048700,0,316317800,125054600,146986150,26544900,639964050,127926000,941421100
2022-11-30,14000.0,14350.0,13900.0,14350.0,108815.0,2.135231316725979,405486250,362700,320416750,821534800,205843550,853500,1021443650,319659800,1547800500
2022-12-01,14400.0,14500.0,14100.0,14250.0,87404.0,-0.6968641114982579,399238250,38386500,646240250,166202800,97813100,433500,733360350,418460850,1250067800
2022-12-02,14100.0,14250.0,13950.0,14000.0,61979.0,-1.7543859649122806,271627050,420000,397526550,205412900,220203700,5377000,508957700,140448100,874986500
2022-12-05,14150.0,14200.0,13650.0,13750.0,74474.0,-1.7857142857142856,222753950,840400,592550400,211395900,224454750,13850,630579650,172492400,1027540650
2022-12-06,13700.0,13900.0,13600.0,13700.0,31297.0,-0.36363636363636365,189362600,408000,165182850,76503500,122779550,417000,207239050,101021350,431456950
2022-12-07,13700.0,14300.0,13650.0,14100.0,116500.0,2.9197080291970803,1018948700,14000,444888450,181516550,214261750,28984500,934888350,467233100,1645367700
2022-12-08,14050.0,14100.0,13650.0,13750.0,67993.0,-2.4822695035460995,245105650,826500,501649400,191511000,439760950,27775450,178452650,293103500,939092550
2022-12-09,13800.0,14050.0,13600.0,13850.0,42243.0,0.7272727272727273,320372800,272000,195987100,69552250,118082350,3488000,259213400,205400400,586184150
2022-12-12,13950.0,13950.0,13700.0,13850.0,30115.0,0.0,176368200,411000,207516900,30745950,113978600,6925000,134453200,159685250,415042050
2022-12-13,13900.0,13900.0,13300.0,13550.0,124706.0,-2.166064981949458,387075400,7556500,884075250,406909650,1025778650,0,550927150,108911000,1685616800
2022-12-14,13600.0,13700.0,13500.0,13700.0,35444.0,1.107011070110701,219925250,0,127455400,134956850,92678350,0,355301150,34358000,482337500
2022-12-15,13650.0,13800.0,13550.0,13550.0,39853.0,-1.094890510948905,161224850,13750000,301422900,67706600,151633300,14112500,285561100,92797450,544104350
2022-12-16,13450.0,13800.0,13400.0,13800.0,62356.0,1.8450184501845017,225631200,403500,177263700,447170550,161608250,412500,438094300,250353900,850468950
2022-12-19,13650.0,13850.0,13550.0,13800.0,26159.0,0.0,67564900,0,212243750,79512450,42797100,0,93304450,223219550,359321100
2022-12-20,13700.0,13800.0,13550.0,13750.0,63614.0,-0.36231884057971014,509848600,0,270213150,92128650,156086550,0,327030500,389073350,872190400
2022-12-21,13800.0,13850.0,13700.0,13700.0,92245.0,-0.36363636363636365,451496300,0,235208100,579373800,126136750,0,480712750,659228700,1266078200
2022-12-22,13700.0,14000.0,13700.0,13850.0,71954.0,1.094890510948905,322440750,0,295416800,381566900,155871150,837000,599345950,243370350,999424450
2022-12-23,13800.0,14000.0,13700.0,13750.0,101875.0,-0.7220216606498195,646249050,411000,307681850,454557400,28348950,0,1072851300,307699050,1408899300
2022-12-26,13700.0,13850.0,13550.0,13800.0,95376.0,0.36363636363636365,374753950,408000,519697900,414073150,26049500,41100000,931583550,310199950,1308933000
2022-12-27,13850.0,14000.0,13650.0,13850.0,175048.0,0.36231884057971014,917413500,83839000,893548050,533146900,392596300,417000,1377193850,657740300,2427947450
2022-12-28,13400.0,14150.0,13250.0,14100.0,300400.0,1.8050541516245486,216634650,2850968750,606371250,456977200,1392508750,75687000,2057675700,605080400,4130951850
2022-12-29,14200.0,14200.0,13900.0,13950.0,118508.0,-1.0638297872340425,176586450,903025050,482443950,97453700,404202450,0,706966900,548339800,1659509150
2023-01-02,14050.0,14350.0,13900.0,13900.0,98601.0,-0.35842293906810035,498144900,26809000,695779050,169386650,268640650,84729000,692368400,344381550,1390119600
2023-01-03,13900.0,14050.0,13400.0,13500.0,131660.0,-2.877697841726619,90936750,16264500,1571871500,116439300,243172150,0,840982950,711356950,1795512050
2023-01-04,13500.0,13500.0,13100.0,13200.0,70844.0,-2.2222222222222223,67590700,2764800,808698250,59432100,196645050,39495150,348906450,353439200,938485850
2023-01-05,13300.0,13450.0,13000.0,13350.0,111231.0,1.1363636363636365,210765650,2751000,1067862200,185141500,345455750,804000,700924350,419336250,1466520350
2023-01-06,13200.0,13350.0,13050.0,13050.0,59508.0,-2.247191011235955,253765200,391500,466468050,64495450,254392050,0,196377950,334350200,785120200
2023-01-09,13200.0,13650.0,13200.0,13550.0,63748.0,3.8314176245210727,233700700,44937900,193462250,386618250,66831700,3207000,759133600,29546800,858719100
2023-01-10,13650.0,13700.0,13400.0,13550.0,38551.0,0.0,240348500,13650,191763350,90734850,60958300,0,238047450,223854600,522860350
2023-01-11,13600.0,13650.0,13450.0,13500.0,37236.0,-0.36900369003690037,167343450,0,247188400,89366400,96181000,40500,270396100,137280650,503898250
2023-01-12,13500.0,13650.0,13450.0,13500.0,50688.0,0.0,133295250,0,292955350,260449850,144978700,0,409680500,132041250,686700450
2023-01-13,13500.0,13850.0,13500.0,13500.0,64176.0,0.0,166702850,136000,368255550,341041900,177106150,412500,599852900,98764750,876136300
2023-01-16,13500.0,13650.0,13450.0,13600.0,42411.0,0.7407407407407408,227724700,403500,204347700,143732750,97236550,6392000,422359950,50220150,576208650
2023-01-17,13600.0,13750.0,13500.0,13550.0,42835.0,-0.3676470588235294,230295400,4254750,271294600,76488250,155893900,412500,337326300,88700300,582333000
2023-01-18,13550.0,13950.0,13400.0,13650.0,57896.0,0.7380073800738007,327886550,541000,325275250,141733350,76028150,829500,602605750,115972750,795436150
2023-01-19,13600.0,13650.0,13450.0,13600.0,45276.0,-0.3663003663003663,287291150,408000,220324550,106985600,122333700,0,204996150,287679450,615009300
2023-01-20,13550.0,13700.0,13450.0,13500.0,34653.0,-0.7352941176470588,156285400,2468100,266031250,44588750,131611100,0,292074200,45688200,469373500
2023-01-25,13570.0,13700.0,13400.0,13440.0,36365.0,-0.4444444444444444,56455060,0,305635030,131278600,67495180,0,370379120,55494390,493368690
2023-01-26,13440.0,13480.0,13310.0,13450.0,68535.0,0.0744047619047619,125470640,2716990,555319820,233488200,241811790,9394000,536487510,129302350,916995650
2023-01-27,13360.0,13500.0,13350.0,13480.0,66398.0,0.22304832713754646,149138210,0,389141390,352663500,284906600,26740000,551646520,27649980,890943100
2023-01-30,13480.0,13480.0,13270.0,13410.0,51213.0,-0.5192878338278931,138453370,399000,466747700,78733400,248960290,0,236726930,198646250,684333470
2023-01-31,13510.0,13510.0,13100.0,13440.0,56552.0,0.22371364653243847,212537870,1389060,143669860,399968870,301485460,403500,299024550,156652150,757565660
2023-02-01,13400.0,13850.0,13260.0,13770.0,138358.0,2.455357142857143,459303090,13400,552614530,875580040,281370670,1844660,1422313750,181981980,1887511060
2023-02-02,13840.0,13840.0,13470.0,13500.0,87081.0,-1.9607843137254901,223302700,0,798439100,161972960,333510910,460700,516071450,333671700,1183714760
2023-02-03,13580.0,14190.0,13480.0,14000.0,263448.0,3.7037037037037033,742430250,17903140,1272504270,1655525500,187790350,32521950,3292878420,175172440,3688363160
2023-02-06,14000.0,14000.0,13680.0,13760.0,70266.0,-1.7142857142857144,164819870,826500,688012090,116487580,284615130,17668910,359754660,308107340,970146040
2023-02-07,13760.0,13820.0,13580.0,13660.0,54175.0,-0.7267441860465116,70936840,22311000,567680030,78513210,160118130,13635930,336072820,229614200,739441080
2023-02-08,13660.0,13800.0,13610.0,13800.0,64386.0,1.0248901903367496,122007980,9722230,541039930,210140240,133050000,0,619095320,130765060,882910380
2023-02-09,13680.0,13800.0,13620.0,13670.0,54670.0,-0.9420289855072465,66800790,245700,542730610,137003760,371901440,1505900,304349930,69023590,746780860
2023-02-10,13590.0,13710.0,13490.0,13700.0,44580.0,0.21945866861741037,87040010,14700110,362379000,140947610,175438830,0,272687080,156940820,605066730
2023-02-13,13610.0,13730.0,13530.0,13700.0,43830.0,0.0,115160730,0,217055340,265300680,240731310,0,281686560,75098880,597516750
2023-02-14,13740.0,13850.0,13670.0,13790.0,67926.0,0.656934306569343,130000280,0,503378860,301348720,69616810,0,722747940,142363110,934727860
2023-02-15,13700.0,13790.0,13330.0,13380.0,74698.0,-2.973168963016679,89158480,470290,735080510,184842830,256997090,0,467217010,285338010,1009552110
2023-02-16,13450.0,13680.0,13380.0,13580.0,73160.0,1.4947683109118086,582171190,0,223610010,185212970,275367970,0,438254850,277371350,990994170
2023-02-17,13560.0,13570.0,13380.0,13480.0,39152.0,-0.7363770250368188,37160650,0,335196440,154636780,160425230,0,277074780,89493860,526993870
2023-02-20,13340.0,13640.0,13320.0,13600.0,58490.0,0.8902077151335311,358674780,0,283404380,147413920,71601270,34042460,551651440,132197910,789493080
2023-02-21,13650.0,13670.0,13500.0,13580.0,51353.0,-0.14705882352941177,253104410,6790000,306195910,130799590,128557800,0,492066730,76265380,696889910
2023-02-22,13550.0,13580.0,13410.0,13430.0,47263.0,-1.1045655375552283,187127830,26900,343123410,107658800,177073930,0,326460410,134402600,637936940
2023-02-23,13420.0,13530.0,13400.0,13500.0,42058.0,0.5212211466865228,296318060,672000,156204550,114602290,132907120,0,309277510,125612270,567796900
2023-02-24,13410.0,13550.0,13380.0,13430.0,36274.0,-0.5185185185185185,131989830,0,294471290,60167860,99489430,0,287910990,99228560,486628980
2023-02-27,13350.0,13370.0,13000.0,13160.0,57144.0,-2.0104244229337302,129297140,1250550,544769750,75860930,172861850,26240,382176920,196113360,751178370
2023-02-28,13160.0,13400.0,13160.0,13360.0,48767.0,1.5197568389057752,381683560,0,122243220,145506230,38623960,400500,226344400,384064150,649433010
2023-03-02,13300.0,13470.0,13260.0,13420.0,59027.0,0.4491017964071856,352290580,0,282858780,155829060,167703700,403500,237261280,385609940,790978420
2023-03-03,13340.0,13460.0,13110.0,13300.0,39834.0,-0.8941877794336811,140476910,394500,300308730,88314830,186929250,38341490,112143320,192080910,529494970
2023-03-06,13380.0,13400.0,13210.0,13290.0,45455.0,-0.07518796992481204,201247990,26450,266456620,136754900,147003450,0,253867360,203615150,604485960
2023-03-07,13290.0,13360.0,13150.0,13280.0,76771.0,-0.07524454477050413,68448160,399600,677883740,271536580,301479500,690540,537342740,178755300,1018268080
2023-03-08,13150.0,13250.0,13060.0,13170.0,49052.0,-0.8283132530120483,278691310,171210,277313360,88995610,264797450,0,198187780,182186260,645171490
2023-03-09,13200.0,13420.0,13170.0,13380.0,94541.0,1.5945330296127564,548086290,0,269776360,441238740,218184520,0,430214850,610702020,1259101390
2023-03-10,13370.0,13370.0,13050.0,13070.0,63200.0,-2.3168908819133036,211207790,13501500,304843530,300487780,139451510,0,412188680,278400410,830040600
2023-03-13,12830.0,12880.0,12530.0,12570.0,96668.0,-3.825554705432287,82150940,22678230,655528340,462942710,176778140,0,734414170,312107910,1223300220
2023-03-14,12550.0,12550.0,11950.0,12110.0,114487.0,-3.659506762132061,85911800,1468500,909003080,391801310,106429330,0,741775160,539980200,1388184690
2023-03-15,12080.0,12360.0,12080.0,12190.0,63266.0,0.6606110652353426,208186660,0,383000830,180230570,147744200,15005000,330165400,278503460,771418060
2023-03-16,12000.0,12190.0,11850.0,11850.0,63348.0,-2.7891714520098443,83190330,717000,466300780,203648430,237513200,238200,392234610,123870530,753856540
2023-03-17,11940.0,12140.0,11710.0,11710.0,127366.0,-1.1814345991561181,282335880,351300,646453830,577367610,141170120,7155000,372491230,985692270,1506508620
2023-03-20,11770.0,12080.0,11770.0,11940.0,56024.0,1.964133219470538,132631230,5970000,326648790,204735150,99552480,361500,410531190,159540000,669985170
2023-03-21,12000.0,12050.0,11800.0,11850.0,59990.0,-0.7537688442211055,50611320,354000,481165580,180526250,110725520,0,374778320,227153310,712657150
2023-03-22,11860.0,11860.0,11670.0,11770.0,66222.0,-0.6751054852320675,169719700,10620000,442168410,155163340,179634360,5759430,395328470,196949190,777671450
2023-03-23,11880.0,11880.0,11470.0,11660.0,63777.0,-0.9345794392523363,139697580,694500,447471180,152367970,79155920,0,412188260,248887050,740231230
2023-03-24,11650.0,11910.0,11550.0,11850.0,45389.0,1.6295025728987993,56357990,2155250,269438470,204877470,133667630,709500,262779250,135672800,532829180
2023-03-27,11850.0,11880.0,11650.0,11710.0,81864.0,-1.1814345991561181,173349110,116500,499812430,285934400,614746080,0,151366960,193099400,959212440
2023-03-28,11650.0,11890.0,11650.0,11890.0,38107.0,1.5371477369769428,95982530,233000,192707290,160200940,200461840,0,189188190,59473730,449123760
2023-03-29,11890.0,11970.0,11750.0,11800.0,40379.0,-0.7569386038687973,105708130,0,303289090,68724260,242549050,357000,143340760,91474670,477721480
2023-03-30,11790.0,11910.0,11710.0,11880.0,73469.0,0.6779661016949152,188524360,0,380045420,301297890,301369440,0,309342430,259155800,869867670
2023-03-31,11950.0,12080.0,11880.0,11950.0,62702.0,0.5892255892255892,221731320,0,361908480,168617580,54491980,361500,287049730,410354170,752257380
2023-04-03,11960.0,12000.0,11870.0,11900.0,66184.0,-0.41841004184100417,96213090,0,387951900,305508370,128438850,0,437670410,223564100,789673360
2023-04-04,12000.0,12020.0,11870.0,11980.0,47086.0,0.6722689075630253,111463660,25181960,274371320,151585190,44114720,0,206468010,312019400,562602130
2023-04-05,12040.0,12130.0,11920.0,11940.0,62804.0,-0.333889816360601,121047860,8020100,427587500,197606670,304670680,0,263826000,185765450,754262130
2023-04-06,12030.0,12030.0,11680.0,11690.0,73805.0,-2.0938023450586267,59966630,2312850,704150560,102968090,300292730,0,305547680,263557720,869398130
2023-04-07,11720.0,11850.0,11610.0,11820.0,56842.0,1.1120615911035072,93895330,4464290,415838320,153781990,270468420,823900,267137110,129550500,667979930
2023-04-10,11710.0,11830.0,11700.0,11720.0,50976.0,-0.8460236886632826,92216400,0,397281570,109730020,179998210,0,238029980,181199800,599227990
2023-04-11,11730.0,12010.0,11700.0,11970.0,43026.0,2.1331058020477816,121862060,2395000,212216130,175256280,101628820,357000,304289340,105454310,511729470
2023-04-12,11960.0,12320.0,11950.0,12120.0,94952.0,1.2531328320802004,137641740,20406340,483188260,512759570,327924840,7561000,628224270,190285800,1153995910
2023-04-13,12120.0,12360.0,12060.0,12360.0,52362.0,1.9801980198019802,186033180,0,388182400,65392840,88996080,370800,389060980,161180560,639608420
2023-04-14,12440.0,12700.0,12400.0,12430.0,97706.0,0.5663430420711975,110508820,61460340,790161140,260427580,179570440,9433480,654614560,378939400,1222557880
2023-04-17,12430.0,12550.0,12290.0,12420.0,43685.0,-0.08045052292839903,231965030,10841420,207519700,92824210,95926440,7815270,200288900,239119750,543150360
2023-04-18,12350.0,12570.0,12250.0,12400.0,59284.0,-0.1610305958132045,250917800,13067800,332936910,138020950,211851370,1622500,306786500,214683090,734943460
2023-04-19,12400.0,12820.0,12390.0,12710.0,92684.0,2.5,286194530,89088280,703508870,94867490,110563970,381000,823795860,238918340,1173659170
2023-04-20,12700.0,12830.0,12550.0,12810.0,60603.0,0.7867820613690008,382649620,83408070,228176530,76727590,118438820,2400300,303735700,346386990,770961810
2023-04-21,12810.0,12840.0,12410.0,12460.0,97557.0,-2.73224043715847,263933230,115954020,641618980,200479100,540973790,0,352944210,328067330,1221985330
2023-04-24,12450.0,12680.0,12370.0,12480.0,99210.0,0.16051364365971107,329675900,160914430,475653970,271119460,458202910,0,531602620,247558230,1237363760
2023-04-25,12480.0,12650.0,12140.0,12450.0,67123.0,-0.2403846153846154,232665460,102563670,278559030,223992790,373839290,1227600,387781910,74932150,837780950
2023-04-26,12440.0,12680.0,12350.0,12540.0,49911.0,0.7228915662650602,214993140,8175750,252859610,150891200,223032810,376500,329663810,73846580,626919700
2023-04-27,12430.0,12540.0,12280.0,12480.0,64988.0,-0.4784688995215311,229025020,30707310,412524060,134473730,248774400,0,257445040,300510680,806730120
2023-04-28,12460.0,12760.0,12400.0,12610.0,80291.0,1.0416666666666665,166713280,58887020,431177560,356273210,383354270,2508900,525630960,101556940,1013051070
2023-05-02,12540.0,12900.0,12540.0,12770.0,80703.0,1.26883425852498,137661570,90982540,462833310,336947800,296884640,387000,417143640,314009940,1028425220
2023-05-03,12660.0,12800.0,12600.0,12710.0,38978.0,-0.4698512137823023,41337310,19081840,264157230,170859240,185485850,0,143821070,166128700,495435620
2023-05-04,12710.0,12750.0,12560.0,12660.0,35338.0,-0.3933910306845004,72747960,390620,233254690,139985810,234698440,1096200,136219350,74365090,446379080
2023-05-08,12570.0,12970.0,12520.0,12920.0,69636.0,2.0537124802527646,250167640,0,346628820,297361220,167642060,1808200,586858470,137848950,894157680
2023-05-09,12920.0,12920.0,12750.0,12790.0,35027.0,-1.0061919504643964,74703350,0,226686510,146702050,176619610,0,131123270,140349030,448091910
2023-05-10,12790.0,12860.0,12710.0,12860.0,52175.0,0.547302580140735,66147540,0,162493610,438802410,276353230,11365300,234318880,145406150,667443560
2023-05-11,12870.0,12950.0,12790.0,12910.0,60735.0,0.38880248833592534,159093490,0,246026720,376861560,242475010,0,306825950,232680810,781981770
2023-05-12,12890.0,12900.0,12450.0,12510.0,61785.0,-3.098373353989156,74104360,1333400,605611340,100085710,265263210,3247200,271688680,240935720,781134810
2023-05-15,12520.0,12840.0,12520.0,12780.0,78918.0,2.158273381294964,531329090,0,151984010,321776170,201856850,393820,597917260,204921340,1005089270
2023-05-16,12670.0,13030.0,12640.0,12820.0,151473.0,0.3129890453834116,140180900,128800,1602553620,210311320,326343200,387000,1385491680,240952760,1953174640
2023-05-17,12700.0,12940.0,12690.0,12770.0,107983.0,-0.39001560062402496,29503830,0,1124458990,235802890,189643890,0,806471140,393650680,1389765710
2023-05-18,12710.0,13440.0,12710.0,13410.0,251809.0,5.011746280344558,643597710,13240,1305349440,1365063770,223456760,1188000,2835366720,254012680,3314024160
2023-05-19,13320.0,13720.0,13320.0,13430.0,133288.0,0.14914243102162564,282751660,8040000,995144850,515897970,227704350,14241500,1075085140,484803490,1801834480
2023-05-22,13430.0,13660.0,13270.0,13610.0,90777.0,1.340282948622487,267551500,3777000,751081700,207747060,107488700,408000,839915730,282344830,1230157260
2023-05-23,13620.0,13740.0,13530.0,13580.0,70128.0,-0.2204261572373255,188466520,1088700,546484510,217926000,240649140,42734110,307175420,363407060,953965730
2023-05-24,13560.0,13560.0,13100.0,13230.0,83963.0,-2.5773195876288657,83886620,793500,715443760,311965870,221904290,14407300,706353290,169424870,1112089750
2023-05-25,13130.0,13150.0,12580.0,12640.0,248315.0,-4.459561602418746,283171400,37832600,2065832490,771040890,447468460,6390820,2232700200,471317900,3157877380
2023-05-26,12640.0,12640.0,12090.0,12240.0,216818.0,-3.1645569620253164,209279950,1723500,2068461860,392792610,283260950,0,2091539690,297457280,2672257920
2023-05-30,12290.0,12290.0,11890.0,12120.0,135391.0,-0.9803921568627451,210362850,7608500,1158978150,253824670,342123150,364500,991105520,297181000,1630774170
2023-05-31,12120.0,12280.0,11990.0,12010.0,127364.0,-0.9075907590759077,176385730,120246400,876746310,362219320,485868680,0,195615050,854114030,1535597760
2023-06-01,12120.0,12120.0,11970.0,12020.0,138369.0,0.08326394671107411,160013820,52056890,940864670,509291930,339355400,418352930,745047880,159471100,1662227310
2023-06-02,12020.0,12180.0,11940.0,12170.0,119005.0,1.2479201331114809,699328220,0,425334300,310718930,226201020,215328670,745816180,248035580,1435381450
2023-06-05,12180.0,12270.0,12130.0,12200.0,58791.0,0.24650780608052586,245677060,44039000,364431910,62896130,196127070,0,398775660,122141370,717044100
2023-06-07,12200.0,12210.0,12060.0,12060.0,72474.0,-1.1475409836065573,170427380,4088340,596851840,108035440,293355970,0,149259240,436787790,879403000
2023-06-08,12060.0,12500.0,12010.0,12500.0,211304.0,3.6484245439469323,1878695970,609040,499253650,234407420,516654010,11885650,1347215530,737210890,2612966080
2023-06-09,12500.0,12510.0,12170.0,12260.0,153410.0,-1.92,720945480,8830700,979974360,173715700,737274490,112918400,242958780,790314570,1883466240
2023-06-12,12300.0,12300.0,12000.0,12200.0,83377.0,-0.48939641109298526,229348190,21158930,619534110,141396750,441416680,0,358852710,211168590,1011437980
2023-06-13,12200.0,12280.0,12120.0,12210.0,34799.0,0.08196721311475409,161800720,0,208224960,55050040,130595690,0,187618560,106861470,425075720
2023-06-14,12210.0,12210.0,12050.0,12160.0,50762.0,-0.4095004095004095,82488120,726000,422110450,109040790,199145290,0,274683510,140536560,614365360
2023-06-15,12170.0,12170.0,11980.0,12030.0,66242.0,-1.069078947368421,190232690,1330800,513872390,92674160,313446360,0,280108290,204555390,798110040
2023-06-16,12040.0,12150.0,12000.0,12000.0,44813.0,-0.24937655860349126,89911950,0,355347140,94125210,215778430,4812000,175730000,143063870,539384300
2023-06-19,12000.0,12080.0,11950.0,12000.0,27126.0,0.0,83675740,20373160,202012550,18892530,126080250,0,97857090,101016640,324953980
2023-06-20,11910.0,12100.0,11910.0,11970.0,64745.0,-0.25,214645790,2040900,378838020,181531380,325806900,0,294599960,156649230,777056090
2023-06-21,11920.0,11950.0,11750.0,11870.0,99407.0,-0.835421888053467,282445600,61364670,686503590,147991260,381256090,223440,462896290,333929300,1178305120
2023-06-22,11870.0,12000.0,11780.0,11970.0,57061.0,0.8424599831508003,354807910,95800,205838430,119346530,199335030,59823590,302492140,118437910,680088670
2023-06-23,11950.0,11960.0,11610.0,11770.0,141693.0,-1.670843776106934,384776050,76261670,1035101930,174398830,285480320,357000,775129240,609571920,1670538480
2023-06-26,11650.0,11980.0,11650.0,11870.0,37951.0,0.8496176720475787,215849360,349500,131428480,102754260,119411910,452120,145948970,184568600,450381600
2023-06-27,11870.0,11970.0,11780.0,11890.0,29515.0,0.16849199663016007,36363530,0,177465580,135256490,152664480,0,137508590,58912530,349085600
2023-06-28,11880.0,12070.0,11860.0,11960.0,53536.0,0.5887300252312868,350636910,0,164343100,126236230,155445660,16203870,312255150,157311560,641216240
2023-06-29,11860.0,11960.0,11760.0,11760.0,57951.0,-1.6722408026755853,290664160,17407950,271946100,105885860,238205050,0,274282780,173416240,685904070
2023-06-30,11780.0,12000.0,11760.0,11900.0,51338.0,1.1904761904761905,324190700,5925000,150578610,129541470,178261480,0,290342940,141631360,610235780
2023-07-03,11880.0,12260.0,11880.0,12180.0,101885.0,2.3529411764705883,799346800,0,160864970,278442340,201753960,726000,840275320,195898830,1238654110
2023-07-04,12060.0,12180.0,12030.0,12100.0,78152.0,-0.6568144499178982,541455660,9786100,243247860,149602990,442886210,0,269206780,231999620,944092610
2023-07-05,12040.0,12170.0,12000.0,12020.0,89328.0,-0.6611570247933884,625914960,2412000,313847890,135480360,338943920,0,532292180,206419110,1077655210
2023-07-06,12090.0,12130.0,11850.0,12030.0,119368.0,0.08319467554076539,860094510,12247000,294834110,268638940,425924510,6490950,395282000,608117100,1435814560
2023-07-07,12030.0,12030.0,11740.0,11860.0,113986.0,-1.4131338320864506,568264530,2395400,444035220,332980530,549469920,0,164776270,633429490,1347675680
2023-07-10,11760.0,12060.0,11720.0,11870.0,105174.0,0.08431703204047217,573026340,11760,208057050,472195940,290254020,361500,435306120,527369450,1253291090
2023-07-11,12000.0,12020.0,11840.0,11950.0,79874.0,0.6739679865206403,378423060,11180250,294657630,266492210,480534610,0,166831100,303387440,950753150
2023-07-12,11900.0,11950.0,11760.0,11850.0,100335.0,-0.8368200836820083,476334650,12134000,519593750,177113560,563761650,0,488608570,132805740,1185175960
2023-07-13,11850.0,11940.0,11690.0,11690.0,181179.0,-1.350210970464135,528940440,11860,1436359060,164556050,1121194630,1187000,600708250,406777530,2129867410
2023-07-14,11700.0,11870.0,11650.0,11800.0,106119.0,0.9409751924721984,444230560,186880,320507380,478920590,308334840,72630530,777036250,85843790,1243845410
2023-07-17,11740.0,11870.0,11620.0,11750.0,79182.0,-0.423728813559322,377832520,361240,391134660,157167750,266545310,0,364743060,295207800,926496170
2023-07-18,11830.0,11870.0,11660.0,11710.0,63235.0,-0.3404255319148936,168589610,0,556331960,14869420,235296410,0,255761500,248733080,739790990
2023-07-19,11670.0,11790.0,11650.0,11720.0,64278.0,0.08539709649871904,155944930,6520970,401024160,186972440,394411700,0,210829320,145221480,750462500
2023-07-20,11650.0,11830.0,11630.0,11700.0,60538.0,-0.17064846416382254,339951740,0,154598410,215830990,288498990,0,253772520,168109630,710381140
2023-07-21,11790.0,11790.0,11640.0,11720.0,56324.0,0.17094017094017094,153694550,0,376303800,128054270,310157050,10892700,218829600,118173270,658052620
2023-07-24,11660.0,11750.0,11460.0,11550.0,111655.0,-1.4505119453924915,244352770,34980460,834193650,176631030,275156020,3459000,659189000,352353890,1290157910
2023-07-25,11560.0,11590.0,11270.0,11370.0,84942.0,-1.5584415584415585,175259470,340500,703593400,89149500,250363570,11447950,453199820,253331530,968342870
2023-07-26,11280.0,11320.0,10770.0,10780.0,285656.0,-5.189094107299912,766099390,2449120,1456574710,891940570,1602193570,0,927545120,587325100,3117063790
2023-07-27,10900.0,11150.0,10810.0,11150.0,96609.0,3.4322820037105752,210048530,10991930,390514210,451402120,577832660,333000,338637720,146153410,1062956790
2023-07-28,10990.0,11190.0,10950.0,11160.0,61285.0,0.08968609865470852,93650920,0,367470350,219241660,302909690,0,243999580,133453660,680362930
2023-07-31,11110.0,11500.0,11060.0,11480.0,118986.0,2.867383512544803,748172000,0,312880110,286958730,269914550,1332240,640306910,436457140,1348010840
2023-08-01,11370.0,11860.0,11300.0,11760.0,124349.0,2.4390243902439024,583291350,14019360,530179840,321756450,249406580,1329050,876250450,322260920,1449247000
2023-08-02,11640.0,11720.0,11400.0,11400.0,83583.0,-3.061224489795918,100278030,345000,567332640,292830110,490321970,0,329239330,141224480,960785780
2023-08-03,11510.0,11510.0,11250.0,11340.0,74820.0,-0.5263157894736842,132085100,678000,378537570,336882040,518910090,0,267135840,62136780,848182710
2023-08-04,11280.0,11370.0,11230.0,11330.0,68990.0,-0.08818342151675485,49888000,0,316466380,411212500,470152810,0,157617660,149796410,777566880
2023-08-07,11260.0,11340.0,11150.0,11230.0,43838.0,-0.8826125330979699,42934530,22500000,180373010,247168090,221343350,0,128900640,142731640,492975630
2023-08-08,11340.0,11390.0,11160.0,11220.0,53126.0,-0.08904719501335707,81670560,14493880,257581880,244008990,259397880,0,209151130,129206300,597755310
2023-08-09,11150.0,11340.0,11140.0,11310.0,45800.0,0.8021390374331552,74014380,0,215660920,225340450,189219110,0,224287540,101509100,515015750
2023-08-10,11320.0,11370.0,11220.0,11360.0,50754.0,0.4420866489832007,105176660,0,227788890,240084600,324597860,2997150,137569830,107885310,573050150
2023-08-11,11300.0,11540.0,11300.0,11510.0,62674.0,1.3204225352112675,229179470,0,177966660,310543940,196771970,1490630,301192570,218234900,717690070
2023-08-14,11540.0,11540.0,11340.0,11430.0,33914.0,-0.6950477845351868,110359820,3414000,189879020,82491630,186189340,0,112427330,87527800,386144470
2023-08-16,11400.0,11420.0,11220.0,11220.0,58257.0,-1.837270341207349,86492460,337500,354542340,213757200,223297830,0,208090120,223741550,655129500
2023-08-17,11220.0,11220.0,11070.0,11220.0,54447.0,0.0,62105290,333000,254535060,289580610,271882550,8035200,130883490,195752720,606553960
2023-08-18,11060.0,14000.0,11040.0,12400.0,8645118.0,10.51693404634581,146381250,214489780,103819591500,7017504140,9437748760,309619770,90811484290,10639113850,111197966670
2023-08-21,13620.0,14460.0,12220.0,12390.0,8264084.0,-0.08064516129032258,253187680,108030340,104043734040,5515106810,6748729960,226931660,93870134200,9074263050,109920058870
2023-08-22,11780.0,11800.0,10850.0,10960.0,2288472.0,-11.541565778853915,1512202140,154453910,22306181400,1791153050,5127047410,54373540,17741879830,2840689720,25763990500
2023-08-23,11000.0,11400.0,10770.0,10810.0,1293871.0,-1.3686131386861315,911429910,54072040,10492040110,2853328450,1324107160,9892830,12333735410,643135110,14310870510
2023-08-24,10750.0,10820.0,10330.0,10480.0,1006962.0,-3.0527289546716005,744768940,144567090,8975535780,738491880,2563372050,27103100,6354728710,1658159830,10603363690
2023-08-25,10400.0,10460.0,10300.0,10410.0,334428.0,-0.6679389312977099,145176970,1047470,2506799410,821054880,987219590,0,1996081490,490777650,3474078730
2023-08-28,10500.0,10700.0,10460.0,10660.0,371955.0,2.4015369836695486,213478440,42140880,1946568450,1742002880,927803440,319500,2641415000,374652710,3944190650
2023-08-29,10590.0,10850.0,10590.0,10840.0,284602.0,1.6885553470919326,303993020,0,1578578500,1181669400,412349450,324000,2495979570,155587900,3064240920
2023-08-30,10850.0,11000.0,10790.0,10900.0,284095.0,0.5535055350553505,315950920,2180000,1404788950,1378745400,479827630,33058500,2333938630,254840510,3101665270
2023-08-31,10910.0,10990.0,10830.0,10900.0,194931.0,0.0,384066460,19851030,971325210,746087480,488265270,0,1256623920,376440990,2121330180
2023-09-01,10890.0,11070.0,10810.0,10910.0,213425.0,0.09174311926605505,412209240,3606400,1100058440,823407220,386573760,0,1701910580,250796960,2339281300
2023-09-04,10890.0,11040.0,10840.0,11030.0,177647.0,1.0999083409715857,333574370,10794650,520588250,1083608290,560374500,0,1207137290,181053770,1948565560
2023-09-05,10970.0,11050.0,10820.0,10880.0,223531.0,-1.3599274705349047,303277100,30386000,1348983960,753416860,1120621850,0,939017750,376424320,2436063920
2023-09-06,10880.0,10920.0,10770.0,10820.0,215081.0,-0.5514705882352942,398573400,14612760,900782930,1018202180,746881660,0,1306719050,278570560,2332171270
2023-09-07,10790.0,10900.0,10770.0,10880.0,171709.0,0.5545286506469501,682202740,0,452921120,727889090,502921510,0,1104867860,255223580,1863012950
2023-09-08,10860.0,11170.0,10860.0,11160.0,274294.0,2.5735294117647056,1043043810,27361930,792645670,1172727720,347230940,333000,2387865810,300349380,3035779130
2023-09-11,11100.0,11380.0,11100.0,11250.0,221734.0,0.8064516129032258,654938280,23791900,1121492430,693322290,547290930,678000,1460142460,485433510,2493544900
2023-09-12,11250.0,11330.0,11130.0,11250.0,142174.0,0.0,521672310,0,602151400,474376140,420793160,3932500,916550240,256923950,1598199850
2023-09-13,11220.0,11350.0,11200.0,11320.0,151669.0,0.6222222222222222,584607880,0,727697790,397832190,319841330,0,1115398850,274897680,1710137860
2023-09-14,11290.0,11380.0,11270.0,11350.0,151986.0,0.26501766784452296,917767180,0,462754070,340798850,406118210,0,838861620,476340270,1721320100
2023-09-15,11350.0,11430.0,11280.0,11340.0,219159.0,-0.0881057268722467,638838380,3402000,1168591780,678787300,733234600,0,1329303750,427081110,2489619460
2023-09-18,11300.0,11400.0,11170.0,11310.0,148014.0,-0.26455026455026454,366407340,17847180,642394810,640367600,467251570,0,986865920,212899440,1667016930
2023-09-19,11260.0,11350.0,11240.0,11310.0,92591.0,0.0,260041780,11531260,344320070,430321440,312710400,0,612807170,120696980,1046214550
2023-09-20,11230.0,11370.0,11230.0,11310.0,124204.0,0.0,393331100,61523190,494552310,452699310,339075200,42248930,762791200,257990580,1402105910
2023-09-21,11260.0,11330.0,11050.0,11170.0,176777.0,-1.237842617152962,628409920,23386770,788595310,539605430,687182790,62474430,886781210,343559000,1979997430
2023-09-22,11110.0,11260.0,10970.0,11220.0,198644.0,0.4476275738585497,802834990,23558800,422858750,964138060,473627580,985360,1069053080,669724580,2213390600
2023-09-25,11200.0,11250.0,11110.0,11210.0,131572.0,-0.08912655971479501,477373390,1193050,429306380,560595120,651797190,12403770,502958930,301308050,1468467940
2023-09-26,11120.0,11210.0,11010.0,11080.0,119509.0,-1.159678858162355,299004570,12229840,773673890,239371360,377034720,6744590,557003240,383497110,1324279660
2023-09-27,10960.0,11130.0,10940.0,11080.0,101513.0,0.0,329718880,10832340,460448300,317680130,468035870,1185560,492910940,156547280,1118679650
2023-10-04,11030.0,11030.0,10680.0,10790.0,197035.0,-2.6173285198555956,396761950,45385590,1075012410,606360850,1100801540,0,505923060,516796200,2123520800
2023-10-05,10800.0,10860.0,10620.0,10720.0,135365.0,-0.6487488415199258,293879110,106800,839344270,321346430,367981770,10780,684762240,401921820,1454676610
2023-10-06,10690.0,10800.0,10550.0,10790.0,94580.0,0.6529850746268656,389892310,21824290,280869400,319841320,303865250,324000,404308100,303929970,1012427320
2023-10-10,10890.0,11040.0,10690.0,10860.0,145054.0,0.6487488415199258,512583700,1080200,301498290,758642030,518557480,42984420,595348530,416913790,1573804220
2023-10-11,10800.0,10930.0,10800.0,10900.0,71324.0,0.3683241252302026,391380150,0,280560610,103049510,125804370,1228310,244389260,403568330,774990270
2023-10-12,10980.0,11030.0,10850.0,11000.0,103644.0,0.9174311926605505,436898070,0,198926270,500940220,220096170,11329400,603780720,301558270,1136764560
2023-10-13,10860.0,11160.0,10860.0,11040.0,94994.0,0.36363636363636365,410753520,0,260093030,379375750,100589110,11333000,670032310,268267880,1050222300
2023-10-16,11070.0,11430.0,11010.0,11370.0,242945.0,2.989130434782609,928370580,0,1007639230,814079400,116065200,68853040,1975808260,589362710,2750089210
2023-10-17,11390.0,11420.0,11210.0,11320.0,98545.0,-0.43975373790677225,378159400,31803900,560407820,143465460,93235980,0,328555120,692045480,1113836580
2023-10-18,11350.0,11500.0,11230.0,11360.0,257651.0,0.35335689045936397,581287430,326250,264713270,2087119860,35613520,93255870,969542950,1835034470,2933446810
2023-10-19,11340.0,11560.0,11230.0,11490.0,147565.0,1.1443661971830987,604314190,6921500,629419900,449632240,113591340,12164440,1044793950,519738100,1690287830
2023-10-20,11340.0,11430.0,11100.0,11340.0,129857.0,-1.3054830287206265,593983750,791100,622369120,253866380,58258340,294840,764928140,647529030,1471010350
2023-10-23,11340.0,11520.0,11310.0,11430.0,114041.0,0.7936507936507936,518716340,0,548067300,236645370,62707780,798600,743823490,496099140,1303429010
2023-10-24,11450.0,11490.0,11190.0,11360.0,87523.0,-0.6124234470691163,273508670,1007150,593933780,125216700,57814550,11460000,418202760,506188990,993666300
2023-10-25,11350.0,11530.0,11330.0,11500.0,114068.0,1.232394366197183,474609820,0,424824920,405530950,55938570,18180240,650793440,580053440,1304965690
2023-10-26,11490.0,11490.0,11350.0,11370.0,87603.0,-1.1304347826086958,569046110,1449800,257783880,171208610,82751940,0,491721670,425014790,999488400
2023-10-27,11480.0,12070.0,11370.0,11980.0,530021.0,5.364995602462621,1679007870,504651700,2839813400,1265243090,433348770,7578960,4278533240,1569255090,6288716060
2023-10-30,11820.0,12230.0,11820.0,12190.0,272243.0,1.7529215358931551,1278139690,41103640,1348768860,636761090,81479740,68586700,1951389380,1203317460,3304773280
2023-10-31,12260.0,12340.0,12130.0,12280.0,179634.0,0.7383100902378998,983889650,109620,891622430,322590240,249195160,369000,1244398130,704249650,2198211940
2023-11-01,12270.0,12390.0,12170.0,12260.0,102353.0,-0.16286644951140067,373062160,0,654940580,226753540,78365760,4287360,711724690,460378470,1254756280
2023-11-02,12360.0,12680.0,12340.0,12630.0,233738.0,3.0179445350734095,1271766140,1668470,932294030,733484370,135017150,17829670,2141015130,645351060,2939213010
2023-11-03,12700.0,13960.0,12620.0,13800.0,1399294.0,9.263657957244655,924595050,922767780,8895185280,8208441510,3173662380,136195070,14139425670,1501706500,18950989620
2023-11-06,13830.0,14400.0,13750.0,14250.0,640320.0,3.260869565217391,889581410,771540150,4595209670,2730862230,2041838330,287320340,5425117760,1232917030,8987193460
2023-11-07,14150.0,14310.0,13970.0,14260.0,469904.0,0.07017543859649122,171589400,531879820,2549165240,3429300210,854749240,916680410,3526027280,1384477740,6681934670
2023-11-08,14260.0,14520.0,13650.0,13770.0,490850.0,-3.4361851332398317,473466740,754432060,3362008230,2318030670,1463609470,343110090,2610673950,2490544190,6907937700
2023-11-09,13750.0,13990.0,13690.0,13840.0,188327.0,0.5083514887436456,253202530,367659200,860257700,1128872260,625328510,16843630,1238466070,729353480,2609991690
2023-11-10,13730.0,14020.0,13660.0,13980.0,147621.0,1.0115606936416186,174070020,277320910,629117420,969905380,61773700,420000,1570803950,417416080,2050413730
2023-11-13,13980.0,14100.0,13770.0,13980.0,117775.0,0.0,301282140,317444950,535668580,487358380,311483440,7069900,723807620,599393090,1641754050
2023-11-14,13980.0,14470.0,13960.0,14330.0,230767.0,2.503576537911302,1249475260,775395000,606281790,643017200,11276880,14077920,2109784740,1139029710,3274169250
2023-11-15,14490.0,14540.0,14220.0,14450.0,164667.0,0.8374040474528961,1086495720,201572050,753124130,334385860,461181800,10738570,1019852910,883804480,2375577760
2023-11-16,14430.0,14570.0,14360.0,14500.0,134098.0,0.34602076124567477,218827500,303683430,760663570,658074460,109352950,26937120,1105550280,699408610,1941248960
2023-11-17,14400.0,14400.0,13290.0,13330.0,787845.0,-8.068965517241379,799894160,1367291970,5038559350,3527431540,1798348870,723112260,6204218880,2007497010,10733177020
2023-11-20,13000.0,13000.0,12320.0,12840.0,680177.0,-3.675918979744936,1345659720,411988040,3915408830,2906782020,311138060,182643930,6679469220,1406587400,8579838610
2023-11-21,12870.0,13090.0,12820.0,13090.0,120427.0,1.9470404984423675,294889730,143211530,521206350,602083380,197560190,778500,1064886590,298165710,1561390990
2023-11-22,13020.0,13180.0,12930.0,13150.0,86797.0,0.4583651642475172,214797700,280645040,369655090,270154970,134927390,0,748319050,252006360,1135252800
2023-11-23,13080.0,13390.0,13080.0,13270.0,96445.0,0.9125475285171103,419369490,343796150,365496680,147746680,405190980,46418870,407919740,416879410,1276409000
2023-11-24,13210.0,13610.0,13200.0,13590.0,97873.0,2.4114544084400906,310336220,177967700,205964640,627556540,18718340,57695740,890602730,354808290,1321825100
2023-11-27,13590.0,14130.0,13590.0,14080.0,233064.0,3.6055923473142015,302085340,565443090,1777448150,612178210,131390300,235736920,1710842020,1179185550,3257154790
2023-11-28,14140.0,14520.0,14090.0,14220.0,219233.0,0.9943181818181818,440395580,261245700,1963071300,479336710,101161290,112994700,2147509460,782383840,3144049290
2023-11-29,14140.0,14470.0,14130.0,14180.0,196893.0,-0.2812939521800281,218629530,848700,2006204500,586123000,234761680,283221660,1955328440,338493950,2811805730
2023-11-30,14300.0,14900.0,14170.0,14610.0,453015.0,3.0324400564174896,237918900,425712790,3861061570,2094196320,1683078070,6642000,3534956560,1394212950,6618889580
2023-12-01,14760.0,15580.0,14760.0,15420.0,573595.0,5.544147843942506,1501268020,53560860,4438901960,2812296720,942334010,8897360,6802954130,1051842060,8806027560
2023-12-04,15710.0,16870.0,15710.0,16820.0,595364.0,9.07911802853437,950258700,30887200,6762095420,1948695460,1140324910,97377330,6114062130,2340172410,9691936780
2023-12-05,20200.0,21850.0,19990.0,21850.0,6012686.0,29.90487514863258,15472474900,5455897750,98347027550,7751536600,9322269600,686659200,105655573850,11362434150,127026936800
2023-12-06,21200.0,21950.0,20350.0,20750.0,5154186.0,-5.034324942791762,5371386400,1252319200,87672112800,15072810450,5711071200,310025750,83150271100,20197260800,109368628850
2023-12-07,21000.0,23750.0,20700.0,22100.0,8822945.0,6.506024096385541,2800920250,971593900,170562813300,21218544400,5616716150,1317457150,151855162800,36764535750,195553871850
2023-12-08,21650.0,22700.0,21200.0,22150.0,2428995.0,0.22624434389140274,533966950,1793373800,42274928250,9129326850,3738711750,457566450,34692159850,14843157800,53731595850
2023-12-11,21950.0,22800.0,21900.0,22550.0,758440.0,1.805869074492099,238952350,2451330900,13749323300,677131250,1679810600,645990400,14637168000,153768800,17116737800
2023-12-12,22000.0,22000.0,21000.0,21000.0,515030.0,-6.873614190687362,1078282300,2103161500,7082136950,783830450,1975264600,176545800,8706812550,188788250,11047411200
2023-12-13,21150.0,22500.0,20950.0,21600.0,831643.0,2.857142857142857,872396200,7006838150,9260267100,1057997200,3213566500,366317050,14446110100,171505000,18197498650
2023-12-14,21950.0,22200.0,20500.0,21150.0,1327827.0,-2.083333333333333,1799869650,2671120850,15105998300,8666631450,7434979200,224972600,15950058250,4633610200,28243620250
2023-12-15,17990.0,18800.0,15600.0,15850.0,4368709.0,-25.059101654846334,3523656930,2740346050,49586062920,17571468280,14235905000,1448677730,44376083340,13360868110,73421534180
2023-12-18,20600.0,20600.0,17030.0,17700.0,9654725.0,11.67192429022082,6319692640,7980336470,154743380300,17605812410,22703462140,3861004610,141948730070,18136025000,186649221820
2023-12-19,17300.0,18720.0,16400.0,17430.0,2916384.0,-1.5254237288135595,980489480,3006806860,37515030840,9758727840,2108326460,2798839420,36196526160,10157362980,51261055020
2023-12-20,16960.0,18120.0,16770.0,17700.0,2398221.0,1.549053356282272,1186306280,5395297200,24590271560,10957142670,3151376210,1682491600,31156779390,6138370510,42129017710
2023-12-21,17730.0,18090.0,16860.0,17110.0,969004.0,-3.3333333333333335,998718570,547777600,9966867400,5504052300,140558320,198338320,11401994930,5276524300,17017415870
2023-12-22,17000.0,17190.0,16250.0,16380.0,771756.0,-4.266510812390415,1042660400,13443030,8420478790,3396461520,19817290,47814800,7446586900,5358824750,12873043740
2023-12-26,15860.0,16920.0,15700.0,16800.0,849270.0,2.564102564102564,1604770290,5549155470,3657772960,3028537480,484655970,6332550,7642007930,5707239750,13840236200
2023-12-27,16700.0,16700.0,15190.0,15330.0,668770.0,-8.75,940031600,20629280,6013861610,3451610110,1876949120,53382790,5193364400,3302436290,10426132600
2023-12-28,15370.0,15810.0,15250.0,15600.0,275447.0,1.761252446183953,1124874110,10107500,1547403890,1618714670,240367030,15480,2727586860,1333130800,4301100170
2024-01-02,15530.0,15680.0,15300.0,15360.0,197669.0,-1.5384615384615385,635439520,10903300,1313779930,1094735010,581753140,30960,1799383830,673689830,3054857760
2024-01-03,15300.0,15750.0,15220.0,15320.0,207195.0,-0.26041666666666663,847400670,1926320,1133569410,1220852130,788344490,2783460,1500084900,912535680,3203748530
2024-01-04,15420.0,15450.0,15100.0,15110.0,203313.0,-1.370757180156658,331915380,2415030,1735603050,1032530980,563743300,76350,1627060000,911584790,3102464440
2024-01-05,15110.0,15370.0,14930.0,15000.0,199109.0,-0.727994705493051,390720560,14950,1398982930,1220334120,407489060,74980750,1377760540,1149822210,3010052560
2024-01-08,15170.0,15570.0,15000.0,15400.0,237993.0,2.666666666666667,555278320,1853180,1851189610,1242784650,519953310,4417110,2184657660,942077680,3651105760
2024-01-09,15470.0,15600.0,15220.0,15270.0,128374.0,-0.8441558441558441,70470780,2567200,1298545460,598887320,367399420,0,1000088980,602982360,1970470760
2024-01-10,15130.0,15590.0,15130.0,15590.0,129305.0,2.0956123117223315,392920760,925200,755958550,851804910,74287080,7036650,1547407180,372878510,2001609420
2024-01-11,15690.0,15790.0,15350.0,15400.0,161442.0,-1.2187299550994226,422762750,1538000,1110766780,973943950,252747660,21427670,1632815490,602020660,2509011480
2024-01-12,15320.0,15650.0,15200.0,15230.0,149833.0,-1.103896103896104,540511350,0,1076898580,695112060,75467690,0,1277931630,959122670,2312521990
2024-01-15,15230.0,15530.0,15000.0,15470.0,122070.0,1.5758371634931057,401900940,0,530491940,944046220,50079040,0,1195993650,630366410,1876439100
2024-01-16,15350.0,15470.0,14960.0,15190.0,120470.0,-1.809954751131222,297956420,2967960,721263830,801297440,233005390,8202780,925476770,656800710,1823485650
2024-01-17,15260.0,15260.0,14850.0,14900.0,131143.0,-1.9091507570770245,327958160,0,808894270,826837160,33588450,22249440,1283273130,624578570,1963689590
2024-01-18,15050.0,15210.0,14870.0,15070.0,111131.0,1.1409395973154361,371768840,0,531356720,773744900,85364150,10535000,1065174480,515796830,1676870460
2024-01-19,15010.0,15400.0,15000.0,15220.0,111528.0,0.9953550099535502,475052230,14506500,562866580,646552670,58015890,0,983784590,657177500,1698977980
2024-01-22,15350.0,15350.0,15000.0,15030.0,97137.0,-1.2483574244415243,283757340,0,603271680,584089810,38938520,0,1097234470,334945840,1471118830
2024-01-23,15140.0,15390.0,14950.0,15140.0,139229.0,0.7318695941450433,343606030,0,869455570,895625340,35493180,0,1714283110,358910650,2108686940
2024-01-24,15140.0,15400.0,14950.0,15320.0,157150.0,1.1889035667107,370017930,0,867602930,1149009490,71813370,0,1684749980,630067000,2386630350
2024-01-25,15220.0,15450.0,15180.0,15300.0,103711.0,-0.13054830287206268,311763400,6128000,703839310,564176280,27275880,0,954704530,603926580,1585906990
2024-01-26,15240.0,15580.0,15140.0,15430.0,101103.0,0.8496732026143791,383279860,0,717745290,457862590,55614620,15430,967434400,535823290,1558887740
2024-01-29,15580.0,15950.0,15470.0,15810.0,223353.0,2.462734931950745,1046849110,1186610,1781121340,691356200,76679710,0,2465281780,978551770,3520513260
2024-01-30,16000.0,18080.0,15740.0,15740.0,2626346.0,-0.4427577482605946,2496024420,29863150,36700655840,5240333580,168276170,42284790,31263746860,12992569170,44466876990
2024-01-31,15550.0,16790.0,15340.0,16560.0,839479.0,5.209656925031767,2645215790,25666030,8000382820,3076531560,197512080,24049560,10534889780,2991344780,13747796200
2024-02-01,16560.0,18210.0,16320.0,17830.0,1595551.0,7.669082125603864,5598385140,70046340,17071328890,5549667530,191757730,38346490,20769693940,7289629740,28289427900
2024-02-02,18380.0,18840.0,17940.0,18720.0,961970.0,4.991587212563096,2524660800,576872830,9180646660,5484720260,584238020,1047271060,11866571520,4268819950,17766900550
2024-02-05,19200.0,19200.0,17290.0,18650.0,779533.0,-0.37393162393162394,3044544160,17975180,8785887100,2369942220,733556780,57646790,8273546540,5153598550,14218348660
2024-02-06,18350.0,19450.0,18110.0,18710.0,748827.0,0.32171581769436997,2959174360,84049530,7465782210,3656992770,606426250,8960570,9708150350,3842461700,14165998870
2024-02-07,18710.0,19450.0,18710.0,19290.0,408669.0,3.099946552645644,1839105290,1490720,3566654020,2442801080,84438270,8640000,6011084140,1745888700,7850051110
2024-02-08,19290.0,19460.0,19000.0,19300.0,347551.0,0.05184033177812338,2530278670,11688510,2406767630,1755345900,752630320,459998840,4278727630,1212723920,6704080710
2024-02-13,19390.0,19410.0,17550.0,17750.0,679905.0,-8.031088082901555,1504949030,82386140,8223905000,2521151390,3163764530,166729900,6144574500,2857322630,12332391560
2024-02-14,17560.0,17770.0,17210.0,17270.0,319607.0,-2.704225352112676,585704960,10331010,2964261550,2019980820,936844160,25043560,2850541040,1767849580,5580278340
2024-02-15,17390.0,17600.0,17270.0,17550.0,159519.0,1.6213086276780544,786664790,10904590,1171544510,817709100,113318010,0,1572280840,1101224140,2786822990
2024-02-16,17570.0,17640.0,17110.0,17580.0,126133.0,0.17094017094017094,417291960,2100500,1137468720,643197890,758873620,34990,1216209270,224941190,2200059070
2024-02-19,17510.0,17760.0,17470.0,17650.0,117472.0,0.39817974971558584,225303580,1108800,1226790630,618634510,80086740,7024770,1616332730,368393280,2071837520
2024-02-20,17630.0,18390.0,17600.0,18100.0,273021.0,2.5495750708215295,216176930,18180,1974053560,2750514330,203105580,3944640,3533863230,1199849550,4940763000
2024-02-21,18110.0,18280.0,17370.0,17560.0,153519.0,-2.983425414364641,345806690,3067960,1626664390,737250450,560857540,7124000,1171864960,972942990,2712789490
2024-02-22,17730.0,17740.0,17220.0,17500.0,103885.0,-0.3416856492027335,486840320,8759720,588202050,727341660,599911480,17510,840556480,370658280,1811143750
2024-02-23,17500.0,17730.0,17350.0,17480.0,68150.0,-0.1142857142857143,562789740,34970,390865250,240340490,129762910,28773590,751279050,284214900,1194030450
2024-02-26,17590.0,17590.0,17040.0,17350.0,76287.0,-0.7437070938215103,246556680,350650,519293710,558023560,129834140,103960,915876620,278409880,1324224600
2024-02-27,17460.0,17460.0,16780.0,16850.0,75308.0,-2.881844380403458,142912190,5297030,729067540,402887560,124892890,3242590,839217210,312811630,1280164320
2024-02-28,16910.0,17290.0,16710.0,17290.0,58111.0,2.6112759643916914,295914550,34390,288543800,406938620,66475110,10299460,665639210,249017580,991431360
2024-02-29,17120.0,17330.0,16910.0,17020.0,135139.0,-1.5615962984384038,353960910,7376140,646844670,1294453570,243395420,4297500,565606790,1489335580,2302635290
2024-03-04,17100.0,17590.0,16930.0,17220.0,100830.0,1.1750881316098707,684370230,17270,393286260,664770130,219204460,0,813502910,709736520,1742443890
2024-03-05,17100.0,17550.0,17100.0,17350.0,99543.0,0.7549361207897793,535193920,3893170,552279180,643577690,211561110,5245730,899283950,618853170,1734943960
2024-03-06,17300.0,17670.0,17280.0,17560.0,87863.0,1.2103746397694526,454459450,1505000,437164320,649334700,162368700,598400,900829910,478666460,1542463470
2024-03-07,17450.0,17640.0,17420.0,17440.0,62559.0,-0.683371298405467,488401630,0,328633600,277960570,146229600,1544340,549901680,397320180,1094995800
2024-03-08,17540.0,17650.0,17300.0,17390.0,86969.0,-0.286697247706422,661514110,4883210,420610510,434233460,257212070,0,622348460,641680760,1521241290
2024-03-11,17250.0,17460.0,17110.0,17120.0,43067.0,-1.5526164462334675,335412910,17390,278538560,129547040,164968340,17350,358440240,220089970,743515900
2024-03-12,17290.0,17300.0,16910.0,17240.0,48901.0,0.7009345794392523,396585100,34310,186894830,254362120,54489450,1729160,396548750,385109000,837876360
2024-03-13,17410.0,17440.0,17000.0,17080.0,44864.0,-0.9280742459396751,268434090,0,325195260,175283250,108682560,34310,286949890,373245840,768912600
2024-03-14,17180.0,17180.0,16700.0,16780.0,130063.0,-1.756440281030445,643557360,59916300,1144126010,345082770,722561150,2627240,832833880,634660170,2192682440
2024-03-15,16830.0,17040.0,16350.0,16350.0,175537.0,-2.562574493444577,524807380,47107090,1106526740,1225140600,709112850,1876440,748205840,1444386680,2903581810
2024-03-18,16410.0,16730.0,15820.0,15900.0,196651.0,-2.7522935779816518,606920120,86644210,1290882440,1181158110,1262699050,17588180,853351430,1031966220,3165604880
2024-03-19,15850.0,16030.0,15710.0,15800.0,82254.0,-0.628930817610063,199343030,23725570,452685230,624218740,377166740,157900,322949820,599698110,1299972570
2024-03-20,15950.0,16010.0,15730.0,15820.0,81855.0,0.12658227848101267,225536020,1588950,428858910,640421000,249704230,0,442476000,604224650,1296404880
2024-03-21,15820.0,16040.0,15740.0,15990.0,104098.0,1.0745891276864727,582018450,0,523978540,550884440,215904070,7101860,633296810,800578690,1656881430
2024-03-22,15910.0,16250.0,15900.0,16170.0,86979.0,1.125703564727955,362574640,32065020,452060070,558066020,155093020,6612590,782204050,460856090,1404765750
2024-03-25,16190.0,16340.0,15970.0,15970.0,50963.0,-1.2368583797155226,137095390,7300120,553516740,121918620,66583250,0,352555770,400691850,819830870
2024-03-26,15970.0,16500.0,15970.0,16230.0,99791.0,1.6280525986224168,390261730,0,771678860,465719430,68072560,16400,959288270,600282790,1627660020
2024-03-27,16120.0,16500.0,16120.0,16370.0,60754.0,0.8626001232285889,418875420,0,309916010,266629550,250819170,0,389948120,354653690,995420980
2024-03-28,16330.0,16330.0,16070.0,16130.0,55042.0,-1.4660965180207697,286396590,5656500,290866860,307750840,103631360,0,552113620,234925810,890670790
2024-03-29,16130.0,16250.0,15990.0,15990.0,69054.0,-0.8679479231246126,239576750,9630000,376232380,485484870,80019970,15671920,486597430,528634680,1110924000
2024-04-01,16130.0,16130.0,15610.0,15650.0,102310.0,-2.1263289555972484,48224190,46438100,1192011630,321806450,195604320,0,754099050,658777000,1608480370
2024-04-02,15560.0,16540.0,15330.0,16450.0,243635.0,5.111821086261981,63626060,2548170,3373812130,501554690,553732550,3246000,2337983430,1046579070,3941541050
2024-04-03,16310.0,17140.0,16070.0,16090.0,162141.0,-2.188449848024316,120549910,16707900,1964756310,600512850,417454720,30000580,1501046340,754025330,2702526970
2024-04-04,16170.0,17320.0,16110.0,16650.0,157670.0,3.480422622747048,291061240,11780340,1884488190,479468950,209081140,38959700,1950029100,468728780,2666798720
2024-04-05,16770.0,17320.0,16530.0,16540.0,85264.0,-0.6606606606606606,48839090,3623220,1049398020,334593340,204639040,9156780,867932510,354725340,1436453670
2024-04-08,16580.0,16580.0,15950.0,15950.0,105608.0,-3.5671100362756953,59728020,66739510,940372720,633742250,136635150,0,434578590,1129368760,1700582500
2024-04-09,16000.0,16290.0,15920.0,16260.0,53227.0,1.9435736677115987,121086790,70549710,212785420,456462030,41534960,2982170,564622750,251744070,860883950
2024-04-11,15980.0,16600.0,15760.0,16350.0,131122.0,0.5535055350553505,730321730,12748380,460805980,926289150,744381190,1656500,812982870,571144680,2130165240
2024-04-12,16300.0,16350.0,15990.0,15990.0,53822.0,-2.2018348623853212,104951760,5614500,529976490,226871480,224665970,853460,408364020,233530780,867414230
2024-04-15,15900.0,16000.0,15520.0,15920.0,66607.0,-0.4377736085053158,158542540,73299250,588068610,227451880,117871280,312700,573702010,355476290,1047362280
2024-04-16,15490.0,15910.0,15490.0,15740.0,80711.0,-1.1306532663316584,226888690,157000,522668180,515418710,116507890,158300,900440460,248025930,1265132580
2024-04-17,15590.0,15750.0,15510.0,15520.0,77627.0,-1.3977128335451081,67985750,2331500,687528230,451408670,82794020,139950,246439240,879880940,1209254150
2024-04-18,15500.0,15800.0,15460.0,15770.0,68357.0,1.610824742268041,138366370,1550000,299171680,627892870,291251590,9690760,494345100,271693470,1066980920
2024-04-19,15520.0,15620.0,14610.0,14910.0,240063.0,-5.453392517438173,174805020,52502750,2421310770,951219530,1449007270,25605750,804401290,1320823760,3599838070
2024-04-22,15130.0,15570.0,15060.0,15500.0,66954.0,3.9570757880617036,149137600,14240750,260620390,601980650,23345090,0,879950600,122683700,1025979390
2024-04-23,15410.0,15720.0,15410.0,15570.0,43765.0,0.4516129032258065,142978050,0,265962460,270850090,24362780,17723390,446071400,191633030,679790600
2024-04-24,15570.0,15840.0,15480.0,15800.0,59545.0,1.477199743095697,71927720,3129950,270628120,588797770,15324470,217910,490277090,428664090,934483560
2024-04-25,15610.0,15760.0,15480.0,15480.0,48447.0,-2.0253164556962027,149526150,9808030,414537730,181055850,113091150,233710,196772140,444830760,754927760
2024-04-26,15650.0,15650.0,15000.0,15550.0,77534.0,0.45219638242894056,98183490,6127500,587414940,502752550,373360960,107240,640090350,180919930,1194478480
2024-04-29,15660.0,15940.0,15450.0,15940.0,71276.0,2.508038585209003,153513840,12631770,352421070,608171400,27010720,0,852113790,247613570,1126738080
2024-04-30,16050.0,16310.0,15910.0,16200.0,100758.0,1.631116687578419,294182650,0,966801600,377808060,41996120,53429740,996168000,547198450,1638792310
2024-05-02,17030.0,17650.0,16200.0,16310.0,342747.0,0.6790123456790124,350817170,8689750,4352386010,1048518430,316970750,106599880,3779853970,1556986760,5760411360
2024-05-03,16530.0,16570.0,15980.0,16100.0,179773.0,-1.2875536480686696,361547270,978500,1916262630,629725140,504855740,2980390,1905582230,495095180,2908513540
2024-05-07,16070.0,16190.0,14600.0,14980.0,554820.0,-6.956521739130435,475901560,92286580,7315041320,472571950,1628935790,6773640,4037039200,2683052780,8355801410
2024-05-08,15060.0,15060.0,14800.0,14900.0,150974.0,-0.5340453938584779,45703100,6235400,1846921960,355333630,96544700,0,1632795140,524854250,2254194090
2024-05-09,14830.0,14990.0,14760.0,14800.0,137019.0,-0.6711409395973155,190274870,31158990,1643414940,165828340,162301240,0,1275819840,592556060,2030677140
2024-05-10,14890.0,14940.0,14700.0,14790.0,129744.0,-0.06756756756756757,212406400,29929200,1532275180,144967980,586690140,0,836976960,495911660,1919578760
2024-05-13,14820.0,14930.0,14810.0,14840.0,84039.0,0.3380662609871535,136411270,17987470,776040280,318593890,145462430,0,903925390,199645090,1249032910
2024-05-14,14850.0,15100.0,14790.0,15020.0,101643.0,1.2129380053908356,57449570,10465000,1103967180,347850250,28659630,0,1146602190,344470180,1519732000
2024-05-16,15160.0,15180.0,14960.0,14980.0,72175.0,-0.2663115845539281,431504480,0,530563430,125156990,220136900,0,463412400,403675600,1087224900
2024-05-17,15060.0,15060.0,14940.0,14960.0,47693.0,-0.13351134846461948,51727720,0,574051360,89073230,160743620,0,395579080,158529610,714852310
2024-05-20,15100.0,15180.0,15030.0,15050.0,77613.0,0.6016042780748663,112626670,34486610,792590080,233669620,122137700,453900,825212420,225568960,1173372980
2024-05-21,15000.0,15130.0,14920.0,15090.0,44258.0,0.26578073089701,28268880,0,565935670,71419120,38609530,127264010,345779120,153971010,665623670
2024-05-22,15030.0,15220.0,15010.0,15190.0,47960.0,0.6626905235255135,67203570,0,328911010,331373160,39348520,7584060,621411230,59143930,727487740
2024-05-23,15110.0,15240.0,15070.0,15160.0,36908.0,-0.19749835418038184,32859700,0,348541850,178602800,117672630,0,348878130,93453590,560004350
2024-05-24,15130.0,15210.0,15000.0,15090.0,98683.0,-0.46174142480211083,26750090,2276990,754670900,705868980,251699350,0,1069424720,168442890,1489566960
2024-05-27,15180.0,15220.0,15040.0,15160.0,52995.0,0.46388336646785955,208656760,2989800,273522890,317430090,40017040,3159620,592891560,166531320,802599540
2024-05-28,15150.0,15280.0,15110.0,15220.0,32267.0,0.395778364116095,28937010,0,234521210,227432650,62474330,304000,336478500,91634040,490890870
2024-05-29,15120.0,15150.0,14980.0,14980.0,81690.0,-1.5768725361366622,61458670,6856850,804552770,355320170,113494380,0,514547390,600146690,1228188460
2024-05-30,14900.0,15060.0,14830.0,14870.0,45197.0,-0.7343124165554071,15307620,0,425316560,231659500,138590010,0,403421380,130272290,672283680
2024-05-31,14980.0,15130.0,14910.0,15130.0,68390.0,1.7484868863483525,275025680,30040,196000950,558288680,31204320,449700,689306410,308384920,1029345350
2024-06-03,15130.0,15300.0,15060.0,15300.0,49149.0,1.1235955056179776,32505290,7640000,347497630,359266360,13201820,21057940,646135610,66513910,746909280
2024-06-04,15150.0,15320.0,15080.0,15130.0,56222.0,-1.1111111111111112,61769550,2797500,412270020,377499090,158398970,1064200,608861930,86011060,854336160
2024-06-05,15100.0,15290.0,15100.0,15230.0,38318.0,0.6609385327164574,17941720,1245580,240892890,322612380,123416610,453900,393591500,65230560,582692570
2024-06-07,15150.0,15480.0,15150.0,15380.0,59793.0,0.984898227183191,97390290,0,210250580,613307080,83467670,1535000,688427770,147517510,920947950
2024-06-10,15350.0,15500.0,15230.0,15400.0,54537.0,0.13003901170351106,201649400,0,267208130,369976310,237866450,18472900,446515870,135978620,838833840
2024-06-11,15380.0,15480.0,15080.0,15120.0,54964.0,-1.8181818181818181,51833770,10022730,566281480,209874530,301911420,22755560,240420920,272924610,838012510
2024-06-12,15050.0,15220.0,14720.0,14780.0,163635.0,-2.2486772486772484,47022130,0,1632025090,746625440,1243062870,651580,566083450,615874760,2425672660
2024-06-13,14780.0,15150.0,14780.0,14930.0,99513.0,1.0148849797023005,331237890,452100,448682570,714032800,375483940,1608920,735697980,381614520,1494405360
2024-06-14,14900.0,15120.0,14760.0,15120.0,74631.0,1.2726054922973877,418391870,0,345177900,357628070,242653560,0,433831520,444712760,1121197840
2024-06-17,15030.0,15180.0,14990.0,15050.0,43670.0,-0.4629629629629629,45559260,150000,325470080,286773740,125674020,151000,419475700,112652360,657953080
2024-06-18,15170.0,15180.0,14990.0,15070.0,29238.0,0.132890365448505,98052240,4681000,158992070,180045890,48919570,0,285180010,107671620,441771200
2024-06-19,15200.0,15240.0,15080.0,15210.0,67999.0,0.92899800928998,158194490,4556010,433630590,437275990,189099250,0,603583280,240974550,1033657080
2024-06-20,15210.0,15490.0,15160.0,15490.0,50946.0,1.8408941485864563,338323570,988650,208759840,234203910,56582690,0,654091470,71601810,782275970
2024-06-21,15490.0,15500.0,15220.0,15390.0,45234.0,-0.6455777921239509,125302280,5001330,356758360,206489110,181517550,1000350,254548500,256484680,693551080
2024-06-24,15390.0,15440.0,15090.0,15110.0,42045.0,-1.8193632228719947,29899260,4567000,395004230,207427210,113921610,0,389240510,133735580,636897700
2024-06-25,15060.0,15290.0,15050.0,15170.0,34244.0,0.3970880211780278,112933540,0,169114040,237245350,44321070,0,372447940,102523920,519292930
2024-06-26,15190.0,15590.0,15190.0,15450.0,96739.0,1.845748187211602,21111640,247520,830189730,641126060,208147490,0,1038179330,246348130,1492674950
2024-06-27,15410.0,15440.0,15100.0,15250.0,39692.0,-1.2944983818770228,25117210,10514730,356964180,212634460,233698840,30560,153138440,218362740,605230580
2024-06-28,15250.0,15410.0,14860.0,15210.0,32528.0,-0.26229508196721313,98845030,30000,221883300,175706620,23180520,30520,323082590,150171320,496464950
2024-07-01,15200.0,15400.0,15100.0,15370.0,40248.0,1.051939513477975,59023830,0,428006560,127859270,37677100,4749200,403889960,168573400,614889660
2024-07-02,15240.0,15390.0,15120.0,15130.0,48036.0,-1.5614834092387768,165169650,534050,380644420,184240290,105373900,0,253890690,371323820,730588410
2024-07-03,15130.0,15290.0,15080.0,15120.0,50655.0,-0.06609385327164573,180710020,0,385997860,200250650,89519040,0,348876790,328562700,766958530
2024-07-04,15230.0,15440.0,15140.0,15440.0,79727.0,2.1164021164021163,625657190,15340,214565120,386046510,17378480,12270180,908837520,287797980,1226284160
2024-07-05,15510.0,15980.0,15500.0,15720.0,108946.0,1.8134715025906734,592066160,15610,682898560,441148920,138343450,0,1166482770,411303030,1716129250
2024-07-08,15710.0,15840.0,15630.0,15660.0,44935.0,-0.38167938931297707,200038130,0,451066360,55159250,140801260,3382880,312018230,250061370,706263740
2024-07-09,15790.0,15790.0,15600.0,15700.0,27608.0,0.2554278416347382,170723620,235950,234845290,27543570,34629640,1998980,300599610,96120200,433348430
2024-07-10,15700.0,15740.0,15500.0,15530.0,39644.0,-1.0828025477707006,167818100,233400,378713120,73538190,87912320,0,343446180,188944310,620302810
2024-07-11,15680.0,15680.0,15400.0,15500.0,42533.0,-0.19317450096587252,244473650,1202760,253165940,160607770,192101900,1208220,264786990,201353010,659450120
2024-07-12,15500.0,15540.0,15250.0,15510.0,51459.0,0.06451612903225806,239191380,0,414695040,138964980,29233370,0,263034150,500583880,792851400
2024-07-15,15540.0,15710.0,15500.0,15510.0,30269.0,0.0,116753640,0,187882780,167469210,95937230,1790000,293624600,80753800,472105630
2024-07-16,15610.0,15630.0,15450.0,15600.0,23621.0,0.5802707930367506,105291540,1561460,160170120,100776830,32856270,3344820,215934180,115664680,367799950
2024-07-17,15650.0,15690.0,15560.0,15600.0,27064.0,0.0,156430310,0,194332580,71873940,52006200,1562560,211789840,157278230,422636830
2024-07-18,15600.0,15700.0,15460.0,15700.0,46218.0,0.641025641025641,165062060,0,334100200,220076910,66721230,0,372376950,280140990,719239170
2024-07-19,15620.0,15700.0,15480.0,15570.0,35005.0,-0.8280254777070064,161181390,607230,250785000,132037370,135819180,611520,167966520,240213770,544610990
2024-07-22,15560.0,15560.0,15400.0,15400.0,24738.0,-1.0918432883750802,210537810,0,159022030,13259700,107113440,0,99911190,175794910,382819540
2024-07-23,15400.0,15590.0,15350.0,15350.0,25957.0,-0.3246753246753247,146608390,0,210791510,42403940,81071830,0,174371960,144360050,399803840
2024-07-24,15300.0,15430.0,15120.0,15350.0,28522.0,0.0,184858850,0,157631150,94796460,78139760,1533000,258503890,99109810,437286460
2024-07-25,15330.0,15410.0,15160.0,15350.0,40463.0,0.0,148695240,0,138774910,331947550,80315260,0,363977810,175124630,619417700
2024-07-26,15350.0,15630.0,15310.0,15540.0,44089.0,1.2377850162866448,209400170,0,218345300,256976180,30333010,0,530038610,124350030,684721650
2024-07-29,15550.0,15880.0,15430.0,15850.0,61958.0,1.9948519948519947,243400950,0,294336570,441629850,82441620,0,814501990,82423760,979367370
2024-07-30,15700.0,15940.0,15600.0,15710.0,53949.0,-0.8832807570977917,242911450,0,427507700,181686140,132262740,4749000,346472560,368620990,852105290
2024-07-31,15950.0,15950.0,15680.0,15740.0,39465.0,0.19096117122851686,167961300,788500,229127310,223763960,52506110,4722930,262115000,302297030,621641070
2024-08-01,15740.0,16270.0,15730.0,16220.0,68263.0,3.0495552731893265,404869030,827040,390495320,299172270,107432420,13725500,837230980,136974760,1095363660
2024-08-02,16060.0,16210.0,15910.0,15950.0,52319.0,-1.6646115906288532,285568330,0,422406240,129568360,100130580,240960,438946660,298224730,837542930
2024-08-05,15950.0,15950.0,14610.0,14860.0,150718.0,-6.833855799373041,299528000,5299040,1074573800,896355530,258868430,0,1179171370,837716570,2275756370
2024-08-06,14900.0,15390.0,14690.0,14870.0,140515.0,0.06729475100942127,193968830,0,1132667560,781653850,307301990,197470,591531070,1209259710,2108290240
2024-08-07,14570.0,15200.0,14570.0,15200.0,118248.0,2.219233355749832,190841000,13262000,1144384210,406083960,143841370,623200,554544800,1055561800,1754571170
2024-08-08,14730.0,15270.0,14700.0,15270.0,94329.0,0.4605263157894736,380452880,0,419307600,620271040,147550480,0,713032730,559448310,1420031520
2024-08-09,15550.0,16340.0,15460.0,16270.0,193370.0,6.548788474132286,501516820,5672400,1009615320,1580726160,77011660,846860,2430081870,589590310,3097530700
2024-08-12,16300.0,16320.0,15710.0,15910.0,119076.0,-2.2126613398893666,215334750,1260700,1581217890,94615210,150681860,5560650,1021041600,715144440,1892428550
2024-08-13,15760.0,15920.0,15700.0,15790.0,46823.0,-0.754242614707731,144501000,0,356647030,238840340,114294990,0,511590940,114102440,739988370
2024-08-14,15790.0,16130.0,15760.0,16130.0,57396.0,2.1532615579480683,176838940,0,192550510,547392320,54728760,4839000,702856190,154357820,916781770
2024-08-16,16100.0,17050.0,16100.0,16820.0,173385.0,4.277743335399876,719486460,130148090,925038520,1108899710,46944880,96025600,2179985000,560617300,2883572780
2024-08-19,17000.0,17250.0,16750.0,17070.0,111594.0,1.4863258026159334,522503540,87045430,788893520,502782550,92435060,49357000,1395438740,363994240,1901225040
2024-08-20,17190.0,17230.0,16760.0,16900.0,72542.0,-0.9958992384299941,349163840,42089530,605847830,237685900,86380700,2494000,881161310,264751090,1234787100
2024-08-21,17060.0,17200.0,16650.0,16710.0,34629.0,-1.1242603550295858,181100170,5020000,280033800,114070170,36337420,15253960,337551060,191081700,580224140
2024-08-22,16710.0,16820.0,16590.0,16700.0,41037.0,-0.059844404548174746,228656590,0,245803230,210390010,72900200,0,425553610,186396020,684849830
2024-08-23,16700.0,17040.0,16630.0,16960.0,108085.0,1.5568862275449102,530799250,17004020,790958720,493758060,185669690,0,1241349290,405501070,1832520050
2024-08-26,17040.0,17080.0,16700.0,16950.0,61756.0,-0.0589622641509434,580414480,0,417505840,45532140,337977020,0,450281050,255194390,1043452460
2024-08-27,16940.0,17550.0,16810.0,17530.0,163958.0,3.421828908554572,698193040,272286900,612753350,1251014050,9933810,33028400,2584575130,206710000,2834247340
2024-08-28,17510.0,17540.0,17260.0,17440.0,58704.0,-0.513405590416429,573350080,0,390293490,58663980,34204420,16836820,418919890,552346420,1022307550
2024-08-29,17490.0,17500.0,17130.0,17270.0,55977.0,-0.974770642201835,463161910,0,375954090,132105270,223905600,2955810,473440360,270919500,971221270
2024-08-30,17400.0,17400.0,17050.0,17050.0,68846.0,-1.2738853503184715,341725840,7277820,553613620,279285850,12884270,0,714960100,454058760,1181903130
2024-09-02,17190.0,17190.0,16490.0,16590.0,114028.0,-2.6979472140762466,369025710,0,945933730,588961530,491354570,0,1020606380,391960020,1903920970
2024-09-03,16780.0,16780.0,16490.0,16550.0,36980.0,-0.24110910186859552,286271030,2153400,263445920,61512300,63482860,265500,193498520,356135770,613382650
2024-09-04,15850.0,16380.0,15850.0,16270.0,100881.0,-1.6918429003021147,197718200,6752400,839831700,572973100,191328950,937080,1223534020,201475350,1617275400
2024-09-05,16230.0,16470.0,16210.0,16330.0,51937.0,0.36877688998156116,294546850,2738800,336283660,214503810,166592670,65760,495450850,185963840,848073120
2024-09-06,16350.0,16650.0,16200.0,16540.0,49072.0,1.2859767299448868,259366310,363000,386223940,162037130,43984620,0,471218120,292787640,807990380
2024-09-09,16250.0,17980.0,16210.0,17930.0,437357.0,8.403869407496977,1199205310,20177610,3123041120,3363468280,355978650,711338430,5822950190,815625050,7705892320
2024-09-10,17990.0,18100.0,17580.0,17920.0,159951.0,-0.055772448410485224,431727980,477630,882128130,1545508730,55712170,193861010,1849241300,761027990,2859842470
2024-09-11,17740.0,18060.0,17680.0,17850.0,189253.0,-0.390625,250901500,36080,1302799830,1831101030,118608860,295815180,1765901360,1204513040,3384838440
2024-09-12,17960.0,18290.0,16940.0,17810.0,793141.0,-0.22408963585434172,8540969400,10153790,3211011150,2366394280,724921860,631597390,4348580720,8423428650,14128528620
2024-09-13,17820.0,18600.0,17540.0,17800.0,199995.0,-0.05614823133071309,668409360,13378760,1888404140,1022747110,88913090,37792740,1771138360,1695095180,3592939370
2024-09-19,18000.0,18160.0,17800.0,17950.0,158795.0,0.8426966292134831,321262940,0,897297230,1627707300,87071130,54000000,1603103390,1102092950,2846267470
2024-09-20,18000.0,18120.0,17260.0,17260.0,172978.0,-3.8440111420612815,347952830,18891000,2384435280,271547630,499853510,6835360,1174201020,1341936850,3022826740
2024-09-23,17400.0,17560.0,17200.0,17530.0,109632.0,1.5643105446118193,432966350,34940,839128220,641606770,102908570,7961760,1307844730,495021220,1913736280
2024-09-24,17630.0,17670.0,17230.0,17610.0,77642.0,0.4563605248146035,473871130,8324340,738591030,139674330,31879860,0,815189900,513391070,1360460830
2024-09-25,17760.0,17870.0,17050.0,17120.0,151008.0,-2.782509937535491,451942410,19971440,1901115660,244831150,670560920,173191630,970376870,803731240,2617860660
2024-09-26,17120.0,17540.0,17050.0,17350.0,99058.0,1.3434579439252337,507283880,0,454352580,758774730,64065550,46879220,1286654070,322812350,1720411190
2024-09-27,17440.0,17440.0,17000.0,17010.0,104874.0,-1.9596541786743515,363525290,20686880,1207311610,208902510,156464970,0,523613650,1120347670,1800426290
2024-09-30,17100.0,17290.0,16980.0,17090.0,80348.0,0.4703115814226925,515011020,0,485525100,376744720,276547120,0,588543610,512190110,1377280840
2024-10-02,17040.0,17280.0,16600.0,17000.0,90543.0,-0.5266237565827969,596672440,0,471335530,479953850,343898610,21187080,605718640,577157490,1547961820
2024-10-04,17150.0,17150.0,16710.0,16850.0,71288.0,-0.8823529411764706,241597010,134606880,671464700,152731180,222947290,1458990,541406160,434587330,1200399770
2024-10-07,16930.0,17440.0,16880.0,17380.0,128397.0,3.1454005934718103,400461990,105069700,331747610,1384817160,188742950,0,1411350260,622003250,2222096460
2024-10-08,17120.0,17600.0,17120.0,17430.0,99929.0,0.28768699654775604,745574370,4984650,472989960,521728880,256944810,19373580,1114078750,354880720,1745277860
2024-10-10,17600.0,17600.0,17210.0,17210.0,58281.0,-1.262191623637407,315120380,0,596136360,98351350,234125570,0,415294190,360188330,1009608090
2024-10-11,17280.0,17380.0,17060.0,17290.0,58355.0,0.4648460197559558,306035030,0,580964760,118085340,156982470,0,544920880,303181780,1005085130
2024-10-14,17290.0,17340.0,16980.0,17130.0,35918.0,-0.9253903990746095,152586790,0,385157060,78219950,38544960,0,339248680,238170160,615963800
2024-10-15,17100.0,17200.0,16760.0,16810.0,94742.0,-1.8680677174547577,85054610,36138740,1207829000,271343820,217297530,195063040,869713150,318292450,1600366170
2024-10-16,16660.0,17280.0,16640.0,17280.0,217843.0,2.795954788816181,122266520,9994000,397975250,3203584760,118620980,29375910,1706284390,1879539250,3733820530
2024-10-17,17270.0,17270.0,16790.0,16820.0,56535.0,-2.662037037037037,97036720,12079010,820067840,26122980,19216540,2700800,151720120,781669090,955306550
2024-10-18,16930.0,16930.0,16530.0,16530.0,75104.0,-1.7241379310344827,62268090,444528000,675986680,67120860,27442670,0,245795370,976665590,1249903630
2024-10-21,16530.0,16670.0,16400.0,16550.0,40197.0,0.12099213551119178,46718090,109192040,441644590,67587340,93061580,0,369760690,202319790,665142060
2024-10-22,16440.0,16590.0,16250.0,16260.0,61150.0,-1.7522658610271902,23299750,242966030,549310330,187152360,152373210,0,700724430,149630830,1002728470
2024-10-23,16260.0,16560.0,16250.0,16440.0,32345.0,1.107011070110701,38674440,40753670,330552560,121427480,25407310,0,419416520,86584320,531408150
2024-10-24,16350.0,16420.0,16110.0,16200.0,33146.0,-1.4598540145985401,28320930,144947000,331432760,34935980,50589050,0,377792380,111255240,539636670
2024-10-25,16190.0,16510.0,16170.0,16510.0,39409.0,1.9135802469135803,167899150,21852300,235355870,220140870,16062510,0,563288960,65896720,645248190
2024-10-28,16350.0,16790.0,16350.0,16790.0,31073.0,1.6959418534221684,348340910,3437000,101153900,63969550,10580260,993000,288182040,217146060,516901360
2024-10-29,16780.0,16780.0,16520.0,16530.0,25656.0,-1.5485407980941037,227440750,0,156489720,42029310,116831120,0,185505720,123622940,425959780
2024-10-30,16540.0,16650.0,16050.0,16350.0,18577.0,-1.0889292196007259,59110840,555240,198052790,46246310,69016940,3678750,139685070,91584420,303965180
2024-10-31,16420.0,16750.0,16220.0,16750.0,36387.0,2.4464831804281344,212077630,0,58931540,333075280,67172770,163300,320100960,216647420,604084450
2024-11-01,16740.0,17180.0,16460.0,17030.0,70377.0,1.671641791044776,133404270,849000,483766460,579272900,87181890,0,849424140,260686600,1197292630
2024-11-04,17040.0,17080.0,16770.0,17030.0,52749.0,0.0,237960690,1542810,559644850,93396690,181347650,0,331089490,380107900,892545040
2024-11-05,16910.0,17880.0,16910.0,17750.0,163628.0,4.227833235466823,745853400,352800,1129272210,1015992480,376718330,23087000,2254874230,236791330,2891470890
2024-11-06,17860.0,17950.0,17350.0,17400.0,55851.0,-1.971830985915493,311552530,1053000,583291850,84908150,182929020,0,520195140,277681370,980805530
2024-11-07,17340.0,17630.0,17060.0,17270.0,54966.0,-0.7471264367816092,188145700,0,565130620,198616770,146588420,0,445406710,359897960,951893090
2024-11-08,17390.0,17390.0,16760.0,16860.0,88598.0,-2.3740590619571513,124297660,0,1182743620,198885410,158695940,85050910,854573860,407605980,1505926690
2024-11-11,16760.0,17380.0,16700.0,17300.0,78496.0,2.6097271648873073,203787320,1021700,655265920,483607600,166791320,0,1089093090,87798130,1343682540
2024-11-12,17030.0,17130.0,16830.0,16920.0,45471.0,-2.1965317919075145,314256320,0,414379150,42679410,162825270,0,205434000,403055610,771314880
2024-11-13,16850.0,17160.0,16730.0,17000.0,52641.0,0.4728132387706856,160363430,0,681404890,49979270,98610630,0,350423590,442713370,891747590
2024-11-14,17160.0,17160.0,16540.0,16750.0,92898.0,-1.4705882352941175,881120590,0,455113080,220498320,1133737970,0,252130690,170863330,1556731990
2024-11-15,16800.0,16890.0,16560.0,16720.0,24516.0,-0.1791044776119403,83295270,0,296465830,30919020,82770090,0,160867990,167042040,410680120
2024-11-18,16680.0,17000.0,16560.0,16990.0,31265.0,1.6148325358851676,188503760,0,251017860,88133230,102590740,0,294890230,130173880,527654850
2024-11-19,16830.0,17160.0,16800.0,17000.0,53570.0,0.05885815185403178,238540030,16482800,569238340,87184020,167711590,0,559461310,184272290,911445190
2024-11-20,16840.0,17130.0,16840.0,17050.0,37327.0,0.29411764705882354,66701990,21124470,290328830,257686330,152852580,1394820,427515160,54079060,635841620
2024-11-21,17060.0,17320.0,16950.0,17240.0,34767.0,1.1143695014662758,103622040,33507110,328781090,131510960,105520590,10013250,432193530,49693830,597421200
2024-11-22,17240.0,17250.0,16890.0,17020.0,55738.0,-1.2761020881670533,111098250,17544480,774208640,43414270,208891140,44459240,486548940,206366320,946265640
2024-11-25,17150.0,17150.0,16880.0,17100.0,48852.0,0.4700352526439483,235571280,8485000,259644320,327531210,197644410,0,396660650,236926750,831231810
2024-11-26,16930.0,17130.0,16740.0,17040.0,61305.0,-0.3508771929824561,95011880,0,440700410,506218620,414680550,0,563881500,63368860,1041930910
2024-11-27,16950.0,17040.0,16770.0,16890.0,44797.0,-0.8802816901408451,198523290,12582480,518406990,24681690,239130240,0,193922600,321141610,754194450
2024-11-28,16810.0,17800.0,16760.0,17630.0,120551.0,4.381290704558911,747553670,2114000,507885000,848268980,381332590,77656900,1542653060,104179100,2105821650
2024-11-29,17630.0,17630.0,17040.0,17230.0,50553.0,-2.2688598979013044,231336520,0,558671110,79321760,304502200,0,220048640,344778550,869329390
2024-12-02,17430.0,17490.0,17030.0,17130.0,55072.0,-0.5803830528148578,338176060,54816000,417999760,134335640,376369350,0,444247020,124711090,945327460
2024-12-03,17280.0,17530.0,17100.0,17400.0,58675.0,1.5761821366024518,366304820,296480,385982900,264926280,302264340,5847960,549025070,160373110,1017510480
2024-12-04,17170.0,17370.0,16770.0,16950.0,76124.0,-2.586206896551724,154644490,0,885905080,251078070,394829080,286960,610084630,286426970,1291627640
2024-12-05,16880.0,17080.0,16530.0,16670.0,71478.0,-1.6519174041297935,95168790,67546670,928702880,104566130,372695270,0,558454070,264835130,1195984470
2024-12-06,16530.0,16670.0,15890.0,15980.0,178313.0,-4.139172165566887,320459750,228010000,2033090880,289701150,760628550,17436220,1650378920,442818090,2871261780
2024-12-09,15980.0,16110.0,15790.0,16050.0,114429.0,0.4380475594493116,471332840,0,633651740,720357810,509219780,0,809270130,506852480,1825342390
2024-12-10,16210.0,16240.0,16040.0,16140.0,71929.0,0.5607476635514018,146502370,0,585628090,427205090,373796500,161000,510784990,274593060,1159335550
2024-12-11,16020.0,16560.0,16020.0,16530.0,51688.0,2.41635687732342,122804160,0,349036840,374344350,213338400,0,526648120,106198830,846185350
2024-12-12,16580.0,16640.0,16440.0,16510.0,151507.0,-0.12099213551119178,1673918930,1658000,218313370,612743530,835679590,20408240,238965090,1411580910,2506633830
2024-12-13,16510.0,17780.0,16510.0,17660.0,257853.0,6.965475469412477,2590068100,325870,536314700,1375450360,879213970,50156630,3041492090,531296340,4502159030
2024-12-16,17550.0,17690.0,17100.0,17560.0,103702.0,-0.5662514156285391,1131355980,0,492573700,186176930,523278370,0,602784260,684043980,1810106610
2024-12-17,17500.0,21900.0,17280.0,19990.0,1807438.0,13.838268792710707,14134074370,37951060,17343852570,4971531100,7156976810,1566167770,22959676510,4804588010,36487409100
2024-12-18,19740.0,19980.0,18630.0,19100.0,352686.0,-4.452226113056528,1303762730,37441250,4475582730,898849010,1505568400,38824100,4110942010,1060301210,6715635720
2024-12-19,18830.0,18950.0,17960.0,18030.0,228977.0,-5.602094240837696,237509390,89538500,3228729130,627616800,1030173360,61596210,2413645860,677978390,4183393820
2024-12-20,18030.0,18190.0,17490.0,17680.0,131736.0,-1.9412090959511925,341877900,39875130,1569040960,376063910,849365210,26413230,1078458680,372620780,2326857900
2024-12-23,17710.0,18220.0,17520.0,18220.0,133804.0,3.0542986425339365,331819340,111897800,1180118660,771926920,617508640,25209770,1491686790,261357520,2395762720
2024-12-24,18260.0,18300.0,17690.0,17840.0,119257.0,-2.0856201975850714,276175010,17780000,1549022830,286814230,634330140,0,966124260,529337670,2129792070
2024-12-26,17850.0,17900.0,17490.0,17720.0,81160.0,-0.672645739910314,255497650,17680,907188090,266086480,757372190,3153600,543502540,124761570,1428789900
2024-12-27,17510.0,17830.0,17040.0,17420.0,145028.0,-1.6930022573363432,313765880,16478130,1403100050,807453430,366405500,7667910,1889495580,277228500,2540797490
2024-12-30,17400.0,17400.0,16760.0,16920.0,147331.0,-2.8702640642939152,331868250,4368280,1886849050,279849790,575389920,5017290,1353555800,568972360,2502935370
2025-01-02,16830.0,16890.0,16500.0,16840.0,93044.0,-0.4728132387706856,453324040,28430200,792222070,278257570,780230620,0,483596950,288406310,1552233880
2025-01-03,16820.0,17110.0,16820.0,16950.0,57598.0,0.6532066508313539,140240760,33940,570527930,266702840,490629060,0,339589590,147286820,977505470
2025-01-06,16970.0,17170.0,16670.0,16990.0,106470.0,0.2359882005899705,298607650,0,947972240,554465470,966022780,0,475927010,359095570,1801045360
2025-01-07,17000.0,17060.0,16790.0,16980.0,57553.0,-0.05885815185403178,212339310,168400,553840750,206407220,349230440,168270350,255764630,199490260,972755680
2025-01-08,16850.0,17150.0,16790.0,16910.0,75730.0,-0.4122497055359246,231426460,0,560812250,490283620,668430730,0,419101580,194990020,1282522330
2025-01-09,16920.0,16940.0,16700.0,16730.0,127770.0,-1.0644589000591367,408514880,0,1301713170,433338050,997310760,0,493868540,652386800,2143566100
2025-01-10,16700.0,17200.0,16700.0,17110.0,133325.0,2.2713687985654514,450781390,376200,577368210,1236265940,816771110,375320,1103434560,344210750,2264791740
2025-01-13,17110.0,17500.0,17000.0,17500.0,148059.0,2.2793687901811808,620558690,104403510,682733210,1164940050,645692260,0,1177494610,749448590,2572635460
2025-01-14,17430.0,17500.0,17050.0,17300.0,116884.0,-1.1428571428571428,115893290,0,1172680070,723713490,735963760,0,839721770,436601320,2012286850
2025-01-15,17210.0,17320.0,17120.0,17300.0,60075.0,0.0,306433440,0,409946300,318445560,364449180,0,451482660,218893460,1034825300
2025-01-16,17280.0,17300.0,16840.0,16860.0,113562.0,-2.5433526011560694,162643510,1685000,1558317950,200994270,413290340,0,723217250,787133140,1923640730
2025-01-17,16830.0,16840.0,16460.0,16610.0,118468.0,-1.482799525504152,280318460,0,1375369750,308535810,873385340,21689650,315616670,753532360,1964224020
2025-01-20,16610.0,16730.0,16490.0,16700.0,49572.0,0.5418422636965683,291886020,0,203428410,329888360,237259510,0,361060740,226882540,825202790
2025-01-21,16740.0,16830.0,16470.0,16680.0,69706.0,-0.11976047904191617,260319730,0,601568800,297397720,494004070,0,416376320,248905860,1159286250
2025-01-22,16740.0,16750.0,16510.0,16750.0,45086.0,0.4196642685851319,163048460,0,383749580,203268130,241721490,0,257939000,250405680,750066170
2025-01-23,16770.0,16800.0,16570.0,16600.0,49802.0,-0.8955223880597015,208293450,1168400,375507000,244939740,368743380,0,230639110,230526100,829908590
2025-01-24,16600.0,16710.0,16600.0,16700.0,36371.0,0.6024096385542169,202269750,1480680,198246120,204133410,274618090,648960,269873570,60989340,606129960
2025-01-31,16860.0,17150.0,16710.0,17100.0,114459.0,2.3952095808383236,651963060,20688100,509367220,760565500,542143210,0,1067265340,333175330,1942583880
2025-02-03,16920.0,17050.0,16650.0,16680.0,92244.0,-2.456140350877193,484501320,4948260,852044990,207059090,670682660,0,307027120,570843880,1548553660
2025-02-04,16740.0,17290.0,16620.0,16920.0,106681.0,1.4388489208633095,176936690,2251650,1072885000,548611830,721254020,1006800,757713630,320710720,1800685170
2025-02-05,16820.0,16830.0,16000.0,16000.0,349583.0,-5.4373522458628845,438116360,33837720,4969588080,195877330,1335732730,8570020,1458223840,2834892900,5637419490
2025-02-06,16030.0,16090.0,15800.0,16040.0,192901.0,0.25,537694250,3430560,2295970660,233377650,890477000,14762100,994667320,1170566700,3070473120
2025-02-07,15890.0,16020.0,15880.0,15900.0,57524.0,-0.8728179551122194,89488610,0,756895220,69928820,315945230,0,390894580,209472840,916312650
2025-02-10,15910.0,15940.0,15580.0,15700.0,130045.0,-1.257861635220126,394369590,2508500,1146481740,497642820,476760320,10149210,794644430,759448690,2041002650
2025-02-11,15700.0,15920.0,15500.0,15860.0,67408.0,1.019108280254777,333750420,0,447057680,281706780,361442570,0,470018830,231053480,1062514880
2025-02-12,15860.0,15940.0,15770.0,15850.0,47502.0,-0.06305170239596469,187228700,0,414078530,152322360,229981270,0,266500070,257148250,753629590
2025-02-13,15820.0,15940.0,15800.0,15870.0,71782.0,0.12618296529968456,530659180,23775000,431995810,152274490,405766410,0,298465790,434472280,1138704480
2025-02-14,15880.0,15940.0,15750.0,15820.0,43892.0,-0.315059861373661,123913270,0,432836170,138853130,299952220,0,362543610,33106740,695602570
2025-02-17,15820.0,15870.0,15710.0,15820.0,38814.0,0.0,150852560,0,382816660,80518490,173005730,0,348006530,93175450,614187710
2025-02-18,15800.0,16000.0,15640.0,16000.0,99573.0,1.1378002528445006,281340960,51436410,935495030,304274060,428932310,0,597408650,546205500,1572546460
2025-02-19,16180.0,16480.0,16050.0,16090.0,292753.0,0.5625,360601290,10558060,3373324950,1001360950,1027475930,5753780,2419749320,1292866220,4745845250
2025-02-20,16050.0,16230.0,15900.0,16190.0,81401.0,0.6215040397762586,266387700,0,686756390,353949320,494394440,0,656450130,156248840,1307093410
2025-02-21,16200.0,16210.0,16060.0,16080.0,101172.0,-0.6794317479925881,483927210,144990,903626260,242434270,745636590,145250,461170600,423180290,1630132730
2025-02-24,16050.0,16290.0,15910.0,16290.0,106340.0,1.3059701492537312,749663190,303570,479382880,488865240,434169900,239100,1007465740,276340140,1718214880
2025-02-25,16130.0,16240.0,16080.0,16170.0,127216.0,-0.7366482504604052,744233690,0,635959780,672703610,1085625020,0,607925700,359346360,2052897080
2025-02-26,16140.0,16300.0,16060.0,16300.0,95589.0,0.8039579468150896,459146200,0,612559590,474996410,475869400,0,745893310,324939490,1546702200
2025-02-27,16350.0,16360.0,16180.0,16320.0,86873.0,0.1226993865030675,298151040,0,494190580,621096900,613356130,0,599710090,200372300,1413438520
2025-02-28,16200.0,16240.0,15790.0,15860.0,215419.0,-2.8186274509803924,687799050,79300000,1495140040,1169459240,996847230,0,1165645680,1269205420,3431698330
2025-03-04,15620.0,16080.0,15620.0,15750.0,79848.0,-0.6935687263556116,148871125,0,440403365,675698530,574272460,0,283069320,407631240,1264973020
2025-03-05,15800.0,16110.0,15780.0,15960.0,92226.0,1.3333333333333335,185382540,2391000,388611700,896766660,540776190,0,501526675,430849035,1473151900
2025-03-06,15970.0,16200.0,15970.0,16200.0,65031.0,1.5037593984962405,454410290,11235000,118215610,462878400,254301260,0,502298080,290139960,1046739300
2025-03-07,16210.0,16210.0,15910.0,15970.0,73227.0,-1.4197530864197532,200848735,43273030,612605080,314822635,632541785,0,384600785,154406910,1171549480
2025-03-10,16050.0,16290.0,15950.0,16190.0,90356.0,1.3775829680651221,472389335,0,244728310,745556450,439543935,32462780,565763175,424904205,1462674095
2025-03-11,15990.0,16170.0,15960.0,15990.0,80891.0,-1.2353304508956144,98701420,32573850,718756965,443959735,433074430,594250,291391770,568931520,1293991970
2025-03-12,16000.0,16160.0,15970.0,16080.0,41339.0,0.5628517823639775,96270590,16040000,357363495,193286325,172130720,0,315055680,175774010,662960410
2025-03-13,16110.0,16350.0,16040.0,16260.0,167012.0,1.1194029850746268,884700030,0,901173650,926374930,659444550,16240000,1302463315,734100745,2712248610
2025-03-14,16190.0,16300.0,16000.0,16110.0,85744.0,-0.9225092250922509,150311645,18931300,825296220,385051470,529575230,0,266220380,583795025,1379590635
2025-03-17,16130.0,16400.0,16050.0,16330.0,110375.0,1.3656114214773432,687797625,1795030,584899630,515430395,426608550,811500,851199460,511303170,1789922680
2025-03-18,16340.0,16410.0,16130.0,16230.0,127161.0,-0.612369871402327,553255645,0,991140345,519577600,904992715,1777690,358237795,798965390,2063973590
2025-03-19,16170.0,16640.0,16170.0,16580.0,173177.0,2.1565003080714726,875069695,9768000,755972525,1212882565,615360960,11585000,1767018540,459728285,2853692785
2025-03-20,16550.0,16580.0,16230.0,16250.0,123890.0,-1.9903498190591074,234605380,0,1420387285,371845040,547280795,1000400,835587205,642969305,2026837705
2025-03-21,16200.0,16280.0,15970.0,16110.0,104485.0,-0.8615384615384615,192362440,1847180,1021015470,468871345,497944230,13032320,345756170,827363715,1684096435
2025-03-24,16110.0,16210.0,16020.0,16200.0,71070.0,0.5586592178770949,96304535,1604000,669199720,377295815,390255710,0,213855600,540292760,1144404070
2025-03-25,16180.0,16380.0,16130.0,16310.0,110898.0,0.6790123456790124,472256910,1896700,430397365,900331760,455693880,1872460,684994470,662321925,1804882735
2025-03-26,16400.0,16480.0,16280.0,16450.0,116248.0,0.8583690987124464,470237875,0,457292160,979664155,394233015,28009830,978060475,506890870,1907194190
2025-03-27,16330.0,16480.0,16200.0,16390.0,135929.0,-0.364741641337386,478049830,55368290,992524470,692984225,584776430,145940,687604800,946399645,2218926815
2025-03-28,15750.0,15750.0,15400.0,15690.0,199891.0,-4.270896888346553,993048345,4148850,1381932770,736303395,886160115,18121350,775754935,1435396960,3115433360
2025-03-31,15550.0,15710.0,15020.0,15150.0,137850.0,-3.4416826003824093,582341725,2251860,1336189410,173565020,640389975,2206370,282084035,1169667635,2094348015
2025-04-01,15020.0,15300.0,15020.0,15220.0,89557.0,0.46204620462046203,94034575,1980900,612010135,650314140,537266425,0,285891400,535181925,1358339750
2025-04-02,15170.0,15290.0,14940.0,14970.0,105506.0,-1.64257555847569,192616000,0,650992010,744166040,544929930,0,273735340,769108780,1587774050
2025-04-03,14730.0,14730.0,14400.0,14480.0,148908.0,-3.2732130928523713,299280765,26634300,1291462810,543579865,665357845,4678190,364152910,1126768795,2160957740
2025-04-04,14420.0,14750.0,14310.0,14730.0,113332.0,1.7265193370165748,585307725,131490,319704975,741613480,585533485,14440,382099155,679110590,1646757670
2025-04-07,14430.0,14430.0,13830.0,14170.0,169156.0,-3.801765105227427,754956480,922240,1332373195,281110075,560007795,0,656149770,1153204425,2369361990
2025-04-08,14230.0,14350.0,13860.0,13900.0,118495.0,-1.9054340155257588,329573250,37786130,565964515,733394030,631116450,278320,360684070,674639085,1666717925
2025-04-09,13830.0,13920.0,13360.0,13600.0,143070.0,-2.158273381294964,469259010,10095370,720423390,739454070,1123111730,3479390,258384750,554255970,1939231840
2025-04-10,14140.0,14230.0,13780.0,14070.0,197158.0,3.4558823529411766,257793220,32910000,817403390,1647204840,1905850170,0,159321980,690139300,2755311450
2025-04-11,13960.0,14040.0,13610.0,13920.0,159556.0,-1.0660980810234542,270929780,991090,678274175,1255074040,1287810035,152790,333059105,584247155,2205269085
2025-04-14,13850.0,13980.0,13820.0,13950.0,114702.0,0.21551724137931033,111125340,272189630,675961250,534976070,984491835,13900,151582010,458164545,1594252290
2025-04-15,14020.0,14260.0,14020.0,14220.0,107850.0,1.935483870967742,346963720,5707630,519984155,652753800,594551315,3522020,589595680,337740290,1525409305
2025-04-16,14220.0,14220.0,14010.0,14080.0,91691.0,-0.9845288326300985,147714870,6450180,459876655,681319925,844706220,0,192110905,258544505,1295361630
2025-04-17,14090.0,14130.0,13880.0,14090.0,94009.0,0.07102272727272728,340117280,9083585,557608775,409854400,835037155,0,117788240,363838645,1316664040
2025-04-18,14020.0,14250.0,14000.0,14240.0,87073.0,1.0645848119233499,245396730,17913670,336545900,631345550,741065300,0,403356210,86780340,1231201850
2025-04-21,14220.0,14250.0,14080.0,14250.0,101035.0,0.0702247191011236,101015940,181411370,666080655,481591110,835703310,0,261508585,332887180,1430099075
2025-04-22,14240.0,14450.0,14160.0,14450.0,97261.0,1.4035087719298245,311088015,30255400,492543185,559132880,387177845,0,379167175,626674460,1393019480
2025-04-23,14550.0,14790.0,14430.0,14770.0,114966.0,2.214532871972318,279506220,8656840,441965585,951838500,523488910,116480,598394720,559967035,1681967145
2025-04-24,14740.0,14880.0,14670.0,14700.0,64183.0,-0.47393364928909953,46180300,309330,305792335,592724795,508089800,426010,228754820,207736130,945006760
2025-04-25,14770.0,14930.0,14680.0,14830.0,107252.0,0.8843537414965987,349334065,11653900,490452520,737940010,648912320,29840,566824245,373614090,1589380495
2025-04-28,14840.0,15200.0,14780.0,15040.0,89930.0,1.416048550236008,208870830,587730,287209450,857588155,417083065,18341440,640462655,278369005,1354256165
2025-04-29,15190.0,15210.0,14960.0,15190.0,63439.0,0.9973404255319149,388209040,9390900,194363980,367995390,233965940,20911435,395126845,309955090,959959310
2025-04-30,15020.0,15220.0,14970.0,15040.0,102217.0,-0.9874917709019092,189890130,16996340,546923360,785300210,427819710,1191390,267695230,842403710,1539110040
2025-05-02,14950.0,15200.0,14910.0,15100.0,63455.0,0.39893617021276595,200057870,14970,274228180,482009920,548078530,3023010,210641140,194568260,956310940
2025-05-07,15230.0,15400.0,15050.0,15320.0,93628.0,1.456953642384106,262109080,4831180,303344290,860688420,299124415,0,561874360,569974195,1430972970
2025-05-08,15280.0,15430.0,15150.0,15180.0,78542.0,-0.9138381201044387,284534750,22277220,378530325,510662580,608114635,7676480,153707500,426506260,1196004875
2025-05-09,15210.0,15310.0,14860.0,15000.0,64834.0,-1.185770750988142,154262540,903600,465357340,357371340,370620660,15160,423320430,183938570,977894820
2025-05-12,15140.0,15820.0,15100.0,15710.0,137403.0,4.733333333333333,666254895,9884600,342365415,1119240060,521328810,63396700,1145520330,407499130,2137744970
2025-05-13,15630.0,16200.0,15540.0,16150.0,158731.0,2.8007638446849143,789778025,7951140,537247665,1204221570,309530465,7053920,1699303705,523310310,2539198400
2025-05-14,16150.0,17270.0,16140.0,17100.0,397086.0,5.88235294117647,2768862515,4608300,1447455870,2483206840,1057548845,6773230,4467594740,1172216710,6704133525
2025-05-15,16950.0,17000.0,16640.0,16740.0,105206.0,-2.1052631578947367,373782170,23748210,929469535,437962955,308072495,50530,547697375,909142470,1764962870
2025-05-16,16760.0,16890.0,16400.0,16600.0,68581.0,-0.8363201911589008,324801070,150940,466577165,345366110,356048180,117600,335295710,445433795,1136895285
2025-05-19,16970.0,17000.0,16300.0,16790.0,87243.0,1.144578313253012,325997250,162834390,691026320,278920330,271734390,0,583715050,603328850,1458778290
2025-05-20,16750.0,16970.0,16600.0,16630.0,67899.0,-0.9529481834425254,383546950,90074720,389564225,272656990,198530430,0,504229360,433083095,1135842885
2025-05-21,16570.0,16860.0,16490.0,16550.0,68900.0,-0.4810583283223091,436502650,120014260,286528475,302676860,355667865,2063420,432534170,355456790,1145722245
2025-05-22,16380.0,16540.0,16370.0,16380.0,51351.0,-1.027190332326284,275705470,3165470,174638180,389881580,343720600,1871230,223481220,274317650,843390700
2025-05-23,16350.0,16500.0,16300.0,16450.0,36090.0,0.4273504273504274,217140400,54921400,66364315,254232960,192986375,0,253760850,145911850,592659075
2025-05-26,16340.0,16760.0,16340.0,16760.0,63385.0,1.884498480243161,559719630,12300000,273209310,207377510,268334620,6365280,343945300,433961250,1052606450
2025-05-27,16590.0,16760.0,16500.0,16690.0,60746.0,-0.41766109785202865,430694020,2715705,312159180,263693020,215482115,0,200428360,593351450,1009261925
2025-05-28,16650.0,17100.0,16580.0,16760.0,183566.0,0.4194128220491312,559231460,5483380,940356175,1576160895,1014851515,467281670,700652610,898446115,3081231910
2025-05-29,17030.0,19950.0,17000.0,19890.0,1703965.0,18.67541766109785,6803976340,53242170,14085448120,11110074735,5947544210,259316830,18966386275,6879494050,32052741365
2025-05-30,19800.0,20600.0,19550.0,20300.0,1302629.0,2.0613373554550023,3422481870,58198080,6545830790,16003696950,5542366510,233850170,11111982565,9142008445,26030207690
2025-06-02,19520.0,19530.0,18660.0,18740.0,455707.0,-7.684729064039408,2509049095,35754990,3641403085,2473979045,1299825170,85380500,4156288485,3118692060,8660186215
2025-06-04,18650.0,19150.0,18200.0,18950.0,326121.0,1.1205976520811098,2495010200,6393170,1897799280,1739254995,782511295,100617940,3398583430,1856744980,6138457645
2025-06-05,19020.0,19240.0,18580.0,18800.0,278510.0,-0.79155672823219,1799382000,462174530,2005250610,991074710,1053486290,6091430,1944261115,2254043015,5257881850
2025-06-09,19020.0,19500.0,18850.0,18870.0,298641.0,0.37234042553191493,1788001820,31156520,2651076930,1237067550,1317947620,1482940,1473724450,2914147810,5707302820
2025-06-10,19030.0,19230.0,18600.0,18800.0,269769.0,-0.37095919448860626,1179383650,195757250,1742167330,1989383195,1150736915,326710610,1164254930,2464988970,5106691425
2025-06-11,18740.0,18950.0,18510.0,18800.0,282213.0,0.0,811629170,299293810,1995283665,2181161470,1023366080,82279210,1874081735,2307641090,5287368115
2025-06-12,18750.0,19160.0,18600.0,19050.0,302586.0,1.3297872340425532,1815187810,158514820,907497935,2853476700,1330517620,449506355,1826676020,2127977270,5734677265
2025-06-13,19000.0,19080.0,18270.0,18380.0,195672.0,-3.5170603674540684,840386685,173301310,1543013350,1060694770,1822819685,19789240,843330740,931456450,3617396115
2025-06-16,18430.0,18820.0,18020.0,18820.0,145001.0,2.3939064200217626,712429330,32044370,765831250,1165395245,882378955,3869690,997047805,792403745,2675700195
2025-06-17,18800.0,19220.0,18360.0,18600.0,350273.0,-1.1689691817215728,1396479410,9381590,1860611200,3256585250,4424305445,73461880,790043200,1235246925,6523057450
2025-06-18,18420.0,19000.0,18330.0,18820.0,171716.0,1.1827956989247312,549631010,1241850,919422915,1759219220,806230640,67735120,958614870,1396934365,3229514995
2025-06-19,18840.0,19070.0,18500.0,18990.0,148479.0,0.9032943676939427,743824630,3736580,778502110,1271526085,610437650,38450990,752222690,1396478075,2797589405
2025-06-20,19050.0,19110.0,18780.0,18920.0,215813.0,-0.3686150605581885,543881135,2604520,1112642600,2426483420,470911560,36165950,491701295,3086832870,4085611675
2025-06-23,18660.0,19020.0,18540.0,18930.0,121885.0,0.052854122621564484,396389430,235982670,591829800,1067965870,791987130,6112940,997012305,497055395,2292167770
2025-06-24,19030.0,19370.0,19010.0,19200.0,178824.0,1.4263074484944533,944128035,55865910,932792980,1505979615,754291020,398465380,1421164530,864845610,3438766540
2025-06-25,19150.0,19400.0,19100.0,19370.0,189696.0,0.8854166666666666,811411735,12292910,1558204635,1275021885,732463385,525874985,1069914410,1328678385,3656931165
2025-06-26,19370.0,19480.0,18810.0,19150.0,135757.0,-1.1357769747031492,795554720,23590140,1270040100,497998910,886186860,2359230,777228650,921409130,2587183870
2025-06-27,19090.0,19310.0,18700.0,18780.0,127344.0,-1.9321148825065273,797498920,29627790,1087654755,484918800,600915435,13881150,1083682840,701220840,2399700265
2025-06-30,18900.0,19290.0,18690.0,19200.0,152601.0,2.2364217252396164,624522910,57470,439066175,1851550045,497144730,48590700,1228141930,1141319240,2915196600
2025-07-01,19300.0,20250.0,19260.0,19780.0,366325.0,3.0208333333333335,2089282015,53579740,1964747865,3114389145,544242130,888095540,2633623415,3156037680,7221998765
2025-07-02,19750.0,20850.0,19410.0,20700.0,303455.0,4.651162790697675,2084190245,12349570,1688339135,2384007240,767464605,618228060,3172596640,1610596885,6168886190
2025-07-03,20900.0,21200.0,20600.0,21000.0,215858.0,1.4492753623188406,2143120175,10622000,910001825,1461302750,483401575,297339100,2279097225,1465208850,4525046750
2025-07-04,20850.0,21150.0,20650.0,20750.0,119714.0,-1.1904761904761905,1171469075,30087500,727940600,573178025,446234150,258970450,1110194375,687276225,2502675200
2025-07-07,20450.0,20750.0,20100.0,20350.0,101487.0,-1.9277108433734942,426605425,23258550,492346650,1123841100,354069425,596392900,744526350,371063050,2066051725
2025-07-08,20500.0,21300.0,20100.0,20950.0,141251.0,2.9484029484029484,478505550,1946400,1303447075,1163712875,326590800,151234050,1179751650,1290035400,2947611900
2025-07-09,20950.0,22150.0,20850.0,21900.0,193505.0,4.534606205250596,1161697550,37298500,2144173025,864786275,471725700,92210900,1851639475,1792379275,4207955350
2025-07-10,22350.0,23750.0,22100.0,23650.0,294963.0,7.9908675799086755,2565782825,358782150,2808863700,1056370625,424952150,5799050,3343007050,3016041050,6789799300
2025-07-11,23450.0,24350.0,22900.0,24100.0,237090.0,1.9027484143763214,2300548400,523980625,2033089350,794943000,440429275,51221300,2672226175,2488684625,5652561375
2025-07-14,24100.0,26400.0,23900.0,25900.0,308539.0,7.468879668049793,3005263700,25262600,3197840050,1588337700,753597950,290307100,3932228525,2840570475,7816704050
2025-07-15,25650.0,26750.0,25600.0,26100.0,223651.0,0.7722007722007722,2746438575,7447150,2048175850,1042448825,881848675,108936750,2179721475,2674003500,5844510400
2025-07-16,25600.0,26300.0,25500.0,25550.0,184881.0,-2.10727969348659,2431034875,93540650,1225291950,1033796025,933291725,103683150,1467626125,2279062500,4783663500
2025-07-17,25700.0,26000.0,24900.0,25750.0,137721.0,0.7827788649706457,1451632300,14398100,904984175,1159355800,632491025,23795700,956930450,1917153200,3530370375
2025-07-18,25600.0,26100.0,24700.0,25500.0,162537.0,-0.9708737864077669,2559737650,74439275,647016925,829089600,333271275,75429550,2339482125,1362100500,4110283450
2025-07-21,24650.0,25650.0,24400.0,24850.0,92443.0,-2.549019607843137,907705625,4514350,496308575,908017300,679810450,48210900,889095600,699428900,2316545850
2025-07-22,24800.0,25100.0,24400.0,24750.0,128529.0,-0.4024144869215292,1437164450,47307575,305709700,1382093550,700872800,132577050,1355237375,983588050,3172275275
2025-07-23,25050.0,25700.0,25050.0,25550.0,118417.0,3.2323232323232323,1585094500,5416775,462415175,962994700,657044700,70445400,1557922200,730508850,3015921150
2025-07-24,25850.0,25950.0,24800.0,25300.0,101234.0,-0.9784735812133072,1170099200,452875,415800450,970662375,702854900,17888900,917336300,918934800,2557014900
2025-07-25,24650.0,25000.0,23900.0,24050.0,154241.0,-4.940711462450593,1535844325,1136100,919361650,1298741275,494646725,5215100,1545046675,1710174850,3755083350
2025-07-28,23850.0,24600.0,23350.0,23950.0,156370.0,-0.4158004158004158,862566400,129690300,625460825,2097661550,1334351875,6256850,907687250,1467083100,3715379075
2025-07-29,23650.0,23700.0,22800.0,23250.0,133941.0,-2.9227557411273484,1063005525,10563900,558568800,1478625225,886364625,7160850,838376500,1378861475,3110763450
2025-07-30,23200.0,24450.0,23200.0,24100.0,155005.0,3.655913978494624,1902867850,4318900,584025650,1243914800,1082364475,4824150,1086408825,1561529750,3735127200
2025-07-31,23900.0,24350.0,23600.0,24150.0,91155.0,0.2074688796680498,1303024650,69600000,260339075,553421875,395740525,8908300,945602275,836134500,2186385600
2025-08-01,23850.0,23950.0,22900.0,22950.0,139209.0,-4.968944099378882,1148576900,48579550,1092649650,964283250,883319400,9070900,1049457450,1312241600,3254089350
2025-08-04,23000.0,24000.0,22900.0,23500.0,85215.0,2.3965141612200433,1344695925,3537950,213478300,438193650,194650350,1269750,618446125,1185539600,1999905825
2025-08-05,23550.0,24050.0,23400.0,23900.0,75265.0,1.702127659574468,889607700,2290950,328525550,562900425,652394825,4078350,390352225,736499225,1783324625
2025-08-06,23700.0,24150.0,23500.0,23950.0,49019.0,0.20920502092050208,613883100,951100,242752825,315505150,137931225,122850500,341907200,570403250,1173092175
2025-08-07,24000.0,24050.0,23550.0,23750.0,48731.0,-0.8350730688935281,399302350,3853650,497470650,257297875,207827750,427000,342097325,607572450,1157924525
2025-08-08,23550.0,24200.0,23400.0,24150.0,75113.0,1.6842105263157894,1100620100,23578350,305870150,362803475,646258125,495600,629234875,516883475,1792872075
2025-08-11,24250.0,24300.0,23450.0,23550.0,45763.0,-2.484472049689441,395534500,3205950,480131125,202465750,407222775,1979350,348586900,323548300,1081337325
2025-08-12,23150.0,24400.0,23150.0,24000.0,56240.0,1.910828025477707,643222400,2686200,323373650,380533675,330858800,211232050,491451775,316273300,1349815925
2025-08-13,23800.0,24000.0,23400.0,23800.0,50935.0,-0.8333333333333334,612004350,0,377195000,214209400,291137225,221078100,127442400,563751025,1203408750
2025-08-14,23800.0,24350.0,21450.0,21850.0,265139.0,-8.193277310924369,1215005600,23657650,2528149250,2147850850,3051845950,58579250,1618317600,1185920550,5914663350
2025-08-18,21850.0,22400.0,21200.0,21750.0,123498.0,-0.4576659038901602,827555625,18087400,353194375,1475308050,402175800,17069000,1390929500,863971150,2674145450
2025-08-19,22100.0,22100.0,21100.0,21500.0,87541.0,-1.1494252873563218,1015581300,6247000,404511500,449528400,276238900,9624000,348966175,1241039125,1875868200
2025-08-20,21700.0,21900.0,21100.0,21850.0,84981.0,1.627906976744186,554585200,2756550,327436700,948302350,550065250,3499900,366626725,912888925,1833080800
2025-08-21,21950.0,22350.0,21650.0,21850.0,83926.0,0.0,925856775,8123050,458221900,452628950,386206900,7932700,436633475,1014057600,1844830675
2025-08-22,21700.0,22050.0,21000.0,21300.0,98077.0,-2.517162471395881,805528500,105518775,661551125,510793325,643237075,1342850,650733900,788077900,2083391725
2025-08-25,21450.0,22450.0,21250.0,22450.0,107141.0,5.39906103286385,1512468100,8691250,326876950,511585775,457769350,18877075,754666525,1128309125,2359622075
2025-08-26,22250.0,23250.0,22250.0,23000.0,85418.0,2.4498886414253898,1239746825,1608400,280659350,438870575,220914575,87380800,597178350,1055411425,1960885150
2025-08-27,22800.0,23400.0,22600.0,23000.0,91745.0,0.0,1007811400,7003200,233552675,855122250,213159600,184000,321785525,1568360400,2103489525
2025-08-28,23150.0,24200.0,23000.0,24200.0,85826.0,5.217391304347826,1151489900,5605100,360602350,527846150,177450950,10409925,925985300,931697325,2045543500
2025-08-29,24150.0,24450.0,23750.0,24400.0,100030.0,0.8264462809917356,1487964575,5970000,145184950,770371550,256248175,7335300,453153375,1692754225,2409491075
2025-09-01,24500.0,24500.0,23650.0,23900.0,52214.0,-2.0491803278688523,564268400,3143900,200785225,479067425,213982625,2881950,267665275,762735100,1247264950
2025-09-02,23700.0,24100.0,23300.0,23450.0,59498.0,-1.882845188284519,619987775,2195100,212482050,569433950,226652600,469863450,215555400,492027425,1404098875
2025-09-03,23200.0,24100.0,23200.0,23750.0,57015.0,1.279317697228145,656540250,0,157877250,533677350,206072650,494912100,175682175,471427925,1348094850
2025-09-04,23550.0,24250.0,23550.0,23950.0,24984.0,0.8421052631578947,265601125,3719800,75556750,252367475,176661725,1049400,146964225,272569800,597245150
2025-09-05,23600.0,24150.0,23600.0,24100.0,68199.0,0.6263048016701461,480101325,30171100,352911600,773220625,372347650,240000,504648950,759168050,1636404650
2025-09-08,24050.0,24250.0,23800.0,23900.0,22458.0,-0.8298755186721992,188380450,0,93196200,256203650,194469275,645300,108941350,233724375,537780300
2025-09-09,24300.0,24400.0,23800.0,24250.0,55540.0,1.4644351464435146,702385425,1544800,123083600,516443000,326881025,1038550,482441900,533095350,1343456825
2025-09-10,23900.0,24600.0,23900.0,23950.0,77584.0,-1.2371134020618557,1064977500,0,384253950,418150950,194289600,343188600,329839775,1000064425,1867382400
2025-09-11,23800.0,24250.0,23750.0,24000.0,235617.0,0.20876826722338201,2309851350,6749400,479192325,2859976350,1115437775,3232780400,354858675,952692575,5655769425
2025-09-12,24000.0,24050.0,23650.0,23650.0,83313.0,-1.4583333333333333,1079199575,0,550953225,357843900,226076075,740023000,91616675,930280950,1987996700
2025-09-15,23650.0,24350.0,23250.0,23850.0,315318.0,0.8456659619450317,1585973200,16372550,1276544525,4599057300,1678030875,4039345050,608463750,1152107900,7477947575
2025-09-16,23700.0,24300.0,23700.0,24000.0,59562.0,0.628930817610063,633029850,1220400,278721550,518941350,335816975,72508300,280778850,742809025,1431913150
2025-09-17,23750.0,24000.0,23200.0,23300.0,63489.0,-2.9166666666666665,380534800,94600,383636125,729164550,556097750,18334800,211493175,707504350,1493430075
2025-09-18,23300.0,23850.0,23200.0,23650.0,65482.0,1.502145922746781,887228775,0,214396500,441256775,220591475,350325200,197000225,774965150,1542882050
2025-09-19,23250.0,23950.0,22750.0,22950.0,70492.0,-2.9598308668076108,552257825,19287050,498111900,555927150,289566750,5341325,256081350,1074594500,1625583925
2025-09-22,23050.0,23300.0,22800.0,22950.0,48766.0,0.0,368218950,620500,268529800,481978475,310544575,4064075,134414425,670324650,1119347725
2025-09-23,22600.0,24400.0,22550.0,23250.0,106455.0,1.3071895424836601,1191999300,14246125,262248400,1038235525,913597350,9543450,746576550,837012000,2506729350
2025-09-24,23700.0,23800.0,23250.0,23300.0,56934.0,0.21505376344086022,766768900,1003000,160534150,406619450,180521275,1692300,227050000,925661925,1334925500
2025-09-25,23200.0,23350.0,22750.0,22850.0,63906.0,-1.9313304721030045,793427800,9042700,395913600,269660850,205329850,644000,61899650,1200171450,1468044950
2025-09-26,22650.0,22700.0,22250.0,22550.0,64704.0,-1.312910284463895,548422750,3152450,360028225,540619375,207058725,5466175,319544600,920153300,1452222800
2025-09-29,23000.0,23450.0,22650.0,23100.0,50148.0,2.4390243902439024,399937650,2463750,233772550,520278800,177047025,3576950,226568250,749260525,1156452750
2025-09-30,22700.0,23850.0,22700.0,23000.0,61844.0,-0.4329004329004329,491274250,3090750,194856100,752719625,168619800,2682200,493299925,777338800,1441940725
2025-10-01,23200.0,23700.0,22850.0,22900.0,39004.0,-0.43478260869565216,458416325,10970150,220614900,209576400,212860000,8852650,253389875,424475250,899577775
2025-10-02,23550.0,23550.0,22700.0,22850.0,93892.0,-0.21834061135371177,877709875,21620500,378610975,881585625,1238946175,5869000,278300350,636411450,2159526975
2025-10-10,22600.0,22850.0,22050.0,22200.0,70647.0,-2.8446389496717726,419639675,6727200,646462475,504117700,643718375,11272500,303629275,618326900,1576947050
2025-10-13,22400.0,22400.0,21650.0,22000.0,69470.0,-0.9009009009009009,338633275,13716350,396737525,769129425,475620725,2849400,221709550,818036900,1518216575
2025-10-14,21600.0,22300.0,21550.0,22300.0,61145.0,1.3636363636363635,262638925,285600,101899975,985468475,395161075,11735175,571152025,372244700,1350292975
2025-10-15,22050.0,22650.0,22000.0,22650.0,60036.0,1.5695067264573992,366707350,4749200,172294500,804203200,205240550,1468450,283979150,857266100,1347954250
2025-10-16,22450.0,23100.0,22400.0,23000.0,87594.0,1.545253863134658,823787300,3472650,412873600,760421500,1019619075,2217500,439651150,539067325,2000555050
2025-10-17,22650.0,23150.0,22450.0,22550.0,73000.0,-1.956521739130435,530328550,10088600,149481425,962656700,488257975,226000,464926500,699144800,1652555275
2025-10-20,22400.0,23100.0,22150.0,22800.0,56877.0,1.1086474501108647,449940300,113750,129325950,712252000,514252225,383300,406713750,370282725,1291632000
2025-10-21,22750.0,23250.0,22600.0,23050.0,62997.0,1.0964912280701753,751521850,1051450,204004275,484078300,799570775,23955000,299278200,317851900,1440655875
2025-10-22,22850.0,24300.0,22500.0,24150.0,76481.0,4.772234273318872,742231450,52763000,436963850,567428600,174328225,13625400,1115764200,495669075,1799386900
2025-10-23,23800.0,24300.0,23500.0,23850.0,51313.0,-1.2422360248447204,461529600,4173000,275396975,487551250,351707000,10979800,341145800,524818225,1228650825
2025-10-24,23750.0,24250.0,23200.0,23650.0,49718.0,-0.8385744234800839,613755000,1126400,238131400,324500900,313976200,3386750,165287975,694862775,1177513700
2025-10-27,23650.0,24550.0,23650.0,24400.0,63874.0,3.171247357293869,911660375,238650,238924350,385593175,475392100,3192000,452479100,605353350,1536416550
2025-10-28,24300.0,24350.0,23550.0,23850.0,58407.0,-2.2540983606557377,332915550,1180000,446727075,610708450,872753250,500050,199961650,318316125,1391531075
2025-10-29,24500.0,24500.0,23400.0,24000.0,61099.0,0.628930817610063,615978850,2268300,357447425,476606375,504078525,988100,488612575,458621750,1452300950
2025-10-30,24100.0,24500.0,23550.0,23600.0,57777.0,-1.6666666666666667,449277600,0,283937100,650854975,857108400,70800,269026650,257863825,1384069675
2025-10-31,23950.0,23950.0,23250.0,23550.0,45763.0,-0.211864406779661,494317700,2551800,340487200,239166225,259899100,3900150,130929725,681793950,1076522925
2025-11-03,23350.0,23400.0,22900.0,23350.0,53686.0,-0.8492569002123143,408669875,0,409346700,429309550,337896525,2158050,488362925,418908625,1247326125
2025-11-04,23150.0,23300.0,22000.0,23000.0,70431.0,-1.4989293361884368,510571850,3002200,343360850,762299150,751653650,1237150,548144250,318199000,1619234050
2025-11-05,23300.0,23300.0,22000.0,22800.0,74883.0,-0.8695652173913043,473030125,18561050,382300175,816513125,632270075,4604450,278193800,775336150,1690404475
2025-11-06,23250.0,24200.0,22700.0,23850.0,77722.0,4.605263157894736,736012400,4172450,260227025,828410750,628760875,22029150,566335500,611697100,1828822625
2025-11-07,24150.0,24600.0,23450.0,24600.0,77129.0,3.1446540880503147,566029000,356250,478878825,812577075,265669850,765150,818144300,773261850,1857841150
2025-11-10,24800.0,28600.0,24750.0,27700.0,508700.0,12.601626016260163,4464363050,33289100,5785098375,3762104050,1651974300,320374450,7297912325,4774593500,14044854575
2025-11-11,27200.0,27850.0,27000.0,27450.0,199448.0,-0.9025270758122743,1154791100,35982900,1998222200,2273884575,453016525,57774500,2139820175,2812269575,5462880775
2025-11-12,27250.0,28350.0,27050.0,28050.0,173353.0,2.185792349726776,1265131325,6117700,1312897900,2264912875,993905450,31220100,1922624575,1901309675,4849059800
2025-11-13,27550.0,28150.0,27350.0,27500.0,119620.0,-1.9607843137254901,853481200,1461550,771128300,1692007000,682391050,32791150,1171055500,1431840350,3318078050
2025-11-14,27050.0,28450.0,27050.0,27550.0,196418.0,0.18181818181818182,1988624350,1548600,1000702950,2456775225,2580012975,41322900,1131250425,1695064825,5447651125
2025-11-17,27350.0,27700.0,26550.0,27000.0,86232.0,-1.9963702359346642,1162109600,984200,443833125,718741700,1160416075,39527450,354700600,771024500,2325668625
2025-11-18,26800.0,26950.0,25450.0,25650.0,157217.0,-5.0,813121250,31130700,1416286250,1808225575,519661800,39183600,2028643900,1481274475,4068763775
2025-11-19,25950.0,26400.0,25500.0,26050.0,46245.0,1.5594541910331383,644823650,0,168746300,386445500,103210100,9326300,356423250,731055800,1200015450
2025-11-20,26000.0,26600.0,25850.0,26250.0,69683.0,0.7677543186180422,691549275,783450,619039675,517568200,329836650,599550,535691600,962812800,1828940600
2025-11-21,25900.0,27050.0,25650.0,26750.0,53045.0,1.9047619047619049,665438650,1929350,382034300,356771425,159903775,1390150,438204300,806675500,1406173725
2025-11-24,26750.0,26850.0,26100.0,26450.0,97885.0,-1.1214953271028036,1534949200,1680500,462185500,595818525,272615800,16096050,335759575,1970162300,2594633725
2025-11-25,26550.0,26850.0,26100.0,26500.0,59618.0,0.1890359168241966,502462600,2761550,375487675,699128000,403675975,83986050,374870250,717307550,1579839825
2025-11-26,26850.0,27550.0,26700.0,27550.0,82405.0,3.9622641509433962,654994625,164300,276403500,1318833350,307689500,4301200,513759975,1424645100,2250395775
2025-11-27,27500.0,29850.0,27300.0,29600.0,189767.0,7.441016333938294,1828990350,135109600,1577610550,1914572950,812199725,161413700,2073195375,2409474650,5456283450
2025-11-28,29750.0,30300.0,29300.0,29850.0,157836.0,0.8445945945945946,1942111325,1041450,1070475750,1700833550,869494625,3881700,1590640950,2250444800,4714462075
2025-12-01,29850.0,30300.0,28200.0,28200.0,103455.0,-5.527638190954774,749142275,7652800,1202130550,992463300,539654525,31281850,1354552025,1025900525,2951388925
2025-12-02,28200.0,29100.0,28200.0,28450.0,85533.0,0.8865248226950355,721527225,4132300,649012075,1068733875,324678700,6105700,850466975,1262154100,2443405475
2025-12-03,28550.0,28950.0,28200.0,28650.0,162016.0,0.7029876977152899,1543896400,804600,893116450,2203112950,1020097725,5071450,749437050,2866324175,4640930400
2025-12-04,28550.0,28700.0,27800.0,28150.0,101078.0,-1.7452006980802792,584564875,7580050,498508600,1757819750,1123691050,7979700,415257450,1301545075,2848473275
2025-12-05,27900.0,28450.0,27800.0,28150.0,122365.0,0.0,837312500,10564650,378736900,2223487375,1016482575,4865100,441995325,1986758425,3450101425
2025-12-08,28050.0,28250.0,26800.0,27950.0,162150.0,-0.7104795737122558,891139900,11450450,1030690825,2528193275,1488199425,130351700,1642541300,1200382025,4461474450
2025-12-09,27900.0,28300.0,27500.0,28200.0,73698.0,0.8944543828264758,658444850,3073800,113143300,1288938600,397566500,1168000,427968400,1236897650,2063600550
2025-12-10,28250.0,28300.0,27300.0,27500.0,74535.0,-2.4822695035460995,487615950,1142800,289222750,1299585400,537316750,0,260171450,1280078700,2077566900
2025-12-11,27750.0,28050.0,27400.0,27450.0,248557.0,-0.18181818181818182,4763611200,2887500,289555450,1833212700,2006169650,403897350,403052500,4076147350,6889266850
2025-12-12,27950.0,28050.0,26000.0,26300.0,311542.0,-4.189435336976321,906356350,25365400,2557327625,4761003000,4774391925,62254850,800715875,2612689725,8250052375
2025-12-15,26100.0,26700.0,25700.0,26050.0,283386.0,-0.9505703422053232,1665225225,5510650,1141389500,4583777425,4084737425,0,941686125,2369479250,7395902800
2025-12-16,26000.0,26350.0,24600.0,25500.0,611197.0,-2.111324376199616,2261889375,88723400,2057948975,11037977750,12544275675,235318700,1464573450,1202371675,15446539500
2025-12-17,25750.0,26700.0,25550.0,26150.0,124646.0,2.549019607843137,1055693425,97024900,393997700,1712500325,1321795625,11632500,595667650,1330120575,3259216350
2025-12-18,26150.0,26750.0,25700.0,26650.0,129108.0,1.9120458891013385,1409972675,130100,282529950,1713193725,644530950,319800,523773050,2237202650,3405826450
2025-12-19,26950.0,27200.0,26500.0,26850.0,116169.0,0.7504690431519699,1422322825,4363050,314310825,1383153125,441270425,231578400,302682125,2148618875,3124149825
2025-12-22,27150.0,27600.0,26750.0,27150.0,82590.0,1.1173184357541899,1066970675,2146450,294759175,882085700,452858425,57139650,563495025,1172468900,2245962000
2025-12-23,27000.0,27150.0,26050.0,26200.0,52392.0,-3.4990791896869244,561431300,61540600,487201100,273675975,359340850,235850,329576225,694696050,1383848975
2025-12-24,26300.0,26400.0,26000.0,26100.0,45832.0,-0.38167938931297707,410072675,26614950,294822425,467169850,935252125,1129700,84241975,178056100,1198679900
2025-12-26,26000.0,26150.0,25200.0,25350.0,69390.0,-2.8735632183908044,541670200,10130000,666573700,552560450,426012500,0,228175150,1116746700,1770934350
2025-12-29,25100.0,25350.0,24750.0,25350.0,91204.0,0.0,636181525,22380000,672157200,957976075,1356449800,74850,693681325,238488825,2288694800
2025-12-30,25050.0,26450.0,25000.0,26150.0,90008.0,3.155818540433925,755045325,868750,886054950,697222350,670813900,377250,589194425,1078805800,2339191375
