날짜,시가,고가,저가,종가,거래량,등락률,매수_기관합계,매수_기타법인,매수_개인,매수_외국인합계,매도_기관합계,매도_기타법인,매도_개인,매도_외국인합계,전체
2013-10-24,,,,,,,0.0,0.0,51328610.0,0.0,0.0,0.0,51328610.0,0.0,51328610.0
2013-10-25,,,,,,,0.0,0.0,9073820.0,0.0,0.0,0.0,9073820.0,0.0,9073820.0
2013-10-28,,,,,,,0.0,0.0,13731860.0,0.0,0.0,15980.0,13715880.0,0.0,13731860.0
2013-10-29,,,,,,,0.0,0.0,3567980.0,0.0,0.0,0.0,3567980.0,0.0,3567980.0
2013-10-30,,,,,,,0.0,2398230.0,2747870.0,0.0,0.0,0.0,5146100.0,0.0,5146100.0
2013-10-31,,,,,,,0.0,0.0,28990452.0,0.0,0.0,15416840.0,13573612.0,0.0,28990452.0
2013-11-01,,,,,,,0.0,0.0,11243460.0,0.0,0.0,0.0,11243460.0,0.0,11243460.0
2013-11-04,,,,,,,0.0,0.0,3489509.0,0.0,779.0,0.0,3488730.0,0.0,3489509.0
2013-11-05,,,,,,,0.0,0.0,2745730.0,0.0,0.0,0.0,2745730.0,0.0,2745730.0
2013-11-06,,,,,,,0.0,0.0,4600660.0,525990.0,0.0,0.0,5126650.0,0.0,5126650.0
2013-11-07,,,,,,,0.0,0.0,4037347.0,0.0,0.0,0.0,4037347.0,0.0,4037347.0
2013-11-08,,,,,,,0.0,0.0,11142047.0,0.0,0.0,0.0,11142047.0,0.0,11142047.0
2013-11-11,,,,,,,0.0,0.0,18770940.0,0.0,0.0,0.0,18770940.0,0.0,18770940.0
2013-11-12,,,,,,,0.0,0.0,2387504.0,0.0,0.0,0.0,2387504.0,0.0,2387504.0
2013-11-13,,,,,,,0.0,0.0,9939800.0,0.0,0.0,0.0,9939800.0,0.0,9939800.0
2013-11-14,,,,,,,0.0,0.0,4411180.0,0.0,0.0,0.0,4411180.0,0.0,4411180.0
2013-11-15,,,,,,,0.0,0.0,844680.0,0.0,0.0,0.0,844680.0,0.0,844680.0
2013-11-18,,,,,,,0.0,0.0,4115100.0,0.0,8736.0,0.0,4106364.0,0.0,4115100.0
2013-11-19,,,,,,,0.0,0.0,1502072.0,0.0,0.0,0.0,1502072.0,0.0,1502072.0
2013-11-20,,,,,,,0.0,0.0,4745680.0,0.0,0.0,0.0,4745680.0,0.0,4745680.0
2013-11-21,,,,,,,0.0,0.0,1817833.0,0.0,0.0,0.0,1817833.0,0.0,1817833.0
2013-11-22,,,,,,,0.0,0.0,23824400.0,0.0,0.0,0.0,23824400.0,0.0,23824400.0
2013-11-25,,,,,,,0.0,0.0,4052263.0,0.0,693.0,0.0,4051570.0,0.0,4052263.0
2013-11-26,,,,,,,0.0,0.0,3943290.0,0.0,0.0,0.0,3943290.0,0.0,3943290.0
2013-11-27,,,,,,,0.0,0.0,5154950.0,0.0,0.0,0.0,5154950.0,0.0,5154950.0
2013-11-28,,,,,,,0.0,0.0,41186059.0,0.0,0.0,0.0,41186059.0,0.0,41186059.0
2013-11-29,,,,,,,0.0,0.0,10402003.0,0.0,0.0,0.0,10402003.0,0.0,10402003.0
2013-12-02,,,,,,,0.0,0.0,5411352.0,0.0,0.0,0.0,5411352.0,0.0,5411352.0
2013-12-03,700.0,728.0,700.0,719.0,12042.0,,0.0,0.0,8788448.0,0.0,0.0,0.0,8788448.0,0.0,8788448.0
2013-12-04,712.0,712.0,695.0,696.0,5130.0,-3.1988873435326846,0.0,0.0,3684580.0,0.0,0.0,0.0,3684580.0,0.0,3684580.0
2013-12-05,695.0,724.0,695.0,710.0,410.0,2.0114942528735633,0.0,0.0,300570.0,0.0,0.0,0.0,300570.0,0.0,300570.0
2013-12-06,693.0,717.0,693.0,698.0,3370.0,-1.6901408450704223,0.0,0.0,2415062.0,0.0,0.0,0.0,2415062.0,0.0,2415062.0
2013-12-09,699.0,710.0,697.0,697.0,1940.0,-0.14326647564469913,0.0,0.0,1383440.0,0.0,0.0,0.0,1383440.0,0.0,1383440.0
2013-12-10,690.0,700.0,668.0,688.0,9301.0,-1.291248206599713,0.0,0.0,6413132.0,34750.0,0.0,0.0,6413782.0,34100.0,6447882.0
2013-12-11,687.0,687.0,671.0,673.0,56560.0,-2.1802325581395348,0.0,0.0,38916140.0,0.0,0.0,0.0,38916140.0,0.0,38916140.0
2013-12-12,672.0,672.0,664.0,671.0,8230.0,-0.2971768202080238,0.0,0.0,5591390.0,0.0,0.0,0.0,5591390.0,0.0,5591390.0
2013-12-13,664.0,671.0,662.0,671.0,9290.0,0.0,0.0,0.0,6300930.0,0.0,0.0,0.0,6300930.0,0.0,6300930.0
2013-12-16,672.0,672.0,663.0,668.0,11151.0,-0.44709388971684055,0.0,0.0,7581452.0,0.0,0.0,0.0,7581452.0,0.0,7581452.0
2013-12-17,685.0,685.0,656.0,667.0,4500.0,-0.14970059880239522,0.0,0.0,3054450.0,0.0,0.0,0.0,3054450.0,0.0,3054450.0
2013-12-18,670.0,670.0,661.0,668.0,16642.0,0.14992503748125938,0.0,0.0,11286432.0,0.0,0.0,0.0,11286432.0,0.0,11286432.0
2013-12-19,668.0,668.0,658.0,667.0,7030.0,-0.14970059880239522,0.0,0.0,4741570.0,0.0,0.0,0.0,4741570.0,0.0,4741570.0
2013-12-20,660.0,683.0,660.0,673.0,5180.0,0.8995502248875562,0.0,0.0,3570540.0,0.0,0.0,0.0,3570540.0,0.0,3570540.0
2013-12-23,671.0,675.0,658.0,671.0,21977.0,-0.2971768202080238,0.0,0.0,15003725.0,0.0,4795.0,0.0,14998930.0,0.0,15003725.0
2013-12-24,681.0,681.0,665.0,665.0,539.0,-0.8941877794336811,0.0,0.0,368121.0,0.0,0.0,0.0,368121.0,0.0,368121.0
2013-12-26,665.0,682.0,665.0,672.0,400.0,1.0526315789473684,0.0,0.0,274120.0,0.0,0.0,0.0,274120.0,0.0,274120.0
2013-12-27,680.0,680.0,671.0,675.0,23090.0,0.4464285714285714,0.0,0.0,15915750.0,0.0,0.0,0.0,15915750.0,0.0,15915750.0
2013-12-30,672.0,674.0,672.0,675.0,7240.0,0.0,0.0,0.0,4987200.0,0.0,0.0,0.0,4987200.0,0.0,4987200.0
2014-01-02,683.0,683.0,673.0,680.0,750.0,0.7407407407407408,0.0,0.0,521390.0,0.0,0.0,0.0,521390.0,0.0,521390.0
2014-01-03,667.0,680.0,667.0,681.0,1640.0,0.14705882352941177,0.0,0.0,1133210.0,0.0,0.0,0.0,1133210.0,0.0,1133210.0
2014-01-06,684.0,684.0,660.0,683.0,2910.0,0.2936857562408223,0.0,0.0,2007030.0,0.0,0.0,0.0,2007030.0,0.0,2007030.0
2014-01-07,682.0,682.0,667.0,683.0,6440.0,0.0,0.0,0.0,4466750.0,0.0,0.0,0.0,4466750.0,0.0,4466750.0
2014-01-08,682.0,683.0,675.0,684.0,6790.0,0.14641288433382138,0.0,0.0,4731300.0,0.0,0.0,0.0,4731300.0,0.0,4731300.0
2014-01-09,683.0,704.0,667.0,692.0,41280.0,1.1695906432748537,0.0,0.0,28689900.0,0.0,0.0,0.0,28689900.0,0.0,28689900.0
2014-01-10,679.0,685.0,641.0,686.0,20400.0,-0.8670520231213872,0.0,0.0,14088530.0,0.0,0.0,0.0,14088530.0,0.0,14088530.0
2014-01-13,683.0,689.0,667.0,679.0,3160.0,-1.0204081632653061,0.0,0.0,2174000.0,0.0,0.0,0.0,2174000.0,0.0,2174000.0
2014-01-14,682.0,685.0,671.0,683.0,15850.0,0.5891016200294551,0.0,0.0,11023810.0,0.0,0.0,0.0,11023810.0,0.0,11023810.0
2014-01-15,683.0,688.0,676.0,686.0,690.0,0.43923865300146414,0.0,0.0,481710.0,0.0,0.0,0.0,481710.0,0.0,481710.0
2014-01-16,709.0,709.0,673.0,700.0,10150.0,2.0408163265306123,0.0,0.0,7068940.0,0.0,0.0,0.0,7068940.0,0.0,7068940.0
2014-01-17,710.0,710.0,669.0,676.0,14870.0,-3.428571428571429,0.0,0.0,10345130.0,0.0,0.0,0.0,10345130.0,0.0,10345130.0
2014-01-20,678.0,682.0,666.0,676.0,4740.0,0.0,0.0,0.0,3246720.0,0.0,0.0,0.0,3246720.0,0.0,3246720.0
2014-01-21,672.0,674.0,669.0,673.0,2540.0,-0.4437869822485207,0.0,0.0,1742730.0,0.0,0.0,0.0,1742730.0,0.0,1742730.0
2014-01-22,675.0,675.0,668.0,676.0,80.0,0.44576523031203563,0.0,0.0,55030.0,0.0,6900.0,0.0,48130.0,0.0,55030.0
2014-01-23,675.0,685.0,667.0,672.0,2710.0,-0.591715976331361,0.0,0.0,1861490.0,0.0,0.0,0.0,1861490.0,0.0,1861490.0
2014-01-24,683.0,683.0,666.0,674.0,6750.0,0.2976190476190476,0.0,0.0,4594090.0,0.0,0.0,0.0,4594090.0,0.0,4594090.0
2014-01-27,663.0,673.0,648.0,673.0,3851.0,-0.1483679525222552,0.0,0.0,2570787.0,0.0,0.0,0.0,2570787.0,0.0,2570787.0
2014-01-28,671.0,671.0,651.0,661.0,3753.0,-1.7830609212481425,0.0,0.0,2529525.0,0.0,0.0,0.0,2529525.0,0.0,2529525.0
2014-01-29,661.0,672.0,661.0,663.0,7180.0,0.30257186081694404,0.0,0.0,4891400.0,0.0,0.0,0.0,4891400.0,0.0,4891400.0
2014-02-03,666.0,675.0,657.0,665.0,1190.0,0.301659125188537,0.0,0.0,802950.0,0.0,0.0,0.0,802950.0,0.0,802950.0
2014-02-04,656.0,673.0,643.0,665.0,47439.0,0.0,0.0,0.0,31469131.0,0.0,0.0,0.0,31469131.0,0.0,31469131.0
2014-02-05,666.0,676.0,648.0,663.0,17231.0,-0.30075187969924816,0.0,0.0,10700747.0,770240.0,0.0,0.0,11470987.0,0.0,11470987.0
2014-02-06,661.0,664.0,656.0,663.0,1770.0,0.0,0.0,0.0,1196140.0,0.0,0.0,0.0,1196140.0,0.0,1196140.0
2014-02-07,664.0,670.0,656.0,663.0,3970.0,0.0,0.0,0.0,2684290.0,0.0,0.0,0.0,2684290.0,0.0,2684290.0
2014-02-10,668.0,668.0,662.0,667.0,350.0,0.603318250377074,0.0,0.0,237840.0,0.0,0.0,0.0,237840.0,0.0,237840.0
2014-02-11,667.0,667.0,656.0,666.0,910.0,-0.14992503748125938,0.0,0.0,614840.0,0.0,0.0,0.0,614840.0,0.0,614840.0
2014-02-12,679.0,679.0,663.0,669.0,4760.0,0.45045045045045046,0.0,0.0,3263770.0,0.0,0.0,0.0,3263770.0,0.0,3263770.0
2014-02-13,661.0,672.0,661.0,669.0,1210.0,0.0,0.0,0.0,820870.0,0.0,0.0,0.0,820870.0,0.0,820870.0
2014-02-14,669.0,673.0,666.0,671.0,1490.0,0.29895366218236175,0.0,0.0,1015300.0,0.0,0.0,0.0,1015300.0,0.0,1015300.0
2014-02-17,671.0,684.0,658.0,658.0,4890.0,-1.9374068554396422,0.0,0.0,3334120.0,0.0,0.0,0.0,3334120.0,0.0,3334120.0
2014-02-18,683.0,683.0,672.0,676.0,13570.0,2.735562310030395,0.0,0.0,9351200.0,0.0,0.0,0.0,9351200.0,0.0,9351200.0
2014-02-19,669.0,683.0,669.0,681.0,3810.0,0.7396449704142012,0.0,0.0,2649940.0,0.0,0.0,0.0,2649940.0,0.0,2649940.0
2014-02-20,680.0,680.0,661.0,680.0,3820.0,-0.14684287812041116,0.0,0.0,2602660.0,0.0,0.0,0.0,2602660.0,0.0,2602660.0
2014-02-21,679.0,734.0,675.0,704.0,21190.0,3.5294117647058822,0.0,0.0,15132940.0,0.0,0.0,0.0,15132940.0,0.0,15132940.0
2014-02-24,697.0,700.0,681.0,695.0,4120.0,-1.278409090909091,0.0,0.0,2904970.0,0.0,0.0,0.0,2904970.0,0.0,2904970.0
2014-02-25,694.0,702.0,687.0,696.0,4720.0,0.14388489208633093,0.0,0.0,3345620.0,0.0,0.0,0.0,3345620.0,0.0,3345620.0
2014-02-26,696.0,729.0,696.0,724.0,17282.0,4.022988505747127,0.0,0.0,12708450.0,0.0,0.0,0.0,12708450.0,0.0,12708450.0
2014-02-27,728.0,805.0,696.0,720.0,102460.0,-0.5524861878453038,0.0,0.0,77984800.0,0.0,0.0,0.0,76614000.0,1370800.0,77984800.0
2014-02-28,706.0,729.0,705.0,713.0,37820.0,-0.9722222222222222,0.0,0.0,27450560.0,0.0,7210.0,0.0,27443350.0,0.0,27450560.0
2014-03-03,713.0,713.0,667.0,688.0,13831.0,-3.506311360448808,0.0,0.0,9768822.0,0.0,7280.0,0.0,9761542.0,0.0,9768822.0
2014-03-04,684.0,739.0,681.0,723.0,16761.0,5.087209302325581,0.0,0.0,12180838.0,0.0,0.0,0.0,12180838.0,0.0,12180838.0
2014-03-05,701.0,752.0,701.0,706.0,6742.0,-2.351313969571231,0.0,0.0,5029892.0,0.0,0.0,0.0,5029892.0,0.0,5029892.0
2014-03-06,709.0,758.0,709.0,731.0,8710.0,3.5410764872521248,0.0,0.0,6551160.0,0.0,0.0,0.0,6551160.0,0.0,6551160.0
2014-03-07,734.0,760.0,705.0,728.0,3310.0,-0.4103967168262654,0.0,0.0,2443920.0,0.0,0.0,0.0,2443920.0,0.0,2443920.0
2014-03-10,743.0,743.0,705.0,733.0,7120.0,0.6868131868131868,0.0,0.0,5201360.0,0.0,0.0,0.0,5201360.0,0.0,5201360.0
2014-03-11,735.0,735.0,715.0,725.0,2120.0,-1.0914051841746248,0.0,0.0,1573290.0,0.0,0.0,0.0,1573290.0,0.0,1573290.0
2014-03-12,718.0,736.0,687.0,726.0,11170.0,0.13793103448275862,0.0,0.0,8002500.0,0.0,0.0,0.0,8002500.0,0.0,8002500.0
2014-03-13,708.0,723.0,695.0,696.0,5050.0,-4.132231404958678,0.0,0.0,3616510.0,0.0,0.0,0.0,3616510.0,0.0,3616510.0
2014-03-14,695.0,714.0,668.0,701.0,14051.0,0.7183908045977011,0.0,0.0,9849210.0,0.0,0.0,0.0,9849210.0,0.0,9849210.0
2014-03-17,701.0,701.0,685.0,696.0,1122.0,-0.7132667617689016,0.0,0.0,789042.0,0.0,0.0,0.0,789042.0,0.0,789042.0
2014-03-18,694.0,723.0,694.0,713.0,1152.0,2.442528735632184,0.0,0.0,822126.0,0.0,1456.0,0.0,820670.0,0.0,822126.0
2014-03-19,725.0,725.0,705.0,715.0,2891.0,0.2805049088359046,0.0,0.0,2110220.0,0.0,0.0,0.0,2110220.0,0.0,2110220.0
2014-03-20,716.0,716.0,699.0,713.0,1039.0,-0.27972027972027974,0.0,0.0,753972.0,0.0,0.0,0.0,753972.0,0.0,753972.0
2014-03-21,699.0,710.0,686.0,687.0,2073.0,-3.6465638148667603,0.0,0.0,1461953.0,0.0,0.0,0.0,1461953.0,0.0,1461953.0
2014-03-24,679.0,704.0,679.0,695.0,11901.0,1.1644832605531297,0.0,0.0,8424249.0,0.0,0.0,0.0,8424249.0,0.0,8424249.0
2014-03-25,694.0,721.0,685.0,686.0,16830.0,-1.2949640287769784,0.0,0.0,11867180.0,0.0,0.0,0.0,11867180.0,0.0,11867180.0
2014-03-26,685.0,699.0,685.0,689.0,1550.0,0.43731778425655976,0.0,0.0,1091450.0,0.0,14020.0,0.0,1077430.0,0.0,1091450.0
2014-03-27,698.0,698.0,690.0,696.0,1460.0,1.0159651669085632,0.0,0.0,1038710.0,0.0,0.0,0.0,1038710.0,0.0,1038710.0
2014-03-28,690.0,705.0,689.0,703.0,3050.0,1.0057471264367817,0.0,0.0,2167490.0,0.0,0.0,0.0,2167490.0,0.0,2167490.0
2014-03-31,753.0,753.0,700.0,701.0,1992.0,-0.2844950213371266,0.0,0.0,1507682.0,0.0,0.0,0.0,1507682.0,0.0,1507682.0
2014-04-01,713.0,713.0,693.0,703.0,3110.0,0.28530670470756064,0.0,0.0,2222270.0,0.0,0.0,0.0,2222270.0,0.0,2222270.0
2014-04-02,703.0,704.0,689.0,699.0,7230.0,-0.5689900426742532,0.0,0.0,5145720.0,0.0,0.0,0.0,5145720.0,0.0,5145720.0
2014-04-03,699.0,709.0,694.0,696.0,2050.0,-0.4291845493562232,0.0,0.0,1461050.0,0.0,0.0,0.0,1461050.0,0.0,1461050.0
2014-04-04,732.0,732.0,686.0,694.0,26151.0,-0.28735632183908044,0.0,0.0,18432458.0,0.0,0.0,0.0,18432458.0,0.0,18432458.0
2014-04-07,688.0,696.0,688.0,695.0,2490.0,0.1440922190201729,0.0,0.0,1760480.0,0.0,0.0,0.0,1760480.0,0.0,1760480.0
2014-04-08,694.0,752.0,680.0,711.0,28200.0,2.302158273381295,0.0,0.0,20722270.0,0.0,0.0,0.0,20722270.0,0.0,20722270.0
2014-04-09,711.0,733.0,709.0,712.0,50544.0,0.14064697609001406,0.0,0.0,37166758.0,0.0,0.0,0.0,37166758.0,0.0,37166758.0
2014-04-10,737.0,737.0,708.0,711.0,55141.0,-0.1404494382022472,0.0,0.0,40352657.0,0.0,0.0,0.0,40352657.0,0.0,40352657.0
2014-04-11,728.0,728.0,704.0,712.0,3330.0,0.14064697609001406,0.0,0.0,2434270.0,0.0,0.0,0.0,2434270.0,0.0,2434270.0
2014-04-14,700.0,723.0,699.0,711.0,24680.0,-0.1404494382022472,0.0,0.0,17776220.0,0.0,0.0,0.0,17776220.0,0.0,17776220.0
2014-04-15,727.0,727.0,704.0,720.0,32050.0,1.2658227848101267,0.0,0.0,23359440.0,0.0,0.0,0.0,23359440.0,0.0,23359440.0
2014-04-16,715.0,746.0,715.0,730.0,15770.0,1.3888888888888888,0.0,0.0,11693900.0,0.0,0.0,0.0,11693900.0,0.0,11693900.0
2014-04-17,728.0,734.0,720.0,730.0,11940.0,0.0,0.0,0.0,8893450.0,0.0,0.0,0.0,8893450.0,0.0,8893450.0
2014-04-18,729.0,733.0,721.0,730.0,21330.0,0.0,0.0,0.0,15852930.0,0.0,7380.0,0.0,15845550.0,0.0,15852930.0
2014-04-21,723.0,730.0,718.0,724.0,11390.0,-0.821917808219178,0.0,0.0,8380670.0,0.0,0.0,0.0,8380670.0,0.0,8380670.0
2014-04-22,727.0,727.0,714.0,724.0,7760.0,0.0,0.0,0.0,5692950.0,0.0,0.0,0.0,5692950.0,0.0,5692950.0
2014-04-23,724.0,724.0,702.0,702.0,31820.0,-3.0386740331491713,0.0,0.0,23278130.0,0.0,0.0,0.0,23278130.0,0.0,23278130.0
2014-04-24,721.0,721.0,702.0,705.0,16230.0,0.4273504273504274,0.0,0.0,11705630.0,0.0,7170.0,0.0,11698460.0,0.0,11705630.0
2014-04-25,715.0,715.0,696.0,704.0,7270.0,-0.14184397163120568,0.0,0.0,5203140.0,0.0,0.0,0.0,5203140.0,0.0,5203140.0
2014-04-28,708.0,708.0,698.0,707.0,10892.0,0.4261363636363636,0.0,0.0,7837544.0,0.0,0.0,0.0,7837544.0,0.0,7837544.0
2014-04-29,711.0,711.0,699.0,705.0,7300.0,-0.2828854314002829,0.0,0.0,5213570.0,0.0,0.0,0.0,5213570.0,0.0,5213570.0
2014-04-30,714.0,714.0,685.0,692.0,20543.0,-1.8439716312056738,0.0,0.0,14534158.0,0.0,2118.0,0.0,14532040.0,0.0,14534158.0
2014-05-02,689.0,699.0,686.0,688.0,8880.0,-0.5780346820809248,0.0,0.0,6235660.0,0.0,0.0,0.0,6235660.0,0.0,6235660.0
2014-05-07,687.0,705.0,687.0,696.0,290.0,1.1627906976744187,0.0,0.0,206260.0,0.0,0.0,0.0,206260.0,0.0,206260.0
2014-05-08,688.0,702.0,688.0,698.0,80.0,0.28735632183908044,0.0,0.0,56950.0,0.0,0.0,0.0,56950.0,0.0,56950.0
2014-05-09,688.0,703.0,688.0,692.0,980.0,-0.8595988538681949,0.0,0.0,690170.0,0.0,0.0,0.0,690170.0,0.0,690170.0
2014-05-12,687.0,696.0,685.0,691.0,14290.0,-0.1445086705202312,0.0,0.0,10056170.0,0.0,0.0,0.0,10056170.0,0.0,10056170.0
2014-05-13,691.0,696.0,685.0,696.0,17654.0,0.723589001447178,0.0,0.0,12528529.0,0.0,7060.0,0.0,12521469.0,0.0,12528529.0
2014-05-14,690.0,705.0,689.0,703.0,3052.0,1.0057471264367817,0.0,0.0,2181094.0,0.0,0.0,0.0,2181094.0,0.0,2181094.0
2014-05-15,703.0,704.0,693.0,701.0,2079.0,-0.2844950213371266,0.0,0.0,1200144.0,287200.0,0.0,0.0,1487344.0,0.0,1487344.0
2014-05-16,689.0,705.0,689.0,701.0,3390.0,0.0,0.0,0.0,2427520.0,0.0,7180.0,0.0,2420340.0,0.0,2427520.0
2014-05-19,703.0,703.0,695.0,696.0,2915.0,-0.7132667617689016,0.0,0.0,2005110.0,71800.0,3550.0,0.0,1860060.0,213300.0,2076910.0
2014-05-20,696.0,704.0,692.0,696.0,9041.0,0.0,0.0,0.0,6402710.0,0.0,0.0,0.0,6402710.0,0.0,6402710.0
2014-05-21,695.0,703.0,695.0,700.0,920.0,0.5747126436781609,0.0,0.0,660260.0,0.0,0.0,0.0,660260.0,0.0,660260.0
2014-05-22,697.0,703.0,696.0,702.0,4720.0,0.2857142857142857,0.0,0.0,3364030.0,0.0,0.0,0.0,3364030.0,0.0,3364030.0
2014-05-23,721.0,721.0,697.0,705.0,910.0,0.4273504273504274,0.0,0.0,657320.0,0.0,0.0,0.0,657320.0,0.0,657320.0
2014-05-26,706.0,722.0,701.0,715.0,3130.0,1.4184397163120568,0.0,0.0,2260970.0,0.0,0.0,0.0,2260970.0,0.0,2260970.0
2014-05-27,715.0,715.0,700.0,709.0,3030.0,-0.8391608391608392,0.0,0.0,2189900.0,0.0,0.0,0.0,2046500.0,143400.0,2189900.0
2014-05-28,705.0,715.0,705.0,711.0,110.0,0.2820874471086037,0.0,0.0,79840.0,0.0,0.0,0.0,79840.0,0.0,79840.0
2014-05-29,711.0,711.0,699.0,711.0,7900.0,0.0,0.0,0.0,5650020.0,0.0,0.0,0.0,5650020.0,0.0,5650020.0
2014-05-30,711.0,711.0,697.0,703.0,890.0,-1.1251758087201125,0.0,0.0,637020.0,0.0,0.0,0.0,637020.0,0.0,637020.0
2014-06-02,701.0,709.0,692.0,709.0,711.0,0.8534850640113799,0.0,0.0,508705.0,0.0,62364.0,0.0,446341.0,0.0,508705.0
2014-06-03,704.0,704.0,685.0,700.0,9286.0,-1.2693935119887165,0.0,0.0,6514210.0,0.0,13333.0,0.0,6500877.0,0.0,6514210.0
2014-06-05,695.0,700.0,685.0,700.0,311.0,0.0,0.0,0.0,220337.0,0.0,0.0,0.0,220337.0,0.0,220337.0
2014-06-09,698.0,701.0,638.0,701.0,28571.0,0.14285714285714285,0.0,0.0,19498596.0,0.0,39308.0,0.0,19459288.0,0.0,19498596.0
2014-06-10,700.0,701.0,685.0,697.0,1609.0,-0.5706134094151213,0.0,0.0,1134113.0,0.0,0.0,0.0,1134113.0,0.0,1134113.0
2014-06-11,686.0,695.0,686.0,696.0,2013.0,-0.1434720229555237,0.0,0.0,1415143.0,0.0,21030.0,0.0,1394113.0,0.0,1415143.0
2014-06-12,694.0,695.0,688.0,696.0,2796.0,0.0,0.0,0.0,1982389.0,0.0,0.0,0.0,1982389.0,0.0,1982389.0
2014-06-13,690.0,695.0,681.0,696.0,2731.0,0.0,0.0,0.0,1917933.0,0.0,9870.0,0.0,1908063.0,0.0,1917933.0
2014-06-16,695.0,695.0,695.0,696.0,1515.0,0.0,0.0,0.0,1075650.0,0.0,0.0,0.0,1075650.0,0.0,1075650.0
2014-06-17,709.0,709.0,678.0,682.0,129.0,-2.0114942528735633,0.0,0.0,91609.0,0.0,3480.0,0.0,88129.0,0.0,91609.0
2014-06-18,690.0,699.0,681.0,685.0,4478.0,0.43988269794721413,0.0,0.0,3132335.0,0.0,0.0,0.0,3132335.0,0.0,3132335.0
2014-06-19,695.0,695.0,666.0,687.0,833.0,0.291970802919708,0.0,0.0,572748.0,0.0,0.0,0.0,572748.0,0.0,572748.0
2014-06-20,694.0,694.0,671.0,695.0,160.0,1.1644832605531297,0.0,0.0,113012.0,0.0,0.0,0.0,113012.0,0.0,113012.0
2014-06-23,694.0,694.0,672.0,674.0,2308.0,-3.0215827338129495,0.0,0.0,1589317.0,0.0,0.0,0.0,1589317.0,0.0,1589317.0
2014-06-24,679.0,701.0,669.0,701.0,7874.0,4.005934718100891,0.0,0.0,5409864.0,0.0,0.0,0.0,5409864.0,0.0,5409864.0
2014-06-25,689.0,705.0,651.0,691.0,3831.0,-1.4265335235378032,0.0,0.0,2700093.0,0.0,0.0,0.0,2700093.0,0.0,2700093.0
2014-06-26,677.0,700.0,677.0,688.0,1441.0,-0.43415340086830684,0.0,0.0,1002366.0,0.0,0.0,0.0,1002366.0,0.0,1002366.0
2014-06-27,691.0,691.0,675.0,682.0,404.0,-0.872093023255814,0.0,0.0,280584.0,0.0,0.0,0.0,280584.0,0.0,280584.0
2014-06-30,681.0,694.0,676.0,682.0,358.0,0.0,0.0,0.0,248326.0,0.0,0.0,0.0,248326.0,0.0,248326.0
2014-07-01,671.0,681.0,671.0,682.0,627.0,0.0,0.0,0.0,434488.0,0.0,0.0,0.0,434488.0,0.0,434488.0
2014-07-02,680.0,702.0,673.0,692.0,5719.0,1.466275659824047,0.0,0.0,4003209.0,0.0,0.0,0.0,4003209.0,0.0,4003209.0
2014-07-03,676.0,692.0,676.0,690.0,7855.0,-0.2890173410404624,0.0,0.0,5536474.0,0.0,0.0,0.0,5536474.0,0.0,5536474.0
2014-07-04,676.0,711.0,676.0,677.0,6961.0,-1.884057971014493,0.0,0.0,4850423.0,0.0,0.0,0.0,4850423.0,0.0,4850423.0
2014-07-07,708.0,708.0,668.0,686.0,2101.0,1.329394387001477,0.0,0.0,1458046.0,0.0,0.0,0.0,1458046.0,0.0,1458046.0
2014-07-08,692.0,692.0,679.0,692.0,449.0,0.8746355685131195,0.0,0.0,314029.0,0.0,0.0,0.0,314029.0,0.0,314029.0
2014-07-09,710.0,710.0,669.0,690.0,1417.0,-0.2890173410404624,0.0,0.0,996689.0,0.0,0.0,0.0,996689.0,0.0,996689.0
2014-07-10,691.0,695.0,681.0,689.0,234.0,-0.14492753623188406,0.0,0.0,164908.0,0.0,0.0,0.0,164908.0,0.0,164908.0
2014-07-11,689.0,689.0,671.0,683.0,16495.0,-0.8708272859216255,0.0,0.0,11452742.0,0.0,0.0,0.0,11452742.0,0.0,11452742.0
2014-07-14,690.0,690.0,671.0,685.0,24772.0,0.29282576866764276,0.0,0.0,17129024.0,0.0,0.0,0.0,17129024.0,0.0,17129024.0
2014-07-15,675.0,690.0,675.0,691.0,6203.0,0.8759124087591241,0.0,0.0,4324614.0,0.0,0.0,0.0,4324614.0,0.0,4324614.0
2014-07-16,690.0,690.0,685.0,688.0,10702.0,-0.43415340086830684,0.0,0.0,7542214.0,0.0,0.0,0.0,7542214.0,0.0,7542214.0
2014-07-17,705.0,705.0,682.0,696.0,12591.0,1.1627906976744187,0.0,0.0,8989186.0,21102.0,0.0,0.0,9010288.0,0.0,9010288.0
2014-07-18,699.0,704.0,683.0,695.0,10002.0,-0.14367816091954022,0.0,0.0,7099916.0,0.0,0.0,0.0,7079210.0,20706.0,7099916.0
2014-07-21,701.0,744.0,701.0,716.0,43928.0,3.0215827338129495,0.0,0.0,32252664.0,0.0,0.0,0.0,32252664.0,0.0,32252664.0
2014-07-22,704.0,731.0,704.0,722.0,24761.0,0.8379888268156425,0.0,0.0,18146760.0,0.0,0.0,0.0,18146760.0,0.0,18146760.0
2014-07-23,718.0,816.0,718.0,795.0,129127.0,10.110803324099724,0.0,0.0,103330990.0,0.0,0.0,1629510.0,101701480.0,0.0,103330990.0
2014-07-24,793.0,824.0,760.0,784.0,55229.0,-1.3836477987421385,0.0,0.0,44404519.0,0.0,0.0,0.0,44403713.0,806.0,44404519.0
2014-07-25,775.0,811.0,755.0,792.0,38913.0,1.0204081632653061,0.0,0.0,31079222.0,409173.0,0.0,0.0,31081395.0,407000.0,31488395.0
2014-07-28,771.0,906.0,771.0,871.0,203495.0,9.974747474747476,0.0,0.0,173511962.0,1554650.0,0.0,0.0,173496112.0,1570500.0,175066612.0
2014-07-29,906.0,960.0,882.0,899.0,141270.0,3.214695752009185,0.0,0.0,132466996.0,28530.0,0.0,0.0,132495526.0,0.0,132495526.0
2014-07-30,900.0,949.0,879.0,949.0,84991.0,5.561735261401557,0.0,0.0,79956984.0,0.0,0.0,0.0,79929794.0,27190.0,79956984.0
2014-07-31,977.0,1008.0,941.0,962.0,103227.0,1.36986301369863,0.0,0.0,102947935.0,0.0,0.0,0.0,102947935.0,0.0,102947935.0
2014-08-01,940.0,966.0,906.0,937.0,45598.0,-2.598752598752599,0.0,0.0,43730717.0,0.0,0.0,0.0,43730717.0,0.0,43730717.0
2014-08-04,926.0,937.0,900.0,911.0,60328.0,-2.774813233724653,0.0,0.0,56242052.0,0.0,0.0,0.0,56242052.0,0.0,56242052.0
2014-08-05,920.0,967.0,901.0,952.0,38133.0,4.500548847420418,0.0,0.0,36304813.0,0.0,0.0,0.0,36257463.0,47350.0,36304813.0
2014-08-06,960.0,989.0,950.0,961.0,76170.0,0.9453781512605042,0.0,0.0,74479057.0,1000000.0,0.0,0.0,74481401.0,997656.0,75479057.0
2014-08-07,969.0,973.0,916.0,939.0,25643.0,-2.2892819979188346,0.0,0.0,24516673.0,0.0,0.0,0.0,24516673.0,0.0,24516673.0
2014-08-08,909.0,949.0,909.0,921.0,27996.0,-1.9169329073482428,0.0,0.0,26347462.0,0.0,0.0,0.0,26347462.0,0.0,26347462.0
2014-08-11,915.0,959.0,915.0,937.0,13650.0,1.737242128121607,0.0,0.0,13086228.0,0.0,0.0,0.0,13086228.0,0.0,13086228.0
2014-08-12,946.0,962.0,918.0,925.0,25333.0,-1.2806830309498398,0.0,0.0,24100514.0,0.0,0.0,0.0,24100514.0,0.0,24100514.0
2014-08-13,929.0,930.0,901.0,904.0,62985.0,-2.27027027027027,0.0,0.0,58344118.0,0.0,0.0,0.0,58344118.0,0.0,58344118.0
2014-08-14,893.0,908.0,892.0,901.0,30506.0,-0.33185840707964603,0.0,0.0,27964599.0,0.0,7288.0,0.0,27957311.0,0.0,27964599.0
2014-08-18,905.0,914.0,883.0,903.0,14722.0,0.22197558268590456,0.0,0.0,13489748.0,0.0,0.0,0.0,13489748.0,0.0,13489748.0
2014-08-19,901.0,918.0,901.0,916.0,2785.0,1.4396456256921373,0.0,0.0,2603079.0,0.0,0.0,0.0,2603079.0,0.0,2603079.0
2014-08-20,930.0,935.0,911.0,918.0,56562.0,0.21834061135371177,0.0,0.0,52713170.0,0.0,0.0,0.0,52713170.0,0.0,52713170.0
2014-08-21,937.0,937.0,875.0,888.0,36062.0,-3.2679738562091507,0.0,0.0,32795772.0,0.0,0.0,0.0,32795772.0,0.0,32795772.0
2014-08-22,886.0,898.0,863.0,863.0,15573.0,-2.815315315315315,0.0,0.0,13891509.0,0.0,0.0,0.0,13891509.0,0.0,13891509.0
2014-08-25,863.0,899.0,863.0,887.0,6232.0,2.7809965237543453,0.0,0.0,5630979.0,0.0,0.0,0.0,5630979.0,0.0,5630979.0
2014-08-26,899.0,899.0,864.0,879.0,10009.0,-0.9019165727170236,0.0,0.0,8948227.0,0.0,0.0,0.0,8948227.0,0.0,8948227.0
2014-08-27,896.0,1004.0,864.0,974.0,92491.0,10.80773606370876,0.0,0.0,90605803.0,0.0,0.0,0.0,90605803.0,0.0,90605803.0
2014-08-28,979.0,979.0,927.0,955.0,28425.0,-1.9507186858316223,0.0,0.0,27627002.0,0.0,0.0,0.0,27627002.0,0.0,27627002.0
2014-08-29,974.0,974.0,926.0,939.0,7122.0,-1.6753926701570683,0.0,0.0,6832972.0,0.0,0.0,0.0,6832972.0,0.0,6832972.0
2014-09-01,948.0,948.0,898.0,915.0,10355.0,-2.5559105431309903,0.0,0.0,9640089.0,0.0,0.0,0.0,9640089.0,0.0,9640089.0
2014-09-02,894.0,911.0,894.0,908.0,5325.0,-0.7650273224043715,0.0,0.0,4904470.0,0.0,0.0,0.0,4904470.0,0.0,4904470.0
2014-09-03,902.0,925.0,872.0,900.0,13631.0,-0.881057268722467,0.0,0.0,12584394.0,0.0,0.0,0.0,12584394.0,0.0,12584394.0
2014-09-04,929.0,929.0,890.0,901.0,4536.0,0.1111111111111111,0.0,0.0,4158729.0,0.0,0.0,0.0,4158729.0,0.0,4158729.0
2014-09-05,905.0,905.0,881.0,884.0,5858.0,-1.8867924528301887,0.0,0.0,5361947.0,0.0,0.0,0.0,5361947.0,0.0,5361947.0
2014-09-11,916.0,916.0,889.0,904.0,6580.0,2.262443438914027,0.0,0.0,6023321.0,0.0,0.0,0.0,6023321.0,0.0,6023321.0
2014-09-12,907.0,909.0,890.0,892.0,5534.0,-1.3274336283185841,0.0,0.0,5045145.0,0.0,0.0,0.0,5045145.0,0.0,5045145.0
2014-09-15,890.0,892.0,842.0,852.0,22145.0,-4.484304932735426,0.0,0.0,19495938.0,0.0,0.0,0.0,19495938.0,0.0,19495938.0
2014-09-16,857.0,870.0,847.0,860.0,9483.0,0.9389671361502347,0.0,0.0,8287498.0,0.0,0.0,0.0,8287498.0,0.0,8287498.0
2014-09-17,862.0,880.0,857.0,867.0,3464.0,0.813953488372093,0.0,0.0,3070131.0,0.0,0.0,0.0,3070131.0,0.0,3070131.0
2014-09-18,875.0,890.0,860.0,873.0,2106.0,0.6920415224913495,0.0,0.0,1860862.0,0.0,0.0,0.0,1860862.0,0.0,1860862.0
2014-09-19,876.0,887.0,865.0,886.0,10736.0,1.4891179839633446,0.0,0.0,9460518.0,200466.0,0.0,0.0,9460296.0,200688.0,9660984.0
2014-09-22,910.0,910.0,869.0,877.0,1536.0,-1.0158013544018059,0.0,0.0,1375180.0,0.0,0.0,0.0,1375180.0,0.0,1375180.0
2014-09-23,910.0,910.0,875.0,882.0,965.0,0.5701254275940707,0.0,0.0,865206.0,0.0,0.0,0.0,865206.0,0.0,865206.0
2014-09-24,901.0,901.0,876.0,891.0,1468.0,1.0204081632653061,0.0,0.0,1322510.0,0.0,0.0,0.0,1322510.0,0.0,1322510.0
2014-09-25,892.0,901.0,887.0,900.0,15501.0,1.0101010101010102,0.0,0.0,14159991.0,0.0,0.0,0.0,14159991.0,0.0,14159991.0
2014-09-26,900.0,900.0,891.0,891.0,11678.0,-1.0,0.0,0.0,10641357.0,0.0,0.0,0.0,10641357.0,0.0,10641357.0
2014-09-29,893.0,894.0,864.0,889.0,6399.0,-0.22446689113355783,0.0,0.0,5761898.0,0.0,0.0,0.0,5761898.0,0.0,5761898.0
2014-09-30,883.0,886.0,798.0,861.0,9085.0,-3.149606299212598,0.0,0.0,7837468.0,0.0,0.0,0.0,7837468.0,0.0,7837468.0
2014-10-01,829.0,862.0,829.0,859.0,6026.0,-0.23228803716608595,0.0,0.0,5183441.0,0.0,1700.0,0.0,5181741.0,0.0,5183441.0
2014-10-02,842.0,868.0,817.0,868.0,12780.0,1.0477299185098952,0.0,0.0,10673054.0,448056.0,0.0,0.0,10674006.0,447104.0,11121110.0
2014-10-06,884.0,910.0,854.0,875.0,11511.0,0.8064516129032258,0.0,0.0,10500830.0,0.0,0.0,0.0,10500830.0,0.0,10500830.0
2014-10-07,891.0,891.0,866.0,886.0,492.0,1.2571428571428571,0.0,0.0,440101.0,0.0,0.0,0.0,440101.0,0.0,440101.0
2014-10-08,900.0,906.0,857.0,859.0,3633.0,-3.0474040632054176,0.0,0.0,3283121.0,0.0,0.0,0.0,3283121.0,0.0,3283121.0
2014-10-10,853.0,871.0,848.0,872.0,9186.0,1.5133876600698486,0.0,0.0,8083653.0,0.0,0.0,0.0,8083653.0,0.0,8083653.0
2014-10-13,871.0,871.0,834.0,861.0,2326.0,-1.261467889908257,0.0,0.0,2021932.0,0.0,0.0,0.0,2021932.0,0.0,2021932.0
2014-10-14,842.0,866.0,842.0,865.0,3291.0,0.4645760743321719,0.0,0.0,2857782.0,0.0,0.0,0.0,2857782.0,0.0,2857782.0
2014-10-15,847.0,874.0,847.0,872.0,2153.0,0.8092485549132947,0.0,0.0,1897842.0,0.0,0.0,0.0,1897842.0,0.0,1897842.0
2014-10-16,876.0,876.0,870.0,872.0,510.0,0.0,0.0,0.0,454600.0,0.0,0.0,0.0,454600.0,0.0,454600.0
2014-10-17,871.0,871.0,868.0,872.0,270.0,0.0,0.0,0.0,240109.0,0.0,0.0,0.0,240109.0,0.0,240109.0
2014-10-20,881.0,886.0,864.0,869.0,12866.0,-0.34403669724770647,0.0,0.0,11460101.0,0.0,0.0,0.0,11460101.0,0.0,11460101.0
2014-10-21,872.0,872.0,867.0,872.0,19249.0,0.34522439585730724,0.0,0.0,17131636.0,0.0,0.0,0.0,17131636.0,0.0,17131636.0
2014-10-22,876.0,876.0,871.0,877.0,71.0,0.573394495412844,0.0,0.0,63540.0,0.0,0.0,0.0,63540.0,0.0,63540.0
2014-10-23,876.0,876.0,866.0,872.0,820.0,-0.5701254275940707,0.0,0.0,728350.0,0.0,0.0,0.0,728350.0,0.0,728350.0
2014-10-24,881.0,881.0,858.0,858.0,1092.0,-1.6055045871559634,0.0,0.0,977039.0,0.0,0.0,0.0,977039.0,0.0,977039.0
2014-10-27,862.0,874.0,848.0,866.0,1256.0,0.9324009324009324,0.0,0.0,1093941.0,0.0,0.0,0.0,1093941.0,0.0,1093941.0
2014-10-28,860.0,861.0,826.0,832.0,12572.0,-3.9260969976905313,0.0,0.0,10721046.0,0.0,0.0,0.0,10721046.0,0.0,10721046.0
2014-10-29,832.0,863.0,832.0,863.0,2743.0,3.7259615384615383,0.0,0.0,2372748.0,0.0,0.0,0.0,2372748.0,0.0,2372748.0
2014-10-30,861.0,862.0,849.0,857.0,747.0,-0.6952491309385863,0.0,0.0,655247.0,0.0,0.0,0.0,655247.0,0.0,655247.0
2014-10-31,881.0,881.0,836.0,842.0,1011.0,-1.7502917152858808,0.0,0.0,875613.0,0.0,0.0,0.0,875613.0,0.0,875613.0
2014-11-03,875.0,875.0,838.0,840.0,15127.0,-0.23752969121140144,0.0,0.0,13243148.0,0.0,0.0,0.0,13243148.0,0.0,13243148.0
2014-11-04,844.0,852.0,814.0,842.0,9749.0,0.2380952380952381,0.0,0.0,8367746.0,0.0,0.0,0.0,8367746.0,0.0,8367746.0
2014-11-05,842.0,852.0,842.0,850.0,11342.0,0.9501187648456058,0.0,0.0,9808123.0,0.0,0.0,0.0,9808123.0,0.0,9808123.0
2014-11-06,867.0,867.0,837.0,843.0,9722.0,-0.823529411764706,0.0,0.0,8370812.0,0.0,0.0,0.0,8370812.0,0.0,8370812.0
2014-11-07,843.0,857.0,837.0,843.0,2121.0,0.0,0.0,0.0,1825134.0,0.0,0.0,0.0,1825134.0,0.0,1825134.0
2014-11-10,846.0,890.0,846.0,861.0,53066.0,2.135231316725979,0.0,0.0,47150908.0,0.0,0.0,0.0,47150908.0,0.0,47150908.0
2014-11-11,869.0,879.0,846.0,856.0,9879.0,-0.5807200929152149,0.0,0.0,8737769.0,0.0,0.0,0.0,8737769.0,0.0,8737769.0
2014-11-12,855.0,875.0,855.0,866.0,18134.0,1.1682242990654206,0.0,0.0,16029270.0,0.0,0.0,0.0,16029270.0,0.0,16029270.0
2014-11-13,865.0,869.0,857.0,868.0,11256.0,0.23094688221709006,0.0,0.0,9951211.0,0.0,0.0,0.0,9951211.0,0.0,9951211.0
2014-11-14,884.0,884.0,848.0,866.0,837.0,-0.2304147465437788,0.0,0.0,733980.0,0.0,0.0,0.0,733980.0,0.0,733980.0
2014-11-17,888.0,888.0,852.0,862.0,3836.0,-0.4618937644341801,0.0,0.0,3355462.0,0.0,0.0,0.0,3355462.0,0.0,3355462.0
2014-11-18,862.0,989.0,847.0,891.0,71404.0,3.3642691415313224,0.0,0.0,67946073.0,0.0,0.0,0.0,67946073.0,0.0,67946073.0
2014-11-19,901.0,901.0,852.0,867.0,8740.0,-2.6936026936026933,0.0,0.0,7737263.0,0.0,0.0,0.0,7737263.0,0.0,7737263.0
2014-11-20,870.0,870.0,849.0,871.0,2074.0,0.461361014994233,0.0,0.0,1814158.0,0.0,0.0,0.0,1814158.0,0.0,1814158.0
2014-11-21,875.0,886.0,854.0,872.0,1817.0,0.1148105625717566,0.0,0.0,1617808.0,0.0,0.0,0.0,1617808.0,0.0,1617808.0
2014-11-24,878.0,895.0,877.0,878.0,19069.0,0.6880733944954129,0.0,0.0,17239918.0,0.0,0.0,0.0,17239918.0,0.0,17239918.0
2014-11-25,890.0,894.0,871.0,893.0,2732.0,1.7084282460136675,0.0,0.0,2479702.0,0.0,0.0,0.0,2479702.0,0.0,2479702.0
2014-11-26,871.0,898.0,871.0,884.0,755.0,-1.007838745800672,0.0,0.0,685594.0,0.0,8100.0,0.0,677494.0,0.0,685594.0
2014-11-27,883.0,886.0,842.0,880.0,13075.0,-0.4524886877828055,0.0,0.0,11514684.0,0.0,0.0,0.0,11514684.0,0.0,11514684.0
2014-11-28,847.0,875.0,847.0,851.0,10132.0,-3.295454545454545,0.0,0.0,8912651.0,0.0,0.0,0.0,8912651.0,0.0,8912651.0
2014-12-01,866.0,871.0,829.0,845.0,3495.0,-0.7050528789659225,0.0,0.0,3012640.0,0.0,0.0,0.0,3012640.0,0.0,3012640.0
2014-12-02,825.0,862.0,825.0,862.0,3858.0,2.0118343195266273,0.0,0.0,3353171.0,0.0,0.0,0.0,3353171.0,0.0,3353171.0
2014-12-03,862.0,862.0,842.0,857.0,2883.0,-0.580046403712297,0.0,0.0,2507202.0,0.0,0.0,0.0,2507202.0,0.0,2507202.0
2014-12-04,856.0,891.0,856.0,862.0,4167.0,0.5834305717619603,0.0,0.0,3703408.0,0.0,0.0,0.0,3703408.0,0.0,3703408.0
2014-12-05,876.0,876.0,830.0,861.0,7652.0,-0.11600928074245939,0.0,0.0,6667187.0,0.0,0.0,0.0,6667187.0,0.0,6667187.0
2014-12-08,870.0,870.0,839.0,843.0,3095.0,-2.0905923344947737,0.0,0.0,2692403.0,0.0,0.0,0.0,2692403.0,0.0,2692403.0
2014-12-09,847.0,862.0,837.0,852.0,2904.0,1.0676156583629894,0.0,0.0,2514905.0,0.0,0.0,0.0,2514905.0,0.0,2514905.0
2014-12-10,864.0,864.0,823.0,828.0,3881.0,-2.8169014084507045,0.0,0.0,3289503.0,0.0,0.0,0.0,3289503.0,0.0,3289503.0
2014-12-11,847.0,847.0,825.0,826.0,5777.0,-0.24154589371980675,0.0,0.0,4918490.0,0.0,0.0,0.0,4918490.0,0.0,4918490.0
2014-12-12,826.0,839.0,821.0,822.0,2294.0,-0.48426150121065376,0.0,0.0,1933601.0,0.0,0.0,0.0,1933601.0,0.0,1933601.0
2014-12-15,821.0,837.0,813.0,813.0,2602.0,-1.094890510948905,0.0,0.0,2202809.0,0.0,5070.0,0.0,2197739.0,0.0,2202809.0
2014-12-16,812.0,837.0,806.0,806.0,2870.0,-0.8610086100861009,0.0,0.0,2371365.0,0.0,0.0,0.0,2371365.0,0.0,2371365.0
2014-12-17,810.0,827.0,803.0,828.0,25785.0,2.729528535980149,0.0,0.0,21376131.0,0.0,0.0,0.0,21376131.0,0.0,21376131.0
2014-12-18,827.0,842.0,803.0,803.0,2579.0,-3.0193236714975846,0.0,0.0,2170946.0,0.0,0.0,0.0,2170946.0,0.0,2170946.0
2014-12-19,836.0,836.0,823.0,824.0,240.0,2.6151930261519305,0.0,0.0,201853.0,0.0,0.0,0.0,201853.0,0.0,201853.0
2014-12-22,823.0,842.0,798.0,816.0,7374.0,-0.9708737864077669,0.0,0.0,6081520.0,0.0,0.0,0.0,6081520.0,0.0,6081520.0
2014-12-23,815.0,832.0,809.0,824.0,416.0,0.9803921568627451,0.0,0.0,344358.0,0.0,0.0,0.0,344358.0,0.0,344358.0
2014-12-24,832.0,832.0,816.0,830.0,381.0,0.7281553398058253,0.0,0.0,320658.0,0.0,0.0,0.0,320658.0,0.0,320658.0
2014-12-26,831.0,831.0,805.0,808.0,3417.0,-2.6506024096385543,0.0,0.0,2853875.0,0.0,0.0,0.0,2853875.0,0.0,2853875.0
2014-12-29,829.0,832.0,784.0,788.0,37924.0,-2.4752475247524752,0.0,0.0,30829813.0,0.0,0.0,0.0,30829813.0,0.0,30829813.0
2014-12-30,793.0,812.0,793.0,812.0,10903.0,3.0456852791878175,0.0,0.0,8951742.0,0.0,0.0,0.0,8951742.0,0.0,8951742.0
2015-01-02,806.0,816.0,793.0,810.0,6342.0,-0.24630541871921183,0.0,0.0,5204146.0,0.0,0.0,0.0,5204146.0,0.0,5204146.0
2015-01-05,809.0,809.0,767.0,794.0,4072.0,-1.9753086419753085,0.0,0.0,3251990.0,0.0,0.0,0.0,3251990.0,0.0,3251990.0
2015-01-06,802.0,802.0,754.0,787.0,7473.0,-0.8816120906801008,0.0,0.0,5897294.0,0.0,0.0,0.0,5897294.0,0.0,5897294.0
2015-01-07,831.0,831.0,764.0,793.0,1525.0,0.7623888182973316,0.0,0.0,1214866.0,0.0,0.0,0.0,1214866.0,0.0,1214866.0
2015-01-08,789.0,801.0,781.0,796.0,1982.0,0.37831021437578816,0.0,0.0,1599842.0,0.0,0.0,0.0,1599842.0,0.0,1599842.0
2015-01-09,811.0,821.0,808.0,808.0,13622.0,1.507537688442211,0.0,0.0,11345824.0,0.0,0.0,0.0,11345824.0,0.0,11345824.0
2015-01-12,817.0,817.0,799.0,812.0,461.0,0.49504950495049505,0.0,0.0,378122.0,0.0,0.0,0.0,378122.0,0.0,378122.0
2015-01-13,811.0,822.0,805.0,820.0,2852.0,0.9852216748768473,0.0,0.0,2382647.0,0.0,0.0,0.0,2382647.0,0.0,2382647.0
2015-01-14,822.0,822.0,790.0,791.0,3265.0,-3.536585365853658,0.0,0.0,2707071.0,0.0,0.0,0.0,2707071.0,0.0,2707071.0
2015-01-15,808.0,830.0,793.0,793.0,4429.0,0.2528445006321113,0.0,0.0,3647385.0,0.0,0.0,0.0,3647385.0,0.0,3647385.0
2015-01-16,816.0,816.0,778.0,792.0,473.0,-0.12610340479192939,0.0,0.0,384223.0,0.0,0.0,0.0,384223.0,0.0,384223.0
2015-01-19,784.0,817.0,784.0,793.0,11535.0,0.12626262626262627,0.0,0.0,9306675.0,0.0,0.0,0.0,9306675.0,0.0,9306675.0
2015-01-20,793.0,808.0,783.0,786.0,3868.0,-0.8827238335435058,0.0,0.0,3110762.0,0.0,0.0,0.0,3110762.0,0.0,3110762.0
2015-01-21,803.0,803.0,767.0,784.0,12222.0,-0.2544529262086514,0.0,0.0,9783364.0,0.0,0.0,0.0,9783364.0,0.0,9783364.0
2015-01-22,787.0,862.0,778.0,782.0,14100.0,-0.25510204081632654,0.0,0.0,11366584.0,0.0,0.0,0.0,11366584.0,0.0,11366584.0
2015-01-23,803.0,803.0,783.0,798.0,5519.0,2.0460358056265986,0.0,0.0,4450575.0,0.0,0.0,0.0,4450575.0,0.0,4450575.0
2015-01-26,798.0,829.0,788.0,803.0,3241.0,0.6265664160401002,0.0,0.0,2699257.0,0.0,0.0,0.0,2699257.0,0.0,2699257.0
2015-01-27,813.0,813.0,788.0,789.0,4297.0,-1.7434620174346203,0.0,0.0,3480903.0,0.0,0.0,0.0,3480903.0,0.0,3480903.0
2015-01-28,792.0,812.0,783.0,787.0,7429.0,-0.25348542458808615,0.0,0.0,5971002.0,0.0,0.0,0.0,5971002.0,0.0,5971002.0
2015-01-29,787.0,818.0,787.0,792.0,10383.0,0.6353240152477764,0.0,0.0,8449973.0,0.0,0.0,0.0,8449973.0,0.0,8449973.0
2015-01-30,812.0,911.0,812.0,841.0,225784.0,6.186868686868687,0.0,0.0,203010646.0,780450.0,0.0,0.0,203791096.0,0.0,203791096.0
2015-02-02,854.0,870.0,832.0,850.0,35478.0,1.070154577883472,0.0,0.0,30880906.0,0.0,0.0,0.0,30880906.0,0.0,30880906.0
2015-02-03,847.0,867.0,835.0,837.0,12547.0,-1.5294117647058825,0.0,0.0,10798160.0,0.0,0.0,0.0,10798160.0,0.0,10798160.0
2015-02-04,826.0,843.0,826.0,833.0,11463.0,-0.4778972520908005,0.0,0.0,9781454.0,0.0,0.0,0.0,9701484.0,79970.0,9781454.0
2015-02-05,842.0,895.0,827.0,842.0,15789.0,1.0804321728691477,0.0,0.0,14079301.0,0.0,0.0,0.0,13678911.0,400390.0,14079301.0
2015-02-06,846.0,865.0,838.0,839.0,8693.0,-0.35629453681710216,0.0,0.0,7554101.0,0.0,0.0,0.0,7554101.0,0.0,7554101.0
2015-02-09,842.0,842.0,834.0,837.0,3074.0,-0.23837902264600713,0.0,0.0,2626129.0,0.0,0.0,0.0,2344729.0,281400.0,2626129.0
2015-02-10,857.0,857.0,829.0,842.0,2478.0,0.5973715651135006,0.0,0.0,2119234.0,0.0,0.0,0.0,2119234.0,0.0,2119234.0
2015-02-11,847.0,857.0,840.0,840.0,6881.0,-0.23752969121140144,0.0,0.0,5960347.0,0.0,0.0,0.0,5960347.0,0.0,5960347.0
2015-02-12,845.0,854.0,841.0,848.0,4554.0,0.9523809523809524,0.0,0.0,3942324.0,0.0,0.0,0.0,3942324.0,0.0,3942324.0
2015-02-13,852.0,862.0,842.0,857.0,14724.0,1.0613207547169812,0.0,0.0,12724994.0,0.0,0.0,0.0,12724994.0,0.0,12724994.0
2015-02-16,852.0,864.0,844.0,865.0,10681.0,0.9334889148191364,0.0,0.0,9299939.0,0.0,0.0,0.0,9299939.0,0.0,9299939.0
2015-02-17,864.0,871.0,861.0,871.0,13472.0,0.6936416184971098,0.0,0.0,11951353.0,0.0,0.0,0.0,11951353.0,0.0,11951353.0
2015-02-23,876.0,884.0,867.0,884.0,7112.0,1.4925373134328357,0.0,0.0,6373885.0,0.0,0.0,0.0,6373885.0,0.0,6373885.0
2015-02-24,878.0,885.0,878.0,886.0,9374.0,0.22624434389140274,0.0,0.0,8454024.0,0.0,0.0,0.0,8454024.0,0.0,8454024.0
2015-02-25,885.0,906.0,885.0,897.0,12460.0,1.2415349887133182,0.0,0.0,11440182.0,0.0,0.0,0.0,11440182.0,0.0,11440182.0
2015-02-26,901.0,909.0,885.0,906.0,17758.0,1.0033444816053512,0.0,0.0,16244616.0,46920.0,0.0,0.0,16291536.0,0.0,16291536.0
2015-02-27,906.0,914.0,893.0,906.0,12840.0,0.0,0.0,0.0,11855979.0,0.0,0.0,0.0,11855979.0,0.0,11855979.0
2015-03-02,906.0,909.0,904.0,908.0,14947.0,0.22075055187637968,0.0,0.0,13830327.0,0.0,0.0,0.0,13830327.0,0.0,13830327.0
2015-03-03,912.0,912.0,901.0,901.0,39354.0,-0.7709251101321586,0.0,0.0,36320238.0,0.0,0.0,0.0,36320238.0,0.0,36320238.0
2015-03-04,899.0,903.0,899.0,903.0,3391.0,0.22197558268590456,0.0,0.0,3118336.0,0.0,0.0,0.0,3118336.0,0.0,3118336.0
2015-03-05,905.0,906.0,899.0,906.0,6991.0,0.33222591362126247,0.0,0.0,6443561.0,0.0,0.0,0.0,6443561.0,0.0,6443561.0
2015-03-06,910.0,912.0,896.0,913.0,28850.0,0.772626931567329,0.0,0.0,26675553.0,0.0,0.0,0.0,26675553.0,0.0,26675553.0
2015-03-09,912.0,1048.0,912.0,950.0,230617.0,4.052573932092004,0.0,0.0,236407144.0,0.0,0.0,0.0,236407144.0,0.0,236407144.0
2015-03-10,930.0,949.0,913.0,934.0,67485.0,-1.6842105263157894,0.0,0.0,62548018.0,951700.0,0.0,0.0,63499718.0,0.0,63499718.0
2015-03-11,928.0,928.0,897.0,897.0,30404.0,-3.961456102783726,0.0,0.0,28014401.0,0.0,0.0,0.0,28014401.0,0.0,28014401.0
2015-03-12,911.0,1023.0,908.0,946.0,90888.0,5.4626532887402455,0.0,0.0,89965595.0,0.0,0.0,0.0,89965595.0,0.0,89965595.0
2015-03-13,950.0,1087.0,931.0,1087.0,699205.0,14.904862579281183,0.0,0.0,757025263.0,1555749.0,0.0,0.0,756954417.0,1626595.0,758581012.0
2015-03-16,1165.0,1185.0,994.0,1024.0,395748.0,-5.795768169273229,0.0,0.0,431818450.0,284900.0,0.0,0.0,431828530.0,274820.0,432103350.0
2015-03-17,1062.0,1175.0,999.0,1097.0,452595.0,7.12890625,0.0,0.0,524736580.0,1635845.0,0.0,0.0,526372425.0,0.0,526372425.0
2015-03-18,1102.0,1151.0,1053.0,1078.0,262790.0,-1.7319963536918872,0.0,0.0,292806845.0,39420.0,0.0,0.0,292090165.0,756100.0,292846265.0
2015-03-19,1082.0,1116.0,1038.0,1043.0,97949.0,-3.2467532467532463,0.0,0.0,106394110.0,0.0,0.0,0.0,105641350.0,752760.0,106394110.0
2015-03-20,1043.0,1043.0,994.0,1009.0,84799.0,-3.2598274209012463,0.0,0.0,87667160.0,0.0,0.0,0.0,87667160.0,0.0,87667160.0
2015-03-23,1028.0,1053.0,984.0,1024.0,108787.0,1.4866204162537164,0.0,0.0,112923355.0,0.0,0.0,0.0,112923355.0,0.0,112923355.0
2015-03-24,1013.0,1028.0,999.0,1029.0,39353.0,0.48828125,0.0,0.0,40749935.0,0.0,0.0,0.0,40749935.0,0.0,40749935.0
2015-03-25,1028.0,1053.0,1013.0,1019.0,91513.0,-0.9718172983479106,0.0,0.0,96551740.0,0.0,0.0,0.0,96551740.0,0.0,96551740.0
2015-03-26,1008.0,1077.0,989.0,1029.0,82270.0,0.9813542688910697,0.0,0.0,86194445.0,0.0,0.0,0.0,86194445.0,0.0,86194445.0
2015-03-27,1038.0,1072.0,994.0,1009.0,54212.0,-1.9436345966958213,0.0,0.0,55937635.0,0.0,0.0,0.0,55937635.0,0.0,55937635.0
2015-03-30,1018.0,1136.0,999.0,1033.0,112436.0,2.3785926660059467,0.0,0.0,121281970.0,0.0,0.0,0.0,121281970.0,0.0,121281970.0
2015-03-31,1067.0,1185.0,1067.0,1185.0,347846.0,14.714424007744434,0.0,0.0,412996940.0,0.0,0.0,0.0,412996940.0,0.0,412996940.0
2015-04-01,1180.0,1297.0,1136.0,1244.0,306403.0,4.9789029535864975,0.0,0.0,375743685.0,0.0,0.0,0.0,375737635.0,6050.0,375743685.0
2015-04-02,1288.0,1430.0,1273.0,1430.0,376596.0,14.951768488745982,0.0,0.0,529070460.0,0.0,0.0,0.0,529070460.0,0.0,529070460.0
2015-04-03,1469.0,1640.0,1459.0,1641.0,530326.0,14.755244755244757,0.0,0.0,868255400.0,454500.0,0.0,0.0,868709900.0,0.0,868709900.0
2015-04-06,1885.0,1885.0,1645.0,1749.0,1335682.0,6.581352833638025,0.0,0.0,2453881330.0,692300.0,0.0,0.0,2454391630.0,182000.0,2454573630.0
2015-04-07,1792.0,1895.0,1650.0,1802.0,730511.0,3.0303030303030303,0.0,0.0,1318855485.0,0.0,0.0,0.0,1318855485.0,0.0,1318855485.0
2015-04-08,1773.0,2032.0,1753.0,1959.0,912136.0,8.712541620421755,0.0,0.0,1791254105.0,4412000.0,0.0,0.0,1793852305.0,1813800.0,1795666105.0
2015-04-09,1939.0,2076.0,1910.0,1959.0,418422.0,0.0,0.0,0.0,828562935.0,15195850.0,0.0,0.0,836574285.0,7184500.0,843758785.0
2015-04-10,1978.0,2047.0,1959.0,1964.0,406158.0,0.2552322613578356,0.0,0.0,824259825.0,200500.0,0.0,0.0,817869825.0,6590500.0,824460325.0
2015-04-13,2057.0,2233.0,2027.0,2150.0,462588.0,9.470468431771895,0.0,0.0,1010607690.0,856740.0,0.0,0.0,1007472440.0,3991990.0,1011464430.0
2015-04-14,2243.0,2243.0,1910.0,2028.0,387666.0,-5.674418604651163,0.0,0.0,805759725.0,6152000.0,1022500.0,0.0,810889225.0,0.0,811911725.0
2015-04-15,2135.0,2145.0,1964.0,2008.0,180947.0,-0.9861932938856016,0.0,0.0,372396290.0,4946910.0,0.0,0.0,369287230.0,8055970.0,377343200.0
2015-04-16,2057.0,2057.0,1861.0,1930.0,263317.0,-3.8844621513944224,0.0,1970000.0,502595270.0,14643405.0,0.0,0.0,519208675.0,0.0,519208675.0
2015-04-17,1993.0,1993.0,1797.0,1969.0,260233.0,2.0207253886010363,0.0,0.0,493327615.0,3735000.0,0.0,0.0,484674435.0,12388180.0,497062615.0
2015-04-20,1856.0,2032.0,1856.0,1969.0,210029.0,0.0,0.0,0.0,418152925.0,0.0,0.0,0.0,409115425.0,9037500.0,418152925.0
2015-04-21,2076.0,2076.0,1920.0,1920.0,160772.0,-2.488572879634332,0.0,0.0,308883025.0,17257155.0,0.0,1970495.0,322802425.0,1367260.0,326140180.0
2015-04-22,1929.0,2003.0,1812.0,1920.0,189337.0,0.0,0.0,0.0,368200665.0,1871100.0,0.0,0.0,358088165.0,11983600.0,370071765.0
2015-04-23,1954.0,1954.0,1841.0,1861.0,57015.0,-3.0729166666666665,0.0,0.0,108869745.0,13440.0,0.0,0.0,108883185.0,0.0,108883185.0
2015-04-24,1861.0,1875.0,1719.0,1749.0,64005.0,-6.018269747447609,0.0,0.0,104816285.0,11990000.0,0.0,0.0,116806285.0,0.0,116806285.0
2015-04-27,1773.0,1890.0,1743.0,1812.0,55215.0,3.6020583190394513,353400.0,0.0,93662125.0,8666860.0,0.0,0.0,102140415.0,541970.0,102682385.0
2015-04-28,1787.0,1861.0,1773.0,1783.0,43122.0,-1.6004415011037527,336045.0,0.0,66197020.0,13303720.0,0.0,0.0,79836785.0,0.0,79836785.0
2015-04-29,1797.0,1802.0,1709.0,1734.0,67242.0,-2.748177229388671,0.0,0.0,94188785.0,24892635.0,650115.0,0.0,118431305.0,0.0,119081420.0
2015-04-30,1675.0,1768.0,1675.0,1704.0,82157.0,-1.7301038062283738,0.0,0.0,131324525.0,13330655.0,0.0,0.0,144655180.0,0.0,144655180.0
2015-05-04,1753.0,1753.0,1533.0,1577.0,68751.0,-7.453051643192488,1972390.0,0.0,102655340.0,9645930.0,0.0,0.0,112483045.0,1790615.0,114273660.0
2015-05-06,1547.0,1582.0,1410.0,1464.0,135579.0,-7.165504121750159,1373400.0,0.0,168767020.0,32659340.0,0.0,0.0,202799760.0,0.0,202799760.0
2015-05-07,1464.0,1552.0,1376.0,1533.0,118164.0,4.713114754098361,0.0,3146470.0,150512185.0,23430230.0,317405.0,3097595.0,172971185.0,702700.0,177088885.0
2015-05-08,1513.0,1537.0,1479.0,1504.0,28908.0,-1.8917155903457272,0.0,0.0,39270425.0,5013190.0,321680.0,0.0,43935495.0,26440.0,44283615.0
2015-05-11,1537.0,1728.0,1523.0,1646.0,194976.0,9.441489361702128,0.0,0.0,329729620.0,1991195.0,226155.0,0.0,315957260.0,15537400.0,331720815.0
2015-05-12,1665.0,1670.0,1606.0,1611.0,39476.0,-2.12636695018226,0.0,0.0,64547045.0,928035.0,1132870.0,0.0,62311015.0,2031195.0,65475080.0
2015-05-13,1596.0,1728.0,1596.0,1690.0,78136.0,4.903786468032278,0.0,0.0,134514340.0,488805.0,454370.0,0.0,127702075.0,6846700.0,135003145.0
2015-05-14,1694.0,1714.0,1665.0,1695.0,27748.0,0.2958579881656805,0.0,0.0,47853425.0,3460.0,988040.0,0.0,43449785.0,3419060.0,47856885.0
2015-05-15,1724.0,1748.0,1635.0,1636.0,40139.0,-3.4808259587020647,0.0,0.0,67670200.0,973120.0,0.0,0.0,64392860.0,4250460.0,68643320.0
2015-05-18,1699.0,1699.0,1586.0,1597.0,33438.0,-2.3838630806845966,0.0,0.0,55311725.0,123905.0,0.0,0.0,52540975.0,2894655.0,55435630.0
2015-05-19,1586.0,1665.0,1562.0,1577.0,32172.0,-1.2523481527864746,0.0,0.0,49667320.0,2690720.0,0.0,0.0,51905000.0,453040.0,52358040.0
2015-05-20,1567.0,1699.0,1567.0,1700.0,91331.0,7.7996195307545975,0.0,0.0,150193990.0,3622365.0,0.0,0.0,153811325.0,5030.0,153816355.0
2015-05-21,1680.0,1714.0,1596.0,1660.0,66457.0,-2.3529411764705883,0.0,0.0,102277555.0,7821325.0,0.0,0.0,105478635.0,4620245.0,110098880.0
2015-05-22,1680.0,1680.0,1631.0,1631.0,36849.0,-1.746987951807229,0.0,0.0,61175565.0,811440.0,0.0,0.0,61505625.0,481380.0,61987005.0
2015-05-26,1616.0,1709.0,1562.0,1567.0,62753.0,-3.9239730226854688,0.0,0.0,98376785.0,4942300.0,0.0,0.0,98783015.0,4536070.0,103319085.0
2015-05-27,1528.0,1528.0,1479.0,1494.0,42997.0,-4.6585832801531595,0.0,0.0,63260330.0,2347535.0,0.0,0.0,64741600.0,866265.0,65607865.0
2015-05-28,1518.0,1552.0,1488.0,1518.0,32890.0,1.6064257028112447,0.0,0.0,44782935.0,5813440.0,0.0,0.0,50211355.0,385020.0,50596375.0
2015-05-29,1493.0,1542.0,1479.0,1523.0,35335.0,0.32938076416337286,0.0,0.0,54099845.0,263010.0,0.0,0.0,54005605.0,357250.0,54362855.0
2015-06-01,1474.0,1508.0,1395.0,1430.0,40147.0,-6.106369008535785,0.0,0.0,56518875.0,2475465.0,0.0,0.0,55195950.0,3798390.0,58994340.0
2015-06-02,1425.0,1479.0,1381.0,1381.0,35816.0,-3.4265734265734267,0.0,0.0,47841060.0,4294585.0,0.0,0.0,51676775.0,458870.0,52135645.0
2015-06-03,1386.0,1430.0,1307.0,1371.0,63012.0,-0.724112961622013,0.0,0.0,83178750.0,5761705.0,0.0,0.0,88735780.0,204675.0,88940455.0
2015-06-04,1400.0,1435.0,1366.0,1430.0,41015.0,4.303428154631655,0.0,0.0,54092460.0,4400640.0,0.0,0.0,58493100.0,0.0,58493100.0
2015-06-05,1376.0,1425.0,1376.0,1376.0,10564.0,-3.7762237762237763,1261510.0,0.0,13716140.0,0.0,0.0,0.0,14088720.0,888930.0,14977650.0
2015-06-08,1351.0,1582.0,1342.0,1582.0,79357.0,14.970930232558139,0.0,1420.0,122556710.0,1015085.0,100160.0,1440.0,120827045.0,2644570.0,123573215.0
2015-06-09,1582.0,1733.0,1582.0,1734.0,210453.0,9.608091024020228,0.0,0.0,359971985.0,523675.0,1382255.0,0.0,338463125.0,20650280.0,360495660.0
2015-06-10,1768.0,1831.0,1660.0,1680.0,179056.0,-3.1141868512110724,0.0,0.0,315347355.0,2278200.0,0.0,0.0,292164760.0,25460795.0,317625555.0
2015-06-11,1738.0,1773.0,1611.0,1651.0,148108.0,-1.7261904761904763,0.0,0.0,255374835.0,3472800.0,0.0,0.0,246758015.0,12089620.0,258847635.0
2015-06-12,1743.0,1743.0,1557.0,1602.0,102127.0,-2.967898243488795,0.0,0.0,168522745.0,1706535.0,0.0,0.0,155914860.0,14314420.0,170229280.0
2015-06-15,1533.0,1596.0,1479.0,1479.0,62913.0,-7.677902621722846,0.0,0.0,97918545.0,0.0,0.0,0.0,89039285.0,8879260.0,97918545.0
2015-06-16,1425.0,1812.0,1425.0,1695.0,201734.0,14.60446247464503,0.0,0.0,339747130.0,2126420.0,0.0,0.0,318321490.0,23552060.0,341873550.0
2015-06-17,1675.0,2066.0,1675.0,1959.0,508985.0,15.575221238938052,0.0,0.0,976128545.0,6743690.0,0.0,0.0,940682930.0,42189305.0,982872235.0
2015-06-18,2145.0,2233.0,1763.0,1842.0,581288.0,-5.972434915773354,0.0,0.0,1212490825.0,7741815.0,0.0,0.0,1197007050.0,23225590.0,1220232640.0
2015-06-19,1836.0,2184.0,1812.0,1930.0,569353.0,4.7774158523344195,0.0,0.0,1144365890.0,14703785.0,0.0,0.0,1139595360.0,19474315.0,1159069675.0
2015-06-22,1920.0,1939.0,1846.0,1876.0,178262.0,-2.7979274611398965,0.0,0.0,323543580.0,17237085.0,0.0,0.0,339200300.0,1580365.0,340780665.0
2015-06-23,1993.0,2042.0,1900.0,2003.0,263608.0,6.769722814498934,0.0,0.0,518156710.0,14301300.0,0.0,0.0,523249115.0,9208895.0,532458010.0
2015-06-24,2057.0,2600.0,1968.0,2601.0,1448977.0,29.85521717423864,0.0,0.0,3503464460.0,26995130.0,0.0,0.0,3502351315.0,28108275.0,3530459590.0
2015-06-25,2351.0,3120.0,2184.0,2611.0,1737278.0,0.3844675124951942,0.0,0.0,4681626665.0,28122415.0,1204000.0,0.0,4669869335.0,38675745.0,4709749080.0
2015-06-26,2644.0,2845.0,2453.0,2655.0,658186.0,1.685178092684795,0.0,0.0,1785605295.0,1972065.0,0.0,0.0,1748304730.0,39272630.0,1787577360.0
2015-06-29,0.0,0.0,0.0,2655.0,0.0,0.0,,,,,,,,,
2015-06-30,2546.0,2546.0,2360.0,2469.0,163813.0,-7.005649717514125,0.0,0.0,401926940.0,8198440.0,0.0,0.0,410125380.0,0.0,410125380.0
2015-07-01,2610.0,2610.0,2439.0,2571.0,161323.0,4.131227217496963,0.0,0.0,415542530.0,689060.0,0.0,0.0,411475275.0,4756315.0,416231590.0
2015-07-02,2640.0,3330.0,2630.0,3331.0,403631.0,29.56048230260599,0.0,0.0,1260730045.0,4115265.0,0.0,0.0,1263972130.0,873180.0,1264845310.0
2015-07-03,3918.0,4329.0,3428.0,3624.0,593159.0,8.796157310117083,0.0,0.0,2333618225.0,10378100.0,0.0,0.0,2339186325.0,4810000.0,2343996325.0
2015-07-06,3443.0,3443.0,3134.0,3257.0,283438.0,-10.126931567328919,0.0,0.0,947679325.0,330480.0,0.0,0.0,936218285.0,11791520.0,948009805.0
2015-07-07,3477.0,3477.0,2772.0,3233.0,260412.0,-0.736874424316856,0.0,0.0,803745780.0,7765325.0,0.0,0.0,807214180.0,4296925.0,811511105.0
2015-07-08,3614.0,4114.0,3379.0,3659.0,1406686.0,13.176616145994432,0.0,0.0,5325482750.0,14095265.0,359500.0,0.0,5324690625.0,14527890.0,5339578015.0
2015-07-09,3330.0,3972.0,3144.0,3419.0,1080908.0,-6.559169171904893,0.0,0.0,3815005330.0,6385080.0,0.0,0.0,3811743750.0,9646660.0,3821390410.0
2015-07-10,3560.0,3585.0,3051.0,3154.0,381435.0,-7.750804328751097,0.0,0.0,1274698825.0,0.0,0.0,0.0,1274698825.0,0.0,1274698825.0
2015-07-13,3012.0,3232.0,2698.0,3051.0,523587.0,-3.26569435637286,0.0,0.0,1570422375.0,5588660.0,0.0,0.0,1570249555.0,5761480.0,1576011035.0
2015-07-14,3144.0,3227.0,2938.0,3086.0,441705.0,1.1471648639790233,0.0,0.0,1387142315.0,1280325.0,0.0,0.0,1384468700.0,3953940.0,1388422640.0
2015-07-15,2924.0,3071.0,2914.0,2939.0,422018.0,-4.763447828904731,0.0,0.0,1274995970.0,3458040.0,0.0,0.0,1274841340.0,3612670.0,1278454010.0
2015-07-16,2958.0,3071.0,2762.0,2811.0,350873.0,-4.355222864920041,0.0,16349650.0,1030488865.0,0.0,0.0,0.0,1046838515.0,0.0,1046838515.0
2015-07-17,2821.0,2880.0,2351.0,2483.0,398708.0,-11.668445393098542,0.0,0.0,1023745820.0,194765.0,0.0,0.0,1021714010.0,2226575.0,1023940585.0
2015-07-20,2483.0,2483.0,2238.0,2263.0,283162.0,-8.860249697946033,0.0,0.0,666432215.0,115500.0,0.0,0.0,666017095.0,530620.0,666547715.0
2015-07-21,2253.0,2507.0,2253.0,2434.0,330006.0,7.556341140079541,0.0,15878445.0,793504605.0,343370.0,0.0,0.0,809389720.0,336700.0,809726420.0
2015-07-22,2439.0,2463.0,2302.0,2317.0,150606.0,-4.806902218570254,0.0,2726545.0,358230805.0,2612300.0,0.0,0.0,363569650.0,0.0,363569650.0
2015-07-23,2346.0,2351.0,2253.0,2312.0,89522.0,-0.21579628830384118,0.0,0.0,204099315.0,4760440.0,0.0,0.0,201495720.0,7364035.0,208859755.0
2015-07-24,2253.0,2306.0,2213.0,2253.0,102728.0,-2.551903114186851,0.0,0.0,224573050.0,10940145.0,0.0,0.0,224470575.0,11042620.0,235513195.0
2015-07-27,2253.0,2302.0,2174.0,2238.0,52109.0,-0.6657789613848202,0.0,0.0,98466045.0,19573080.0,0.0,0.0,117740395.0,298730.0,118039125.0
2015-07-28,2238.0,2326.0,2140.0,2292.0,119709.0,2.4128686327077746,0.0,0.0,261974885.0,11439105.0,0.0,0.0,258063710.0,15350280.0,273413990.0
2015-07-29,2365.0,2365.0,2174.0,2175.0,94242.0,-5.104712041884817,0.0,0.0,211824205.0,2538600.0,0.0,0.0,205495665.0,8867140.0,214362805.0
2015-07-30,2253.0,2253.0,2096.0,2170.0,72288.0,-0.22988505747126436,0.0,0.0,142861175.0,16663605.0,0.0,0.0,148849580.0,10675200.0,159524780.0
2015-07-31,2179.0,2184.0,2076.0,2087.0,65722.0,-3.824884792626728,0.0,0.0,119148285.0,22817765.0,0.0,0.0,141714110.0,251940.0,141966050.0
2015-08-03,2096.0,2429.0,1993.0,2209.0,244539.0,5.84571154767609,0.0,0.0,555381450.0,8552235.0,0.0,0.0,532535560.0,31398125.0,563933685.0
2015-08-04,2228.0,2351.0,2164.0,2229.0,99147.0,0.9053870529651425,0.0,0.0,226217475.0,4446845.0,0.0,0.0,216653770.0,14010550.0,230664320.0
2015-08-05,2208.0,2302.0,2189.0,2248.0,68529.0,0.8524001794526694,0.0,0.0,153076605.0,2784295.0,0.0,0.0,150010405.0,5850495.0,155860900.0
2015-08-06,2257.0,2919.0,2257.0,2919.0,1508524.0,29.84875444839858,0.0,9900565.0,4195553440.0,3319600.0,0.0,9974210.0,4191836800.0,6962595.0,4208773605.0
2015-08-07,3134.0,3653.0,2943.0,3380.0,2464661.0,15.7930798218568,0.0,45334040.0,8345146975.0,31453365.0,0.0,28029500.0,8375058960.0,18845920.0,8421934380.0
2015-08-10,3492.0,3580.0,2958.0,3164.0,1033036.0,-6.390532544378698,0.0,0.0,3419911450.0,21122370.0,0.0,36344270.0,3385205425.0,19484125.0,3441033820.0
2015-08-11,3408.0,4109.0,3384.0,3722.0,2961176.0,17.63590391908976,0.0,48751370.0,11436433320.0,30592520.0,0.0,33729570.0,11446705655.0,35341985.0,11515777210.0
2015-08-12,3722.0,3947.0,3232.0,3590.0,1312650.0,-3.5464803868887693,0.0,0.0,4787699525.0,6679580.0,0.0,0.0,4779810370.0,14568735.0,4794379105.0
2015-08-13,3330.0,3859.0,3017.0,3037.0,1634795.0,-15.40389972144847,0.0,2761070.0,5797837755.0,18242055.0,0.0,2506550.0,5808886400.0,7447930.0,5818840880.0
2015-08-17,2948.0,3036.0,2453.0,2591.0,754344.0,-14.68554494567007,0.0,0.0,2077535135.0,8176375.0,0.0,1017600.0,2076559350.0,8134560.0,2085711510.0
2015-08-18,2659.0,2767.0,2306.0,2493.0,333856.0,-3.7823234272481665,0.0,0.0,860595040.0,0.0,0.0,138000.0,857599900.0,2857140.0,860595040.0
2015-08-19,2400.0,2448.0,2169.0,2327.0,385758.0,-6.658644203770557,0.0,1624725.0,898984545.0,0.0,0.0,1662500.0,896453400.0,2493370.0,900609270.0
2015-08-20,2302.0,2551.0,2204.0,2415.0,364785.0,3.781693167168027,0.0,986010.0,899609755.0,5602820.0,0.0,945710.0,905252875.0,0.0,906198585.0
2015-08-21,2253.0,2346.0,2179.0,2282.0,177384.0,-5.507246376811594,0.0,2537000.0,404492985.0,0.0,0.0,1832400.0,400180005.0,5017580.0,407029985.0
2015-08-24,2194.0,2448.0,2194.0,2282.0,199187.0,0.0,0.0,712690.0,472153400.0,0.0,0.0,1081045.0,471785045.0,0.0,472866090.0
2015-08-25,2419.0,2483.0,2292.0,2400.0,205760.0,5.170902716914987,0.0,743070.0,499121030.0,0.0,0.0,5601980.0,494262120.0,0.0,499864100.0
2015-08-26,2419.0,2561.0,2375.0,2513.0,259822.0,4.708333333333333,0.0,1303275.0,655302575.0,0.0,0.0,5235670.0,651370180.0,0.0,656605850.0
2015-08-27,2571.0,2649.0,2458.0,2571.0,185819.0,2.30799840827696,0.0,0.0,489384295.0,0.0,0.0,0.0,488339155.0,1045140.0,489384295.0
2015-08-28,2640.0,2644.0,2537.0,2562.0,144600.0,-0.3500583430571762,0.0,0.0,380306310.0,0.0,0.0,0.0,380306310.0,0.0,380306310.0
2015-08-31,2542.0,2551.0,2448.0,2449.0,148145.0,-4.410616705698673,0.0,0.0,373768705.0,3904720.0,0.0,0.0,373792200.0,3881225.0,377673425.0
2015-09-01,2400.0,2502.0,2365.0,2390.0,107970.0,-2.4091465904450793,0.0,0.0,249653455.0,16431540.0,0.0,0.0,265022900.0,1062095.0,266084995.0
2015-09-02,2253.0,2390.0,2253.0,2390.0,145715.0,0.0,0.0,0.0,335444555.0,7946335.0,0.0,0.0,341543735.0,1847155.0,343390890.0
2015-09-03,2507.0,2507.0,2292.0,2322.0,91671.0,-2.8451882845188283,0.0,0.0,219429415.0,3741780.0,0.0,0.0,207515865.0,15655330.0,223171195.0
2015-09-04,2321.0,2404.0,2243.0,2263.0,110172.0,-2.5409130060292853,0.0,0.0,247819640.0,10936270.0,0.0,0.0,250352460.0,8403450.0,258755910.0
2015-09-07,2267.0,2351.0,2199.0,2307.0,53879.0,1.9443216968625716,0.0,0.0,112976770.0,12832305.0,0.0,0.0,123605375.0,2203700.0,125809075.0
2015-09-08,2331.0,2346.0,2155.0,2199.0,69506.0,-4.681404421326398,0.0,0.0,157678945.0,0.0,0.0,0.0,140917630.0,16761315.0,157678945.0
2015-09-09,2218.0,2316.0,2208.0,2268.0,83736.0,3.1377899045020468,0.0,0.0,177585125.0,14137305.0,0.0,0.0,187932860.0,3789570.0,191722430.0
2015-09-10,2253.0,2277.0,2189.0,2278.0,61671.0,0.4409171075837742,0.0,0.0,119765560.0,21502985.0,0.0,0.0,140246220.0,1022325.0,141268545.0
2015-09-11,2331.0,2703.0,2277.0,2380.0,277605.0,4.477611940298507,0.0,1386345.0,691317940.0,3001340.0,0.0,1361405.0,675902165.0,18442055.0,695705625.0
2015-09-14,2380.0,2561.0,2380.0,2537.0,248221.0,6.596638655462185,0.0,0.0,626020600.0,5255825.0,0.0,0.0,621858950.0,9417475.0,631276425.0
2015-09-15,2586.0,3124.0,2576.0,2782.0,813053.0,9.657075285770595,0.0,26390740.0,2293639490.0,24154425.0,0.0,24200610.0,2290999580.0,28984465.0,2344184655.0
2015-09-16,2884.0,2909.0,2615.0,2694.0,263659.0,-3.163191948238677,0.0,0.0,740440575.0,3307725.0,0.0,0.0,741787225.0,1961075.0,743748300.0
2015-09-17,2742.0,2791.0,2546.0,2576.0,153068.0,-4.380103934669636,0.0,0.0,406282310.0,1989790.0,0.0,0.0,404778530.0,3493570.0,408272100.0
2015-09-18,2595.0,2595.0,2439.0,2478.0,189016.0,-3.804347826086957,0.0,0.0,468195495.0,9995705.0,0.0,0.0,476757495.0,1433705.0,478191200.0
2015-09-21,2448.0,2463.0,2385.0,2429.0,55203.0,-1.977401129943503,0.0,0.0,134411225.0,1802080.0,0.0,0.0,130360140.0,5853165.0,136213305.0
2015-09-22,2493.0,2497.0,2404.0,2498.0,62432.0,2.840675174969123,0.0,0.0,141637745.0,14373230.0,0.0,0.0,155009990.0,1000985.0,156010975.0
2015-09-23,2448.0,2478.0,2404.0,2410.0,56366.0,-3.522818254603683,0.0,0.0,138419230.0,1888465.0,0.0,0.0,131773540.0,8534155.0,140307695.0
2015-09-24,2395.0,2463.0,2351.0,2429.0,62559.0,0.7883817427385892,0.0,0.0,138204980.0,16156525.0,0.0,0.0,154361505.0,0.0,154361505.0
2015-09-25,2419.0,2537.0,2400.0,2449.0,56079.0,0.8233841086867023,0.0,0.0,133167465.0,6918835.0,0.0,0.0,137822885.0,2263415.0,140086300.0
2015-09-30,2409.0,2429.0,2326.0,2356.0,79144.0,-3.79746835443038,0.0,0.0,190510600.0,99755.0,0.0,0.0,184480730.0,6129625.0,190610355.0
2015-10-01,2351.0,2400.0,2326.0,2356.0,62364.0,0.0,0.0,481000.0,131637965.0,17879190.0,0.0,0.0,148530775.0,1467380.0,149998155.0
2015-10-02,2360.0,2385.0,2331.0,2341.0,44870.0,-0.6366723259762309,0.0,0.0,103936655.0,3769230.0,0.0,0.0,103437495.0,4268390.0,107705885.0
2015-10-05,2351.0,2370.0,2311.0,2336.0,41313.0,-0.21358393848782573,0.0,0.0,86273320.0,12076695.0,0.0,0.0,98350015.0,0.0,98350015.0
2015-10-06,2336.0,2375.0,2311.0,2336.0,35496.0,0.0,0.0,0.0,84557340.0,0.0,0.0,0.0,75985775.0,8571565.0,84557340.0
2015-10-07,2336.0,2336.0,2253.0,2278.0,33166.0,-2.482876712328767,0.0,0.0,76657700.0,867740.0,0.0,0.0,75309315.0,2216125.0,77525440.0
2015-10-08,2292.0,2370.0,2272.0,2317.0,46408.0,1.7120280948200177,0.0,0.0,107367510.0,2271395.0,0.0,0.0,103584935.0,6053970.0,109638905.0
2015-10-12,2336.0,2644.0,2292.0,2537.0,290682.0,9.495036685369012,0.0,0.0,733030250.0,8107555.0,0.0,517000.0,736709535.0,3911270.0,741137805.0
2015-10-13,2566.0,2718.0,2424.0,2439.0,130590.0,-3.862830114308238,0.0,0.0,322662435.0,9151425.0,0.0,0.0,309614710.0,22199150.0,331813860.0
2015-10-14,2419.0,2473.0,2404.0,2449.0,61584.0,0.4100041000410004,0.0,0.0,148002685.0,5658225.0,0.0,0.0,152430820.0,1230090.0,153660910.0
2015-10-15,2424.0,2595.0,2424.0,2557.0,129282.0,4.409963250306247,0.0,0.0,333251215.0,2240595.0,0.0,0.0,331682505.0,3809305.0,335491810.0
2015-10-16,2649.0,2684.0,2434.0,2459.0,152884.0,-3.832616347281971,0.0,0.0,395314915.0,956760.0,0.0,0.0,380564400.0,15707275.0,396271675.0
2015-10-19,2448.0,2493.0,2414.0,2493.0,72150.0,1.3826758845058966,0.0,0.0,177400750.0,2326660.0,0.0,0.0,176395490.0,3331920.0,179727410.0
2015-10-20,2497.0,2497.0,2399.0,2459.0,50544.0,-1.363818692338548,0.0,0.0,123618040.0,2496495.0,0.0,0.0,123514725.0,2599810.0,126114535.0
2015-10-21,2458.0,2488.0,2404.0,2415.0,60268.0,-1.7893452623017485,0.0,0.0,144467765.0,5370225.0,0.0,0.0,149231900.0,606090.0,149837990.0
2015-10-22,2419.0,2429.0,2311.0,2317.0,90484.0,-4.057971014492753,0.0,0.0,216236240.0,0.0,0.0,0.0,198201185.0,18035055.0,216236240.0
2015-10-23,2355.0,2385.0,2326.0,2331.0,22448.0,0.6042296072507553,0.0,0.0,46887330.0,6785040.0,0.0,0.0,53672370.0,0.0,53672370.0
2015-10-26,2375.0,2375.0,2336.0,2351.0,31290.0,0.8580008580008579,0.0,0.0,75157505.0,0.0,0.0,0.0,71121065.0,4036440.0,75157505.0
2015-10-27,2380.0,2380.0,2302.0,2331.0,47189.0,-0.8507018290089324,0.0,0.0,109309365.0,3100315.0,0.0,0.0,111313480.0,1096200.0,112409680.0
2015-10-28,2331.0,2331.0,2292.0,2297.0,16550.0,-1.4586014586014586,0.0,0.0,39036640.0,0.0,0.0,0.0,38337420.0,699220.0,39036640.0
2015-10-29,2326.0,2336.0,2262.0,2278.0,46834.0,-0.827165868524162,0.0,0.0,106457885.0,2747325.0,0.0,0.0,109179135.0,26075.0,109205210.0
2015-10-30,2253.0,2287.0,2184.0,2233.0,43354.0,-1.9754170324846356,0.0,0.0,98115705.0,319505.0,0.0,0.0,80789680.0,17645530.0,98435210.0
2015-11-02,2253.0,2253.0,2169.0,2229.0,15505.0,-0.17913121361397222,0.0,0.0,34402385.0,463225.0,0.0,0.0,34865610.0,0.0,34865610.0
2015-11-03,2243.0,2346.0,2233.0,2346.0,39730.0,5.248990578734858,0.0,0.0,90609260.0,1998415.0,0.0,0.0,92287210.0,320465.0,92607675.0
2015-11-04,2346.0,2346.0,2272.0,2302.0,31300.0,-1.875532821824382,0.0,0.0,72943805.0,322425.0,0.0,0.0,65053765.0,8212465.0,73266230.0
2015-11-05,2292.0,2292.0,2233.0,2268.0,23003.0,-1.4769765421372718,0.0,0.0,52945900.0,0.0,0.0,0.0,47337155.0,5608745.0,52945900.0
2015-11-06,2262.0,2292.0,2223.0,2263.0,38430.0,-0.2204585537918871,0.0,0.0,88898830.0,0.0,0.0,0.0,88488110.0,410720.0,88898830.0
2015-11-09,2262.0,2277.0,2189.0,2233.0,23658.0,-1.3256738842244808,0.0,0.0,53439035.0,106885.0,0.0,0.0,53461175.0,84745.0,53545920.0
2015-11-10,2204.0,2204.0,2086.0,2087.0,78180.0,-6.538289296909987,0.0,0.0,169510300.0,6485.0,0.0,0.0,169488085.0,28700.0,169516785.0
2015-11-11,2155.0,2155.0,2062.0,2067.0,28471.0,-0.9583133684714902,0.0,0.0,60144685.0,538225.0,0.0,0.0,60147495.0,535415.0,60682910.0
2015-11-12,2037.0,2042.0,1910.0,1910.0,103754.0,-7.595549104983067,0.0,0.0,208898910.0,625555.0,0.0,0.0,209518300.0,6165.0,209524465.0
2015-11-13,1851.0,1890.0,1777.0,1842.0,73353.0,-3.56020942408377,0.0,9006120.0,125827630.0,2322920.0,0.0,0.0,136245185.0,911485.0,137156670.0
2015-11-16,1792.0,1792.0,1626.0,1700.0,119581.0,-7.709011943539632,0.0,0.0,201903020.0,3573970.0,0.0,8309555.0,194848090.0,2319345.0,205476990.0
2015-11-17,1802.0,2208.0,1763.0,2209.0,355030.0,29.94117647058824,0.0,7517790.0,763016655.0,421240.0,0.0,0.0,769805105.0,1150580.0,770955685.0
2015-11-18,2282.0,2429.0,2057.0,2155.0,667195.0,-2.444545043005885,0.0,0.0,1509097030.0,6413815.0,0.0,8306140.0,1500185745.0,7018960.0,1515510845.0
2015-11-19,2174.0,2208.0,2130.0,2165.0,86918.0,0.46403712296983757,0.0,0.0,190243535.0,2241690.0,0.0,0.0,190293810.0,2191415.0,192485225.0
2015-11-20,2140.0,2194.0,2081.0,2082.0,60343.0,-3.8337182448036953,0.0,0.0,130816915.0,644495.0,0.0,0.0,130817675.0,643735.0,131461410.0
2015-11-23,2057.0,2106.0,1959.0,1993.0,69692.0,-4.274735830931797,0.0,0.0,137915340.0,4091410.0,0.0,0.0,138655640.0,3351110.0,142006750.0
2015-11-24,1949.0,2066.0,1910.0,1949.0,54509.0,-2.207727044656297,0.0,0.0,103980725.0,6482265.0,0.0,0.0,109168405.0,1294585.0,110462990.0
2015-11-25,1964.0,2351.0,1964.0,2150.0,226089.0,10.312981015905592,0.0,0.0,499856320.0,4382295.0,0.0,0.0,493121220.0,11117395.0,504238615.0
2015-11-26,2155.0,2253.0,2106.0,2106.0,69083.0,-2.0465116279069764,0.0,0.0,152125260.0,1285045.0,0.0,0.0,153312725.0,97580.0,153410305.0
2015-11-27,2086.0,2204.0,2086.0,2087.0,26041.0,-0.9021842355175688,0.0,0.0,54956290.0,1672810.0,0.0,0.0,55809740.0,819360.0,56629100.0
2015-11-30,2086.0,2086.0,2017.0,2057.0,26846.0,-1.4374700527072353,0.0,0.0,55502410.0,226800.0,0.0,0.0,55538540.0,190670.0,55729210.0
2015-12-01,2032.0,2169.0,1978.0,2057.0,38319.0,0.0,0.0,0.0,79522905.0,1857845.0,0.0,0.0,80542780.0,837970.0,81380750.0
2015-12-02,2057.0,2076.0,2017.0,2047.0,14112.0,-0.48614487117160915,0.0,0.0,28308590.0,1098465.0,0.0,0.0,28421390.0,985665.0,29407055.0
2015-12-03,2008.0,2037.0,1968.0,2008.0,35911.0,-1.905227161700049,0.0,0.0,70827240.0,2808255.0,0.0,0.0,73627315.0,8180.0,73635495.0
2015-12-04,1988.0,2022.0,1959.0,1969.0,27852.0,-1.9422310756972112,0.0,0.0,55305635.0,948925.0,0.0,0.0,56254560.0,0.0,56254560.0
2015-12-07,1973.0,2027.0,1964.0,1989.0,23279.0,1.015744032503809,0.0,0.0,42629590.0,4714585.0,0.0,0.0,46941310.0,402865.0,47344175.0
2015-12-08,1968.0,1993.0,1910.0,1930.0,48823.0,-2.966314731020613,0.0,0.0,96325980.0,357630.0,0.0,0.0,94197610.0,2486000.0,96683610.0
2015-12-09,1895.0,1959.0,1875.0,1959.0,32866.0,1.5025906735751295,0.0,0.0,62580600.0,1394030.0,0.0,0.0,63974630.0,0.0,63974630.0
2015-12-10,1954.0,1978.0,1920.0,1940.0,24751.0,-0.9698825931597753,0.0,0.0,49210175.0,0.0,0.0,0.0,45467785.0,3742390.0,49210175.0
2015-12-11,1934.0,1978.0,1871.0,1891.0,26482.0,-2.5257731958762886,0.0,0.0,50844275.0,481550.0,0.0,0.0,49760340.0,1565485.0,51325825.0
2015-12-14,1885.0,1885.0,1812.0,1832.0,18236.0,-3.120042305658382,0.0,0.0,34624755.0,0.0,0.0,0.0,30794110.0,3830645.0,34624755.0
2015-12-15,1841.0,2228.0,1841.0,1969.0,271454.0,7.478165938864628,0.0,0.0,563113285.0,3230985.0,0.0,0.0,561893940.0,4450330.0,566344270.0
2015-12-16,1993.0,2071.0,1959.0,2038.0,84732.0,3.5043169121381412,0.0,0.0,172160400.0,1124515.0,0.0,0.0,172096860.0,1188055.0,173284915.0
2015-12-17,2042.0,2091.0,1973.0,2008.0,27755.0,-1.4720314033366046,0.0,0.0,56158445.0,1205435.0,0.0,0.0,56851300.0,512580.0,57363880.0
2015-12-18,1998.0,2106.0,1968.0,1974.0,54253.0,-1.693227091633466,0.0,0.0,109507635.0,1936600.0,0.0,0.0,109156405.0,2287830.0,111444235.0
2015-12-21,1978.0,2130.0,1939.0,2003.0,97472.0,1.4690982776089159,0.0,0.0,198106175.0,2978675.0,0.0,0.0,199536890.0,1547960.0,201084850.0
2015-12-22,2017.0,2037.0,1959.0,1959.0,42092.0,-2.196704942586121,0.0,0.0,84661065.0,1044860.0,0.0,0.0,82853135.0,2852790.0,85705925.0
2015-12-23,1983.0,1993.0,1915.0,1959.0,33631.0,0.0,0.0,0.0,65084485.0,1803215.0,0.0,0.0,66125275.0,762425.0,66887700.0
2015-12-24,1959.0,1988.0,1939.0,1964.0,23427.0,0.2552322613578356,0.0,0.0,45920100.0,916000.0,0.0,0.0,45668690.0,1167410.0,46836100.0
2015-12-28,1949.0,1998.0,1949.0,1969.0,14031.0,0.2545824847250509,0.0,0.0,27453640.0,729045.0,0.0,0.0,27083230.0,1099455.0,28182685.0
2015-12-29,1983.0,2228.0,1910.0,1993.0,114811.0,1.218892839004571,0.0,0.0,240145590.0,1416745.0,0.0,0.0,240457100.0,1105235.0,241562335.0
2015-12-30,2017.0,2017.0,1964.0,1974.0,23634.0,-0.9533366783743101,0.0,0.0,47449060.0,507310.0,0.0,0.0,47895140.0,61230.0,47956370.0
2016-01-04,1973.0,1973.0,1939.0,1974.0,27827.0,0.0,0.0,0.0,55240220.0,22115.0,0.0,0.0,54067580.0,1194755.0,55262335.0
2016-01-05,1939.0,1973.0,1939.0,1954.0,13111.0,-1.0131712259371835,0.0,0.0,26102385.0,0.0,0.0,0.0,26102385.0,0.0,26102385.0
2016-01-06,1954.0,1973.0,1920.0,1930.0,20661.0,-1.2282497441146365,0.0,0.0,40885380.0,116525.0,0.0,0.0,40884965.0,116940.0,41001905.0
2016-01-07,1944.0,1944.0,1812.0,1851.0,45715.0,-4.093264248704663,0.0,0.0,87203865.0,0.0,0.0,0.0,87203865.0,0.0,87203865.0
2016-01-08,1782.0,1851.0,1728.0,1832.0,38351.0,-1.0264721772015126,0.0,0.0,69569350.0,318455.0,0.0,0.0,69640980.0,246825.0,69887805.0
2016-01-11,1777.0,1817.0,1773.0,1783.0,34177.0,-2.6746724890829694,0.0,0.0,62588395.0,0.0,0.0,0.0,62509720.0,78675.0,62588395.0
2016-01-12,1836.0,1836.0,1782.0,1812.0,30687.0,1.6264722378014584,0.0,0.0,55239360.0,1208085.0,0.0,0.0,56369365.0,78080.0,56447445.0
2016-01-13,1841.0,1861.0,1812.0,1827.0,25551.0,0.8278145695364238,0.0,0.0,46827965.0,976995.0,0.0,0.0,46842600.0,962360.0,47804960.0
2016-01-14,1792.0,1831.0,1733.0,1788.0,21317.0,-2.134646962233169,0.0,0.0,38438610.0,370580.0,0.0,0.0,37668445.0,1140745.0,38809190.0
2016-01-15,1822.0,1861.0,1777.0,1793.0,12411.0,0.2796420581655481,0.0,0.0,22097125.0,917605.0,0.0,0.0,22142075.0,872655.0,23014730.0
2016-01-18,1714.0,1797.0,1714.0,1753.0,41712.0,-2.230897936419409,0.0,0.0,73240930.0,727785.0,0.0,0.0,73896060.0,72655.0,73968715.0
2016-01-19,1792.0,1792.0,1709.0,1719.0,26275.0,-1.939532230462065,0.0,0.0,46374800.0,0.0,0.0,0.0,45623195.0,751605.0,46374800.0
2016-01-20,1719.0,1724.0,1616.0,1665.0,28951.0,-3.1413612565445024,0.0,0.0,48696155.0,1023905.0,0.0,0.0,48863700.0,856360.0,49720060.0
2016-01-21,1616.0,1728.0,1616.0,1660.0,21878.0,-0.3003003003003003,0.0,0.0,35869820.0,1654875.0,0.0,0.0,36761420.0,763275.0,37524695.0
2016-01-22,1670.0,2076.0,1670.0,1763.0,257158.0,6.204819277108434,0.0,0.0,490156135.0,1738660.0,0.0,0.0,488635210.0,3259585.0,491894795.0
2016-01-25,1802.0,1841.0,1733.0,1778.0,54648.0,0.8508224617129893,0.0,0.0,98622795.0,750115.0,0.0,0.0,98638845.0,734065.0,99372910.0
2016-01-26,1782.0,1787.0,1733.0,1734.0,14893.0,-2.4746906636670416,0.0,0.0,26160375.0,526770.0,0.0,0.0,26310070.0,377075.0,26687145.0
2016-01-27,1753.0,1822.0,1753.0,1783.0,30599.0,2.825836216839677,0.0,0.0,52005325.0,3735735.0,0.0,0.0,55741060.0,0.0,55741060.0
2016-01-28,1782.0,1802.0,1753.0,1768.0,24510.0,-0.8412787436904094,0.0,0.0,41349190.0,3244725.0,0.0,0.0,44593915.0,0.0,44593915.0
2016-01-29,1807.0,1875.0,1777.0,1807.0,21060.0,2.2058823529411766,0.0,0.0,35636435.0,3201375.0,0.0,0.0,38731670.0,106140.0,38837810.0
2016-02-01,1826.0,1895.0,1812.0,1812.0,48079.0,0.2767017155506364,0.0,0.0,88061095.0,2231950.0,0.0,0.0,89499855.0,793190.0,90293045.0
2016-02-02,1802.0,1812.0,1763.0,1763.0,24890.0,-2.704194260485651,0.0,0.0,42334125.0,2970905.0,0.0,0.0,45305030.0,0.0,45305030.0
2016-02-03,1763.0,1763.0,1704.0,1744.0,27880.0,-1.0777084515031197,0.0,0.0,48682835.0,537070.0,0.0,0.0,49072945.0,146960.0,49219905.0
2016-02-04,1792.0,1792.0,1714.0,1739.0,23381.0,-0.286697247706422,0.0,0.0,40001765.0,1731245.0,0.0,0.0,40685565.0,1047445.0,41733010.0
2016-02-05,1743.0,1812.0,1724.0,1758.0,13825.0,1.0925819436457735,0.0,0.0,23035580.0,1702385.0,0.0,0.0,24737965.0,0.0,24737965.0
2016-02-11,1714.0,1719.0,1665.0,1675.0,31176.0,-4.721274175199089,0.0,0.0,53705875.0,214520.0,0.0,0.0,51780460.0,2139935.0,53920395.0
2016-02-12,1655.0,1694.0,1601.0,1656.0,15765.0,-1.1343283582089554,0.0,0.0,24768980.0,1528180.0,0.0,0.0,23537600.0,2759560.0,26297160.0
2016-02-15,1665.0,1753.0,1665.0,1724.0,10524.0,4.1062801932367154,0.0,0.0,18455750.0,0.0,0.0,0.0,17274430.0,1181320.0,18455750.0
2016-02-16,1773.0,1861.0,1743.0,1802.0,48924.0,4.524361948955916,0.0,0.0,88391475.0,1093795.0,0.0,0.0,87370085.0,2115185.0,89485270.0
2016-02-17,1846.0,1846.0,1748.0,1763.0,23016.0,-2.1642619311875695,0.0,0.0,41895320.0,0.0,0.0,0.0,38694135.0,3201185.0,41895320.0
2016-02-18,1787.0,1812.0,1748.0,1758.0,14972.0,-0.28360748723766305,0.0,0.0,26329635.0,743445.0,0.0,0.0,26544340.0,528740.0,27073080.0
2016-02-19,1743.0,1763.0,1738.0,1758.0,16693.0,0.0,0.0,0.0,28524845.0,1326150.0,0.0,0.0,29850995.0,0.0,29850995.0
2016-02-22,1748.0,1768.0,1738.0,1753.0,7736.0,-0.2844141069397042,0.0,0.0,13662655.0,131035.0,0.0,0.0,13793690.0,0.0,13793690.0
2016-02-23,1753.0,1807.0,1680.0,1734.0,29012.0,-1.0838562464346835,0.0,0.0,51763405.0,17700.0,0.0,0.0,50859785.0,921320.0,51781105.0
2016-02-24,1719.0,1738.0,1709.0,1739.0,15496.0,0.28835063437139563,0.0,0.0,26109535.0,1127860.0,0.0,0.0,27161930.0,75465.0,27237395.0
2016-02-25,1733.0,1758.0,1728.0,1734.0,15203.0,-0.28752156411730884,0.0,0.0,27004520.0,69350.0,0.0,0.0,26906550.0,167320.0,27073870.0
2016-02-26,1753.0,1758.0,1724.0,1744.0,7806.0,0.5767012687427913,0.0,0.0,12236315.0,1582900.0,0.0,0.0,13765665.0,53550.0,13819215.0
2016-02-29,1714.0,1777.0,1714.0,1749.0,30361.0,0.286697247706422,0.0,0.0,52632815.0,1935410.0,0.0,0.0,54568225.0,0.0,54568225.0
2016-03-02,1802.0,1812.0,1773.0,1793.0,36009.0,2.515723270440252,0.0,0.0,64782825.0,1270555.0,0.0,0.0,66053380.0,0.0,66053380.0
2016-03-03,1807.0,1817.0,1768.0,1793.0,8914.0,0.0,0.0,0.0,15441655.0,848800.0,0.0,0.0,16160160.0,130295.0,16290455.0
2016-03-04,1807.0,1959.0,1807.0,1861.0,101642.0,3.7925264919129953,0.0,0.0,187509275.0,4749145.0,0.0,0.0,191116220.0,1142200.0,192258420.0
2016-03-07,1895.0,2179.0,1880.0,2028.0,481251.0,8.973670069854917,0.0,0.0,1012332155.0,5791395.0,0.0,0.0,1011866970.0,6256580.0,1018123550.0
2016-03-08,2096.0,2096.0,1939.0,1989.0,103535.0,-1.9230769230769231,0.0,0.0,209014230.0,3087480.0,0.0,0.0,209538645.0,2563065.0,212101710.0
2016-03-09,1988.0,2013.0,1910.0,2013.0,48970.0,1.206636500754148,0.0,0.0,92050355.0,6560580.0,0.0,0.0,97084445.0,1526490.0,98610935.0
2016-03-10,2017.0,2057.0,1988.0,1993.0,24374.0,-0.9935419771485345,0.0,0.0,49501590.0,708335.0,0.0,0.0,47963535.0,2246390.0,50209925.0
2016-03-11,2027.0,2027.0,1959.0,1984.0,21540.0,-0.45158053186151526,0.0,0.0,42172300.0,1630350.0,0.0,0.0,42521940.0,1280710.0,43802650.0
2016-03-14,2052.0,2052.0,1959.0,1959.0,45064.0,-1.2600806451612903,0.0,0.0,88793015.0,2756670.0,0.0,0.0,90362055.0,1187630.0,91549685.0
2016-03-15,1978.0,2042.0,1905.0,1989.0,77692.0,1.5313935681470139,0.0,0.0,151788740.0,3903800.0,0.0,0.0,155566585.0,125955.0,155692540.0
2016-03-16,1973.0,1988.0,1924.0,1974.0,33707.0,-0.7541478129713424,0.0,0.0,65166435.0,2111210.0,0.0,0.0,66302910.0,974735.0,67277645.0
2016-03-17,1973.0,2081.0,1929.0,1974.0,97944.0,0.0,0.0,0.0,195733170.0,5836025.0,0.0,0.0,200544030.0,1025165.0,201569195.0
2016-03-18,1988.0,2311.0,1988.0,2023.0,232852.0,2.4822695035460995,0.0,0.0,498188975.0,7254760.0,0.0,0.0,494794405.0,10649330.0,505443735.0
2016-03-21,2037.0,2096.0,2008.0,2023.0,46236.0,0.0,0.0,0.0,95629875.0,516365.0,0.0,0.0,91502050.0,4644190.0,96146240.0
2016-03-22,2022.0,2032.0,1988.0,1993.0,30246.0,-1.4829461196243203,0.0,0.0,59938265.0,1882780.0,0.0,0.0,59440445.0,2380600.0,61821045.0
2016-03-23,1968.0,2003.0,1949.0,1949.0,46119.0,-2.207727044656297,0.0,0.0,91636395.0,970140.0,0.0,0.0,89895105.0,2711430.0,92606535.0
2016-03-24,1944.0,1954.0,1910.0,1910.0,23527.0,-2.0010261672652643,0.0,0.0,46181640.0,0.0,0.0,0.0,42041550.0,4140090.0,46181640.0
2016-03-25,1915.0,1934.0,1836.0,1837.0,54060.0,-3.8219895287958114,0.0,0.0,100400845.0,3260495.0,0.0,0.0,99585090.0,4076250.0,103661340.0
2016-03-28,1836.0,1880.0,1822.0,1861.0,31954.0,1.3064779531845399,0.0,0.0,58249595.0,2364955.0,0.0,0.0,60293595.0,320955.0,60614550.0
2016-03-29,1880.0,1954.0,1875.0,1954.0,48618.0,4.997313272434175,0.0,0.0,93540635.0,2600915.0,0.0,0.0,96122050.0,19500.0,96141550.0
2016-03-30,1973.0,1983.0,1954.0,1979.0,31425.0,1.2794268167860798,0.0,0.0,62624315.0,371210.0,0.0,0.0,62995525.0,0.0,62995525.0
2016-03-31,1993.0,1993.0,1949.0,1959.0,21026.0,-1.010611419909045,0.0,0.0,41938770.0,199960.0,0.0,0.0,40239250.0,1899480.0,42138730.0
2016-04-01,1949.0,1968.0,1915.0,1920.0,13687.0,-1.9908116385911179,0.0,0.0,24410560.0,2534715.0,0.0,0.0,26676555.0,268720.0,26945275.0
2016-04-04,1920.0,1939.0,1900.0,1915.0,8622.0,-0.26041666666666663,0.0,0.0,15133175.0,1671700.0,0.0,0.0,16744170.0,60705.0,16804875.0
2016-04-05,1871.0,1939.0,1871.0,1935.0,21795.0,1.0443864229765014,0.0,0.0,40957240.0,1281710.0,0.0,0.0,41390565.0,848385.0,42238950.0
2016-04-06,1934.0,1934.0,1885.0,1891.0,13882.0,-2.2739018087855296,0.0,0.0,26976215.0,0.0,0.0,0.0,26308085.0,668130.0,26976215.0
2016-04-07,1890.0,1924.0,1880.0,1891.0,6788.0,0.0,0.0,0.0,13147505.0,0.0,0.0,0.0,12870240.0,277265.0,13147505.0
2016-04-08,1900.0,1910.0,1826.0,1861.0,52218.0,-1.5864621893178215,0.0,0.0,98594895.0,955320.0,0.0,0.0,98604985.0,945230.0,99550215.0
2016-04-11,1861.0,1900.0,1851.0,1896.0,18597.0,1.8807092960773777,0.0,0.0,35150095.0,483865.0,0.0,0.0,35493325.0,140635.0,35633960.0
2016-04-12,1890.0,1910.0,1861.0,1876.0,12531.0,-1.0548523206751055,0.0,0.0,23130850.0,937855.0,0.0,0.0,24068705.0,0.0,24068705.0
2016-04-14,1890.0,1959.0,1880.0,1944.0,31536.0,3.624733475479744,0.0,0.0,58483650.0,3723605.0,0.0,0.0,62207255.0,0.0,62207255.0
2016-04-15,1954.0,1954.0,1885.0,1891.0,21799.0,-2.7263374485596708,0.0,0.0,42410210.0,0.0,0.0,0.0,42140655.0,269555.0,42410210.0
2016-04-18,1900.0,1920.0,1880.0,1881.0,7843.0,-0.5288207297726071,0.0,0.0,15037555.0,108640.0,0.0,0.0,14718100.0,428095.0,15146195.0
2016-04-19,1910.0,1920.0,1880.0,1905.0,21289.0,1.2759170653907497,0.0,0.0,39430340.0,1637075.0,0.0,0.0,41067415.0,0.0,41067415.0
2016-04-20,1905.0,1964.0,1900.0,1940.0,48172.0,1.837270341207349,0.0,0.0,91692995.0,3309655.0,0.0,0.0,94874775.0,127875.0,95002650.0
2016-04-21,1954.0,1964.0,1919.0,1954.0,35920.0,0.7216494845360825,0.0,0.0,70291460.0,991115.0,0.0,0.0,70964995.0,317580.0,71282575.0
2016-04-22,1939.0,1954.0,1920.0,1949.0,9163.0,-0.255885363357216,0.0,0.0,17339935.0,768085.0,0.0,0.0,18108020.0,0.0,18108020.0
2016-04-25,1954.0,1959.0,1929.0,1949.0,15319.0,0.0,0.0,0.0,29518740.0,962000.0,0.0,0.0,30480740.0,0.0,30480740.0
2016-04-26,1954.0,1954.0,1900.0,1930.0,19408.0,-0.9748589020010261,0.0,0.0,37835480.0,82200.0,0.0,0.0,37819180.0,98500.0,37917680.0
2016-04-27,1910.0,1924.0,1890.0,1925.0,13265.0,-0.2590673575129534,0.0,0.0,25568030.0,242420.0,0.0,0.0,25810450.0,0.0,25810450.0
2016-04-28,1924.0,1934.0,1900.0,1905.0,7738.0,-1.0389610389610389,0.0,0.0,14106340.0,998070.0,0.0,0.0,15100520.0,3890.0,15104410.0
2016-04-29,1895.0,1944.0,1885.0,1944.0,31461.0,2.047244094488189,0.0,0.0,54166300.0,7028275.0,0.0,0.0,61192635.0,1940.0,61194575.0
2016-05-02,1929.0,1934.0,1885.0,1891.0,23124.0,-2.7263374485596708,0.0,0.0,44145320.0,565750.0,0.0,0.0,44153820.0,557250.0,44711070.0
2016-05-03,1890.0,1910.0,1885.0,1886.0,10237.0,-0.26441036488630354,0.0,0.0,19472165.0,302990.0,0.0,0.0,19775155.0,0.0,19775155.0
2016-05-04,1871.0,1905.0,1841.0,1851.0,29395.0,-1.855779427359491,0.0,0.0,55909945.0,0.0,0.0,0.0,54069550.0,1840395.0,55909945.0
2016-05-09,1866.0,1880.0,1836.0,1856.0,9095.0,0.2701242571582928,0.0,0.0,17179400.0,0.0,0.0,0.0,16818715.0,360685.0,17179400.0
2016-05-10,1856.0,1861.0,1822.0,1861.0,4376.0,0.26939655172413796,0.0,0.0,8253790.0,0.0,0.0,0.0,8233000.0,20790.0,8253790.0
2016-05-11,1890.0,1890.0,1851.0,1861.0,14133.0,0.0,0.0,0.0,26982505.0,0.0,0.0,0.0,26717640.0,264865.0,26982505.0
2016-05-12,1866.0,1866.0,1826.0,1851.0,18973.0,-0.537345513164965,0.0,0.0,35505490.0,188000.0,0.0,0.0,34933085.0,760405.0,35693490.0
2016-05-13,1851.0,1861.0,1831.0,1851.0,7276.0,0.0,0.0,0.0,13710380.0,0.0,0.0,0.0,9124245.0,4586135.0,13710380.0
2016-05-16,1831.0,1875.0,1822.0,1871.0,8967.0,1.0804970286331712,0.0,0.0,16657240.0,329555.0,0.0,0.0,16947685.0,39110.0,16986795.0
2016-05-17,1885.0,1885.0,1822.0,1842.0,7274.0,-1.549973276322822,0.0,0.0,13648295.0,0.0,0.0,0.0,11960705.0,1687590.0,13648295.0
2016-05-18,1841.0,1841.0,1763.0,1783.0,24217.0,-3.203040173724213,0.0,0.0,44385025.0,0.0,0.0,0.0,42300455.0,2084570.0,44385025.0
2016-05-19,1782.0,1792.0,1763.0,1768.0,13940.0,-0.8412787436904094,0.0,0.0,25238890.0,0.0,0.0,0.0,24885450.0,353440.0,25238890.0
2016-05-20,1773.0,1822.0,1724.0,1807.0,30944.0,2.2058823529411766,0.0,0.0,54927945.0,1034850.0,0.0,0.0,55767375.0,195420.0,55962795.0
2016-05-23,1777.0,1836.0,1777.0,1798.0,11156.0,-0.4980630879911455,0.0,0.0,19795635.0,642540.0,0.0,0.0,18393515.0,2044660.0,20438175.0
2016-05-24,1797.0,1831.0,1743.0,1753.0,21646.0,-2.502780867630701,0.0,0.0,38961650.0,0.0,0.0,0.0,37080765.0,1880885.0,38961650.0
2016-05-25,1782.0,2022.0,1768.0,1827.0,156832.0,4.221334854535082,0.0,1281565.0,299951775.0,1057960.0,0.0,1196455.0,297419025.0,3675820.0,302291300.0
2016-05-26,1861.0,1880.0,1792.0,1802.0,22261.0,-1.3683634373289546,0.0,0.0,40179885.0,1281845.0,0.0,0.0,40978845.0,482885.0,41461730.0
2016-05-27,1802.0,1826.0,1782.0,1802.0,15060.0,0.0,0.0,0.0,24860125.0,2844640.0,0.0,0.0,27701035.0,3730.0,27704765.0
2016-05-30,1807.0,1807.0,1782.0,1783.0,12683.0,-1.0543840177580466,0.0,0.0,22748195.0,495450.0,0.0,0.0,23243645.0,0.0,23243645.0
2016-05-31,1802.0,1831.0,1802.0,1832.0,4111.0,2.748177229388671,0.0,0.0,5644425.0,1975445.0,0.0,0.0,7619870.0,0.0,7619870.0
2016-06-01,1792.0,1851.0,1792.0,1827.0,5215.0,-0.2729257641921397,0.0,0.0,8512505.0,1176805.0,0.0,0.0,9687425.0,1885.0,9689310.0
2016-06-02,1826.0,1910.0,1797.0,1851.0,38525.0,1.3136288998357963,0.0,0.0,72910595.0,278950.0,0.0,0.0,72802730.0,386815.0,73189545.0
2016-06-03,1866.0,1866.0,1826.0,1851.0,12668.0,0.0,0.0,0.0,23830220.0,0.0,0.0,0.0,23509825.0,320395.0,23830220.0
2016-06-07,1880.0,1900.0,1846.0,1871.0,24720.0,1.0804970286331712,0.0,0.0,47153710.0,0.0,0.0,0.0,45390725.0,1762985.0,47153710.0
2016-06-08,1880.0,1880.0,1831.0,1851.0,7931.0,-1.0689470871191877,0.0,0.0,14972920.0,0.0,0.0,0.0,11716135.0,3256785.0,14972920.0
2016-06-09,1861.0,1905.0,1836.0,1861.0,22107.0,0.5402485143165856,0.0,0.0,42215405.0,0.0,0.0,0.0,39513680.0,2701725.0,42215405.0
2016-06-10,1880.0,1880.0,1802.0,1851.0,28600.0,-0.537345513164965,0.0,0.0,53688895.0,0.0,0.0,0.0,51009480.0,2679415.0,53688895.0
2016-06-13,1851.0,1851.0,1787.0,1788.0,22663.0,-3.403565640194489,0.0,0.0,41403565.0,183000.0,0.0,0.0,40140180.0,1446385.0,41586565.0
2016-06-14,1787.0,1929.0,1748.0,1788.0,22760.0,0.0,0.0,0.0,41621920.0,0.0,0.0,0.0,39917335.0,1704585.0,41621920.0
2016-06-15,1797.0,1822.0,1763.0,1788.0,8595.0,0.0,0.0,0.0,15574670.0,0.0,0.0,0.0,14141935.0,1432735.0,15574670.0
2016-06-16,1817.0,1817.0,1758.0,1778.0,7472.0,-0.5592841163310962,0.0,0.0,13570405.0,0.0,0.0,0.0,12263970.0,1306435.0,13570405.0
2016-06-17,1787.0,1802.0,1763.0,1793.0,9157.0,0.843644544431946,0.0,0.0,16605040.0,0.0,0.0,0.0,15438125.0,1166915.0,16605040.0
2016-06-20,1792.0,1817.0,1777.0,1793.0,18255.0,0.0,0.0,0.0,33692640.0,0.0,0.0,0.0,32410460.0,1282180.0,33692640.0
2016-06-21,1802.0,1851.0,1748.0,1749.0,19805.0,-2.4539877300613497,0.0,0.0,36082185.0,0.0,0.0,0.0,34852920.0,1229265.0,36082185.0
2016-06-22,1758.0,1802.0,1758.0,1798.0,10155.0,2.801600914808462,0.0,0.0,18424490.0,0.0,0.0,0.0,17123745.0,1300745.0,18424490.0
2016-06-23,1773.0,1787.0,1763.0,1783.0,23012.0,-0.8342602892102335,0.0,0.0,41659220.0,0.0,0.0,0.0,40444540.0,1214680.0,41659220.0
2016-06-24,1787.0,1792.0,1665.0,1744.0,37708.0,-2.1873247335950645,0.0,0.0,67088010.0,0.0,0.0,0.0,66022740.0,1065270.0,67088010.0
2016-06-27,1684.0,1714.0,1665.0,1714.0,18884.0,-1.7201834862385321,0.0,0.0,32629635.0,0.0,0.0,0.0,31131630.0,1498005.0,32629635.0
2016-06-28,1680.0,1743.0,1680.0,1714.0,11330.0,0.0,0.0,0.0,19953035.0,0.0,0.0,0.0,18440980.0,1512055.0,19953035.0
2016-06-29,1763.0,1782.0,1724.0,1758.0,10781.0,2.5670945157526255,0.0,0.0,19318025.0,0.0,0.0,0.0,17953115.0,1364910.0,19318025.0
2016-06-30,1777.0,1792.0,1738.0,1749.0,8640.0,-0.5119453924914675,0.0,0.0,15512195.0,0.0,0.0,0.0,14246980.0,1265215.0,15512195.0
2016-07-01,1743.0,1841.0,1743.0,1788.0,35486.0,2.2298456260720414,0.0,0.0,65210740.0,0.0,0.0,0.0,64012960.0,1197780.0,65210740.0
2016-07-04,1782.0,1817.0,1773.0,1783.0,9167.0,-0.2796420581655481,0.0,0.0,16733185.0,0.0,0.0,0.0,15597585.0,1135600.0,16733185.0
2016-07-05,1763.0,1831.0,1763.0,1793.0,5877.0,0.5608524957936063,0.0,0.0,10800145.0,0.0,0.0,0.0,9592425.0,1207720.0,10800145.0
2016-07-06,1782.0,1792.0,1758.0,1783.0,9057.0,-0.5577244841048522,0.0,0.0,16386425.0,0.0,0.0,0.0,15288610.0,1097815.0,16386425.0
2016-07-07,1797.0,1812.0,1768.0,1802.0,13893.0,1.065619742007852,0.0,0.0,25465240.0,0.0,0.0,0.0,24486440.0,978800.0,25465240.0
2016-07-08,1797.0,1826.0,1773.0,1802.0,15666.0,0.0,0.0,0.0,28556865.0,0.0,0.0,0.0,27544275.0,1012590.0,28556865.0
2016-07-11,1817.0,1817.0,1768.0,1802.0,12715.0,0.0,0.0,0.0,23238005.0,0.0,0.0,0.0,22667480.0,570525.0,23238005.0
2016-07-12,1802.0,1807.0,1773.0,1773.0,2620.0,-1.609322974472808,0.0,0.0,4791905.0,0.0,0.0,0.0,4791905.0,0.0,4791905.0
2016-07-13,1787.0,1822.0,1773.0,1807.0,10267.0,1.9176536943034406,0.0,0.0,18905790.0,0.0,0.0,0.0,18905790.0,0.0,18905790.0
2016-07-14,1807.0,1812.0,1782.0,1802.0,5770.0,-0.2767017155506364,0.0,0.0,10580920.0,0.0,0.0,0.0,10580920.0,0.0,10580920.0
2016-07-15,1802.0,1836.0,1797.0,1812.0,31728.0,0.5549389567147613,0.0,0.0,58769965.0,0.0,0.0,0.0,58769965.0,0.0,58769965.0
2016-07-18,1812.0,1817.0,1773.0,1802.0,10825.0,-0.5518763796909493,0.0,0.0,19906135.0,0.0,0.0,0.0,19906135.0,0.0,19906135.0
2016-07-19,1802.0,1812.0,1797.0,1812.0,7503.0,0.5549389567147613,0.0,0.0,13809500.0,0.0,0.0,0.0,13809500.0,0.0,13809500.0
2016-07-20,1817.0,1841.0,1807.0,1832.0,34226.0,1.1037527593818985,0.0,0.0,63925820.0,0.0,0.0,0.0,63925820.0,0.0,63925820.0
2016-07-21,1836.0,1861.0,1826.0,1851.0,40935.0,1.037117903930131,0.0,0.0,77076535.0,0.0,0.0,0.0,77076535.0,0.0,77076535.0
2016-07-22,1851.0,1880.0,1831.0,1881.0,29644.0,1.6207455429497568,0.0,0.0,56454095.0,0.0,0.0,0.0,56454095.0,0.0,56454095.0
2016-07-25,1885.0,1924.0,1866.0,1881.0,41208.0,0.0,0.0,0.0,79905150.0,0.0,0.0,0.0,79905150.0,0.0,79905150.0
2016-07-26,1880.0,1890.0,1856.0,1886.0,14004.0,0.2658160552897395,0.0,0.0,26759465.0,0.0,0.0,0.0,26759465.0,0.0,26759465.0
2016-07-27,1885.0,1910.0,1856.0,1881.0,21063.0,-0.2651113467656416,0.0,0.0,40463560.0,0.0,0.0,0.0,40463560.0,0.0,40463560.0
2016-07-28,1910.0,1910.0,1846.0,1876.0,13291.0,-0.2658160552897395,0.0,0.0,25186130.0,0.0,0.0,0.0,25186130.0,0.0,25186130.0
2016-07-29,1875.0,1929.0,1856.0,1925.0,120143.0,2.6119402985074625,0.0,0.0,234292630.0,0.0,0.0,0.0,234292630.0,0.0,234292630.0
2016-08-01,1944.0,1988.0,1910.0,1954.0,75973.0,1.5064935064935066,0.0,0.0,151361620.0,0.0,0.0,0.0,151361620.0,0.0,151361620.0
2016-08-02,1968.0,1968.0,1841.0,1881.0,46958.0,-3.735926305015353,0.0,0.0,90689575.0,0.0,0.0,0.0,90689575.0,0.0,90689575.0
2016-08-03,1851.0,1929.0,1817.0,1896.0,40498.0,0.7974481658692184,0.0,0.0,77643930.0,0.0,0.0,0.0,77643930.0,0.0,77643930.0
2016-08-04,1900.0,1905.0,1841.0,1876.0,9077.0,-1.0548523206751055,0.0,0.0,17343935.0,0.0,0.0,0.0,17343935.0,0.0,17343935.0
2016-08-05,1885.0,1885.0,1817.0,1861.0,27798.0,-0.7995735607675907,0.0,0.0,52329670.0,0.0,0.0,0.0,52329670.0,0.0,52329670.0
2016-08-08,1851.0,1880.0,1817.0,1832.0,50008.0,-1.5583019881783988,0.0,0.0,93609835.0,0.0,0.0,0.0,93609835.0,0.0,93609835.0
2016-08-09,1831.0,1831.0,1792.0,1822.0,19155.0,-0.5458515283842794,0.0,0.0,35432645.0,0.0,0.0,0.0,35432645.0,0.0,35432645.0
2016-08-10,1822.0,1826.0,1777.0,1807.0,39672.0,-0.823271130625686,0.0,0.0,72579600.0,0.0,0.0,0.0,72579600.0,0.0,72579600.0
2016-08-11,1773.0,1812.0,1773.0,1802.0,15626.0,-0.2767017155506364,0.0,0.0,26396895.0,2084555.0,0.0,0.0,28481450.0,0.0,28481450.0
2016-08-12,1807.0,1826.0,1773.0,1793.0,42919.0,-0.4994450610432853,0.0,0.0,78856975.0,0.0,0.0,0.0,78856975.0,0.0,78856975.0
2016-08-16,1812.0,1812.0,1763.0,1802.0,30837.0,0.501952035694367,0.0,0.0,56083630.0,0.0,0.0,0.0,56083630.0,0.0,56083630.0
2016-08-17,1782.0,1802.0,1758.0,1758.0,14084.0,-2.4417314095449503,0.0,0.0,25445780.0,0.0,0.0,0.0,24902775.0,543005.0,25445780.0
2016-08-18,1777.0,1787.0,1753.0,1773.0,8169.0,0.8532423208191127,0.0,0.0,14743505.0,0.0,0.0,0.0,14743505.0,0.0,14743505.0
2016-08-19,1782.0,1787.0,1748.0,1768.0,11099.0,-0.2820078962210942,0.0,0.0,20000535.0,0.0,0.0,0.0,20000535.0,0.0,20000535.0
2016-08-22,1768.0,1777.0,1728.0,1763.0,13024.0,-0.2828054298642534,0.0,0.0,23220085.0,0.0,0.0,0.0,23220085.0,0.0,23220085.0
2016-08-23,1763.0,1773.0,1728.0,1773.0,15880.0,0.5672149744753261,0.0,0.0,28181605.0,0.0,0.0,0.0,28181605.0,0.0,28181605.0
2016-08-24,1768.0,1768.0,1724.0,1753.0,10483.0,-1.1280315848843767,0.0,0.0,18528425.0,0.0,0.0,0.0,18528425.0,0.0,18528425.0
2016-08-25,1753.0,1753.0,1699.0,1724.0,23900.0,-1.654306902452938,0.0,0.0,42070430.0,0.0,0.0,0.0,42070430.0,0.0,42070430.0
2016-08-26,1719.0,1733.0,1689.0,1734.0,25857.0,0.580046403712297,0.0,0.0,45024915.0,0.0,0.0,0.0,45024915.0,0.0,45024915.0
2016-08-29,1733.0,1753.0,1694.0,1744.0,19029.0,0.5767012687427913,0.0,0.0,33212470.0,0.0,0.0,0.0,31728570.0,1483900.0,33212470.0
2016-08-30,1743.0,1763.0,1704.0,1734.0,4161.0,-0.573394495412844,0.0,0.0,7381665.0,0.0,0.0,0.0,7381665.0,0.0,7381665.0
2016-08-31,1724.0,1841.0,1709.0,1812.0,105841.0,4.498269896193772,0.0,0.0,194363215.0,0.0,0.0,0.0,194363215.0,0.0,194363215.0
2016-09-01,1812.0,1822.0,1763.0,1763.0,63571.0,-2.704194260485651,0.0,0.0,115627515.0,0.0,0.0,0.0,115627515.0,0.0,115627515.0
2016-09-02,1782.0,1861.0,1738.0,1763.0,40487.0,0.0,0.0,0.0,73507845.0,0.0,0.0,0.0,73507845.0,0.0,73507845.0
2016-09-05,1768.0,1812.0,1763.0,1783.0,28155.0,1.1344299489506522,0.0,0.0,51498810.0,0.0,0.0,0.0,51498810.0,0.0,51498810.0
2016-09-06,1797.0,1812.0,1768.0,1802.0,38971.0,1.065619742007852,0.0,0.0,71342420.0,0.0,0.0,0.0,71342420.0,0.0,71342420.0
2016-09-07,1802.0,1822.0,1768.0,1802.0,24099.0,0.0,0.0,0.0,44135235.0,0.0,0.0,0.0,44135235.0,0.0,44135235.0
2016-09-08,1773.0,1831.0,1753.0,1827.0,79545.0,1.3873473917869035,0.0,0.0,145186210.0,0.0,0.0,0.0,145186210.0,0.0,145186210.0
2016-09-09,1817.0,1817.0,1773.0,1798.0,45359.0,-1.5873015873015872,0.0,0.0,82885895.0,0.0,0.0,0.0,82885895.0,0.0,82885895.0
2016-09-12,1773.0,1792.0,1728.0,1783.0,19976.0,-0.8342602892102335,0.0,0.0,36000070.0,0.0,0.0,0.0,36000070.0,0.0,36000070.0
2016-09-13,1782.0,1782.0,1733.0,1734.0,38600.0,-2.748177229388671,0.0,0.0,68737725.0,0.0,0.0,0.0,68737725.0,0.0,68737725.0
2016-09-19,1753.0,1753.0,1704.0,1734.0,21928.0,0.0,0.0,0.0,38455250.0,0.0,0.0,0.0,38455250.0,0.0,38455250.0
2016-09-20,1719.0,1851.0,1704.0,1812.0,94574.0,4.498269896193772,0.0,0.0,173941010.0,0.0,0.0,0.0,173941010.0,0.0,173941010.0
2016-09-21,1812.0,1856.0,1777.0,1788.0,67832.0,-1.3245033112582782,0.0,0.0,124804300.0,0.0,0.0,0.0,124804300.0,0.0,124804300.0
2016-09-22,1797.0,1812.0,1777.0,1783.0,29056.0,-0.2796420581655481,0.0,0.0,53017140.0,0.0,0.0,0.0,53017140.0,0.0,53017140.0
2016-09-23,1787.0,1807.0,1763.0,1802.0,42950.0,1.065619742007852,0.0,0.0,78395280.0,0.0,0.0,0.0,78395280.0,0.0,78395280.0
2016-09-26,1787.0,1841.0,1787.0,1807.0,50043.0,0.27746947835738067,0.0,0.0,93398030.0,0.0,0.0,0.0,93398030.0,0.0,93398030.0
2016-09-27,1812.0,1831.0,1787.0,1817.0,46287.0,0.5534034311012728,0.0,0.0,85688115.0,0.0,0.0,0.0,85688115.0,0.0,85688115.0
2016-09-28,1817.0,1856.0,1782.0,1807.0,36475.0,-0.5503577325261421,0.0,0.0,67210910.0,0.0,0.0,0.0,67210910.0,0.0,67210910.0
2016-09-29,1807.0,1812.0,1773.0,1783.0,16498.0,-1.3281682346430548,0.0,0.0,30000030.0,0.0,0.0,0.0,30000030.0,0.0,30000030.0
2016-09-30,1792.0,1792.0,1724.0,1753.0,34283.0,-1.682557487380819,0.0,0.0,61199745.0,0.0,0.0,0.0,61199745.0,0.0,61199745.0
2016-10-04,1748.0,1777.0,1733.0,1753.0,22864.0,0.0,0.0,0.0,40970835.0,0.0,0.0,0.0,40970835.0,0.0,40970835.0
2016-10-05,1753.0,1802.0,1748.0,1773.0,23516.0,1.1409013120365088,0.0,0.0,42255280.0,0.0,0.0,0.0,42255280.0,0.0,42255280.0
2016-10-06,1787.0,1792.0,1753.0,1778.0,14513.0,0.2820078962210942,0.0,0.0,26269090.0,0.0,0.0,0.0,26269090.0,0.0,26269090.0
2016-10-07,1773.0,1782.0,1753.0,1753.0,11631.0,-1.40607424071991,0.0,0.0,20906865.0,0.0,0.0,0.0,20906865.0,0.0,20906865.0
2016-10-10,1758.0,1777.0,1753.0,1773.0,9541.0,1.1409013120365088,0.0,0.0,17196385.0,0.0,0.0,0.0,17196385.0,0.0,17196385.0
2016-10-11,1768.0,1812.0,1763.0,1783.0,10912.0,0.5640157924421884,0.0,0.0,19878980.0,0.0,0.0,0.0,19878980.0,0.0,19878980.0
2016-10-12,1768.0,1782.0,1748.0,1768.0,12864.0,-0.8412787436904094,0.0,0.0,23017115.0,0.0,0.0,0.0,23017115.0,0.0,23017115.0
2016-10-13,1763.0,1773.0,1733.0,1763.0,15451.0,-0.2828054298642534,0.0,0.0,27512365.0,0.0,0.0,0.0,27512365.0,0.0,27512365.0
2016-10-14,1724.0,1773.0,1724.0,1768.0,9328.0,0.28360748723766305,0.0,0.0,16710510.0,0.0,0.0,0.0,16710510.0,0.0,16710510.0
2016-10-17,1758.0,1768.0,1733.0,1734.0,8761.0,-1.9230769230769231,0.0,0.0,15562870.0,0.0,0.0,0.0,15562870.0,0.0,15562870.0
2016-10-18,1743.0,1758.0,1724.0,1734.0,7640.0,0.0,0.0,0.0,13531100.0,0.0,0.0,0.0,13531100.0,0.0,13531100.0
2016-10-19,1743.0,1758.0,1733.0,1753.0,4939.0,1.0957324106113033,0.0,0.0,8827555.0,0.0,0.0,0.0,8827555.0,0.0,8827555.0
2016-10-20,1743.0,1763.0,1738.0,1758.0,8303.0,0.2852253280091272,0.0,0.0,14828500.0,0.0,0.0,0.0,14828500.0,0.0,14828500.0
2016-10-21,1748.0,1763.0,1728.0,1753.0,13030.0,-0.2844141069397042,0.0,0.0,23160635.0,0.0,0.0,0.0,23160635.0,0.0,23160635.0
2016-10-24,1748.0,1748.0,1714.0,1724.0,27507.0,-1.654306902452938,0.0,0.0,48297170.0,0.0,0.0,0.0,48297170.0,0.0,48297170.0
2016-10-25,1719.0,1728.0,1675.0,1685.0,46858.0,-2.262180974477958,0.0,0.0,81238140.0,0.0,0.0,0.0,81238140.0,0.0,81238140.0
2016-10-26,1684.0,1684.0,1616.0,1660.0,54901.0,-1.483679525222552,0.0,0.0,92458715.0,0.0,0.0,0.0,92458715.0,0.0,92458715.0
2016-10-27,1655.0,1694.0,1645.0,1675.0,7923.0,0.9036144578313252,0.0,0.0,13486905.0,0.0,0.0,0.0,13486905.0,0.0,13486905.0
2016-10-28,1665.0,1684.0,1640.0,1665.0,3466.0,-0.5970149253731344,0.0,0.0,5885350.0,0.0,0.0,0.0,5885350.0,0.0,5885350.0
2016-10-31,1665.0,1665.0,1626.0,1626.0,2694.0,-2.3423423423423424,0.0,0.0,4495180.0,0.0,0.0,0.0,4495180.0,0.0,4495180.0
2016-11-01,1626.0,1645.0,1606.0,1646.0,12650.0,1.2300123001230012,0.0,0.0,21039525.0,0.0,0.0,0.0,21039525.0,0.0,21039525.0
2016-11-02,1626.0,1645.0,1567.0,1597.0,23024.0,-2.976913730255164,0.0,0.0,37478270.0,0.0,0.0,0.0,37478270.0,0.0,37478270.0
2016-11-03,1591.0,1591.0,1533.0,1562.0,31950.0,-2.1916092673763305,0.0,0.0,50509730.0,0.0,0.0,0.0,50509730.0,0.0,50509730.0
2016-11-04,1547.0,1562.0,1533.0,1562.0,6123.0,0.0,0.0,0.0,9724635.0,0.0,0.0,0.0,9724635.0,0.0,9724635.0
2016-11-07,1562.0,1616.0,1562.0,1582.0,5434.0,1.2804097311139564,0.0,0.0,8793990.0,0.0,0.0,0.0,8793990.0,0.0,8793990.0
2016-11-08,1582.0,1586.0,1567.0,1567.0,2531.0,-0.9481668773704173,0.0,0.0,4068970.0,0.0,0.0,0.0,4068970.0,0.0,4068970.0
2016-11-09,1577.0,1596.0,1474.0,1548.0,20847.0,-1.2125079770261646,0.0,0.0,32516580.0,0.0,0.0,0.0,32516580.0,0.0,32516580.0
2016-11-10,1552.0,1596.0,1552.0,1592.0,23079.0,2.842377260981912,0.0,0.0,37441950.0,0.0,0.0,0.0,37441950.0,0.0,37441950.0
2016-11-11,1586.0,1596.0,1557.0,1582.0,4246.0,-0.628140703517588,0.0,0.0,6796155.0,0.0,0.0,0.0,6796155.0,0.0,6796155.0
2016-11-14,1528.0,1586.0,1528.0,1548.0,4463.0,-2.1491782553729455,0.0,0.0,7068535.0,0.0,0.0,0.0,7068535.0,0.0,7068535.0
2016-11-15,1557.0,1635.0,1537.0,1597.0,18933.0,3.1653746770025837,0.0,0.0,30585645.0,0.0,0.0,0.0,30585645.0,0.0,30585645.0
2016-11-16,1591.0,1611.0,1567.0,1602.0,7711.0,0.31308703819661865,0.0,0.0,12435095.0,49150.0,0.0,0.0,12484245.0,0.0,12484245.0
2016-11-17,1596.0,1626.0,1582.0,1607.0,6797.0,0.3121098626716604,0.0,0.0,9879875.0,1283620.0,0.0,0.0,11163495.0,0.0,11163495.0
2016-11-18,1606.0,1616.0,1577.0,1597.0,6117.0,-0.6222775357809583,0.0,0.0,9987750.0,0.0,0.0,0.0,9987750.0,0.0,9987750.0
2016-11-21,1591.0,1596.0,1586.0,1597.0,956.0,0.0,0.0,0.0,1551030.0,0.0,0.0,0.0,1551030.0,0.0,1551030.0
2016-11-22,1606.0,1655.0,1601.0,1636.0,16157.0,2.4420788979336256,0.0,0.0,26873345.0,0.0,0.0,0.0,26873345.0,0.0,26873345.0
2016-11-23,1635.0,1694.0,1601.0,1616.0,8248.0,-1.2224938875305624,0.0,0.0,13851490.0,0.0,0.0,0.0,13851490.0,0.0,13851490.0
2016-11-24,1616.0,1635.0,1586.0,1616.0,1022.0,0.0,0.0,0.0,1673630.0,0.0,0.0,0.0,1673630.0,0.0,1673630.0
2016-11-25,1621.0,1645.0,1586.0,1587.0,6635.0,-1.7945544554455444,0.0,0.0,10834440.0,0.0,0.0,0.0,9515140.0,1319300.0,10834440.0
2016-11-28,1611.0,1611.0,1582.0,1597.0,1268.0,0.630119722747322,0.0,0.0,2049970.0,0.0,0.0,0.0,2049970.0,0.0,2049970.0
2016-11-29,1591.0,1596.0,1557.0,1592.0,797.0,-0.31308703819661865,0.0,0.0,1280515.0,0.0,0.0,0.0,1280515.0,0.0,1280515.0
2016-11-30,1586.0,1591.0,1547.0,1562.0,11745.0,-1.8844221105527637,0.0,0.0,18645020.0,0.0,0.0,0.0,18645020.0,0.0,18645020.0
2016-12-01,1562.0,1562.0,1542.0,1548.0,4585.0,-0.8962868117797695,0.0,0.0,7259635.0,0.0,0.0,0.0,7259635.0,0.0,7259635.0
2016-12-02,1542.0,1577.0,1542.0,1577.0,2294.0,1.8733850129198968,0.0,0.0,3637860.0,0.0,0.0,0.0,3637860.0,0.0,3637860.0
2016-12-05,1572.0,1572.0,1547.0,1567.0,776.0,-0.6341154090044389,0.0,0.0,1239565.0,0.0,0.0,0.0,1239565.0,0.0,1239565.0
2016-12-06,1562.0,1577.0,1542.0,1548.0,4643.0,-1.2125079770261646,0.0,0.0,7391555.0,0.0,0.0,0.0,7391555.0,0.0,7391555.0
2016-12-07,1557.0,1572.0,1523.0,1567.0,53343.0,1.227390180878553,0.0,0.0,84825455.0,0.0,0.0,0.0,84825455.0,0.0,84825455.0
2016-12-08,1586.0,1665.0,1547.0,1660.0,44361.0,5.93490746649649,0.0,0.0,73810785.0,0.0,0.0,0.0,73810785.0,0.0,73810785.0
2016-12-09,1611.0,1733.0,1586.0,1626.0,53359.0,-2.0481927710843375,0.0,0.0,88486735.0,0.0,0.0,0.0,88486735.0,0.0,88486735.0
2016-12-12,1631.0,1631.0,1572.0,1572.0,45152.0,-3.3210332103321036,0.0,0.0,73119295.0,0.0,0.0,0.0,73119295.0,0.0,73119295.0
2016-12-13,1582.0,1586.0,1562.0,1572.0,7617.0,0.0,0.0,0.0,12200860.0,0.0,0.0,0.0,12200860.0,0.0,12200860.0
2016-12-14,1572.0,1591.0,1562.0,1567.0,4468.0,-0.3180661577608142,0.0,0.0,7163015.0,0.0,0.0,0.0,7163015.0,0.0,7163015.0
2016-12-15,1552.0,1572.0,1552.0,1567.0,17825.0,0.0,0.0,0.0,28399730.0,0.0,0.0,0.0,28399730.0,0.0,28399730.0
2016-12-16,1572.0,1577.0,1547.0,1567.0,8344.0,0.0,0.0,0.0,13288370.0,0.0,0.0,0.0,13288370.0,0.0,13288370.0
2016-12-19,1557.0,1572.0,1552.0,1567.0,9527.0,0.0,0.0,0.0,15155055.0,0.0,0.0,0.0,15155055.0,0.0,15155055.0
2016-12-20,1567.0,1572.0,1562.0,1567.0,2276.0,0.0,0.0,0.0,3642230.0,0.0,0.0,0.0,3642230.0,0.0,3642230.0
2016-12-21,1567.0,1577.0,1547.0,1562.0,7134.0,-0.3190810465858328,0.0,0.0,11392885.0,0.0,0.0,0.0,11392885.0,0.0,11392885.0
2016-12-22,1562.0,1567.0,1537.0,1558.0,15442.0,-0.2560819462227913,0.0,0.0,24410805.0,0.0,0.0,0.0,24410805.0,0.0,24410805.0
2016-12-23,1557.0,1562.0,1537.0,1558.0,18726.0,0.0,0.0,0.0,29568585.0,0.0,0.0,0.0,29568585.0,0.0,29568585.0
2016-12-26,1557.0,1572.0,1547.0,1567.0,4895.0,0.5776636713735559,0.0,0.0,7805310.0,0.0,0.0,0.0,7805310.0,0.0,7805310.0
2016-12-27,1562.0,1567.0,1552.0,1567.0,928.0,0.0,0.0,0.0,1478730.0,0.0,0.0,0.0,1478730.0,0.0,1478730.0
2016-12-28,1557.0,1572.0,1533.0,1543.0,15868.0,-1.5315890236119976,0.0,0.0,25062650.0,0.0,0.0,0.0,25062650.0,0.0,25062650.0
2016-12-29,1537.0,1542.0,1523.0,1538.0,9202.0,-0.32404406999351915,0.0,0.0,14384990.0,0.0,0.0,0.0,14384990.0,0.0,14384990.0
2017-01-02,1537.0,1557.0,1533.0,1558.0,6258.0,1.3003901170351104,0.0,0.0,9910355.0,0.0,0.0,0.0,9910355.0,0.0,9910355.0
2017-01-03,1557.0,1601.0,1537.0,1592.0,38463.0,2.1822849807445444,0.0,0.0,61517965.0,0.0,0.0,0.0,61517965.0,0.0,61517965.0
2017-01-04,1586.0,1601.0,1567.0,1602.0,15380.0,0.628140703517588,0.0,0.0,24983410.0,0.0,0.0,0.0,24983410.0,0.0,24983410.0
2017-01-05,1601.0,2081.0,1586.0,2082.0,1980413.0,29.962546816479403,0.0,5100000.0,3885821315.0,138905950.0,0.0,5082000.0,3877254890.0,147490375.0,4029827265.0
2017-01-06,2253.0,2605.0,2184.0,2420.0,3610940.0,16.234390009606148,0.0,0.0,8939582125.0,5111930.0,0.0,0.0,8939730490.0,4963565.0,8944694055.0
2017-01-09,2493.0,3144.0,2424.0,3144.0,2544745.0,29.91735537190083,0.0,0.0,7082131895.0,393971525.0,0.0,0.0,7139798585.0,336304835.0,7476103420.0
2017-01-10,3144.0,3144.0,2880.0,2939.0,551916.0,-6.520356234096693,0.0,0.0,1670253635.0,96815.0,0.0,0.0,1600167720.0,70182730.0,1670350450.0
2017-01-11,2840.0,3428.0,2840.0,3223.0,631736.0,9.663150731541341,0.0,0.0,2079970605.0,0.0,0.0,0.0,2076470605.0,3500000.0,2079970605.0
2017-01-12,3291.0,3330.0,2938.0,2998.0,460725.0,-6.981073533974557,0.0,0.0,1474588405.0,0.0,0.0,0.0,1474520405.0,68000.0,1474588405.0
2017-01-13,3281.0,3600.0,2693.0,3287.0,2452739.0,9.639759839893262,0.0,340500.0,7828376735.0,9048875.0,0.0,311180.0,7826395675.0,11059255.0,7837766110.0
2017-01-16,3198.0,4212.0,2968.0,3786.0,2692639.0,15.181016124125343,0.0,0.0,9879425600.0,2867945.0,0.0,0.0,9880458755.0,1834790.0,9882293545.0
2017-01-17,3585.0,4344.0,3462.0,3977.0,2756069.0,5.044902271526677,0.0,0.0,11169530235.0,11114300.0,0.0,0.0,11171203975.0,9440560.0,11180644535.0
2017-01-18,3918.0,4124.0,3756.0,3796.0,868902.0,-4.551169223032437,0.0,0.0,3414818700.0,50336135.0,0.0,0.0,3416042750.0,49112085.0,3465154835.0
2017-01-19,3722.0,3781.0,3026.0,3154.0,1712096.0,-16.91253951527924,0.0,0.0,5864671890.0,2010280.0,0.0,0.0,5864031315.0,2650855.0,5866682170.0
2017-01-20,3105.0,3247.0,2855.0,3047.0,1949051.0,-3.3925174381737477,0.0,0.0,6026350375.0,19777535.0,0.0,0.0,6027592655.0,18535255.0,6046127910.0
2017-01-23,2948.0,3036.0,2767.0,2792.0,868481.0,-8.36888743025927,0.0,0.0,2535965490.0,0.0,0.0,0.0,2533116190.0,2849300.0,2535965490.0
2017-01-24,2796.0,3203.0,2644.0,2807.0,2188320.0,0.5372492836676217,0.0,0.0,6629880565.0,5785610.0,0.0,0.0,6631181890.0,4484285.0,6635666175.0
2017-01-25,2826.0,2987.0,2400.0,2552.0,517121.0,-9.084431777698612,0.0,0.0,1432371315.0,2101160.0,0.0,0.0,1433266915.0,1205560.0,1434472475.0
2017-01-26,2581.0,2630.0,2424.0,2478.0,474960.0,-2.8996865203761755,0.0,0.0,1216292075.0,0.0,0.0,0.0,1216289555.0,2520.0,1216292075.0
2017-01-31,2478.0,2928.0,2448.0,2596.0,2282786.0,4.761904761904762,0.0,257830.0,6291505760.0,61864905.0,0.0,266780.0,6289711880.0,63649835.0,6353628495.0
2017-02-01,2625.0,2625.0,2473.0,2503.0,427467.0,-3.582434514637904,0.0,0.0,1047983620.0,46886610.0,0.0,0.0,1082402705.0,12467525.0,1094870230.0
2017-02-02,2160.0,2625.0,2106.0,2248.0,1043793.0,-10.187774670395527,0.0,0.0,2416274530.0,78105885.0,0.0,0.0,2412311680.0,82068735.0,2494380415.0
2017-02-03,2267.0,2302.0,2076.0,2106.0,351348.0,-6.316725978647687,0.0,0.0,739003260.0,25938345.0,0.0,0.0,732234485.0,32707120.0,764941605.0
2017-02-06,2473.0,2737.0,2253.0,2738.0,3684624.0,30.009496676163344,0.0,0.0,9833242575.0,127538920.0,0.0,0.0,9906034120.0,54747375.0,9960781495.0
2017-02-07,2679.0,3457.0,2615.0,3149.0,5570850.0,15.010956902848797,0.0,0.0,17281142950.0,184830640.0,0.0,0.0,17249467140.0,216506450.0,17465973590.0
2017-02-08,3144.0,3516.0,3036.0,3184.0,2104643.0,1.1114639568116862,0.0,0.0,6926287210.0,113990535.0,0.0,0.0,6845589375.0,194688370.0,7040277745.0
2017-02-09,3262.0,3320.0,2894.0,2934.0,864963.0,-7.85175879396985,0.0,0.0,2603698250.0,79616455.0,0.0,0.0,2598429375.0,84885330.0,2683314705.0
2017-02-10,3026.0,3301.0,2943.0,3022.0,1140282.0,2.99931833674165,0.0,0.0,3531819885.0,69630110.0,0.0,0.0,3542041535.0,59408460.0,3601449995.0
2017-02-13,2963.0,3134.0,2845.0,2895.0,658093.0,-4.202514890800795,0.0,0.0,1873497960.0,103707315.0,0.0,0.0,1917624725.0,59580550.0,1977205275.0
2017-02-14,2924.0,3085.0,2762.0,2767.0,479302.0,-4.4214162348877375,0.0,0.0,1351913660.0,54064290.0,0.0,0.0,1332970390.0,73007560.0,1405977950.0
2017-02-15,2762.0,2831.0,2620.0,2674.0,384143.0,-3.3610408384531985,0.0,0.0,1027997985.0,33093900.0,0.0,0.0,997055190.0,64036695.0,1061091885.0
2017-02-16,2674.0,3134.0,2620.0,2772.0,1787431.0,3.664921465968586,0.0,11620000.0,5228086095.0,81465080.0,0.0,0.0,5240938680.0,80232495.0,5321171175.0
2017-02-17,2831.0,2831.0,2654.0,2660.0,321818.0,-4.040404040404041,0.0,0.0,842982555.0,42241280.0,0.0,0.0,868035225.0,17188610.0,885223835.0
2017-02-20,2644.0,2688.0,2566.0,2601.0,180757.0,-2.218045112781955,0.0,0.0,465210315.0,18085180.0,0.0,10634265.0,441666055.0,30995175.0,483295495.0
2017-02-21,2649.0,2909.0,2615.0,2733.0,868534.0,5.074971164936563,0.0,0.0,2440430940.0,37032560.0,0.0,0.0,2450165780.0,27297720.0,2477463500.0
2017-02-22,2772.0,2845.0,2718.0,2782.0,254269.0,1.7929015733626052,0.0,0.0,704984900.0,12319560.0,0.0,0.0,683711300.0,33593160.0,717304460.0
2017-02-23,2831.0,2860.0,2708.0,2738.0,214320.0,-1.5815959741193386,0.0,0.0,594482120.0,8481500.0,0.0,0.0,598736480.0,4227140.0,602963620.0
2017-02-24,2742.0,2742.0,2630.0,2655.0,112363.0,-3.031409788166545,0.0,0.0,288581300.0,17183095.0,0.0,0.0,303474055.0,2290340.0,305764395.0
2017-02-27,2659.0,2806.0,2654.0,2694.0,155282.0,1.4689265536723164,0.0,0.0,404240850.0,26005625.0,0.0,0.0,392937730.0,37308745.0,430246475.0
2017-02-28,2728.0,2777.0,2654.0,2777.0,162765.0,3.080920564216778,0.0,0.0,448324820.0,5812070.0,0.0,0.0,443484040.0,10652850.0,454136890.0
2017-03-02,2850.0,2870.0,2742.0,2748.0,189650.0,-1.0442924018725244,0.0,0.0,535048500.0,7105505.0,0.0,0.0,524264370.0,17889635.0,542154005.0
2017-03-03,2737.0,2737.0,2625.0,2645.0,124110.0,-3.7481804949053856,0.0,0.0,321075950.0,17155070.0,0.0,0.0,326949260.0,11281760.0,338231020.0
2017-03-06,2615.0,2625.0,2561.0,2591.0,86702.0,-2.041587901701323,0.0,0.0,206223565.0,22899805.0,0.0,0.0,223974230.0,5149140.0,229123370.0
2017-03-07,2586.0,2703.0,2581.0,2611.0,79409.0,0.7719027402547279,0.0,0.0,201727375.0,11149930.0,0.0,0.0,192347420.0,20529885.0,212877305.0
2017-03-08,2605.0,2644.0,2556.0,2562.0,85838.0,-1.876675603217158,0.0,0.0,221164690.0,4826905.0,0.0,0.0,220810490.0,5181105.0,225991595.0
2017-03-09,2551.0,2595.0,2527.0,2547.0,65763.0,-0.5854800936768151,0.0,0.0,146253945.0,25894050.0,0.0,0.0,163816430.0,8331565.0,172147995.0
2017-03-10,2546.0,2551.0,2424.0,2532.0,104027.0,-0.5889281507656066,0.0,0.0,240420660.0,25192570.0,0.0,0.0,245154340.0,20458890.0,265613230.0
2017-03-13,2527.0,2860.0,2478.0,2738.0,551594.0,8.135860979462874,0.0,0.0,1439684270.0,89161100.0,0.0,0.0,1459751560.0,69093810.0,1528845370.0
2017-03-14,2762.0,2860.0,2708.0,2841.0,362453.0,3.761869978086194,0.0,0.0,990449780.0,41074660.0,0.0,0.0,986312335.0,45212105.0,1031524440.0
2017-03-15,2840.0,2909.0,2723.0,2772.0,233295.0,-2.428722280887012,0.0,0.0,627692550.0,37571650.0,0.0,0.0,631885110.0,33379090.0,665264200.0
2017-03-16,2806.0,2875.0,2742.0,2792.0,185086.0,0.7215007215007215,0.0,0.0,507372300.0,20525395.0,0.0,0.0,510695615.0,17202080.0,527897695.0
2017-03-17,2791.0,2806.0,2747.0,2797.0,64230.0,0.17908309455587393,0.0,0.0,167878745.0,14118160.0,0.0,0.0,178569545.0,3427360.0,181996905.0
2017-03-20,2796.0,2796.0,2688.0,2723.0,62785.0,-2.6456918126564175,0.0,0.0,171288195.0,2677200.0,0.0,0.0,162555475.0,11409920.0,173965395.0
2017-03-21,2684.0,2762.0,2674.0,2709.0,39728.0,-0.5141388174807198,0.0,0.0,104672605.0,5392825.0,0.0,0.0,106187405.0,3878025.0,110065430.0
2017-03-22,2664.0,2713.0,2644.0,2650.0,47382.0,-2.177925433739387,0.0,0.0,124999080.0,4174655.0,0.0,0.0,123695770.0,5477965.0,129173735.0
2017-03-23,2654.0,2718.0,2639.0,2718.0,44382.0,2.5660377358490565,0.0,0.0,119601515.0,1492385.0,0.0,0.0,112325010.0,8768890.0,121093900.0
2017-03-24,2659.0,2806.0,2654.0,2802.0,153309.0,3.090507726269316,0.0,0.0,395393400.0,35452125.0,0.0,0.0,417466365.0,13379160.0,430845525.0
2017-03-27,2831.0,2831.0,2713.0,2713.0,110678.0,-3.176302640970735,0.0,0.0,309692400.0,308830.0,0.0,0.0,268494985.0,41506245.0,310001230.0
2017-03-28,2654.0,2713.0,2649.0,2664.0,75979.0,-1.806118687799484,0.0,0.0,178642430.0,28645540.0,0.0,0.0,206672490.0,615480.0,207287970.0
2017-03-29,2669.0,2723.0,2664.0,2689.0,31055.0,0.9384384384384384,0.0,0.0,75850065.0,9501010.0,0.0,0.0,85351075.0,0.0,85351075.0
2017-03-30,2684.0,2703.0,2620.0,2645.0,68473.0,-1.6362960208255857,0.0,0.0,181557750.0,3380430.0,0.0,0.0,173281695.0,11656485.0,184938180.0
2017-03-31,2640.0,2654.0,2591.0,2635.0,61502.0,-0.3780718336483932,0.0,0.0,140977665.0,23109540.0,0.0,0.0,164087205.0,0.0,164087205.0
2017-04-03,2635.0,2635.0,2576.0,2630.0,33010.0,-0.18975332068311196,0.0,0.0,83541945.0,4382275.0,0.0,0.0,84774335.0,3149885.0,87924220.0
2017-04-04,2600.0,2737.0,2600.0,2733.0,75400.0,3.9163498098859315,0.0,0.0,198151355.0,7186705.0,0.0,0.0,194252320.0,11085740.0,205338060.0
2017-04-05,2688.0,2757.0,2688.0,2704.0,79455.0,-1.0611050128064399,0.0,0.0,211602740.0,9595220.0,0.0,0.0,199414960.0,21783000.0,221197960.0
2017-04-06,2654.0,2679.0,2644.0,2650.0,51771.0,-1.9970414201183433,0.0,0.0,136613280.0,4055300.0,0.0,0.0,137299520.0,3369060.0,140668580.0
2017-04-07,2644.0,2679.0,2630.0,2669.0,33641.0,0.7169811320754716,0.0,0.0,85900965.0,5067190.0,0.0,0.0,89800920.0,1167235.0,90968155.0
2017-04-10,2674.0,2674.0,2635.0,2650.0,30866.0,-0.7118771075309105,0.0,0.0,83230590.0,270500.0,0.0,0.0,73971105.0,9529985.0,83501090.0
2017-04-11,2644.0,2679.0,2625.0,2650.0,49373.0,0.0,0.0,0.0,121087935.0,12319415.0,0.0,0.0,129584220.0,3823130.0,133407350.0
2017-04-12,2644.0,2659.0,2620.0,2655.0,21989.0,0.18867924528301888,0.0,0.0,59217140.0,0.0,0.0,0.0,56932160.0,2284980.0,59217140.0
2017-04-13,2644.0,2659.0,2620.0,2645.0,37169.0,-0.3766478342749529,0.0,0.0,95460080.0,4533875.0,0.0,0.0,96596400.0,3397555.0,99993955.0
2017-04-14,2635.0,2640.0,2595.0,2616.0,35588.0,-1.0964083175803403,0.0,0.0,94947935.0,0.0,0.0,0.0,71628000.0,23319935.0,94947935.0
2017-04-17,2615.0,2703.0,2615.0,2679.0,45263.0,2.408256880733945,0.0,0.0,105720715.0,17134960.0,0.0,0.0,122855675.0,0.0,122855675.0
2017-04-18,2684.0,2684.0,2644.0,2655.0,41815.0,-0.8958566629339306,0.0,0.0,111974650.0,1331625.0,0.0,0.0,105656530.0,7649745.0,113306275.0
2017-04-19,2640.0,2684.0,2625.0,2669.0,29150.0,0.527306967984934,0.0,0.0,72557365.0,6539660.0,0.0,0.0,78152445.0,944580.0,79097025.0
2017-04-20,2654.0,2674.0,2640.0,2664.0,30025.0,-0.18733608092918697,0.0,0.0,79587395.0,1728795.0,0.0,0.0,81316190.0,0.0,81316190.0
2017-04-21,2664.0,3330.0,2664.0,2998.0,1724356.0,12.537537537537538,0.0,0.0,5219861815.0,155665845.0,0.0,0.0,5196579540.0,178948120.0,5375527660.0
2017-04-24,2997.0,3516.0,2919.0,3184.0,1027002.0,6.204136090727151,0.0,0.0,3325412460.0,67631495.0,0.0,0.0,3319542140.0,73501815.0,3393043955.0
2017-04-25,3247.0,3252.0,3051.0,3223.0,278313.0,1.2248743718592965,0.0,0.0,823063750.0,66465325.0,0.0,0.0,867057010.0,22472065.0,889529075.0
2017-04-26,3232.0,3428.0,3188.0,3247.0,390918.0,0.7446478436239529,0.0,0.0,1242281295.0,76794935.0,0.0,0.0,1241940530.0,77135700.0,1319076230.0
2017-04-27,3164.0,3364.0,3154.0,3326.0,253412.0,2.433015090853095,0.0,0.0,779015845.0,66832445.0,0.0,0.0,780612830.0,65235460.0,845848290.0
2017-04-28,3340.0,3360.0,3193.0,3242.0,146099.0,-2.525556223692123,0.0,0.0,474263235.0,14573115.0,0.0,0.0,438883725.0,49952625.0,488836350.0
2017-05-02,3173.0,3311.0,3168.0,3169.0,102902.0,-2.2516964836520668,0.0,0.0,278349490.0,60946155.0,0.0,0.0,337836960.0,1458685.0,339295645.0
2017-05-04,3252.0,3756.0,3193.0,3644.0,1463160.0,14.988955506468917,0.0,0.0,5224752625.0,110930265.0,0.0,0.0,5174478410.0,161204480.0,5335682890.0
2017-05-08,3683.0,3820.0,3506.0,3576.0,406274.0,-1.8660812294182216,0.0,0.0,1452270930.0,50702575.0,0.0,0.0,1411676735.0,91296770.0,1502973505.0
2017-05-10,3536.0,3688.0,3506.0,3664.0,220137.0,2.460850111856823,0.0,111000.0,725757245.0,82405665.0,0.0,109800.0,752499790.0,55664320.0,808273910.0
2017-05-11,3737.0,3996.0,3590.0,3727.0,571954.0,1.7194323144104802,0.0,0.0,2119130435.0,83254785.0,0.0,0.0,2075256610.0,127128610.0,2202385220.0
2017-05-12,3663.0,3771.0,3629.0,3673.0,142611.0,-1.4488865038905285,0.0,0.0,432279830.0,103879515.0,0.0,0.0,528006110.0,8153235.0,536159345.0
2017-05-15,3624.0,3678.0,3555.0,3624.0,114012.0,-1.3340593520283148,0.0,0.0,371674980.0,46026930.0,0.0,0.0,409355645.0,8346265.0,417701910.0
2017-05-16,3712.0,3771.0,3526.0,3649.0,129263.0,0.6898454746136865,0.0,0.0,464135610.0,15680540.0,0.0,0.0,427571410.0,52244740.0,479816150.0
2017-05-17,3673.0,3751.0,3526.0,3752.0,202927.0,2.822691148259797,0.0,0.0,681063395.0,75909915.0,0.0,0.0,714502620.0,42470690.0,756973310.0
2017-05-18,3663.0,3781.0,3624.0,3742.0,163968.0,-0.26652452025586354,0.0,0.0,591854775.0,27196570.0,0.0,0.0,591366515.0,27684830.0,619051345.0
2017-05-19,3815.0,4114.0,3742.0,3869.0,546059.0,3.3939070016034205,0.0,0.0,2086443935.0,96166100.0,0.0,0.0,1921890830.0,260719205.0,2182610035.0
2017-05-22,3947.0,4065.0,3849.0,3967.0,201115.0,2.532954251744637,0.0,0.0,799420750.0,17440560.0,0.0,0.0,786894900.0,29966410.0,816861310.0
2017-05-23,3967.0,4158.0,3820.0,4007.0,372305.0,1.008318628686665,0.0,0.0,1487074280.0,35237020.0,0.0,0.0,1476378645.0,45932655.0,1522311300.0
2017-05-24,4060.0,4060.0,3810.0,3913.0,221603.0,-2.3458946843024706,0.0,0.0,792689985.0,89644845.0,0.0,0.0,851967660.0,30367170.0,882334830.0
2017-05-25,3928.0,3933.0,3830.0,3864.0,122276.0,-1.2522361359570662,0.0,0.0,447589450.0,36551990.0,0.0,0.0,445648415.0,38493025.0,484141440.0
2017-05-26,3805.0,3903.0,3791.0,3869.0,106537.0,0.12939958592132506,0.0,0.0,368731205.0,49508525.0,0.0,0.0,381169425.0,37070305.0,418239730.0
2017-05-29,3854.0,3869.0,3624.0,3747.0,217811.0,-3.153269578702507,0.0,0.0,813592880.0,14345430.0,0.0,0.0,790204005.0,37734305.0,827938310.0
2017-05-30,4599.0,4868.0,4339.0,4869.0,4005434.0,29.943955164131303,0.0,544425995.0,18456917370.0,432843070.0,0.0,433857350.0,18706942655.0,293386430.0,19434186435.0
2017-05-31,4883.0,6063.0,4618.0,5221.0,9860045.0,7.229410556582461,0.0,0.0,53258396275.0,893373795.0,0.0,110386805.0,52928817195.0,1112566070.0,54151770070.0
2017-06-01,4946.0,5720.0,4476.0,5329.0,5429779.0,2.0685692396092703,0.0,564690.0,27837309035.0,435510205.0,0.0,568850.0,27875158940.0,397656140.0,28273383930.0
2017-06-02,5162.0,5162.0,4839.0,4947.0,415048.0,-7.168324263464064,0.0,0.0,2106461185.0,98800.0,0.0,0.0,2102470885.0,4089100.0,2106559985.0
2017-06-05,4878.0,4966.0,4760.0,4898.0,357655.0,-0.9904992925005053,0.0,98100000.0,1669756455.0,6832560.0,0.0,7605000.0,1766582015.0,502000.0,1774689015.0
2017-06-07,4946.0,5074.0,4888.0,5074.0,255029.0,3.593303389138424,0.0,10000000.0,1290600720.0,1488350.0,0.0,0.0,1302089070.0,0.0,1302089070.0
2017-06-08,4995.0,6592.0,4804.0,6593.0,2998867.0,29.936933385888846,0.0,97389830.0,16841085470.0,166240765.0,0.0,138668040.0,16724761010.0,241287015.0,17104716065.0
2017-06-09,8336.0,8561.0,7768.0,8562.0,4390047.0,29.8650083421811,0.0,203703180.0,36183368850.0,858818380.0,0.0,300358380.0,36383380640.0,562151390.0,37245890410.0
2017-06-12,8326.0,10187.0,8297.0,8767.0,5728780.0,2.3943003971034806,0.0,14893800.0,54529837780.0,59769980.0,0.0,8764110.0,54467893840.0,127843610.0,54604501560.0
2017-06-13,9012.0,9648.0,8453.0,8787.0,2795557.0,0.22812820805292572,0.0,9045250.0,25635099110.0,33823190.0,0.0,47950.0,25666056160.0,11863440.0,25677967550.0
2017-06-14,9159.0,9296.0,8600.0,8934.0,894227.0,1.6729259132809833,0.0,0.0,8185938600.0,5775260.0,0.0,9036200.0,8157700180.0,24977480.0,8191713860.0
2017-06-15,8718.0,8806.0,8003.0,8229.0,1145696.0,-7.891202149093352,0.0,4200000.0,9684818460.0,4816190.0,0.0,8588160.0,9683667790.0,1578700.0,9693834650.0
2017-06-16,8081.0,9795.0,7954.0,8875.0,4033925.0,7.850285575404059,0.0,0.0,37257808100.0,21892110.0,0.0,0.0,37254893350.0,24806860.0,37279700210.0
2017-06-19,8845.0,9413.0,8493.0,8787.0,872919.0,-0.9915492957746479,0.0,0.0,7929056680.0,5630850.0,0.0,0.0,7926901910.0,7785620.0,7934687530.0
2017-06-20,8728.0,8835.0,8071.0,8180.0,834565.0,-6.907932172527598,0.0,0.0,7024407920.0,148574200.0,0.0,0.0,7092681330.0,80300790.0,7172982120.0
2017-06-21,9697.0,9893.0,8620.0,8660.0,3101506.0,5.8679706601467,0.0,5456000.0,29521334340.0,17329090.0,0.0,5197900.0,29456172200.0,82749330.0,29544119430.0
2017-06-22,8679.0,8963.0,8326.0,8914.0,774632.0,2.9330254041570436,0.0,0.0,6864130930.0,267800.0,0.0,0.0,6861384470.0,3014260.0,6864398730.0
2017-06-23,8865.0,8992.0,8669.0,8904.0,442921.0,-0.1121830827911151,0.0,0.0,3980629210.0,2615800.0,0.0,0.0,3980533010.0,2712000.0,3983245010.0
2017-06-26,8835.0,9178.0,8649.0,9179.0,976436.0,3.088499550763702,0.0,0.0,8910780210.0,8583610.0,0.0,45543000.0,8870787680.0,3033140.0,8919363820.0
2017-06-27,8816.0,9100.0,8718.0,8924.0,802115.0,-2.7780804009151323,0.0,0.0,7151313580.0,5731040.0,0.0,0.0,7138343570.0,18701050.0,7157044620.0
2017-06-28,8130.0,8659.0,7875.0,7964.0,1180580.0,-10.757507844016136,0.0,0.0,9901237470.0,25723630.0,0.0,0.0,9920918010.0,6043090.0,9926961100.0
2017-06-29,7758.0,7885.0,6014.0,6338.0,3580653.0,-20.416875941737818,0.0,36762190.0,23687469270.0,1255987400.0,0.0,485120.0,23590948380.0,1388785360.0,24980218860.0
2017-06-30,6396.0,6484.0,5848.0,6054.0,1934342.0,-4.480908804039129,0.0,570240.0,11810608600.0,350338590.0,0.0,565840.0,11794163170.0,366788420.0,12161517430.0
2017-07-03,6102.0,6249.0,5583.0,5878.0,804686.0,-2.9071688140072682,22829860.0,0.0,4626025660.0,205641030.0,0.0,83910.0,4738195520.0,116217120.0,4854496550.0
2017-07-04,5818.0,6112.0,5495.0,5544.0,796722.0,-5.6822048315753655,0.0,0.0,4404175610.0,271037020.0,0.0,0.0,4394975730.0,280236900.0,4675212630.0
2017-07-05,5681.0,6533.0,5583.0,5809.0,2695806.0,4.77994227994228,0.0,752180.0,16391234710.0,285622320.0,0.0,23605910.0,16363947180.0,290056120.0,16677609210.0
2017-07-06,5867.0,5867.0,5524.0,5584.0,527723.0,-3.8733000516440006,3083440.0,0.0,2926462640.0,95116200.0,0.0,5700.0,2918863400.0,105793180.0,3024662280.0
2017-07-07,5505.0,5544.0,5093.0,5143.0,656515.0,-7.897564469914039,0.0,0.0,3419435980.0,88716820.0,6622320.0,0.0,3415569370.0,85961110.0,3508152800.0
2017-07-10,5133.0,5221.0,4819.0,4854.0,617622.0,-5.619288353101302,1283080.0,0.0,2789614820.0,318316835.0,0.0,0.0,2942379035.0,166835700.0,3109214735.0
2017-07-11,4946.0,5485.0,4824.0,5035.0,1371230.0,3.728883395138031,1262750.0,0.0,7092374555.0,183100160.0,0.0,0.0,6981424120.0,295313345.0,7276737465.0
2017-07-12,5015.0,5015.0,4657.0,4790.0,481745.0,-4.865938430983118,0.0,0.0,2314255960.0,55914140.0,628305.0,0.0,2262636470.0,106905325.0,2370170100.0
2017-07-13,4829.0,5133.0,4829.0,4888.0,552335.0,2.045929018789144,1074070.0,0.0,2736462045.0,68730040.0,0.0,0.0,2775799395.0,30466760.0,2806266155.0
2017-07-14,4888.0,4995.0,4682.0,4722.0,225194.0,-3.3960720130932898,125850.0,0.0,1035637965.0,62340735.0,0.0,0.0,1036056825.0,62047725.0,1098104550.0
2017-07-17,4721.0,5191.0,4608.0,4864.0,503269.0,3.007200338839475,2299265.0,0.0,2462335330.0,89443090.0,0.0,0.0,2446509000.0,107568685.0,2554077685.0
2017-07-18,4868.0,5005.0,4760.0,4849.0,225376.0,-0.30838815789473684,0.0,0.0,1060298655.0,59369555.0,724275.0,0.0,1015300270.0,103643665.0,1119668210.0
2017-07-19,4848.0,6200.0,4848.0,6015.0,4724151.0,24.046195091771498,65000.0,2865000.0,26926610910.0,396181655.0,24675000.0,3770280.0,26887944030.0,409333255.0,27325722565.0
2017-07-20,5877.0,6612.0,5564.0,5868.0,3152099.0,-2.4438902743142146,0.0,0.0,19177012150.0,463214490.0,0.0,0.0,19293464590.0,346762050.0,19640226640.0
2017-07-21,6093.0,6171.0,5779.0,5878.0,924057.0,0.17041581458759372,0.0,0.0,5530417970.0,77045820.0,0.0,0.0,5406098970.0,201364820.0,5607463790.0
2017-07-24,5916.0,5926.0,5554.0,5633.0,505241.0,-4.168084382443007,0.0,0.0,2852732340.0,74122250.0,0.0,0.0,2868990680.0,57863910.0,2926854590.0
2017-07-25,5564.0,6171.0,5377.0,5613.0,2256593.0,-0.35505059470974615,0.0,0.0,13212292950.0,191043050.0,0.0,0.0,13230452290.0,172883710.0,13403336000.0
2017-07-26,6161.0,6484.0,4976.0,4986.0,2867028.0,-11.17049706039551,0.0,557800.0,16772089820.0,417451250.0,0.0,567820.0,16757084900.0,432446150.0,17190098870.0
2017-07-27,4858.0,4888.0,3962.0,4261.0,1505324.0,-14.540713999197754,0.0,1005770.0,6214565825.0,432782730.0,0.0,378695.0,6231984190.0,415991440.0,6648354325.0
2017-07-28,4261.0,4653.0,4114.0,4124.0,875141.0,-3.2152076977235393,0.0,643120.0,3723651610.0,137026080.0,0.0,1278900.0,3727125590.0,132916320.0,3861320810.0
2017-07-31,4050.0,4383.0,3967.0,4109.0,450971.0,-0.36372453928225024,0.0,13364200.0,1822831490.0,78554945.0,0.0,0.0,1836344750.0,78405885.0,1914750635.0
2017-08-01,4109.0,4888.0,4109.0,4369.0,2527171.0,6.327573618885374,0.0,10260320.0,11467476740.0,218646415.0,0.0,23747325.0,11522283290.0,150352860.0,11696383475.0
2017-08-02,4398.0,4589.0,4275.0,4335.0,448412.0,-0.7782101167315175,0.0,3146000.0,1960916495.0,49483545.0,0.0,0.0,1962449265.0,51096775.0,2013546040.0
2017-08-03,4251.0,4359.0,4138.0,4212.0,242024.0,-2.837370242214533,0.0,0.0,959932555.0,83563555.0,0.0,3010000.0,994050960.0,46435150.0,1043496110.0
2017-08-04,4133.0,4349.0,4124.0,4212.0,230253.0,0.0,0.0,0.0,950306645.0,42487275.0,0.0,0.0,918899595.0,73894325.0,992793920.0
2017-08-07,4300.0,4310.0,4177.0,4198.0,169556.0,-0.33238366571699907,0.0,0.0,708091175.0,23770420.0,0.0,0.0,694822870.0,37038725.0,731861595.0
2017-08-08,4197.0,4344.0,4138.0,4281.0,197661.0,1.9771319676036208,0.0,0.0,743223445.0,108556810.0,0.0,0.0,803071545.0,48708710.0,851780255.0
2017-08-09,4202.0,4310.0,4084.0,4109.0,197034.0,-4.017752861480963,0.0,0.0,799506665.0,38776635.0,0.0,0.0,752196970.0,86086330.0,838283300.0
2017-08-10,4075.0,4153.0,3918.0,4016.0,156158.0,-2.2633244098320757,0.0,0.0,578899460.0,62972155.0,0.0,0.0,583488535.0,58383080.0,641871615.0
2017-08-11,3908.0,3918.0,3776.0,3830.0,209420.0,-4.631474103585657,0.0,0.0,757167145.0,63168955.0,0.0,0.0,764553760.0,55782340.0,820336100.0
2017-08-14,3918.0,3918.0,3756.0,3781.0,138355.0,-1.2793733681462143,0.0,0.0,477297685.0,64038615.0,0.0,0.0,519127130.0,22209170.0,541336300.0
2017-08-16,3849.0,3859.0,3751.0,3767.0,110948.0,-0.37027241470510447,0.0,0.0,368489695.0,60571825.0,0.0,0.0,416047290.0,13014230.0,429061520.0
2017-08-17,3805.0,3820.0,3722.0,3771.0,144276.0,0.10618529333687285,0.0,3845.0,463241165.0,92609240.0,0.0,0.0,531163865.0,24690385.0,555854250.0
2017-08-18,3751.0,3751.0,3673.0,3708.0,129330.0,-1.6706443914081146,0.0,0.0,437695055.0,51097330.0,0.0,0.0,474235820.0,14556565.0,488792385.0
2017-08-21,3663.0,3727.0,3624.0,3654.0,99585.0,-1.4563106796116505,0.0,0.0,350049145.0,22603440.0,0.0,0.0,352893060.0,19759525.0,372652585.0
2017-08-22,3644.0,4555.0,3644.0,4041.0,3077839.0,10.591133004926109,0.0,499500.0,12825760155.0,498101590.0,0.0,295200.0,12742349200.0,581716845.0,13324361245.0
2017-08-23,4040.0,4065.0,3776.0,3781.0,505207.0,-6.4340509774808226,0.0,15830000.0,1903787695.0,78039270.0,0.0,88440.0,1758973525.0,238595000.0,1997656965.0
2017-08-24,3766.0,4212.0,3756.0,3830.0,778482.0,1.2959534514678657,0.0,48540.0,3073730985.0,105502885.0,0.0,8394700.0,3059782830.0,111104880.0,3179282410.0
2017-08-25,3869.0,3986.0,3781.0,3894.0,188796.0,1.671018276762402,0.0,0.0,658579835.0,87041660.0,0.0,0.0,692394065.0,53227430.0,745621495.0
2017-08-28,3898.0,4065.0,3854.0,3860.0,170555.0,-0.8731381612737544,0.0,0.0,659752665.0,26211650.0,0.0,0.0,632209275.0,53755040.0,685964315.0
2017-08-29,3840.0,3859.0,3742.0,3796.0,174921.0,-1.6580310880829014,0.0,0.0,601938305.0,73976750.0,0.0,23010.0,655283005.0,20609040.0,675915055.0
2017-08-30,3859.0,3884.0,3795.0,3820.0,106845.0,0.6322444678609063,0.0,158000.0,373677245.0,44622255.0,0.0,157000.0,395971785.0,22328715.0,418457500.0
2017-08-31,3825.0,3874.0,3722.0,3762.0,135639.0,-1.5183246073298429,0.0,0.0,500147380.0,22521155.0,0.0,0.0,494193240.0,28475295.0,522668535.0
2017-09-01,3800.0,3800.0,3673.0,3698.0,78643.0,-1.701222753854333,0.0,0.0,257413235.0,41113805.0,0.0,0.0,295594365.0,2932675.0,298527040.0
2017-09-04,3526.0,3648.0,3526.0,3571.0,101377.0,-3.4342888047593294,0.0,7310000.0,299075125.0,65548640.0,0.0,21660.0,340291320.0,31620785.0,371933765.0
2017-09-05,3555.0,3614.0,3448.0,3468.0,134737.0,-2.8843461215345845,0.0,352500.0,474479005.0,5557275.0,0.0,0.0,408281650.0,72107130.0,480388780.0
2017-09-06,3467.0,3962.0,3457.0,3507.0,966216.0,1.124567474048443,0.0,361090.0,3561241100.0,100749865.0,0.0,8741050.0,3474199320.0,179411685.0,3662352055.0
2017-09-07,3570.0,3800.0,3467.0,3585.0,439107.0,2.2241231822070144,0.0,373060.0,1564241085.0,67424095.0,0.0,0.0,1537451055.0,94587185.0,1632038240.0
2017-09-08,3575.0,3639.0,3482.0,3487.0,120631.0,-2.7336122733612274,0.0,0.0,381221740.0,54506320.0,0.0,374850.0,408594170.0,26759040.0,435728060.0
2017-09-11,3521.0,3644.0,3521.0,3522.0,104851.0,1.0037281330656724,0.0,0.0,361028770.0,21367520.0,0.0,0.0,363549160.0,18847130.0,382396290.0
2017-09-12,3526.0,3619.0,3497.0,3507.0,69635.0,-0.42589437819420783,0.0,35950.0,227504810.0,23126395.0,0.0,0.0,243790065.0,6877090.0,250667155.0
2017-09-13,3570.0,3570.0,3457.0,3458.0,77267.0,-1.3972055888223553,0.0,35800.0,269761475.0,5106965.0,0.0,0.0,254649375.0,20254865.0,274904240.0
2017-09-14,3477.0,3541.0,3423.0,3487.0,120257.0,0.838635049161365,0.0,0.0,400310335.0,24537575.0,0.0,0.0,390487505.0,34360405.0,424847910.0
2017-09-15,3462.0,3482.0,3389.0,3468.0,94133.0,-0.5448809865213651,0.0,10500000.0,297940335.0,20567835.0,0.0,0.0,285257195.0,43750975.0,329008170.0
2017-09-18,3477.0,3693.0,3448.0,3556.0,249011.0,2.5374855824682814,0.0,48020.0,826784875.0,86545730.0,0.0,3754750.0,879453275.0,30170600.0,913378625.0
2017-09-19,3575.0,3609.0,3477.0,3507.0,88484.0,-1.3779527559055118,0.0,0.0,314147635.0,3149750.0,0.0,0.0,293519715.0,23777670.0,317297385.0
2017-09-20,3555.0,3580.0,3423.0,3429.0,100415.0,-2.2241231822070144,0.0,0.0,348635435.0,5873165.0,0.0,0.0,315389185.0,39119415.0,354508600.0
2017-09-21,3399.0,3438.0,3369.0,3370.0,60604.0,-1.7206182560513268,0.0,0.0,195229805.0,14642270.0,0.0,0.0,197271730.0,12600345.0,209872075.0
2017-09-22,3330.0,3369.0,3164.0,3223.0,105362.0,-4.362017804154303,0.0,43140.0,330134905.0,18709315.0,0.0,0.0,326626475.0,22260885.0,348887360.0
2017-09-25,3164.0,3247.0,2977.0,2988.0,153562.0,-7.291343468817872,0.0,78515.0,441643855.0,36704690.0,0.0,0.0,458610355.0,19816705.0,478427060.0
2017-09-26,2933.0,3036.0,2904.0,2953.0,100974.0,-1.1713520749665327,0.0,0.0,220789890.0,86152830.0,0.0,156060.0,296806615.0,9980045.0,306942720.0
2017-09-27,2909.0,3026.0,2909.0,2949.0,98150.0,-0.13545546901456146,0.0,0.0,260458945.0,36387865.0,0.0,0.0,286559410.0,10287400.0,296846810.0
2017-09-28,2938.0,3017.0,2938.0,2958.0,38115.0,0.3051881993896236,0.0,0.0,88779765.0,27055185.0,0.0,0.0,106204085.0,9630865.0,115834950.0
2017-09-29,2968.0,3066.0,2968.0,3017.0,62054.0,1.9945909398242054,0.0,0.0,182966990.0,7919145.0,0.0,0.0,183712630.0,7173505.0,190886135.0
2017-10-10,3110.0,3110.0,2997.0,3032.0,58147.0,0.49718263175339744,0.0,0.0,168893430.0,10792865.0,0.0,0.0,150699305.0,28986990.0,179686295.0
2017-10-11,3075.0,3075.0,2948.0,3017.0,60047.0,-0.49472295514511877,0.0,0.0,179721105.0,4474720.0,0.0,0.0,177338160.0,6857665.0,184195825.0
2017-10-12,3007.0,3776.0,3007.0,3414.0,2710335.0,13.15876698707325,0.0,1673570.0,9480613740.0,201141725.0,0.0,13793280.0,9432291130.0,237344625.0,9683429035.0
2017-10-13,3350.0,3364.0,3232.0,3262.0,365063.0,-4.452255418863503,3234825.0,23515.0,1153220700.0,66644825.0,0.0,0.0,1155722525.0,67401340.0,1223123865.0
2017-10-16,3320.0,3487.0,3232.0,3252.0,341022.0,-0.30656039239730226,1422220.0,0.0,1122268510.0,33043470.0,0.0,1122170.0,1018963025.0,136649005.0,1156734200.0
2017-10-17,3291.0,3428.0,3217.0,3365.0,256591.0,3.4747847478474787,0.0,0.0,844574800.0,26521145.0,438300.0,0.0,827382715.0,43274930.0,871095945.0
2017-10-18,3413.0,3428.0,3242.0,3247.0,142215.0,-3.5066864784546805,0.0,0.0,481519095.0,481445.0,620925.0,115260.0,425833065.0,55431290.0,482000540.0
2017-10-19,3320.0,3644.0,3301.0,3399.0,410890.0,4.681244225438866,408825.0,267900.0,1419005975.0,22736825.0,0.0,267900.0,1420392910.0,21758715.0,1442419525.0
2017-10-20,3492.0,3511.0,3330.0,3473.0,156522.0,2.177110914974993,0.0,0.0,508595205.0,37356615.0,710320.0,0.0,532205685.0,13035815.0,545951820.0
2017-10-23,3531.0,3732.0,3487.0,3517.0,556399.0,1.2669162107687877,0.0,0.0,1976540790.0,81887540.0,589260.0,0.0,1991819375.0,66019695.0,2058428330.0
2017-10-24,3551.0,3551.0,3364.0,3419.0,190461.0,-2.7864657378447544,0.0,0.0,617742680.0,47717590.0,537700.0,0.0,659851515.0,5071055.0,665460270.0
2017-10-25,3438.0,3487.0,3360.0,3429.0,129986.0,0.2924831822170225,0.0,0.0,407007755.0,47230445.0,265930.0,0.0,406570805.0,47401465.0,454238200.0
2017-10-26,3428.0,3467.0,3325.0,3370.0,103184.0,-1.7206182560513268,0.0,0.0,322797515.0,34000210.0,350035.0,0.0,311197395.0,45250295.0,356797725.0
2017-10-27,3340.0,3506.0,3320.0,3438.0,180249.0,2.0178041543026706,0.0,0.0,532866280.0,98853135.0,270200.0,0.0,602902665.0,28546550.0,631719415.0
2017-10-30,3457.0,3497.0,3389.0,3389.0,110620.0,-1.4252472367655613,0.0,0.0,364630875.0,21691470.0,279915.0,0.0,346160415.0,39882015.0,386322345.0
2017-10-31,3369.0,3776.0,3364.0,3576.0,701485.0,5.517851873709058,0.0,0.0,2473059170.0,116123325.0,199525.0,0.0,2508322220.0,80660750.0,2589182495.0
2017-11-01,3624.0,4648.0,3555.0,4648.0,4603221.0,29.977628635346754,0.0,146945035.0,19722237810.0,400225540.0,1300845.0,144470925.0,19741314325.0,382322290.0,20269408385.0
2017-11-02,4506.0,4604.0,4055.0,4212.0,2067823.0,-9.38037865748709,0.0,0.0,8802310510.0,340534865.0,0.0,96600.0,8608483410.0,534265365.0,9142845375.0
2017-11-03,4153.0,4315.0,4035.0,4085.0,838305.0,-3.0151946818613484,0.0,6986000.0,3499169090.0,85239335.0,0.0,6800000.0,3474558840.0,110035585.0,3591394425.0
2017-11-06,4173.0,4305.0,4075.0,4075.0,335411.0,-0.24479804161566704,0.0,0.0,1403191830.0,22729900.0,0.0,0.0,1382401365.0,43520365.0,1425921730.0
2017-11-07,4114.0,4197.0,4035.0,4095.0,196796.0,0.49079754601227,0.0,0.0,800813150.0,26936805.0,0.0,0.0,797141150.0,30608805.0,827749955.0
2017-11-08,3967.0,4271.0,3962.0,4149.0,415337.0,1.3186813186813187,0.0,0.0,1589510990.0,176533535.0,0.0,0.0,1614277230.0,151767295.0,1766044525.0
2017-11-09,4212.0,4261.0,4070.0,4070.0,164401.0,-1.9040732706676309,0.0,0.0,672273215.0,21512410.0,0.0,0.0,651453500.0,42332125.0,693785625.0
2017-11-10,4055.0,4226.0,3967.0,4144.0,196800.0,1.8181818181818181,0.0,0.0,717688600.0,112903800.0,0.0,0.0,782024910.0,48567490.0,830592400.0
2017-11-13,4114.0,4520.0,4084.0,4261.0,708747.0,2.8233590733590734,0.0,0.0,3009087650.0,121165250.0,0.0,0.0,3014257940.0,115994960.0,3130252900.0
2017-11-14,4226.0,4295.0,4114.0,4202.0,205755.0,-1.3846514902605023,148940.0,0.0,836972410.0,41624355.0,0.0,0.0,821480435.0,57265270.0,878745705.0
2017-11-15,4192.0,4280.0,4026.0,4114.0,291046.0,-2.094240837696335,0.0,2179765.0,1158261490.0,70850930.0,29575.0,0.0,1139834100.0,91428510.0,1231292185.0
2017-11-16,4133.0,4354.0,4070.0,4222.0,325051.0,2.6251823043266893,0.0,18411615.0,1283606470.0,103906385.0,21515.0,0.0,1368840730.0,37062225.0,1405924470.0
2017-11-17,4329.0,4339.0,4148.0,4168.0,191651.0,-1.27901468498342,0.0,6364650.0,789145200.0,33356025.0,99120.0,220000.0,771739060.0,56807695.0,828865875.0
2017-11-20,4143.0,4231.0,4124.0,4178.0,98128.0,0.23992322456813817,0.0,0.0,304213115.0,113885035.0,0.0,0.0,394212275.0,23885875.0,418098150.0
2017-11-21,4187.0,4202.0,4114.0,4139.0,158255.0,-0.9334609861177597,0.0,423000.0,604046190.0,65484360.0,0.0,0.0,589671470.0,80282080.0,669953550.0
2017-11-22,4158.0,4751.0,4158.0,4359.0,2166060.0,5.315293549166465,0.0,6821015.0,9596181110.0,365923125.0,0.0,863295.0,9493725000.0,474336955.0,9968925250.0
2017-11-23,4417.0,4427.0,4217.0,4247.0,300104.0,-2.5693966506079375,0.0,19171545.0,1094341365.0,196977990.0,0.0,85690.0,1247037205.0,63368005.0,1310490900.0
2017-11-24,4266.0,4486.0,4266.0,4403.0,332590.0,3.673181068989875,0.0,0.0,1328995655.0,162271765.0,0.0,39722140.0,1328146805.0,123398475.0,1491267420.0
2017-11-27,4427.0,4613.0,4373.0,4389.0,297111.0,-0.3179650238473768,0.0,0.0,1269636130.0,87722925.0,0.0,0.0,1157610985.0,199748070.0,1357359055.0
2017-11-28,4437.0,4437.0,4212.0,4247.0,225855.0,-3.2353611300979725,0.0,4358775.0,944970315.0,39353490.0,0.0,0.0,847322980.0,141359600.0,988682580.0
2017-11-29,4246.0,4320.0,4084.0,4144.0,237151.0,-2.4252413468330585,0.0,8410215.0,917550860.0,81834205.0,0.0,0.0,926128565.0,81666715.0,1007795280.0
2017-11-30,4143.0,4143.0,3982.0,3992.0,133350.0,-3.667953667953668,0.0,4105000.0,492276565.0,54722165.0,0.0,0.0,525982355.0,25121375.0,551103730.0
2017-12-01,4045.0,4084.0,3972.0,4002.0,106992.0,0.250501002004008,0.0,4161655.0,369465520.0,66090865.0,0.0,0.0,419690600.0,20027440.0,439718040.0
2017-12-04,3996.0,4021.0,3825.0,3928.0,164542.0,-1.8490754622688657,0.0,0.0,629973650.0,23211725.0,0.0,0.0,597661330.0,55524045.0,653185375.0
2017-12-05,3928.0,4124.0,3859.0,4026.0,151680.0,2.494908350305499,6239010.0,0.0,475134300.0,142117585.0,0.0,0.0,601849425.0,21641470.0,623490895.0
2017-12-06,4045.0,4143.0,3967.0,4031.0,157601.0,0.12419274714356682,0.0,0.0,576849565.0,78441045.0,149265.0,0.0,617804850.0,37336495.0,655290610.0
2017-12-07,3986.0,4050.0,3854.0,3879.0,126000.0,-3.770776482262466,0.0,0.0,493890690.0,9632530.0,5890290.0,0.0,375800345.0,121832585.0,503523220.0
2017-12-08,3908.0,3933.0,3746.0,3747.0,64672.0,-3.402938901778809,6033370.0,0.0,234264355.0,13155005.0,0.0,0.0,222157120.0,31295610.0,253452730.0
2017-12-11,3702.0,3908.0,3702.0,3811.0,50822.0,1.7080330931411796,210165.0,0.0,156295850.0,41132255.0,0.0,0.0,185779655.0,11858615.0,197638270.0
2017-12-12,3835.0,3879.0,3722.0,3752.0,50904.0,-1.5481500918394122,27090.0,0.0,193193665.0,2936460.0,0.0,0.0,179232765.0,16924450.0,196157215.0
2017-12-13,3771.0,4065.0,3771.0,3909.0,127611.0,4.184434968017057,99555.0,7998325.0,454022540.0,50119905.0,0.0,0.0,500224900.0,12015425.0,512240325.0
2017-12-14,3874.0,3986.0,3839.0,3909.0,74150.0,0.0,0.0,0.0,257933030.0,38089980.0,260060.0,0.0,294077475.0,1685475.0,296023010.0
2017-12-15,3898.0,3942.0,3849.0,3855.0,56152.0,-1.3814274750575595,0.0,0.0,212100795.0,10520700.0,6167155.0,0.0,211691145.0,4763195.0,222621495.0
2017-12-18,3908.0,3913.0,3781.0,3786.0,76201.0,-1.7898832684824901,0.0,0.0,295817860.0,2150110.0,0.0,7748900.0,264345655.0,25873415.0,297967970.0
2017-12-19,3751.0,3844.0,3653.0,3683.0,101750.0,-2.7205493924986794,0.0,0.0,346076715.0,39998025.0,0.0,0.0,319162120.0,66912620.0,386074740.0
2017-12-20,3639.0,3663.0,3492.0,3571.0,94432.0,-3.0409991854466467,0.0,0.0,308667910.0,35046950.0,0.0,0.0,337443255.0,6271605.0,343714860.0
2017-12-21,3565.0,3565.0,3399.0,3448.0,70419.0,-3.444413329599552,0.0,0.0,224730830.0,23126625.0,0.0,0.0,232733135.0,15124320.0,247857455.0
2017-12-22,3516.0,3624.0,3462.0,3561.0,46956.0,3.277262180974478,0.0,0.0,146260825.0,22547335.0,0.0,0.0,158004885.0,10803275.0,168808160.0
2017-12-26,3575.0,3599.0,3428.0,3429.0,34629.0,-3.7068239258635214,0.0,0.0,121819805.0,1772680.0,0.0,0.0,109131970.0,14460515.0,123592485.0
2017-12-27,3345.0,3492.0,3340.0,3473.0,57107.0,1.2831729367162437,0.0,0.0,146692350.0,53117005.0,0.0,17425000.0,182121740.0,262615.0,199809355.0
2017-12-28,3472.0,3565.0,3457.0,3487.0,38137.0,0.4031097034264325,0.0,0.0,116254005.0,19842080.0,0.0,0.0,127619415.0,8476670.0,136096085.0
2018-01-02,3502.0,3604.0,3492.0,3605.0,50924.0,3.3839977057642674,0.0,0.0,158721755.0,26850810.0,0.0,0.0,179395720.0,6176845.0,185572565.0
2018-01-03,3614.0,3683.0,3570.0,3571.0,67161.0,-0.9431345353675451,0.0,0.0,242064565.0,6006260.0,0.0,0.0,237834690.0,10236135.0,248070825.0
2018-01-04,3624.0,3668.0,3546.0,3649.0,45703.0,2.1842621114533745,0.0,0.0,161061165.0,8588610.0,0.0,0.0,154653895.0,14995880.0,169649775.0
2018-01-05,3614.0,3913.0,3595.0,3913.0,263683.0,7.234858865442587,0.0,2714400.0,978901515.0,42512000.0,0.0,0.0,960128750.0,63999165.0,1024127915.0
2018-01-08,3991.0,4133.0,3957.0,4031.0,421484.0,3.0155890621006898,0.0,0.0,1646022445.0,100928195.0,0.0,0.0,1599621145.0,147329495.0,1746950640.0
2018-01-09,4114.0,4212.0,3893.0,3918.0,255253.0,-2.8032746216819646,0.0,0.0,1023322465.0,39117835.0,0.0,0.0,972365255.0,90075045.0,1062440300.0
2018-01-10,3977.0,3986.0,3771.0,3958.0,94066.0,1.0209290454313424,0.0,0.0,333461015.0,38208465.0,0.0,0.0,356014670.0,15654810.0,371669480.0
2018-01-11,4006.0,4006.0,3830.0,3860.0,67966.0,-2.47599797877716,0.0,0.0,265129965.0,3393625.0,0.0,0.0,239897725.0,28625865.0,268523590.0
2018-01-12,3937.0,4212.0,3903.0,4007.0,450431.0,3.8082901554404143,0.0,0.0,1873577335.0,20229180.0,0.0,0.0,1780935880.0,112870635.0,1893806515.0
2018-01-15,4075.0,4217.0,4040.0,4095.0,409965.0,2.1961567257299723,0.0,0.0,1625016990.0,113703850.0,0.0,2082895.0,1653098285.0,83539660.0,1738720840.0
2018-01-16,4153.0,4153.0,3962.0,4095.0,118876.0,0.0,0.0,0.0,476051025.0,13039820.0,0.0,0.0,415891665.0,73199180.0,489090845.0
2018-01-17,4114.0,4124.0,3937.0,3982.0,122998.0,-2.7594627594627594,0.0,0.0,498794725.0,7837780.0,0.0,6175530.0,472785930.0,27671045.0,506632505.0
2018-01-18,4011.0,4344.0,4006.0,4134.0,526423.0,3.817177297840281,0.0,0.0,2067457125.0,195209520.0,0.0,8131000.0,2163185645.0,91350000.0,2262666645.0
2018-01-19,4168.0,4192.0,4045.0,4056.0,95097.0,-1.8867924528301887,0.0,0.0,387047235.0,11481815.0,0.0,0.0,386752445.0,11776605.0,398529050.0
2018-01-22,4055.0,4075.0,3972.0,4056.0,83303.0,0.0,0.0,0.0,301242155.0,43365200.0,0.0,0.0,305962805.0,38644550.0,344607355.0
2018-01-23,4275.0,4315.0,4089.0,4261.0,333824.0,5.054240631163708,0.0,0.0,1360988075.0,73585600.0,0.0,0.0,1332657885.0,101915790.0,1434573675.0
2018-01-24,4359.0,4368.0,4177.0,4178.0,271816.0,-1.9478995540952826,0.0,0.0,1157045630.0,32935715.0,0.0,0.0,1080022965.0,109958380.0,1189981345.0
2018-01-25,4114.0,4251.0,4104.0,4193.0,95581.0,0.35902345619913834,0.0,0.0,343456975.0,63483090.0,0.0,0.0,395493020.0,11447045.0,406940065.0
2018-01-26,4222.0,4266.0,4119.0,4124.0,123175.0,-1.6455998092058195,0.0,0.0,506296075.0,18802290.0,0.0,0.0,476041585.0,49056780.0,525098365.0
2018-01-29,4148.0,4275.0,3928.0,4124.0,157561.0,0.0,0.0,0.0,621251080.0,50873990.0,0.0,0.0,636974710.0,35150360.0,672125070.0
2018-01-30,4084.0,4153.0,4055.0,4100.0,83332.0,-0.5819592628516004,0.0,0.0,319523035.0,28594060.0,0.0,0.0,337965225.0,10151870.0,348117095.0
2018-01-31,4065.0,4065.0,3937.0,3972.0,145663.0,-3.1219512195121952,0.0,0.0,554391790.0,37011345.0,0.0,0.0,532728060.0,58675075.0,591403135.0
2018-02-01,3972.0,4168.0,3928.0,4153.0,152174.0,4.556898288016113,0.0,0.0,569581810.0,60379945.0,0.0,0.0,613939075.0,16022680.0,629961755.0
2018-02-02,4143.0,4143.0,3967.0,3997.0,118753.0,-3.756320732000963,0.0,0.0,467872310.0,18901595.0,0.0,0.0,401833960.0,84939945.0,486773905.0
2018-02-05,3820.0,4011.0,3800.0,3948.0,123958.0,-1.2259194395796849,0.0,0.0,477311800.0,20516970.0,0.0,0.0,484712080.0,13116690.0,497828770.0
2018-02-06,3800.0,3869.0,3663.0,3869.0,159185.0,-2.0010131712259374,0.0,0.0,537439740.0,72824120.0,0.0,0.0,560848205.0,49415655.0,610263860.0
2018-02-07,3918.0,3947.0,3693.0,3693.0,102274.0,-4.548979064357715,0.0,0.0,390904215.0,7024330.0,0.0,0.0,349406280.0,48522265.0,397928545.0
2018-02-08,3742.0,3771.0,3634.0,3737.0,36470.0,1.1914432710533442,0.0,0.0,118463895.0,19856135.0,0.0,0.0,133427350.0,4892680.0,138320030.0
2018-02-09,3595.0,3722.0,3590.0,3722.0,62919.0,-0.4013914905004014,0.0,0.0,210531445.0,22820045.0,0.0,0.0,220220110.0,13131380.0,233351490.0
2018-02-12,3712.0,3737.0,3653.0,3654.0,24182.0,-1.8269747447608813,0.0,0.0,89126420.0,1574340.0,0.0,0.0,80351330.0,10349430.0,90700760.0
2018-02-13,3683.0,3688.0,3575.0,3576.0,30525.0,-2.134646962233169,0.0,0.0,109112065.0,3802895.0,0.0,0.0,108176190.0,4738770.0,112914960.0
2018-02-14,3585.0,3604.0,3521.0,3561.0,20947.0,-0.41946308724832215,0.0,0.0,64933220.0,10979245.0,0.0,0.0,72126040.0,3786425.0,75912465.0
2018-02-19,3580.0,3683.0,3580.0,3634.0,18760.0,2.049985959000281,0.0,0.0,50842640.0,18815545.0,0.0,0.0,67932990.0,1725195.0,69658185.0
2018-02-20,3634.0,3658.0,3526.0,3615.0,38377.0,-0.5228398458998349,0.0,0.0,131393365.0,10376365.0,0.0,0.0,135944285.0,5825445.0,141769730.0
2018-02-21,3585.0,3644.0,3585.0,3620.0,40256.0,0.13831258644536654,0.0,0.0,135410540.0,13466915.0,0.0,0.0,148877455.0,0.0,148877455.0
2018-02-22,3619.0,3619.0,3536.0,3576.0,50714.0,-1.2154696132596685,0.0,0.0,177012645.0,7873120.0,0.0,0.0,177360985.0,7524780.0,184885765.0
2018-02-23,3575.0,3604.0,3526.0,3590.0,34604.0,0.39149888143176736,0.0,0.0,106189445.0,19524425.0,0.0,0.0,124418860.0,1295010.0,125713870.0
2018-02-26,3624.0,3653.0,3600.0,3624.0,32195.0,0.947075208913649,0.0,0.0,107711165.0,11450005.0,0.0,0.0,117228890.0,1932280.0,119161170.0
2018-02-27,3629.0,3653.0,3526.0,3546.0,34960.0,-2.152317880794702,0.0,0.0,126799750.0,1300300.0,0.0,0.0,95650050.0,32450000.0,128100050.0
2018-02-28,3536.0,3546.0,3428.0,3429.0,53316.0,-3.2994923857868024,0.0,0.0,186280720.0,2441715.0,0.0,0.0,180684415.0,8038020.0,188722435.0
2018-03-02,3408.0,3428.0,3335.0,3429.0,34254.0,0.0,0.0,0.0,99817320.0,18871675.0,0.0,0.0,115133810.0,3555185.0,118688995.0
2018-03-05,3399.0,3477.0,3369.0,3370.0,8368.0,-1.7206182560513268,0.0,0.0,29106350.0,156850.0,0.0,0.0,28798605.0,464595.0,29263200.0
2018-03-06,3462.0,4065.0,3462.0,3605.0,1300631.0,6.973293768545995,0.0,0.0,4973947755.0,143522355.0,0.0,0.0,4927713495.0,189756615.0,5117470110.0
2018-03-07,3546.0,3580.0,3448.0,3527.0,161161.0,-2.163661581137309,0.0,0.0,538123740.0,38491405.0,0.0,0.0,526527645.0,50087500.0,576615145.0
2018-03-08,3506.0,3624.0,3477.0,3566.0,62114.0,1.1057555996597674,0.0,0.0,205483275.0,19272690.0,0.0,0.0,214446235.0,10309730.0,224755965.0
2018-03-09,3565.0,3712.0,3555.0,3620.0,105736.0,1.5143017386427369,0.0,0.0,314974890.0,78907900.0,0.0,0.0,388505930.0,5376860.0,393882790.0
2018-03-12,3702.0,3702.0,3639.0,3664.0,48871.0,1.2154696132596685,0.0,0.0,178163870.0,4628180.0,0.0,0.0,160022075.0,22769975.0,182792050.0
2018-03-13,3653.0,3653.0,3575.0,3620.0,42445.0,-1.2008733624454149,0.0,0.0,152028205.0,3732790.0,0.0,0.0,150835035.0,4925960.0,155760995.0
2018-03-14,3634.0,3634.0,3546.0,3571.0,36117.0,-1.3535911602209945,0.0,0.0,127351340.0,4773255.0,0.0,0.0,122332045.0,9792550.0,132124595.0
2018-03-15,3575.0,3575.0,3408.0,3517.0,58776.0,-1.512181461775413,0.0,0.0,192636240.0,16209140.0,0.0,0.0,197093060.0,11752320.0,208845380.0
2018-03-16,3506.0,3526.0,3453.0,3502.0,48831.0,-0.4264998578333807,0.0,0.0,148256420.0,25367615.0,0.0,0.0,173430170.0,193865.0,173624035.0
2018-03-19,3506.0,3516.0,3443.0,3463.0,27631.0,-1.1136493432324386,0.0,0.0,97980330.0,124950.0,0.0,0.0,69016950.0,29088330.0,98105280.0
2018-03-20,3438.0,3531.0,3413.0,3531.0,32235.0,1.9636153624025412,0.0,0.0,101383910.0,12363695.0,0.0,0.0,112335765.0,1411840.0,113747605.0
2018-03-21,3531.0,3551.0,3428.0,3433.0,33251.0,-2.775417728688757,0.0,0.0,116212470.0,1050000.0,0.0,0.0,92320365.0,24942105.0,117262470.0
2018-03-22,3433.0,3575.0,3433.0,3468.0,59923.0,1.019516457908535,0.0,0.0,186795955.0,27355885.0,0.0,3555.0,208295965.0,5852320.0,214151840.0
2018-03-23,3408.0,3408.0,3281.0,3287.0,61371.0,-5.219146482122261,0.0,0.0,206399600.0,2246245.0,0.0,0.0,167002760.0,41643085.0,208645845.0
2018-03-26,3262.0,3374.0,3217.0,3370.0,25561.0,2.525098874353514,0.0,0.0,71211610.0,14806505.0,0.0,0.0,83261065.0,2757050.0,86018115.0
2018-03-27,3418.0,3428.0,3360.0,3404.0,17484.0,1.0089020771513353,0.0,0.0,58340335.0,2014705.0,0.0,0.0,54069955.0,6285085.0,60355040.0
2018-03-28,3364.0,3384.0,3315.0,3316.0,17564.0,-2.5851938895417157,0.0,0.0,55404645.0,4433380.0,0.0,0.0,59220270.0,617755.0,59838025.0
2018-03-29,3315.0,3340.0,3315.0,3331.0,10763.0,0.4523522316043426,0.0,0.0,32350240.0,4182125.0,0.0,0.0,35746095.0,786270.0,36532365.0
2018-03-30,3360.0,3472.0,3335.0,3424.0,24069.0,2.7919543680576404,0.0,0.0,75228915.0,8786060.0,0.0,0.0,82281935.0,1733040.0,84014975.0
2018-04-02,3477.0,3570.0,3408.0,3433.0,53326.0,0.2628504672897196,0.0,0.0,189262765.0,1403430.0,0.0,0.0,172602585.0,18063610.0,190666195.0
2018-04-03,3457.0,3457.0,3350.0,3365.0,38575.0,-1.9807748325080106,0.0,0.0,132424425.0,0.0,0.0,0.0,122493260.0,9931165.0,132424425.0
2018-04-04,3369.0,3418.0,3301.0,3350.0,24639.0,-0.44576523031203563,0.0,0.0,82278865.0,1779310.0,0.0,0.0,75445895.0,8612280.0,84058175.0
2018-04-05,3320.0,3487.0,3320.0,3414.0,23654.0,1.9104477611940298,0.0,0.0,79034570.0,2757165.0,0.0,0.0,74180855.0,7610880.0,81791735.0
2018-04-06,3408.0,3408.0,3320.0,3350.0,12252.0,-1.8746338605741066,0.0,0.0,42003270.0,0.0,0.0,0.0,36478575.0,5524695.0,42003270.0
2018-04-09,3330.0,3330.0,3242.0,3252.0,40516.0,-2.925373134328358,0.0,0.0,120331405.0,14668050.0,0.0,0.0,127273795.0,7725660.0,134999455.0
2018-04-10,3252.0,3291.0,3198.0,3287.0,8103.0,1.0762607626076262,0.0,0.0,26484855.0,338870.0,0.0,0.0,24277875.0,2545850.0,26823725.0
2018-04-11,3281.0,3355.0,3281.0,3296.0,12185.0,0.2738059020383328,0.0,0.0,40151470.0,1262640.0,0.0,0.0,38456140.0,2957970.0,41414110.0
2018-04-12,3242.0,3315.0,3232.0,3306.0,27416.0,0.30339805825242716,0.0,0.0,89528960.0,1634955.0,0.0,0.0,89807885.0,1356030.0,91163915.0
2018-04-13,3291.0,3364.0,3276.0,3301.0,42234.0,-0.1512401693889897,0.0,0.0,124231415.0,18859650.0,0.0,0.0,139192195.0,3898870.0,143091065.0
2018-04-16,3301.0,3330.0,3266.0,3267.0,26167.0,-1.0299909118448956,0.0,0.0,86832475.0,866960.0,0.0,0.0,87665510.0,33925.0,87699435.0
2018-04-17,3271.0,3281.0,3203.0,3228.0,36687.0,-1.1937557392102847,0.0,0.0,117588815.0,3380835.0,0.0,0.0,115795975.0,5173675.0,120969650.0
2018-04-18,3252.0,3408.0,3242.0,3350.0,77979.0,3.7794299876084265,0.0,0.0,211136595.0,54851600.0,0.0,0.0,264697120.0,1291075.0,265988195.0
2018-04-19,3320.0,3340.0,3271.0,3282.0,23370.0,-2.029850746268657,0.0,0.0,71132930.0,7607045.0,0.0,0.0,78739975.0,0.0,78739975.0
2018-04-20,3281.0,3311.0,3232.0,3291.0,34191.0,0.2742230347349177,0.0,0.0,99608965.0,14423265.0,0.0,0.0,112176740.0,1855490.0,114032230.0
2018-04-23,3276.0,3291.0,3213.0,3257.0,36465.0,-1.0331206320267396,0.0,0.0,116410595.0,4213955.0,0.0,0.0,98122215.0,22502335.0,120624550.0
2018-04-24,3257.0,3355.0,3252.0,3301.0,44185.0,1.3509364445809027,0.0,0.0,110790870.0,38219095.0,0.0,0.0,144333890.0,4676075.0,149009965.0
2018-04-25,3306.0,3364.0,3266.0,3321.0,27379.0,0.6058770069675856,0.0,0.0,72150040.0,20429730.0,0.0,0.0,72545445.0,20034325.0,92579770.0
2018-04-26,3340.0,3467.0,3311.0,3365.0,73333.0,1.324902137910268,0.0,0.0,216081175.0,36756095.0,0.0,0.0,252102625.0,734645.0,252837270.0
2018-04-27,3413.0,3506.0,3301.0,3316.0,63686.0,-1.4561664190193164,0.0,0.0,209536380.0,11020535.0,0.0,0.0,211148150.0,9408765.0,220556915.0
2018-04-30,3311.0,3350.0,3247.0,3277.0,48142.0,-1.1761158021712907,0.0,0.0,157398090.0,4229880.0,0.0,0.0,150576660.0,11051310.0,161627970.0
2018-05-02,3242.0,3271.0,3217.0,3238.0,61509.0,-1.190112908147696,0.0,0.0,183514460.0,19439440.0,0.0,0.0,198200255.0,4753645.0,202953900.0
2018-05-03,3252.0,3526.0,3193.0,3331.0,221563.0,2.872143298332304,0.0,0.0,737693580.0,32280115.0,0.0,0.0,669681520.0,100292175.0,769973695.0
2018-05-04,3389.0,3457.0,3281.0,3414.0,82181.0,2.4917442209546685,0.0,0.0,251453935.0,32086160.0,0.0,0.0,267543015.0,15997080.0,283540095.0
2018-05-08,3428.0,3516.0,3369.0,3384.0,101146.0,-0.8787346221441126,0.0,0.0,307155300.0,49095240.0,0.0,0.0,336122185.0,20128355.0,356250540.0
2018-05-09,3389.0,3511.0,3389.0,3458.0,60010.0,2.186761229314421,0.0,0.0,191089405.0,20246170.0,0.0,0.0,189711755.0,21623820.0,211335575.0
2018-05-10,3511.0,3683.0,3462.0,3605.0,170374.0,4.251012145748987,0.0,0.0,541599800.0,85205925.0,0.0,0.0,553879445.0,72926280.0,626805725.0
2018-05-11,3585.0,4344.0,3565.0,3869.0,1166771.0,7.323162274618586,0.0,0.0,4665101935.0,126665800.0,0.0,0.0,4588000105.0,203767630.0,4791767735.0
2018-05-14,3913.0,4001.0,3727.0,3732.0,266567.0,-3.5409666580511763,0.0,0.0,991329685.0,55353675.0,0.0,0.0,956147475.0,90535885.0,1046683360.0
2018-05-15,3771.0,3781.0,3609.0,3649.0,107552.0,-2.2240085744908895,0.0,0.0,393747135.0,7302480.0,0.0,0.0,377346630.0,23702985.0,401049615.0
2018-05-16,3575.0,3928.0,3541.0,3624.0,221201.0,-0.6851192107426692,0.0,0.0,787215825.0,60612985.0,0.0,0.0,750101160.0,97727650.0,847828810.0
2018-05-17,3624.0,3791.0,3624.0,3742.0,81303.0,3.2560706401766004,0.0,0.0,261032950.0,46125595.0,0.0,0.0,299618925.0,7539620.0,307158545.0
2018-05-18,3746.0,3977.0,3634.0,3913.0,232716.0,4.569748797434527,0.0,0.0,791517175.0,125486595.0,0.0,0.0,832028250.0,84975520.0,917003770.0
2018-05-21,3967.0,4114.0,3835.0,3992.0,312422.0,2.0189113212369025,0.0,0.0,1201767905.0,73166755.0,0.0,0.0,1082561115.0,192373545.0,1274934660.0
2018-05-23,4060.0,4168.0,3923.0,3962.0,454327.0,-0.751503006012024,0.0,0.0,1703137875.0,201303345.0,0.0,0.0,1767436615.0,137004605.0,1904441220.0
2018-05-24,4310.0,4506.0,3771.0,3791.0,627583.0,-4.316002019182232,0.0,0.0,2633715600.0,22386110.0,0.0,7810800.0,2516455875.0,131835035.0,2656101710.0
2018-05-25,3707.0,3830.0,3595.0,3698.0,135672.0,-2.45317858084938,0.0,0.0,433555405.0,81699080.0,0.0,0.0,507028135.0,8226350.0,515254485.0
2018-05-28,3820.0,3928.0,3722.0,3899.0,133231.0,5.4353704705246075,0.0,0.0,472903340.0,48709510.0,0.0,0.0,501269280.0,20343570.0,521612850.0
2018-05-29,3913.0,3967.0,3722.0,3722.0,76580.0,-4.539625545011542,0.0,0.0,290640910.0,3993295.0,0.0,0.0,240114305.0,54519900.0,294634205.0
2018-05-30,3678.0,3712.0,3551.0,3620.0,83365.0,-2.740462117141322,0.0,0.0,291239985.0,16667105.0,0.0,0.0,301725660.0,6181430.0,307907090.0
2018-05-31,3634.0,3722.0,3629.0,3659.0,34552.0,1.0773480662983426,0.0,0.0,118500600.0,10512340.0,0.0,0.0,116912340.0,12100600.0,129012940.0
2018-06-01,3658.0,3658.0,3560.0,3595.0,55177.0,-1.7491117791746378,0.0,0.0,178027980.0,24797720.0,0.0,0.0,192908700.0,9917000.0,202825700.0
2018-06-04,3585.0,3746.0,3585.0,3727.0,53189.0,3.671766342141863,0.0,0.0,196550755.0,4409680.0,0.0,0.0,170374795.0,30585640.0,200960435.0
2018-06-05,3727.0,3751.0,3693.0,3693.0,30323.0,-0.9122618728199625,0.0,0.0,102628200.0,12170025.0,0.0,0.0,106223945.0,8574280.0,114798225.0
2018-06-07,3751.0,3898.0,3732.0,3757.0,77996.0,1.7330083942594097,0.0,0.0,273039420.0,32461160.0,0.0,0.0,281099000.0,24401580.0,305500580.0
2018-06-08,3771.0,3791.0,3609.0,3615.0,50468.0,-3.7796113920681393,0.0,0.0,165253230.0,23939855.0,0.0,0.0,181970145.0,7222940.0,189193085.0
2018-06-11,3614.0,3693.0,3595.0,3678.0,30209.0,1.7427385892116183,0.0,0.0,100114890.0,12339285.0,0.0,0.0,110788530.0,1665645.0,112454175.0
2018-06-12,3678.0,3683.0,3565.0,3605.0,35676.0,-1.984774333877107,0.0,0.0,124781790.0,6537095.0,0.0,0.0,122985610.0,8333275.0,131318885.0
2018-06-14,3531.0,3742.0,3521.0,3561.0,52195.0,-1.2205270457697643,0.0,0.0,171440310.0,19676140.0,0.0,0.0,167890775.0,23225675.0,191116450.0
2018-06-15,3580.0,3595.0,3516.0,3546.0,23757.0,-0.42122999157540014,0.0,0.0,83682950.0,2159440.0,0.0,0.0,82899365.0,2943025.0,85842390.0
2018-06-18,3477.0,3536.0,3423.0,3424.0,50535.0,-3.4404963338973493,0.0,0.0,172736910.0,4934675.0,0.0,0.0,163080945.0,14590640.0,177671585.0
2018-06-19,3384.0,3453.0,3384.0,3409.0,15318.0,-0.4380841121495327,0.0,0.0,46484435.0,6785280.0,0.0,0.0,52095270.0,1174445.0,53269715.0
2018-06-20,3379.0,3487.0,3355.0,3478.0,12267.0,2.0240539747726602,0.0,0.0,30642700.0,12314400.0,0.0,0.0,38925400.0,4031700.0,42957100.0
2018-06-21,3428.0,3526.0,3428.0,3443.0,8248.0,-1.0063254744105807,0.0,0.0,27317845.0,1823235.0,0.0,0.0,27547735.0,1593345.0,29141080.0
2018-06-22,3360.0,3448.0,3360.0,3429.0,16311.0,-0.4066221318617485,0.0,0.0,53846230.0,2624805.0,0.0,0.0,53174695.0,3296340.0,56471035.0
2018-06-25,3467.0,3477.0,3360.0,3409.0,28906.0,-0.5832604257801108,0.0,0.0,94197410.0,5766440.0,0.0,0.0,97430825.0,2533025.0,99963850.0
2018-06-26,3291.0,3389.0,3291.0,3360.0,16821.0,-1.4373716632443532,0.0,0.0,51364625.0,5758600.0,0.0,0.0,53709895.0,3413330.0,57123225.0
2018-06-27,3364.0,3364.0,3291.0,3326.0,16344.0,-1.0119047619047619,0.0,0.0,53270835.0,2165040.0,0.0,0.0,53898145.0,1537730.0,55435875.0
2018-06-28,3262.0,3330.0,3247.0,3247.0,11874.0,-2.375225496091401,0.0,0.0,39127060.0,541255.0,0.0,0.0,36231480.0,3436835.0,39668315.0
2018-06-29,3291.0,3291.0,3193.0,3233.0,14479.0,-0.4311672312904219,0.0,0.0,42998130.0,4962540.0,0.0,0.0,40162855.0,7797815.0,47960670.0
2018-07-02,3252.0,3369.0,3095.0,3135.0,55784.0,-3.0312403340550573,0.0,0.0,175743805.0,7451805.0,0.0,0.0,163961015.0,19234595.0,183195610.0
2018-07-03,3110.0,3203.0,3051.0,3100.0,16145.0,-1.1164274322169059,0.0,0.0,40632535.0,10540700.0,0.0,0.0,49886240.0,1286995.0,51173235.0
2018-07-04,3110.0,3129.0,3056.0,3130.0,9093.0,0.967741935483871,0.0,0.0,28738505.0,170690.0,0.0,0.0,27911770.0,997425.0,28909195.0
2018-07-05,3144.0,3144.0,3036.0,3086.0,20604.0,-1.4057507987220448,0.0,0.0,62420490.0,2331330.0,0.0,0.0,51674095.0,13077725.0,64751820.0
2018-07-06,3129.0,3129.0,3046.0,3110.0,18636.0,0.7777057679844459,0.0,0.0,55581195.0,3115230.0,0.0,0.0,53737165.0,4959260.0,58696425.0
2018-07-09,3110.0,3124.0,3051.0,3096.0,17345.0,-0.45016077170418006,0.0,0.0,54511435.0,0.0,0.0,0.0,52767350.0,1744085.0,54511435.0
2018-07-10,3154.0,3164.0,3124.0,3149.0,8430.0,1.7118863049095607,0.0,0.0,24052475.0,2971500.0,0.0,0.0,26597050.0,426925.0,27023975.0
2018-07-11,3164.0,3164.0,3066.0,3105.0,19641.0,-1.3972689742775484,0.0,0.0,61849950.0,0.0,0.0,0.0,59518965.0,2330985.0,61849950.0
2018-07-12,3095.0,3124.0,3071.0,3125.0,9633.0,0.644122383252818,0.0,0.0,30511200.0,0.0,0.0,0.0,30124995.0,386205.0,30511200.0
2018-07-13,3144.0,3276.0,3144.0,3223.0,29596.0,3.136,0.0,0.0,90783910.0,6333015.0,0.0,0.0,96063290.0,1053635.0,97116925.0
2018-07-16,3232.0,3276.0,3173.0,3272.0,10553.0,1.520322680732237,0.0,0.0,34594795.0,120975.0,0.0,0.0,33292775.0,1422995.0,34715770.0
2018-07-17,3271.0,3374.0,3247.0,3277.0,18079.0,0.1528117359413203,0.0,0.0,60908955.0,70875.0,0.0,0.0,55960340.0,5019490.0,60979830.0
2018-07-18,3320.0,3648.0,3281.0,3394.0,251078.0,3.570338724443088,0.0,420615.0,887598690.0,15419520.0,0.0,411840.0,874255560.0,28771425.0,903438825.0
2018-07-19,4114.0,4408.0,3776.0,4408.0,4190691.0,29.876252209781967,9000.0,90549670.0,17815982350.0,461295065.0,9000.0,88783450.0,17917133895.0,361909740.0,18367836085.0
2018-07-20,4173.0,5564.0,3918.0,4761.0,7776685.0,8.008166969147005,0.0,4860.0,38564199855.0,169542880.0,0.0,568230.0,38472997830.0,260181535.0,38733747595.0
2018-07-23,5044.0,5524.0,4878.0,5143.0,3226467.0,8.023524469649233,0.0,0.0,16971666755.0,148495880.0,0.0,0.0,16999062995.0,121099640.0,17120162635.0
2018-07-24,5240.0,5338.0,4525.0,4550.0,2145693.0,-11.530235271242466,0.0,0.0,10375096560.0,47403775.0,0.0,0.0,10393530095.0,28970240.0,10422500335.0
2018-07-25,4212.0,5779.0,4177.0,5270.0,6819598.0,15.824175824175823,0.0,20245930.0,35075376985.0,222671130.0,0.0,16909340.0,35070692610.0,230692095.0,35318294045.0
2018-07-26,5103.0,5397.0,5103.0,5290.0,509229.0,0.3795066413662239,0.0,16562800.0,2745631100.0,318600.0,0.0,19040500.0,2739419870.0,4052130.0,2762512500.0
2018-07-27,5701.0,5701.0,4956.0,4957.0,534796.0,-6.294896030245746,0.0,1022000.0,2785074635.0,2227960.0,0.0,1665000.0,2781360645.0,5298950.0,2788324595.0
2018-07-30,4711.0,4897.0,4555.0,4658.0,372101.0,-6.031874117409724,0.0,0.0,1784005545.0,2042500.0,0.0,0.0,1781853360.0,4194685.0,1786048045.0
2018-07-31,4633.0,5358.0,4310.0,4364.0,2398090.0,-6.31172176899957,0.0,2781000.0,11942549995.0,117064500.0,0.0,453680.0,12012574045.0,49367770.0,12062395495.0
2018-08-01,4408.0,4555.0,3986.0,4168.0,1142040.0,-4.491292392300641,0.0,0.0,4586594530.0,241318460.0,0.0,0.0,4710767630.0,117145360.0,4827912990.0
2018-08-02,4222.0,4359.0,3937.0,4026.0,1118013.0,-3.4069097888675626,0.0,0.0,4714508105.0,23210800.0,0.0,0.0,4534356765.0,203362140.0,4737718905.0
2018-08-03,4026.0,4173.0,3849.0,3953.0,783929.0,-1.8132141082960753,0.0,285420.0,3096746400.0,97110100.0,0.0,0.0,3137452835.0,56689085.0,3194141920.0
2018-08-06,3952.0,3952.0,3825.0,3830.0,297444.0,-3.111560839868454,0.0,0.0,1132161575.0,40367770.0,0.0,0.0,1111849535.0,60679810.0,1172529345.0
2018-08-07,3830.0,4055.0,3795.0,3806.0,856146.0,-0.6266318537859008,0.0,0.0,3393312485.0,19292415.0,0.0,0.0,3382002175.0,30602725.0,3412604900.0
2018-08-08,3840.0,3840.0,3648.0,3698.0,479661.0,-2.837624802942722,0.0,0.0,1747398565.0,72679075.0,0.0,0.0,1771174980.0,48902660.0,1820077640.0
2018-08-09,3678.0,3791.0,3629.0,3678.0,311635.0,-0.5408328826392644,0.0,0.0,1155017630.0,26769530.0,0.0,0.0,1146034525.0,35752635.0,1181787160.0
2018-08-10,3644.0,3732.0,3604.0,3615.0,214657.0,-1.7128874388254487,0.0,0.0,754314775.0,45206485.0,0.0,0.0,774769830.0,24751430.0,799521260.0
2018-08-13,3639.0,3702.0,3497.0,3571.0,405899.0,-1.2171507607192256,0.0,0.0,1440454250.0,50667670.0,0.0,0.0,1435161410.0,55960510.0,1491121920.0
2018-08-14,3595.0,3604.0,3516.0,3561.0,127137.0,-0.2800336040324839,0.0,0.0,404769170.0,55801855.0,0.0,0.0,441545960.0,19025065.0,460571025.0
2018-08-16,3560.0,3565.0,3418.0,3531.0,153628.0,-0.8424599831508003,0.0,0.0,509339385.0,35925525.0,0.0,0.0,512844080.0,32420830.0,545264910.0
2018-08-17,3531.0,3590.0,3453.0,3482.0,138659.0,-1.3877088643443785,0.0,0.0,445635875.0,52410005.0,0.0,0.0,472675995.0,25369885.0,498045880.0
2018-08-20,3502.0,3614.0,3438.0,3536.0,138141.0,1.5508328546812178,0.0,0.0,478584125.0,19321195.0,0.0,0.0,463686720.0,34218600.0,497905320.0
2018-08-21,3536.0,3580.0,3482.0,3580.0,114982.0,1.244343891402715,0.0,0.0,362161765.0,54494010.0,0.0,0.0,394186935.0,22468840.0,416655775.0
2018-08-22,3585.0,3722.0,3526.0,3536.0,302276.0,-1.2290502793296088,0.0,0.0,1072032725.0,47605510.0,0.0,0.0,990111945.0,129526290.0,1119638235.0
2018-08-23,3551.0,3575.0,3418.0,3419.0,145611.0,-3.308823529411765,0.0,0.0,496826730.0,16886365.0,0.0,0.0,459508050.0,54205045.0,513713095.0
2018-08-24,3389.0,3443.0,3350.0,3394.0,128216.0,-0.7312079555425564,0.0,0.0,378331410.0,65434555.0,0.0,0.0,440949395.0,2816570.0,443765965.0
2018-08-27,3394.0,3443.0,3335.0,3384.0,109260.0,-0.29463759575721865,0.0,0.0,306009420.0,69507985.0,0.0,0.0,360633350.0,14884055.0,375517405.0
2018-08-28,3428.0,3477.0,3330.0,3409.0,156440.0,0.7387706855791962,0.0,0.0,483692715.0,58708325.0,0.0,3480.0,509575705.0,32821855.0,542401040.0
2018-08-29,3408.0,3418.0,3335.0,3336.0,101898.0,-2.1413904370783223,0.0,0.0,280357435.0,68349905.0,0.0,0.0,343347905.0,5359435.0,348707340.0
2018-08-30,3360.0,3360.0,3330.0,3331.0,67145.0,-0.1498800959232614,0.0,0.0,172374760.0,56658045.0,0.0,0.0,194898925.0,34133880.0,229032805.0
2018-08-31,3350.0,3360.0,3306.0,3321.0,51098.0,-0.3002101471029721,0.0,0.0,148507090.0,24852435.0,0.0,0.0,167568710.0,5790815.0,173359525.0
2018-09-03,3301.0,3350.0,3286.0,3326.0,37989.0,0.15055706112616682,0.0,0.0,114092745.0,14415460.0,0.0,0.0,108336310.0,20171895.0,128508205.0
2018-09-04,3345.0,3345.0,3291.0,3316.0,43254.0,-0.30066145520144316,0.0,0.0,138214130.0,8057580.0,0.0,0.0,142142660.0,4129050.0,146271710.0
2018-09-05,3315.0,3340.0,3271.0,3306.0,66714.0,-0.30156815440289503,0.0,0.0,211432870.0,13702515.0,0.0,0.0,204758970.0,20376415.0,225135385.0
2018-09-06,3311.0,3320.0,3242.0,3257.0,67464.0,-1.4821536600120992,0.0,0.0,223075085.0,1609990.0,0.0,0.0,211949600.0,12735475.0,224685075.0
2018-09-07,3237.0,3311.0,3222.0,3282.0,59502.0,0.7675775253300584,0.0,0.0,170250690.0,28185600.0,0.0,0.0,190009150.0,8427140.0,198436290.0
2018-09-10,3281.0,3291.0,3217.0,3242.0,40645.0,-1.218769043266301,0.0,0.0,112432745.0,22091470.0,0.0,0.0,128726655.0,5797560.0,134524215.0
2018-09-11,3208.0,3315.0,3193.0,3311.0,73169.0,2.1283158544108574,0.0,0.0,210628060.0,32315300.0,0.0,0.0,241171085.0,1772275.0,242943360.0
2018-09-12,3311.0,3311.0,3232.0,3262.0,50902.0,-1.4799154334038054,0.0,0.0,166957815.0,2490755.0,0.0,0.0,150121305.0,19327265.0,169448570.0
2018-09-13,3227.0,3262.0,3222.0,3233.0,41456.0,-0.8890251379521766,0.0,0.0,134890575.0,2110435.0,0.0,0.0,133971660.0,3029350.0,137001010.0
2018-09-14,3252.0,3462.0,3242.0,3375.0,283168.0,4.392205381998144,0.0,0.0,944955440.0,29455390.0,0.0,0.0,910852475.0,63558355.0,974410830.0
2018-09-17,3399.0,3477.0,3340.0,3409.0,120986.0,1.0074074074074073,0.0,0.0,422137690.0,27840.0,0.0,0.0,388966850.0,33198680.0,422165530.0
2018-09-18,3389.0,3433.0,3315.0,3331.0,72205.0,-2.2880610149603986,0.0,0.0,237706965.0,9720120.0,0.0,0.0,220731830.0,26695255.0,247427085.0
2018-09-19,3360.0,3379.0,3232.0,3242.0,65060.0,-2.6718703092164517,0.0,0.0,216702475.0,70245.0,0.0,0.0,190683275.0,26089445.0,216772720.0
2018-09-20,3271.0,3276.0,3178.0,3179.0,105150.0,-1.9432449105490437,0.0,0.0,341231040.0,2501495.0,0.0,0.0,326956950.0,16775585.0,343732535.0
2018-09-21,3178.0,3237.0,3168.0,3198.0,40478.0,0.5976722239698019,0.0,0.0,120874025.0,10987960.0,0.0,0.0,129834960.0,2027025.0,131861985.0
2018-09-27,3213.0,3252.0,3173.0,3247.0,36254.0,1.5322076297686054,0.0,993000.0,111528660.0,6461050.0,0.0,0.0,116641590.0,2341120.0,118982710.0
2018-09-28,3247.0,3286.0,3217.0,3267.0,50017.0,0.6159531875577456,0.0,0.0,166574500.0,0.0,0.0,0.0,149675785.0,16898715.0,166574500.0
2018-10-01,3286.0,3286.0,3066.0,3233.0,50393.0,-1.0407101316192224,0.0,1980000.0,164082890.0,0.0,0.0,0.0,148103315.0,17959575.0,166062890.0
2018-10-02,3232.0,3232.0,3115.0,3135.0,45767.0,-3.0312403340550573,0.0,0.0,143259500.0,5320495.0,0.0,0.0,131521585.0,17058410.0,148579995.0
2018-10-04,3139.0,3183.0,3071.0,3076.0,22118.0,-1.8819776714513556,0.0,0.0,69956460.0,0.0,0.0,0.0,62085065.0,7871395.0,69956460.0
2018-10-05,3085.0,3100.0,2987.0,2998.0,33635.0,-2.5357607282184653,0.0,0.0,101796045.0,2339890.0,0.0,0.0,94863595.0,9272340.0,104135935.0
2018-10-08,3022.0,3036.0,2987.0,3022.0,21047.0,0.8005336891260841,0.0,0.0,59468200.0,5112820.0,0.0,0.0,62742020.0,1839000.0,64581020.0
2018-10-10,3012.0,3022.0,2884.0,2890.0,50357.0,-4.367968232958306,0.0,0.0,149735585.0,1419660.0,0.0,2700000.0,133250005.0,15205240.0,151155245.0
2018-10-11,2674.0,2850.0,2674.0,2728.0,86863.0,-5.6055363321799305,0.0,0.0,222882700.0,22296265.0,0.0,0.0,233803095.0,11375870.0,245178965.0
2018-10-12,2693.0,2850.0,2693.0,2797.0,54468.0,2.529325513196481,0.0,0.0,139445905.0,15470315.0,0.0,0.0,152936385.0,1979835.0,154916220.0
2018-10-15,2840.0,2840.0,2507.0,2547.0,142202.0,-8.93814801573114,0.0,0.0,371669075.0,9835760.0,0.0,0.0,351605860.0,29898975.0,381504835.0
2018-10-16,2522.0,2605.0,2522.0,2596.0,34352.0,1.9238319591676483,0.0,0.0,73634665.0,16565460.0,0.0,0.0,90200125.0,0.0,90200125.0
2018-10-17,2595.0,2742.0,2595.0,2674.0,49112.0,3.00462249614792,0.0,2457000.0,128549455.0,2605900.0,0.0,0.0,128528830.0,5083525.0,133612355.0
2018-10-18,2595.0,2674.0,2595.0,2616.0,19225.0,-2.169035153328347,0.0,0.0,51283780.0,156390.0,0.0,0.0,48608940.0,2831230.0,51440170.0
2018-10-19,2551.0,2595.0,2527.0,2586.0,15164.0,-1.146788990825688,0.0,0.0,32985145.0,6697960.0,0.0,0.0,37269095.0,2414010.0,39683105.0
2018-10-22,2571.0,2595.0,2522.0,2586.0,13418.0,0.0,0.0,0.0,34395545.0,570595.0,0.0,0.0,34465970.0,500170.0,34966140.0
2018-10-23,2556.0,2571.0,2468.0,2527.0,11956.0,-2.2815158546017016,0.0,0.0,30107400.0,620190.0,0.0,0.0,26420290.0,4307300.0,30727590.0
2018-10-24,2507.0,2595.0,2390.0,2390.0,31829.0,-5.4214483577364465,0.0,0.0,80509375.0,299290.0,0.0,0.0,76866075.0,3942590.0,80808665.0
2018-10-25,2272.0,2277.0,2120.0,2175.0,86559.0,-8.99581589958159,0.0,2280000.0,161689495.0,31648155.0,0.0,0.0,190310575.0,5307075.0,195617650.0
2018-10-26,2140.0,2302.0,2140.0,2160.0,97142.0,-0.6896551724137931,0.0,0.0,192136115.0,24733150.0,0.0,4195310.0,204770050.0,7903905.0,216869265.0
2018-10-29,2180.0,2315.0,2095.0,2095.0,64055.0,-3.009259259259259,0.0,0.0,126609355.0,13427725.0,0.0,0.0,126209040.0,13828040.0,140037080.0
2018-10-30,1990.0,2150.0,1970.0,2130.0,35385.0,1.6706443914081146,0.0,0.0,51589195.0,21617385.0,0.0,0.0,70321175.0,2885405.0,73206580.0
2018-10-31,2240.0,2765.0,2200.0,2765.0,1003868.0,29.812206572769952,0.0,1218720.0,2513288250.0,66073010.0,0.0,1350255.0,2491845730.0,87383995.0,2580579980.0
2018-11-01,2660.0,3185.0,2605.0,2820.0,1263308.0,1.9891500904159132,0.0,0.0,3611740925.0,89810875.0,0.0,0.0,3544057925.0,157493875.0,3701551800.0
2018-11-02,2795.0,3160.0,2760.0,2815.0,440570.0,-0.1773049645390071,0.0,0.0,1233934060.0,61762550.0,0.0,0.0,1221760050.0,73936560.0,1295696610.0
2018-11-05,2760.0,3010.0,2735.0,2795.0,267185.0,-0.7104795737122558,0.0,0.0,753186615.0,12838705.0,0.0,0.0,688840740.0,77184580.0,766025320.0
2018-11-06,2795.0,3070.0,2795.0,2935.0,457658.0,5.008944543828265,0.0,1248900.0,1310684275.0,40627895.0,0.0,0.0,1296605935.0,55955135.0,1352561070.0
2018-11-07,2940.0,3095.0,2905.0,2965.0,357846.0,1.0221465076660987,0.0,0.0,1046656840.0,31560100.0,0.0,0.0,1055161295.0,23055645.0,1078216940.0
2018-11-08,3050.0,3060.0,2860.0,2880.0,147191.0,-2.866779089376054,0.0,0.0,424992935.0,6522980.0,0.0,58300.0,407687320.0,23770295.0,431515915.0
2018-11-09,2880.0,2910.0,2740.0,2900.0,78892.0,0.6944444444444444,0.0,0.0,209220410.0,12667150.0,0.0,0.0,214602295.0,7285265.0,221887560.0
2018-11-12,2915.0,2915.0,2810.0,2840.0,39354.0,-2.0689655172413794,0.0,0.0,112508440.0,0.0,0.0,1132000.0,104431340.0,6945100.0,112508440.0
2018-11-13,2745.0,2860.0,2705.0,2860.0,51201.0,0.7042253521126761,0.0,0.0,128838200.0,13851235.0,0.0,0.0,139339120.0,3350315.0,142689435.0
2018-11-14,2860.0,2985.0,2840.0,2850.0,147445.0,-0.34965034965034963,0.0,0.0,416600755.0,11707640.0,0.0,0.0,417196350.0,11112045.0,428308395.0
2018-11-15,2780.0,2880.0,2740.0,2810.0,46786.0,-1.4035087719298245,0.0,0.0,123445705.0,8013350.0,0.0,0.0,127747860.0,3711195.0,131459055.0
2018-11-16,2915.0,2915.0,2760.0,2795.0,47628.0,-0.5338078291814947,0.0,0.0,134364885.0,0.0,0.0,0.0,121437990.0,12926895.0,134364885.0
2018-11-19,2790.0,2840.0,2720.0,2755.0,56686.0,-1.4311270125223614,0.0,0.0,139891220.0,16908600.0,0.0,0.0,153312010.0,3487810.0,156799820.0
2018-11-20,2755.0,2755.0,2670.0,2695.0,20743.0,-2.1778584392014517,0.0,0.0,52186720.0,4003590.0,0.0,0.0,55477175.0,713135.0,56190310.0
2018-11-21,2685.0,2685.0,2510.0,2605.0,52508.0,-3.339517625231911,0.0,0.0,110714250.0,24829820.0,0.0,0.0,120974035.0,14570035.0,135544070.0
2018-11-22,2610.0,2615.0,2550.0,2555.0,34169.0,-1.9193857965451053,0.0,0.0,80858185.0,7506075.0,0.0,0.0,87297180.0,1067080.0,88364260.0
2018-11-23,2560.0,2685.0,2500.0,2565.0,49364.0,0.3913894324853229,0.0,0.0,117325730.0,11035945.0,0.0,0.0,110232160.0,18129515.0,128361675.0
2018-11-26,2570.0,2670.0,2480.0,2570.0,28044.0,0.1949317738791423,0.0,0.0,65552220.0,6371765.0,0.0,0.0,69776470.0,2147515.0,71923985.0
2018-11-27,2580.0,2630.0,2560.0,2570.0,17288.0,0.0,0.0,0.0,44514805.0,373375.0,0.0,0.0,42483135.0,2405045.0,44888180.0
2018-11-28,2580.0,2625.0,2555.0,2620.0,20076.0,1.9455252918287937,0.0,774000.0,50125945.0,1107585.0,0.0,0.0,48389410.0,3618120.0,52007530.0
2018-11-29,2620.0,3250.0,2620.0,3080.0,2254317.0,17.557251908396946,0.0,112415.0,6790249560.0,117997205.0,0.0,111625.0,6770664510.0,137583045.0,6908359180.0
2018-11-30,3000.0,3040.0,2760.0,2840.0,583914.0,-7.792207792207792,0.0,0.0,1630170415.0,54444240.0,0.0,0.0,1645004365.0,39610290.0,1684614655.0
2018-12-03,2875.0,2945.0,2795.0,2820.0,199596.0,-0.7042253521126761,0.0,0.0,565131185.0,4824180.0,0.0,0.0,550983910.0,18971455.0,569955365.0
2018-12-04,2845.0,3050.0,2770.0,2810.0,671591.0,-0.3546099290780142,0.0,737700.0,1895640255.0,81090200.0,0.0,209650.0,1928885465.0,48373040.0,1977468155.0
2018-12-05,2745.0,2850.0,2715.0,2770.0,100434.0,-1.4234875444839856,0.0,0.0,257179530.0,21669825.0,0.0,0.0,256301970.0,22547385.0,278849355.0
2018-12-06,2770.0,2795.0,2625.0,2625.0,92612.0,-5.234657039711191,0.0,0.0,246182700.0,2392035.0,0.0,802500.0,213154650.0,34617585.0,248574735.0
2018-12-07,2695.0,2695.0,2560.0,2620.0,67922.0,-0.19047619047619047,0.0,0.0,174739830.0,2879155.0,0.0,0.0,177307310.0,311675.0,177618985.0
2018-12-10,2600.0,2600.0,2495.0,2520.0,41259.0,-3.816793893129771,0.0,0.0,95752035.0,8939130.0,0.0,0.0,99789195.0,4901970.0,104691165.0
2018-12-11,2520.0,2560.0,2500.0,2515.0,20321.0,-0.1984126984126984,0.0,757500.0,49141425.0,1605480.0,0.0,0.0,47660465.0,3843940.0,51504405.0
2018-12-12,2520.0,2720.0,2520.0,2600.0,57269.0,3.3797216699801194,0.0,0.0,143737250.0,6600045.0,0.0,0.0,138047700.0,12289595.0,150337295.0
2018-12-13,2565.0,2680.0,2565.0,2660.0,33327.0,2.307692307692308,0.0,0.0,73749720.0,13682990.0,0.0,0.0,83007440.0,4425270.0,87432710.0
2018-12-14,2675.0,2675.0,2550.0,2600.0,37008.0,-2.2556390977443606,0.0,0.0,94454040.0,1436460.0,0.0,0.0,89859520.0,6030980.0,95890500.0
2018-12-17,2545.0,2625.0,2545.0,2620.0,31138.0,0.7692307692307693,0.0,0.0,67254170.0,13354905.0,0.0,0.0,78068875.0,2540200.0,80609075.0
2018-12-18,2560.0,2615.0,2545.0,2575.0,18392.0,-1.717557251908397,0.0,1042000.0,45041845.0,1556860.0,0.0,0.0,40737520.0,6903185.0,47640705.0
2018-12-19,2580.0,2695.0,2560.0,2670.0,41023.0,3.6893203883495143,0.0,0.0,97333045.0,10075640.0,0.0,0.0,94502535.0,12906150.0,107408685.0
2018-12-20,2630.0,2640.0,2560.0,2560.0,30814.0,-4.119850187265917,0.0,0.0,79899725.0,52200.0,0.0,0.0,76192855.0,3759070.0,79951925.0
2018-12-21,2545.0,2910.0,2530.0,2795.0,395291.0,9.1796875,0.0,0.0,1071799065.0,24449095.0,0.0,1026000.0,1060180930.0,35041230.0,1096248160.0
2018-12-24,2990.0,3380.0,2900.0,2900.0,1941905.0,3.7567084078711988,0.0,0.0,6037992925.0,121720245.0,0.0,1499700.0,6025174815.0,133038655.0,6159713170.0
2018-12-26,2760.0,2935.0,2700.0,2800.0,238402.0,-3.4482758620689653,0.0,0.0,626769710.0,42173580.0,0.0,0.0,641756525.0,27186765.0,668943290.0
2018-12-27,2895.0,3300.0,2785.0,3165.0,1283581.0,13.035714285714286,0.0,0.0,3936006705.0,97354580.0,0.0,0.0,3915334805.0,118026480.0,4033361285.0
2018-12-28,3330.0,4060.0,3190.0,3765.0,2466056.0,18.95734597156398,0.0,0.0,8978585730.0,160277765.0,0.0,0.0,9026682920.0,112180575.0,9138863495.0
2019-01-02,3955.0,4350.0,3880.0,3965.0,1339833.0,5.3120849933598935,0.0,0.0,5409885370.0,70853915.0,0.0,0.0,5335427340.0,145311945.0,5480739285.0
2019-01-03,3825.0,3965.0,3415.0,3450.0,1150164.0,-12.988650693568726,0.0,0.0,4040597535.0,166477525.0,0.0,0.0,4167410760.0,39664300.0,4207075060.0
2019-01-04,3540.0,3995.0,3350.0,3770.0,1242370.0,9.27536231884058,0.0,0.0,4519674490.0,80666045.0,0.0,0.0,4429353235.0,170987300.0,4600340535.0
2019-01-07,3650.0,3875.0,3500.0,3575.0,987904.0,-5.172413793103448,0.0,0.0,3512130555.0,113138645.0,0.0,0.0,3496097240.0,129171960.0,3625269200.0
2019-01-08,3575.0,3605.0,3220.0,3290.0,618024.0,-7.972027972027972,0.0,0.0,1981111605.0,88767240.0,0.0,0.0,2036987825.0,32891020.0,2069878845.0
2019-01-09,3345.0,3450.0,3250.0,3280.0,454220.0,-0.303951367781155,0.0,0.0,1460307265.0,60788160.0,0.0,0.0,1437050365.0,84045060.0,1521095425.0
2019-01-10,3270.0,3285.0,3120.0,3175.0,279848.0,-3.201219512195122,0.0,0.0,833098235.0,57766665.0,0.0,0.0,861559195.0,29305705.0,890864900.0
2019-01-11,3225.0,3330.0,3155.0,3170.0,233966.0,-0.15748031496062992,0.0,0.0,708649950.0,49265455.0,0.0,0.0,713991915.0,43923490.0,757915405.0
2019-01-14,3170.0,3415.0,3150.0,3300.0,402194.0,4.100946372239748,0.0,0.0,1210913310.0,109647760.0,0.0,0.0,1277821095.0,42739975.0,1320561070.0
2019-01-15,3335.0,3475.0,3305.0,3410.0,469403.0,3.3333333333333335,0.0,0.0,1498127375.0,93679025.0,0.0,0.0,1543777870.0,48028530.0,1591806400.0
2019-01-16,3415.0,3430.0,3285.0,3315.0,164012.0,-2.785923753665689,0.0,0.0,533099905.0,16983515.0,0.0,0.0,501553660.0,48529760.0,550083420.0
2019-01-17,3315.0,3400.0,3230.0,3280.0,119497.0,-1.0558069381598794,0.0,0.0,384279365.0,11122620.0,0.0,0.0,372783060.0,22618925.0,395401985.0
2019-01-18,3280.0,3425.0,3265.0,3300.0,196630.0,0.6097560975609756,0.0,0.0,615826285.0,38566050.0,0.0,0.0,611418695.0,42973640.0,654392335.0
2019-01-21,3395.0,3690.0,3330.0,3430.0,822904.0,3.939393939393939,0.0,0.0,2623527385.0,231608140.0,0.0,0.0,2788139100.0,66996425.0,2855135525.0
2019-01-22,3385.0,3665.0,3340.0,3470.0,402038.0,1.1661807580174928,0.0,0.0,1340795890.0,69471105.0,0.0,0.0,1349930255.0,60336740.0,1410266995.0
2019-01-23,3425.0,3650.0,3425.0,3430.0,261578.0,-1.1527377521613833,0.0,0.0,906047430.0,11756865.0,0.0,0.0,770199900.0,147604395.0,917804295.0
2019-01-24,3460.0,3510.0,3395.0,3435.0,117508.0,0.1457725947521866,0.0,0.0,405848210.0,412800.0,0.0,0.0,401240025.0,5020985.0,406261010.0
2019-01-25,3415.0,3465.0,3350.0,3385.0,145232.0,-1.455604075691412,0.0,0.0,492865440.0,1045420.0,0.0,0.0,490090655.0,3820205.0,493910860.0
2019-01-28,3385.0,3395.0,3225.0,3250.0,115415.0,-3.9881831610044314,0.0,0.0,379528765.0,1209375.0,0.0,0.0,379379615.0,1358525.0,380738140.0
2019-01-29,3285.0,3285.0,3180.0,3200.0,113996.0,-1.5384615384615385,0.0,0.0,362076880.0,3981645.0,0.0,0.0,365674505.0,384020.0,366058525.0
2019-01-30,3240.0,3250.0,3150.0,3215.0,189715.0,0.46875,0.0,0.0,606746360.0,16783900.0,0.0,0.0,619231380.0,4298880.0,623530260.0
2019-01-31,3615.0,4150.0,3390.0,3425.0,3312927.0,6.531881804043546,0.0,3970.0,12269231160.0,277207465.0,0.0,3790.0,12155862530.0,390576275.0,12546442595.0
2019-02-01,3425.0,3620.0,3370.0,3525.0,513324.0,2.9197080291970803,0.0,3600.0,1748628735.0,48443990.0,0.0,3485.0,1680083305.0,116989535.0,1797076325.0
2019-02-07,3525.0,3640.0,3405.0,3540.0,234239.0,0.425531914893617,0.0,1057000.0,702876715.0,117887625.0,0.0,0.0,816359270.0,5462070.0,821821340.0
2019-02-08,3505.0,4030.0,3440.0,3680.0,1338560.0,3.954802259887006,0.0,0.0,4955459335.0,120718095.0,0.0,0.0,4887996845.0,188180585.0,5076177430.0
2019-02-11,3655.0,3900.0,3560.0,3770.0,498663.0,2.4456521739130435,0.0,0.0,1817585730.0,66825195.0,0.0,1149500.0,1760384100.0,122877325.0,1884410925.0
2019-02-12,3705.0,3720.0,3570.0,3620.0,185647.0,-3.978779840848806,0.0,0.0,626910810.0,51412170.0,0.0,0.0,662992365.0,15330615.0,678322980.0
2019-02-13,3630.0,4230.0,3570.0,3870.0,2159949.0,6.906077348066299,0.0,38950.0,8496520660.0,131007340.0,0.0,41000.0,8443283810.0,184242140.0,8627566950.0
2019-02-14,3795.0,3855.0,3730.0,3745.0,289898.0,-3.229974160206718,0.0,0.0,1023884295.0,70832660.0,0.0,0.0,1092666020.0,2050935.0,1094716955.0
2019-02-15,3700.0,3920.0,3635.0,3745.0,422999.0,0.0,0.0,65350.0,1548619845.0,62344130.0,0.0,0.0,1529950230.0,81079095.0,1611029325.0
2019-02-18,3760.0,3900.0,3700.0,3770.0,221528.0,0.6675567423230975,0.0,823150.0,824594220.0,16361170.0,0.0,120390.0,800524225.0,41133925.0,841778540.0
2019-02-19,3820.0,3870.0,3725.0,3730.0,110604.0,-1.0610079575596816,0.0,0.0,413036685.0,3150915.0,0.0,0.0,380990825.0,35196775.0,416187600.0
2019-02-20,3710.0,3750.0,3630.0,3670.0,135966.0,-1.6085790884718498,0.0,54900.0,440197005.0,59185495.0,0.0,0.0,498994685.0,442715.0,499437400.0
2019-02-21,3670.0,3670.0,3565.0,3610.0,134235.0,-1.6348773841961852,0.0,722000.0,424221275.0,58331645.0,0.0,54375.0,477526150.0,5694395.0,483274920.0
2019-02-22,3610.0,3650.0,3510.0,3525.0,113898.0,-2.3545706371191137,0.0,0.0,380905450.0,23064790.0,0.0,0.0,385263975.0,18706265.0,403970240.0
2019-02-25,3540.0,3680.0,3510.0,3610.0,82225.0,2.4113475177304964,0.0,0.0,258987165.0,35060235.0,0.0,0.0,291095245.0,2952155.0,294047400.0
2019-02-26,3610.0,3615.0,3490.0,3500.0,104098.0,-3.0470914127423825,0.0,0.0,366036320.0,1354700.0,0.0,0.0,358282955.0,9108065.0,367391020.0
2019-02-27,3530.0,3595.0,3515.0,3535.0,36332.0,1.0,0.0,0.0,106003205.0,22727030.0,0.0,0.0,127151900.0,1578335.0,128730235.0
2019-02-28,3520.0,3585.0,3285.0,3350.0,150237.0,-5.233380480905233,0.0,0.0,488761020.0,26779055.0,0.0,0.0,429331220.0,86208855.0,515540075.0
2019-03-04,3325.0,3655.0,3325.0,3560.0,180975.0,6.26865671641791,0.0,0.0,601545430.0,38903720.0,0.0,0.0,610048235.0,30400915.0,640449150.0
2019-03-05,3550.0,3550.0,3460.0,3510.0,53737.0,-1.4044943820224718,0.0,3500.0,179611480.0,8196300.0,0.0,0.0,167410460.0,20400820.0,187811280.0
2019-03-06,3490.0,3540.0,3425.0,3440.0,49454.0,-1.9943019943019942,0.0,0.0,166870645.0,4401715.0,0.0,3455.0,157237220.0,14031685.0,171272360.0
2019-03-07,3450.0,3545.0,3370.0,3370.0,72506.0,-2.0348837209302326,0.0,0.0,249566260.0,764990.0,0.0,0.0,234385675.0,15945575.0,250331250.0
2019-03-08,3320.0,3460.0,3295.0,3400.0,65849.0,0.8902077151335311,0.0,0.0,206544740.0,16238790.0,0.0,0.0,214064400.0,8719130.0,222783530.0
2019-03-11,3370.0,3405.0,3275.0,3315.0,62140.0,-2.5,0.0,0.0,206050165.0,63745.0,0.0,0.0,194668640.0,11445270.0,206113910.0
2019-03-12,3325.0,3380.0,3305.0,3305.0,34160.0,-0.301659125188537,0.0,0.0,112135500.0,1954455.0,0.0,0.0,103373125.0,10716830.0,114089955.0
2019-03-13,3305.0,3320.0,3170.0,3185.0,90434.0,-3.6308623298033282,0.0,650000.0,288376910.0,1488720.0,0.0,0.0,270183840.0,20331790.0,290515630.0
2019-03-14,3215.0,3340.0,3205.0,3290.0,49460.0,3.296703296703297,0.0,0.0,130814780.0,31465690.0,0.0,0.0,157527215.0,4753255.0,162280470.0
2019-03-15,3300.0,3310.0,3180.0,3235.0,78648.0,-1.6717325227963524,0.0,0.0,247884465.0,5868050.0,0.0,0.0,208830510.0,44922005.0,253752515.0
2019-03-18,3250.0,3280.0,3210.0,3265.0,53514.0,0.9273570324574961,0.0,0.0,138462350.0,35417900.0,0.0,0.0,172323770.0,1556480.0,173880250.0
2019-03-19,3265.0,3415.0,3255.0,3350.0,122008.0,2.6033690658499236,0.0,130000.0,400090785.0,8330210.0,0.0,86775.0,391092395.0,17371825.0,408550995.0
2019-03-20,3390.0,3390.0,3170.0,3240.0,130861.0,-3.2835820895522385,0.0,0.0,390782185.0,30899585.0,0.0,42835.0,377344575.0,44294360.0,421681770.0
2019-03-21,3240.0,3755.0,3235.0,3315.0,1125291.0,2.314814814814815,0.0,0.0,3956418950.0,37027955.0,0.0,0.0,3920570115.0,72876790.0,3993446905.0
2019-03-22,3365.0,3445.0,3315.0,3390.0,112495.0,2.262443438914027,0.0,0.0,349006795.0,29572340.0,0.0,0.0,364274195.0,14304940.0,378579135.0
2019-03-25,3380.0,3380.0,3230.0,3300.0,77816.0,-2.6548672566371683,0.0,0.0,198413890.0,57166830.0,0.0,0.0,230600930.0,24979790.0,255580720.0
2019-03-26,3300.0,3350.0,3265.0,3300.0,34137.0,0.0,0.0,0.0,106924335.0,5718505.0,0.0,0.0,108914305.0,3728535.0,112642840.0
2019-03-27,3300.0,3330.0,3250.0,3275.0,39931.0,-0.7575757575757576,0.0,0.0,122497275.0,8275395.0,0.0,1968000.0,119014000.0,9790670.0,130772670.0
2019-03-28,3200.0,3260.0,3200.0,3215.0,60379.0,-1.8320610687022902,0.0,0.0,191001105.0,3518760.0,0.0,0.0,145408545.0,49111320.0,194519865.0
2019-03-29,3215.0,3270.0,3195.0,3270.0,38587.0,1.7107309486780715,0.0,0.0,115330730.0,9144015.0,0.0,0.0,124362570.0,112175.0,124474745.0
2019-04-01,3255.0,3460.0,3255.0,3370.0,91261.0,3.058103975535168,0.0,37250.0,266035310.0,42629135.0,0.0,0.0,298615570.0,10086125.0,308701695.0
2019-04-02,3410.0,3410.0,3355.0,3355.0,17209.0,-0.44510385756676557,0.0,0.0,54633535.0,3429615.0,0.0,37070.0,56071080.0,1955000.0,58063150.0
2019-04-03,3340.0,3450.0,3340.0,3415.0,69537.0,1.7883755588673622,0.0,0.0,217038110.0,19130980.0,0.0,0.0,236080300.0,88790.0,236169090.0
2019-04-04,3410.0,3410.0,3320.0,3345.0,39082.0,-2.049780380673499,0.0,0.0,130540995.0,585255.0,0.0,0.0,122899770.0,8226480.0,131126250.0
2019-04-05,3370.0,3390.0,3305.0,3375.0,19944.0,0.8968609865470852,0.0,0.0,57373785.0,9578835.0,0.0,0.0,66945855.0,6765.0,66952620.0
2019-04-08,3400.0,3450.0,3345.0,3360.0,51891.0,-0.4444444444444444,0.0,3400000.0,168994450.0,3451275.0,0.0,0.0,154251850.0,21593875.0,175845725.0
2019-04-09,3365.0,3380.0,3345.0,3360.0,17060.0,0.0,0.0,0.0,56573285.0,748140.0,0.0,0.0,53807310.0,3514115.0,57321425.0
2019-04-10,3370.0,3395.0,3340.0,3365.0,30007.0,0.1488095238095238,0.0,0.0,98900785.0,1836655.0,0.0,0.0,93338305.0,7399135.0,100737440.0
2019-04-11,3370.0,3455.0,3355.0,3385.0,97844.0,0.5943536404160475,0.0,0.0,309466100.0,22960930.0,0.0,0.0,320125890.0,12301140.0,332427030.0
2019-04-12,3390.0,3390.0,3340.0,3365.0,70760.0,-0.5908419497784343,0.0,0.0,215034320.0,22372120.0,0.0,0.0,236960280.0,446160.0,237406440.0
2019-04-15,3375.0,3690.0,3375.0,3570.0,654054.0,6.092124814264487,0.0,0.0,2249695400.0,76159875.0,0.0,0.0,2250423095.0,75432180.0,2325855275.0
2019-04-16,3565.0,3570.0,3460.0,3560.0,132312.0,-0.2801120448179272,0.0,403075.0,457276600.0,5547105.0,0.0,0.0,439500940.0,23725840.0,463226780.0
2019-04-17,3595.0,4190.0,3595.0,4000.0,3459652.0,12.359550561797752,0.0,7434280.0,13598516185.0,231308600.0,0.0,0.0,13526720105.0,310538960.0,13837259065.0
2019-04-18,3840.0,3840.0,3560.0,3650.0,549499.0,-8.75,0.0,100940.0,1975216580.0,47678145.0,0.0,527855.0,1983427195.0,39040615.0,2022995665.0
2019-04-19,3610.0,3970.0,3610.0,3650.0,680566.0,0.0,0.0,14640.0,2485905275.0,74480680.0,0.0,0.0,2466391730.0,94008865.0,2560400595.0
2019-04-22,3685.0,3925.0,3655.0,3660.0,400243.0,0.273972602739726,0.0,19652600.0,1443054525.0,49139595.0,0.0,0.0,1478768985.0,33077735.0,1511846720.0
2019-04-23,3675.0,3715.0,3570.0,3640.0,140513.0,-0.546448087431694,0.0,3660.0,464422355.0,47770750.0,0.0,0.0,494377290.0,17819475.0,512196765.0
2019-04-24,3695.0,3695.0,3480.0,3480.0,181989.0,-4.395604395604396,0.0,10800.0,620440875.0,25734030.0,0.0,0.0,599660805.0,46524900.0,646185705.0
2019-04-25,3510.0,3545.0,3370.0,3380.0,143765.0,-2.8735632183908044,0.0,6940.0,423284450.0,67564975.0,0.0,0.0,484359265.0,6497100.0,490856365.0
2019-04-26,3380.0,3415.0,3315.0,3375.0,56755.0,-0.14792899408284024,0.0,3350.0,182645210.0,8325090.0,0.0,0.0,168343150.0,22630500.0,190973650.0
2019-04-29,3420.0,3450.0,3370.0,3440.0,38127.0,1.925925925925926,0.0,3453480.0,116998590.0,9582495.0,0.0,1021500.0,121235680.0,7777385.0,130034565.0
2019-04-30,3480.0,3485.0,3380.0,3410.0,42813.0,-0.872093023255814,0.0,3420.0,145851135.0,0.0,0.0,0.0,132871505.0,12983050.0,145854555.0
2019-05-02,3410.0,3460.0,3360.0,3455.0,72647.0,1.3196480938416422,0.0,568685.0,205393900.0,41953495.0,0.0,0.0,242521855.0,5394225.0,247916080.0
2019-05-03,3460.0,3610.0,3455.0,3510.0,71664.0,1.5918958031837915,0.0,0.0,230763185.0,21700340.0,0.0,0.0,226342350.0,26121175.0,252463525.0
2019-05-07,3410.0,3505.0,3410.0,3445.0,46905.0,-1.8518518518518516,0.0,58565.0,144929285.0,17506850.0,0.0,3470340.0,157966890.0,1057470.0,162494700.0
2019-05-08,3400.0,3735.0,3395.0,3670.0,249141.0,6.531204644412192,0.0,0.0,853662940.0,41932555.0,0.0,2032550.0,848998460.0,44564485.0,895595495.0
2019-05-09,3590.0,3590.0,3420.0,3485.0,121385.0,-5.040871934604905,0.0,319935.0,398770105.0,26946140.0,0.0,3490000.0,380465695.0,42080485.0,426036180.0
2019-05-10,3450.0,3500.0,3425.0,3490.0,45995.0,0.1434720229555237,0.0,1466475.0,143676845.0,13943195.0,0.0,135075.0,153325020.0,5626420.0,159086515.0
2019-05-13,3490.0,3525.0,3435.0,3465.0,28378.0,-0.7163323782234957,0.0,424560.0,98404235.0,0.0,0.0,0.0,89457750.0,9371045.0,98828795.0
2019-05-14,3400.0,3450.0,3385.0,3385.0,62359.0,-2.3088023088023086,0.0,71085.0,198094785.0,14135510.0,0.0,1354000.0,208581215.0,2366165.0,212301380.0
2019-05-15,3415.0,3705.0,3415.0,3550.0,447942.0,4.874446085672083,0.0,60945.0,1532563415.0,64510500.0,0.0,15947000.0,1530224610.0,50963250.0,1597134860.0
2019-05-16,3470.0,3545.0,3450.0,3475.0,88435.0,-2.112676056338028,0.0,0.0,297020165.0,10498725.0,0.0,59500.0,302669865.0,4789525.0,307518890.0
2019-05-17,3555.0,3555.0,3470.0,3470.0,43908.0,-0.14388489208633093,0.0,1433195.0,141621075.0,10863990.0,0.0,0.0,146346040.0,7572220.0,153918260.0
2019-05-20,3630.0,3720.0,3510.0,3635.0,803856.0,4.755043227665706,0.0,0.0,2867635155.0,53966215.0,0.0,29040.0,2838896065.0,82676265.0,2921601370.0
2019-05-21,3560.0,3680.0,3545.0,3585.0,169339.0,-1.3755158184319118,0.0,1065000.0,590976390.0,14168235.0,0.0,206340.0,588476270.0,17527015.0,606209625.0
2019-05-22,3495.0,3505.0,3430.0,3470.0,220337.0,-3.2078103207810322,0.0,6955280.0,728249535.0,27443280.0,0.0,0.0,760537430.0,2110665.0,762648095.0
2019-05-23,3445.0,3480.0,3400.0,3470.0,52170.0,0.0,0.0,0.0,174018450.0,4810375.0,0.0,41160.0,177850665.0,937000.0,178828825.0
2019-05-24,3470.0,3490.0,3440.0,3490.0,44186.0,0.5763688760806917,0.0,0.0,152395395.0,950420.0,0.0,0.0,145503525.0,7842290.0,153345815.0
2019-05-27,3500.0,3500.0,3395.0,3430.0,33580.0,-1.7191977077363898,0.0,0.0,111782340.0,3809720.0,0.0,34850.0,108291165.0,7266045.0,115592060.0
2019-05-28,3410.0,3585.0,3410.0,3510.0,42122.0,2.3323615160349855,0.0,0.0,136210650.0,10797270.0,0.0,24220.0,141579375.0,5404325.0,147007920.0
2019-05-29,3500.0,3520.0,3425.0,3425.0,29078.0,-2.4216524216524213,0.0,0.0,95030935.0,5370225.0,0.0,2434250.0,73233800.0,24733110.0,100401160.0
2019-05-30,3430.0,3570.0,3385.0,3465.0,89978.0,1.167883211678832,0.0,27320.0,287490670.0,23342590.0,0.0,0.0,273018860.0,37841720.0,310860580.0
2019-05-31,3465.0,3545.0,3420.0,3490.0,70660.0,0.7215007215007215,0.0,0.0,206601545.0,41899300.0,0.0,41400.0,233038300.0,15421145.0,248500845.0
2019-06-03,3490.0,3490.0,3425.0,3455.0,31024.0,-1.002865329512894,0.0,0.0,90241265.0,16677510.0,0.0,51825.0,100760035.0,6106915.0,106918775.0
2019-06-04,3455.0,3480.0,3450.0,3450.0,26388.0,-0.1447178002894356,0.0,0.0,76152430.0,15274855.0,0.0,0.0,89733810.0,1693475.0,91427285.0
2019-06-05,3525.0,3525.0,3430.0,3430.0,34024.0,-0.5797101449275363,0.0,0.0,101612205.0,16019830.0,0.0,0.0,114747415.0,2884620.0,117632035.0
2019-06-07,3450.0,3490.0,3420.0,3420.0,36283.0,-0.2915451895043732,0.0,0.0,109371800.0,15764165.0,0.0,0.0,116949920.0,8186045.0,125135965.0
2019-06-10,3455.0,3455.0,3415.0,3425.0,30027.0,0.14619883040935672,0.0,0.0,86581075.0,16342990.0,0.0,0.0,102035650.0,888415.0,102924065.0
2019-06-11,3435.0,3515.0,3435.0,3490.0,41949.0,1.897810218978102,0.0,0.0,116570625.0,29281935.0,0.0,7037950.0,138709760.0,104850.0,145852560.0
2019-06-12,3465.0,3520.0,3445.0,3500.0,35077.0,0.28653295128939826,0.0,0.0,110715070.0,11612660.0,0.0,0.0,116200615.0,6127115.0,122327730.0
2019-06-13,3510.0,3510.0,3440.0,3455.0,56789.0,-1.2857142857142856,0.0,0.0,169095055.0,27400530.0,0.0,27960.0,185743650.0,10723975.0,196495585.0
2019-06-14,3455.0,3470.0,3430.0,3440.0,19178.0,-0.43415340086830684,0.0,48300.0,61886730.0,4072265.0,0.0,0.0,55151720.0,10855575.0,66007295.0
2019-06-17,3440.0,3495.0,3430.0,3465.0,51825.0,0.7267441860465116,0.0,0.0,142211090.0,37127120.0,0.0,24220.0,145899645.0,33414345.0,179338210.0
2019-06-18,3460.0,3480.0,3420.0,3425.0,24117.0,-1.1544011544011543,0.0,1572840.0,77175115.0,4225145.0,0.0,0.0,56398845.0,26574255.0,82973100.0
2019-06-19,3425.0,3480.0,3420.0,3420.0,54883.0,-0.145985401459854,0.0,321905.0,149156965.0,39176340.0,0.0,1301865.0,179494480.0,7858865.0,188655210.0
2019-06-20,3435.0,3465.0,3425.0,3445.0,24103.0,0.7309941520467835,0.0,1717500.0,63851350.0,17400530.0,0.0,0.0,82522120.0,447260.0,82969380.0
2019-06-21,3450.0,3570.0,3425.0,3490.0,78822.0,1.3062409288824384,0.0,0.0,230191230.0,46007080.0,0.0,0.0,266313625.0,9884685.0,276198310.0
2019-06-24,3480.0,3600.0,3480.0,3600.0,170337.0,3.151862464183381,0.0,1053000.0,496791720.0,109993245.0,0.0,0.0,597742060.0,10095905.0,607837965.0
2019-06-25,3620.0,3640.0,3505.0,3525.0,85095.0,-2.083333333333333,0.0,0.0,287075180.0,14982305.0,0.0,289050.0,246787975.0,54980460.0,302057485.0
2019-06-26,3520.0,3525.0,3440.0,3480.0,44935.0,-1.276595744680851,0.0,2782000.0,146720220.0,6563535.0,0.0,0.0,129163450.0,26902305.0,156065755.0
2019-06-27,3450.0,3515.0,3430.0,3430.0,49856.0,-1.4367816091954022,0.0,7297000.0,154184645.0,10803645.0,0.0,0.0,131007485.0,41277805.0,172285290.0
2019-06-28,3440.0,3445.0,3380.0,3405.0,35974.0,-0.7288629737609329,0.0,0.0,120382345.0,2234415.0,0.0,0.0,83073550.0,39543210.0,122616760.0
2019-07-01,3420.0,3430.0,3385.0,3415.0,24263.0,0.2936857562408223,0.0,0.0,72767675.0,9758000.0,0.0,0.0,78505400.0,4020275.0,82525675.0
2019-07-02,3440.0,3440.0,3380.0,3405.0,39675.0,-0.29282576866764276,0.0,340500.0,133551330.0,687190.0,0.0,0.0,117979845.0,16599175.0,134579020.0
2019-07-03,3420.0,3420.0,3305.0,3325.0,65754.0,-2.3494860499265786,0.0,0.0,216965545.0,3486655.0,0.0,0.0,183291395.0,37160805.0,220452200.0
2019-07-04,3320.0,3325.0,3225.0,3275.0,31410.0,-1.5037593984962405,0.0,0.0,99785695.0,3073915.0,0.0,4897650.0,82011025.0,15950935.0,102859610.0
2019-07-05,3260.0,3290.0,3235.0,3270.0,26240.0,-0.15267175572519084,0.0,0.0,81901785.0,3590640.0,0.0,0.0,78976045.0,6516380.0,85492425.0
2019-07-08,3270.0,3280.0,3000.0,3070.0,56517.0,-6.116207951070336,0.0,0.0,174845190.0,3064650.0,0.0,1611290.0,157539715.0,18758835.0,177909840.0
2019-07-09,3020.0,3110.0,3005.0,3030.0,28351.0,-1.3029315960912053,0.0,0.0,76249545.0,9857335.0,0.0,0.0,81445910.0,4660970.0,86106880.0
2019-07-10,3000.0,3115.0,3000.0,3115.0,23219.0,2.8052805280528053,0.0,0.0,67700780.0,3798990.0,0.0,0.0,66918765.0,4581005.0,71499770.0
2019-07-11,3130.0,3240.0,3100.0,3135.0,51954.0,0.6420545746388443,0.0,0.0,149992470.0,13214495.0,0.0,0.0,144975025.0,18231940.0,163206965.0
2019-07-12,3180.0,3180.0,3090.0,3100.0,20426.0,-1.1164274322169059,0.0,0.0,63577370.0,30950.0,0.0,0.0,61875170.0,1733150.0,63608320.0
2019-07-15,3110.0,3170.0,3080.0,3115.0,29296.0,0.4838709677419355,0.0,0.0,77698900.0,13401090.0,0.0,0.0,73453815.0,17646175.0,91099990.0
2019-07-16,3030.0,3115.0,3030.0,3060.0,28392.0,-1.7656500802568218,32592600.0,0.0,52973600.0,1631615.0,0.0,0.0,84471160.0,2726655.0,87197815.0
2019-07-17,3070.0,3070.0,3025.0,3040.0,21287.0,-0.6535947712418301,15601495.0,0.0,48313605.0,776185.0,0.0,0.0,55847460.0,8843825.0,64691285.0
2019-07-18,3015.0,3300.0,3010.0,3100.0,184645.0,1.9736842105263157,691370.0,0.0,566202185.0,21184500.0,9141495.0,0.0,489709830.0,89226730.0,588078055.0
2019-07-19,3080.0,3110.0,2980.0,3100.0,36748.0,0.0,10537400.0,0.0,95109280.0,7030605.0,0.0,0.0,110430395.0,2246890.0,112677285.0
2019-07-22,3100.0,3100.0,3040.0,3085.0,5796.0,-0.4838709677419355,0.0,0.0,17197605.0,595395.0,0.0,0.0,17592625.0,200375.0,17793000.0
2019-07-23,3085.0,3105.0,3060.0,3075.0,13421.0,-0.3241491085899514,0.0,0.0,40844365.0,465120.0,0.0,0.0,39323245.0,1986240.0,41309485.0
2019-07-24,3050.0,3090.0,3005.0,3040.0,24451.0,-1.1382113821138211,0.0,0.0,72851560.0,1384530.0,0.0,0.0,62182345.0,12053745.0,74236090.0
2019-07-25,3040.0,3040.0,2940.0,2960.0,27293.0,-2.631578947368421,3932510.0,0.0,75914210.0,1323495.0,0.0,0.0,73703155.0,7467060.0,81170215.0
2019-07-26,2980.0,2980.0,2855.0,2870.0,31209.0,-3.040540540540541,0.0,14763320.0,74145240.0,944270.0,0.0,0.0,79837990.0,10014840.0,89852830.0
2019-07-29,2890.0,2900.0,2730.0,2730.0,25792.0,-4.878048780487805,6560955.0,0.0,61639100.0,4324170.0,0.0,0.0,68074405.0,4449820.0,72524225.0
2019-07-30,2745.0,2800.0,2735.0,2785.0,22745.0,2.0146520146520146,0.0,0.0,51297670.0,11770825.0,0.0,0.0,62929245.0,139250.0,63068495.0
2019-07-31,2710.0,2805.0,2700.0,2755.0,18967.0,-1.0771992818671454,2770.0,0.0,43656460.0,8550885.0,0.0,0.0,48556840.0,3653275.0,52210115.0
2019-08-01,2760.0,2900.0,2750.0,2810.0,18428.0,1.9963702359346642,0.0,142165.0,50536420.0,1261930.0,3387750.0,0.0,44919290.0,3633475.0,51940515.0
2019-08-02,2770.0,2800.0,2725.0,2790.0,4588.0,-0.7117437722419928,0.0,85575.0,12158825.0,381325.0,0.0,0.0,10026740.0,2598985.0,12625725.0
2019-08-05,2760.0,2760.0,2525.0,2525.0,40742.0,-9.498207885304659,0.0,126500.0,102322455.0,4118220.0,0.0,222235.0,98991555.0,7353385.0,106567175.0
2019-08-06,2300.0,2570.0,2300.0,2485.0,93524.0,-1.5841584158415842,14276715.0,1487570.0,193781275.0,15675990.0,0.0,413030.0,222206420.0,2602100.0,225221550.0
2019-08-07,2435.0,2585.0,2435.0,2535.0,39325.0,2.0120724346076457,0.0,194020.0,88738750.0,9275790.0,2206940.0,141615.0,93420690.0,2439315.0,98208560.0
2019-08-08,2500.0,2625.0,2500.0,2605.0,20990.0,2.7613412228796843,0.0,0.0,51102390.0,3472225.0,3815240.0,51200.0,48416860.0,2291315.0,54574615.0
2019-08-09,2620.0,2700.0,2555.0,2615.0,41344.0,0.3838771593090211,1684315.0,55335.0,101620435.0,5304475.0,0.0,0.0,104961250.0,3703310.0,108664560.0
2019-08-12,2600.0,2605.0,2520.0,2595.0,11827.0,-0.7648183556405354,0.0,0.0,27328050.0,3093620.0,0.0,1349255.0,29069825.0,2590.0,30421670.0
2019-08-13,2570.0,2605.0,2550.0,2565.0,8339.0,-1.1560693641618496,0.0,0.0,19979020.0,1418745.0,0.0,0.0,21045650.0,352115.0,21397765.0
2019-08-14,2575.0,2695.0,2575.0,2585.0,19970.0,0.7797270955165692,0.0,0.0,52318260.0,360235.0,0.0,0.0,49214710.0,3463785.0,52678495.0
2019-08-16,2535.0,2535.0,2490.0,2525.0,11313.0,-2.321083172147002,2420170.0,0.0,24657055.0,1311160.0,0.0,0.0,26995500.0,1392885.0,28388385.0
2019-08-19,2550.0,2600.0,2510.0,2540.0,11019.0,0.594059405940594,0.0,0.0,25142755.0,2914525.0,0.0,0.0,28044355.0,12925.0,28057280.0
2019-08-20,2580.0,2710.0,2560.0,2645.0,26291.0,4.133858267716536,0.0,0.0,66425560.0,2774260.0,148120.0,0.0,67881350.0,1170350.0,69199820.0
2019-08-21,2640.0,2685.0,2640.0,2685.0,11629.0,1.5122873345935728,0.0,0.0,30132300.0,770690.0,4520455.0,0.0,25798790.0,583745.0,30902990.0
2019-08-22,2695.0,2715.0,2660.0,2700.0,28971.0,0.5586592178770949,0.0,0.0,76803805.0,1227165.0,0.0,0.0,74390425.0,3640545.0,78030970.0
2019-08-23,2725.0,2800.0,2685.0,2685.0,17279.0,-0.5555555555555556,0.0,0.0,46749750.0,29810.0,8250735.0,0.0,36486155.0,2042670.0,46779560.0
2019-08-26,2640.0,2640.0,2605.0,2630.0,10874.0,-2.0484171322160147,0.0,0.0,28001235.0,497050.0,0.0,0.0,25909540.0,2588745.0,28498285.0
2019-08-27,2600.0,2730.0,2600.0,2665.0,6130.0,1.3307984790874523,6289425.0,0.0,10033040.0,103275.0,0.0,2670880.0,11955470.0,1799390.0,16425740.0
2019-08-28,2680.0,2695.0,2660.0,2660.0,10534.0,-0.18761726078799248,0.0,0.0,27675900.0,494520.0,2212090.0,0.0,24176570.0,1781760.0,28170420.0
2019-08-29,2670.0,2685.0,2505.0,2620.0,8911.0,-1.5037593984962405,0.0,0.0,22327255.0,983565.0,0.0,0.0,21739455.0,1571365.0,23310820.0
2019-08-30,2620.0,2710.0,2620.0,2710.0,4391.0,3.435114503816794,0.0,0.0,11132980.0,649270.0,0.0,0.0,11782250.0,0.0,11782250.0
2019-09-02,2715.0,2740.0,2695.0,2740.0,10054.0,1.107011070110701,0.0,0.0,25797710.0,1501455.0,0.0,0.0,27299165.0,0.0,27299165.0
2019-09-03,2740.0,2765.0,2710.0,2760.0,8229.0,0.7299270072992701,0.0,0.0,22185680.0,386925.0,0.0,0.0,20755845.0,1816760.0,22572605.0
2019-09-04,2745.0,2755.0,2715.0,2740.0,10387.0,-0.7246376811594203,0.0,0.0,27075515.0,1246405.0,0.0,0.0,28321920.0,0.0,28321920.0
2019-09-05,2700.0,3090.0,2700.0,2805.0,189193.0,2.3722627737226274,0.0,0.0,543587030.0,5492240.0,10510295.0,0.0,520525015.0,18043960.0,549079270.0
2019-09-06,2790.0,2885.0,2730.0,2810.0,13899.0,0.17825311942959002,2445810.0,38990.0,33937485.0,2410010.0,0.0,0.0,37694105.0,1138190.0,38832295.0
2019-09-09,2800.0,2840.0,2720.0,2755.0,13918.0,-1.9572953736654803,0.0,0.0,38093905.0,396650.0,0.0,0.0,37098655.0,1391900.0,38490555.0
2019-09-10,2715.0,2785.0,2715.0,2745.0,8150.0,-0.3629764065335753,0.0,0.0,19431900.0,3100410.0,0.0,0.0,22529530.0,2780.0,22532310.0
2019-09-11,2750.0,2840.0,2745.0,2745.0,15628.0,0.0,0.0,0.0,40891160.0,2761970.0,0.0,0.0,43479800.0,173330.0,43653130.0
2019-09-16,2745.0,2855.0,2745.0,2850.0,20820.0,3.825136612021858,2850.0,0.0,54942360.0,4000790.0,0.0,0.0,55517740.0,3428260.0,58946000.0
2019-09-17,2860.0,2865.0,2780.0,2860.0,12504.0,0.3508771929824561,0.0,0.0,32890730.0,2732775.0,0.0,0.0,34777930.0,845575.0,35623505.0
2019-09-18,2850.0,2870.0,2840.0,2865.0,7619.0,0.17482517482517482,0.0,0.0,20353660.0,1381660.0,0.0,0.0,21097780.0,637540.0,21735320.0
2019-09-19,2850.0,2870.0,2840.0,2840.0,6835.0,-0.8726003490401396,0.0,0.0,18543810.0,937665.0,0.0,0.0,15687980.0,3793495.0,19481475.0
2019-09-20,2850.0,2890.0,2830.0,2865.0,14785.0,0.8802816901408451,0.0,0.0,40361655.0,1774975.0,0.0,0.0,40141390.0,1995240.0,42136630.0
2019-09-23,2865.0,2900.0,2820.0,2900.0,15956.0,1.2216404886561953,0.0,0.0,45114620.0,480790.0,0.0,0.0,41495630.0,4099780.0,45595410.0
2019-09-24,2915.0,2945.0,2915.0,2925.0,12812.0,0.8620689655172413,0.0,41120.0,36371700.0,1136765.0,0.0,0.0,34211415.0,3338170.0,37549585.0
2019-09-25,2920.0,2925.0,2820.0,2840.0,10048.0,-2.905982905982906,0.0,0.0,27315330.0,1372410.0,0.0,0.0,27702965.0,984775.0,28687740.0
2019-09-26,2840.0,2860.0,2800.0,2855.0,9472.0,0.528169014084507,0.0,0.0,24609195.0,2229750.0,0.0,0.0,24357170.0,2481775.0,26838945.0
2019-09-27,2850.0,2850.0,2775.0,2820.0,11711.0,-1.2259194395796849,0.0,0.0,32220575.0,570025.0,0.0,39550.0,28176395.0,4574655.0,32790600.0
2019-09-30,2820.0,2840.0,2760.0,2770.0,4306.0,-1.773049645390071,0.0,0.0,11996760.0,22120.0,0.0,0.0,10915800.0,1103080.0,12018880.0
2019-10-01,2770.0,2810.0,2750.0,2795.0,13285.0,0.9025270758122743,0.0,0.0,35879650.0,940500.0,0.0,0.0,36222785.0,597365.0,36820150.0
2019-10-02,2755.0,2800.0,2755.0,2760.0,2199.0,-1.2522361359570662,0.0,0.0,6099635.0,8295.0,0.0,0.0,5543995.0,563935.0,6107930.0
2019-10-04,2785.0,2800.0,2700.0,2765.0,19342.0,0.18115942028985507,0.0,0.0,48851465.0,3889925.0,0.0,0.0,50530090.0,2211300.0,52741390.0
2019-10-07,2795.0,2795.0,2720.0,2750.0,5317.0,-0.5424954792043399,0.0,0.0,14245330.0,340800.0,0.0,0.0,8510380.0,6075750.0,14586130.0
2019-10-08,2750.0,2750.0,2685.0,2720.0,12023.0,-1.090909090909091,0.0,0.0,30962820.0,1535215.0,0.0,0.0,25752720.0,6745315.0,32498035.0
2019-10-10,2710.0,2710.0,2600.0,2700.0,14414.0,-0.7352941176470588,0.0,0.0,38509255.0,0.0,0.0,0.0,32291825.0,6217430.0,38509255.0
2019-10-11,2645.0,2770.0,2630.0,2695.0,23261.0,-0.1851851851851852,0.0,0.0,61060085.0,1263520.0,0.0,0.0,58091705.0,4231900.0,62323605.0
2019-10-14,2655.0,2745.0,2655.0,2730.0,7680.0,1.2987012987012987,0.0,0.0,20838300.0,0.0,0.0,0.0,17020955.0,3817345.0,20838300.0
2019-10-15,2730.0,2765.0,2710.0,2750.0,9028.0,0.7326007326007326,0.0,0.0,24612745.0,0.0,0.0,0.0,20873795.0,3738950.0,24612745.0
2019-10-16,2790.0,2805.0,2750.0,2765.0,13523.0,0.5454545454545455,0.0,0.0,37186620.0,240990.0,0.0,0.0,34084195.0,3343415.0,37427610.0
2019-10-17,2760.0,2775.0,2730.0,2730.0,10030.0,-1.2658227848101267,0.0,0.0,27265035.0,257580.0,0.0,0.0,19810745.0,7711870.0,27522615.0
2019-10-18,2730.0,2760.0,2710.0,2730.0,6359.0,0.0,0.0,0.0,15544870.0,1805475.0,0.0,0.0,14870725.0,2479620.0,17350345.0
2019-10-21,2735.0,2770.0,2730.0,2755.0,9019.0,0.9157509157509158,0.0,0.0,24778290.0,0.0,0.0,0.0,21322760.0,3455530.0,24778290.0
2019-10-22,2775.0,2775.0,2705.0,2750.0,7577.0,-0.18148820326678766,0.0,0.0,20178500.0,533290.0,0.0,0.0,18478365.0,2233425.0,20711790.0
2019-10-23,2740.0,2760.0,2680.0,2680.0,9669.0,-2.5454545454545454,0.0,0.0,24480675.0,1778855.0,0.0,0.0,24356935.0,1902595.0,26259530.0
2019-10-24,2705.0,2705.0,2630.0,2665.0,6980.0,-0.5597014925373134,0.0,0.0,18345125.0,279075.0,0.0,0.0,16756380.0,1867820.0,18624200.0
2019-10-25,2665.0,2690.0,2620.0,2650.0,6671.0,-0.5628517823639775,0.0,0.0,17398550.0,211320.0,0.0,0.0,15672755.0,1937115.0,17609870.0
2019-10-28,2620.0,2670.0,2600.0,2650.0,14928.0,0.0,0.0,0.0,39331345.0,128870.0,0.0,0.0,36144775.0,3315440.0,39460215.0
2019-10-29,2625.0,2715.0,2600.0,2635.0,17818.0,-0.5660377358490566,4789285.0,0.0,40698600.0,1269860.0,0.0,0.0,42292530.0,4465215.0,46757745.0
2019-10-30,2645.0,2645.0,2615.0,2625.0,2979.0,-0.3795066413662239,0.0,0.0,7820100.0,0.0,0.0,0.0,5765650.0,2054450.0,7820100.0
2019-10-31,2640.0,2640.0,2610.0,2630.0,15126.0,0.19047619047619047,0.0,0.0,39574415.0,0.0,0.0,0.0,37906320.0,1668095.0,39574415.0
2019-11-01,2630.0,2630.0,2570.0,2610.0,14599.0,-0.7604562737642585,0.0,0.0,37792745.0,0.0,0.0,0.0,37629260.0,163485.0,37792745.0
2019-11-04,2610.0,2870.0,2610.0,2790.0,66218.0,6.896551724137931,0.0,0.0,175866815.0,6531610.0,0.0,0.0,179284350.0,3114075.0,182398425.0
2019-11-05,2890.0,2890.0,2730.0,2755.0,33727.0,-1.2544802867383513,0.0,0.0,90791630.0,3535830.0,0.0,0.0,88867505.0,5459955.0,94327460.0
2019-11-06,2765.0,2785.0,2720.0,2750.0,5718.0,-0.18148820326678766,0.0,0.0,15789915.0,0.0,0.0,0.0,15609740.0,180175.0,15789915.0
2019-11-07,2700.0,2740.0,2700.0,2730.0,8065.0,-0.7272727272727273,0.0,0.0,20010440.0,1839465.0,0.0,0.0,21814285.0,35620.0,21849905.0
2019-11-08,2740.0,2800.0,2730.0,2780.0,13934.0,1.8315018315018317,0.0,0.0,38278675.0,402320.0,0.0,0.0,38678230.0,2765.0,38680995.0
2019-11-11,2780.0,2810.0,2700.0,2800.0,18161.0,0.7194244604316548,0.0,0.0,50146865.0,235350.0,0.0,0.0,47936450.0,2445765.0,50382215.0
2019-11-12,2780.0,2825.0,2770.0,2800.0,15735.0,0.0,0.0,0.0,44211695.0,0.0,0.0,0.0,44208900.0,2795.0,44211695.0
2019-11-13,2825.0,2830.0,2750.0,2765.0,9098.0,-1.25,0.0,0.0,24488925.0,816070.0,0.0,0.0,23470090.0,1834905.0,25304995.0
2019-11-14,2770.0,2800.0,2750.0,2780.0,2736.0,0.5424954792043399,0.0,0.0,7572170.0,0.0,0.0,0.0,7330520.0,241650.0,7572170.0
2019-11-15,2790.0,2820.0,2750.0,2790.0,4815.0,0.3597122302158274,0.0,0.0,13342665.0,85685.0,0.0,0.0,13425575.0,2775.0,13428350.0
2019-11-18,2825.0,2900.0,2760.0,2810.0,24920.0,0.7168458781362007,0.0,0.0,68765605.0,2214765.0,0.0,0.0,70885345.0,95025.0,70980370.0
2019-11-19,2810.0,2845.0,2780.0,2830.0,12712.0,0.7117437722419928,0.0,0.0,35471100.0,301330.0,0.0,0.0,35260805.0,511625.0,35772430.0
2019-11-20,2750.0,2830.0,2635.0,2775.0,39867.0,-1.9434628975265018,3342580.0,0.0,106901810.0,117750.0,0.0,0.0,109192840.0,1169300.0,110362140.0
2019-11-21,2775.0,2790.0,2700.0,2735.0,4965.0,-1.4414414414414414,0.0,0.0,12676490.0,927845.0,0.0,0.0,13596000.0,8335.0,13604335.0
2019-11-22,2725.0,2845.0,2725.0,2790.0,25293.0,2.010968921389397,0.0,0.0,69093815.0,1345185.0,0.0,0.0,70060430.0,378570.0,70439000.0
2019-11-25,2800.0,2810.0,2750.0,2780.0,9913.0,-0.35842293906810035,0.0,0.0,26470505.0,1029480.0,0.0,0.0,26620310.0,879675.0,27499985.0
2019-11-26,2780.0,3225.0,2710.0,2805.0,480128.0,0.8992805755395683,8070565.0,0.0,1413280730.0,16782850.0,14873720.0,38920.0,1403889160.0,19332345.0,1438134145.0
2019-11-27,2840.0,3280.0,2720.0,3020.0,938974.0,7.66488413547237,0.0,889500.0,2804471035.0,80199135.0,29390235.0,940500.0,2772485715.0,82743220.0,2885559670.0
2019-11-28,2975.0,3025.0,2800.0,2830.0,213064.0,-6.291390728476822,26251060.0,0.0,579882590.0,7458955.0,0.0,0.0,612990455.0,602150.0,613592605.0
2019-11-29,2785.0,2850.0,2780.0,2780.0,42276.0,-1.76678445229682,0.0,0.0,118065545.0,134160.0,0.0,0.0,117915505.0,284200.0,118199705.0
2019-12-02,2800.0,2825.0,2725.0,2770.0,25246.0,-0.3597122302158274,0.0,0.0,69270930.0,747180.0,0.0,0.0,69463915.0,554195.0,70018110.0
2019-12-03,2760.0,2765.0,2725.0,2765.0,11266.0,-0.18050541516245489,4159645.0,0.0,26753560.0,0.0,0.0,0.0,30794955.0,118250.0,30913205.0
2019-12-04,2760.0,2760.0,2705.0,2740.0,14196.0,-0.9041591320072333,0.0,0.0,38513965.0,152010.0,0.0,0.0,38630380.0,35595.0,38665975.0
2019-12-05,2740.0,2800.0,2705.0,2715.0,13737.0,-0.9124087591240875,0.0,0.0,37444865.0,46325.0,0.0,0.0,36496855.0,994335.0,37491190.0
2019-12-06,2740.0,2795.0,2725.0,2770.0,13318.0,2.0257826887661143,0.0,0.0,36838015.0,0.0,0.0,831000.0,32622745.0,3384270.0,36838015.0
2019-12-09,2790.0,2800.0,2700.0,2700.0,17345.0,-2.527075812274368,0.0,822000.0,46215050.0,242080.0,0.0,0.0,46335355.0,943775.0,47279130.0
2019-12-10,2655.0,2770.0,2655.0,2730.0,8046.0,1.1111111111111112,0.0,2700000.0,18330650.0,672765.0,0.0,0.0,21481975.0,221440.0,21703415.0
2019-12-11,2725.0,2750.0,2670.0,2720.0,11508.0,-0.3663003663003663,0.0,0.0,30795305.0,365370.0,0.0,0.0,31133325.0,27350.0,31160675.0
2019-12-12,2720.0,2780.0,2720.0,2750.0,4262.0,1.1029411764705883,0.0,0.0,11474355.0,174720.0,0.0,0.0,11649075.0,0.0,11649075.0
2019-12-13,2775.0,2800.0,2760.0,2760.0,12161.0,0.36363636363636365,0.0,5565000.0,27565600.0,729760.0,0.0,103600.0,31921050.0,1835710.0,33860360.0
2019-12-16,2785.0,2795.0,2745.0,2775.0,6156.0,0.5434782608695652,0.0,0.0,16706255.0,356710.0,0.0,0.0,16918405.0,144560.0,17062965.0
2019-12-17,2760.0,2820.0,2750.0,2775.0,13609.0,0.0,0.0,0.0,37795285.0,2750.0,0.0,0.0,37747635.0,50400.0,37798035.0
2019-12-18,2760.0,2830.0,2750.0,2775.0,17982.0,0.0,0.0,831000.0,49403435.0,0.0,0.0,737715.0,48309760.0,1186960.0,50234435.0
2019-12-19,2820.0,3240.0,2760.0,2885.0,531029.0,3.963963963963964,0.0,0.0,1549345145.0,43113180.0,420275.0,1778820.0,1542149235.0,48109995.0,1592458325.0
2019-12-20,2940.0,2940.0,2835.0,2850.0,43222.0,-1.2131715771230502,0.0,2885000.0,117761970.0,2970040.0,0.0,0.0,123565845.0,51165.0,123617010.0
2019-12-23,2875.0,2880.0,2805.0,2830.0,24457.0,-0.7017543859649122,0.0,0.0,67186605.0,2194325.0,0.0,0.0,68675940.0,704990.0,69380930.0
2019-12-24,2885.0,2885.0,2785.0,2795.0,20569.0,-1.2367491166077738,0.0,0.0,54598475.0,3559010.0,0.0,0.0,57643510.0,513975.0,58157485.0
2019-12-26,2795.0,2815.0,2750.0,2790.0,25049.0,-0.17889087656529518,0.0,0.0,68796260.0,517080.0,0.0,0.0,68556260.0,757080.0,69313340.0
2019-12-27,2790.0,2825.0,2770.0,2805.0,13905.0,0.5376344086021506,0.0,0.0,38018105.0,916970.0,0.0,0.0,38758135.0,176940.0,38935075.0
2019-12-30,2835.0,2835.0,2785.0,2810.0,10594.0,0.17825311942959002,0.0,0.0,29609475.0,141250.0,0.0,0.0,29750725.0,0.0,29750725.0
2020-01-02,2855.0,2860.0,2805.0,2840.0,22187.0,1.0676156583629894,0.0,0.0,61702160.0,1254300.0,4690935.0,0.0,58123275.0,142250.0,62956460.0
2020-01-03,2860.0,2930.0,2815.0,2850.0,45706.0,0.35211267605633806,31824500.0,0.0,95776465.0,3513730.0,54582150.0,0.0,74401775.0,2130770.0,131114695.0
2020-01-06,2800.0,2830.0,2745.0,2760.0,37405.0,-3.1578947368421053,7540120.0,783840.0,94890020.0,422280.0,7968605.0,0.0,93499045.0,2168610.0,103636260.0
2020-01-07,2720.0,2835.0,2715.0,2760.0,39755.0,0.0,15338070.0,1969000.0,93157310.0,362620.0,19412185.0,0.0,87917340.0,3497475.0,110827000.0
2020-01-08,2760.0,2760.0,2650.0,2650.0,42734.0,-3.985507246376811,0.0,0.0,114766350.0,425470.0,0.0,0.0,115088845.0,102975.0,115191820.0
2020-01-09,2655.0,2745.0,2655.0,2725.0,16246.0,2.8301886792452833,11630625.0,0.0,31262175.0,1215540.0,10809430.0,0.0,32275160.0,1023750.0,44108340.0
2020-01-10,2760.0,2840.0,2685.0,2710.0,77768.0,-0.5504587155963303,65796575.0,0.0,142973550.0,4242725.0,62653460.0,0.0,149082530.0,1276860.0,213012850.0
2020-01-13,2720.0,2745.0,2675.0,2730.0,37905.0,0.7380073800738007,19352010.0,0.0,81862130.0,1307195.0,28700235.0,0.0,73772500.0,48600.0,102521335.0
2020-01-14,2745.0,2795.0,2720.0,2775.0,36914.0,1.6483516483516485,3433310.0,0.0,98302405.0,295155.0,2667245.0,0.0,99067985.0,295640.0,102030870.0
2020-01-15,2775.0,2780.0,2735.0,2780.0,37415.0,0.18018018018018017,15725500.0,0.0,87341565.0,0.0,30539470.0,0.0,72527595.0,0.0,103067065.0
2020-01-16,2800.0,2815.0,2765.0,2765.0,13125.0,-0.539568345323741,401040.0,0.0,36020935.0,2775.0,3347120.0,0.0,33074850.0,2780.0,36424750.0
2020-01-17,2800.0,2820.0,2765.0,2765.0,15438.0,0.0,0.0,0.0,43079280.0,0.0,0.0,0.0,42592145.0,487135.0,43079280.0
2020-01-20,2765.0,2810.0,2750.0,2780.0,24001.0,0.5424954792043399,3910475.0,0.0,62808405.0,72930.0,3908420.0,0.0,62075740.0,807650.0,66791810.0
2020-01-21,2810.0,2810.0,2765.0,2785.0,19655.0,0.1798561151079137,0.0,0.0,54564600.0,0.0,0.0,0.0,52907860.0,1656740.0,54564600.0
2020-01-22,2765.0,2820.0,2745.0,2790.0,28647.0,0.17953321364452424,11628070.0,0.0,68177905.0,0.0,8338965.0,0.0,71321855.0,145155.0,79805975.0
2020-01-23,2775.0,2780.0,2750.0,2770.0,17892.0,-0.7168458781362007,3720750.0,0.0,45617240.0,0.0,408980.0,0.0,48929010.0,0.0,49337990.0
2020-01-28,2600.0,2730.0,2590.0,2700.0,20858.0,-2.527075812274368,0.0,0.0,55337585.0,332345.0,0.0,0.0,55664540.0,5390.0,55669930.0
2020-01-29,2710.0,2720.0,2685.0,2700.0,14300.0,0.0,3677230.0,0.0,34893900.0,27050.0,10093090.0,0.0,28464650.0,40440.0,38598180.0
2020-01-30,2785.0,2785.0,2655.0,2655.0,27247.0,-1.6666666666666667,13825945.0,0.0,59726960.0,0.0,8180805.0,0.0,64317325.0,1054775.0,73552905.0
2020-01-31,2695.0,2695.0,2605.0,2605.0,8010.0,-1.8832391713747645,2493680.0,0.0,18724015.0,0.0,1382980.0,0.0,19173620.0,661095.0,21217695.0
2020-02-03,2510.0,2555.0,2400.0,2510.0,26524.0,-3.6468330134357005,6046650.0,0.0,58425335.0,1912520.0,4293520.0,0.0,61725980.0,365005.0,66384505.0
2020-02-04,2545.0,2610.0,2525.0,2575.0,13004.0,2.589641434262948,2257220.0,0.0,30965290.0,71515.0,9201895.0,0.0,24084360.0,7770.0,33294025.0
2020-02-05,2635.0,2850.0,2625.0,2695.0,92999.0,4.660194174757281,31059125.0,0.0,219487615.0,4290340.0,26909495.0,0.0,225493265.0,2434320.0,254837080.0
2020-02-06,2770.0,2815.0,2695.0,2790.0,47776.0,3.525046382189239,0.0,0.0,130816395.0,0.0,0.0,0.0,120270325.0,10546070.0,130816395.0
2020-02-07,2785.0,2950.0,2730.0,2820.0,108955.0,1.0752688172043012,22623840.0,0.0,276436670.0,11097425.0,23680190.0,0.0,276604520.0,9873225.0,310157935.0
2020-02-10,2845.0,2890.0,2790.0,2790.0,43676.0,-1.0638297872340425,186435.0,0.0,123759610.0,14125.0,4361310.0,0.0,119598860.0,0.0,123960170.0
2020-02-11,2825.0,2920.0,2785.0,2880.0,98311.0,3.225806451612903,17395405.0,0.0,252553630.0,12225450.0,17451855.0,0.0,264722630.0,0.0,282174485.0
2020-02-12,2870.0,2925.0,2825.0,2825.0,66566.0,-1.9097222222222223,8716205.0,0.0,181519865.0,0.0,4515935.0,0.0,182262495.0,3457640.0,190236070.0
2020-02-13,2865.0,2875.0,2750.0,2760.0,53497.0,-2.3008849557522124,19940010.0,0.0,128131605.0,829230.0,19487275.0,0.0,128486060.0,927510.0,148900845.0
2020-02-14,2760.0,2805.0,2740.0,2745.0,19339.0,-0.5434782608695652,0.0,0.0,53323255.0,0.0,0.0,0.0,53320465.0,2790.0,53323255.0
2020-02-17,2760.0,2765.0,2725.0,2725.0,9538.0,-0.7285974499089253,0.0,0.0,25904555.0,240680.0,4530055.0,0.0,18982140.0,2633040.0,26145235.0
2020-02-18,2725.0,2730.0,2710.0,2720.0,26061.0,-0.1834862385321101,225760.0,0.0,70396765.0,212550.0,226175.0,0.0,70608900.0,0.0,70835075.0
2020-02-19,2730.0,2750.0,2715.0,2720.0,10513.0,0.0,2725.0,0.0,28696545.0,5460.0,0.0,0.0,28418080.0,286650.0,28704730.0
2020-02-20,2740.0,2740.0,2690.0,2700.0,15740.0,-0.7352941176470588,2153305.0,0.0,40374905.0,0.0,2161525.0,0.0,40366685.0,0.0,42528210.0
2020-02-21,2685.0,2685.0,2645.0,2670.0,18848.0,-1.1111111111111112,5440445.0,0.0,44507065.0,175695.0,5449860.0,0.0,44673345.0,0.0,50123205.0
2020-02-24,2555.0,2610.0,2545.0,2590.0,24716.0,-2.9962546816479403,3753075.0,0.0,55998275.0,3619080.0,3767395.0,0.0,59590110.0,12925.0,63370430.0
2020-02-25,2590.0,2640.0,2550.0,2625.0,11758.0,1.3513513513513513,154285.0,0.0,30174345.0,493175.0,155450.0,0.0,30357535.0,308820.0,30821805.0
2020-02-26,2600.0,2645.0,2590.0,2600.0,18166.0,-0.9523809523809524,6628400.0,0.0,40593125.0,112465.0,4715925.0,0.0,42387945.0,230120.0,47333990.0
2020-02-27,2520.0,2590.0,2520.0,2565.0,15085.0,-1.3461538461538463,2270720.0,0.0,36176015.0,226160.0,3626885.0,0.0,34620220.0,425790.0,38672895.0
2020-02-28,2480.0,2545.0,2415.0,2455.0,53987.0,-4.28849902534113,30218320.0,0.0,102597530.0,17495.0,27835370.0,0.0,103732575.0,1265400.0,132833345.0
2020-03-02,2470.0,2505.0,2420.0,2480.0,14673.0,1.0183299389002036,312825.0,0.0,34202685.0,1677220.0,3092200.0,0.0,32636840.0,463690.0,36192730.0
2020-03-03,2510.0,2535.0,2500.0,2530.0,23479.0,2.0161290322580645,0.0,0.0,58502620.0,350700.0,0.0,0.0,58774905.0,78415.0,58853320.0
2020-03-04,2480.0,2585.0,2480.0,2585.0,11488.0,2.1739130434782608,4018280.0,0.0,23530565.0,1756905.0,4020905.0,0.0,25284845.0,0.0,29305750.0
2020-03-05,2610.0,2765.0,2575.0,2730.0,68683.0,5.609284332688588,7201435.0,0.0,166205670.0,12211340.0,7273955.0,0.0,177005320.0,1339170.0,185618445.0
2020-03-06,2730.0,2730.0,2655.0,2660.0,14763.0,-2.564102564102564,6938750.0,0.0,31395595.0,1313055.0,6958415.0,1935190.0,29506790.0,1247005.0,39647400.0
2020-03-09,2660.0,2660.0,2500.0,2540.0,45553.0,-4.511278195488721,37313265.0,0.0,77847500.0,1418030.0,31617145.0,1119860.0,81246340.0,2595450.0,116578795.0
2020-03-10,2435.0,2565.0,2435.0,2550.0,26125.0,0.39370078740157477,6550080.0,0.0,56674435.0,2126600.0,11965745.0,0.0,52296170.0,1089200.0,65351115.0
2020-03-11,2565.0,2595.0,2490.0,2505.0,16733.0,-1.7647058823529411,8803140.0,0.0,33475300.0,86210.0,685200.0,0.0,37554580.0,4124870.0,42364650.0
2020-03-12,2460.0,2470.0,2280.0,2330.0,45850.0,-6.986027944111776,10445075.0,0.0,93781630.0,4211540.0,2471780.0,0.0,101683700.0,4282765.0,108438245.0
2020-03-13,2150.0,2190.0,1990.0,2120.0,40476.0,-9.012875536480687,0.0,0.0,81570750.0,2720805.0,1213500.0,1842550.0,74256720.0,6978785.0,84291555.0
2020-03-16,2070.0,2255.0,2045.0,2050.0,29820.0,-3.30188679245283,2757150.0,0.0,49257495.0,11064940.0,3007795.0,0.0,51398720.0,8673070.0,63079585.0
2020-03-17,1780.0,2085.0,1780.0,2040.0,48639.0,-0.4878048780487805,15479360.0,0.0,69850175.0,12754035.0,27196560.0,0.0,68744700.0,2142310.0,98083570.0
2020-03-18,1985.0,2100.0,1905.0,1905.0,48727.0,-6.61764705882353,7525890.0,0.0,83842685.0,6435500.0,7491650.0,0.0,89831185.0,481240.0,97804075.0
2020-03-19,1860.0,1935.0,1500.0,1590.0,50047.0,-16.535433070866144,0.0,0.0,68349160.0,17438960.0,0.0,0.0,78789485.0,6998635.0,85788120.0
2020-03-20,1590.0,1690.0,1570.0,1690.0,99558.0,6.289308176100629,32777450.0,0.0,108058135.0,19488385.0,32887040.0,0.0,124045705.0,3391225.0,160323970.0
2020-03-23,1655.0,1655.0,1440.0,1570.0,129485.0,-7.100591715976331,22186735.0,0.0,173458200.0,2500730.0,21929155.0,0.0,164147475.0,12069035.0,198145665.0
2020-03-24,1560.0,1700.0,1515.0,1640.0,160213.0,4.45859872611465,23404700.0,0.0,232000920.0,5934310.0,23578285.0,0.0,226428975.0,11332670.0,261339930.0
2020-03-25,1700.0,1785.0,1700.0,1755.0,108205.0,7.01219512195122,14655665.0,144165.0,167492860.0,6158960.0,14573505.0,145665.0,158601675.0,15130805.0,188451650.0
2020-03-26,1785.0,1900.0,1700.0,1770.0,124964.0,0.8547008547008548,46540045.0,0.0,176983555.0,3491225.0,38551825.0,0.0,174185840.0,14277160.0,227014825.0
2020-03-27,1825.0,1885.0,1745.0,1825.0,81136.0,3.1073446327683616,0.0,0.0,146805270.0,839940.0,8024555.0,0.0,125384270.0,14236385.0,147645210.0
2020-03-30,1740.0,1880.0,1740.0,1870.0,24294.0,2.4657534246575343,0.0,0.0,29697925.0,15091680.0,0.0,0.0,44759925.0,29680.0,44789605.0
2020-03-31,1905.0,2015.0,1875.0,1985.0,58532.0,6.149732620320856,0.0,279300.0,104353230.0,11257880.0,0.0,277675.0,115074865.0,537870.0,115890410.0
2020-04-01,2000.0,2100.0,1910.0,1995.0,56393.0,0.5037783375314862,2181900.0,0.0,92413310.0,18393080.0,2087010.0,0.0,108738955.0,2162325.0,112988290.0
2020-04-02,2035.0,2035.0,1905.0,2020.0,28879.0,1.2531328320802004,0.0,0.0,51987095.0,5562705.0,49250.0,0.0,54551515.0,2949035.0,57549800.0
2020-04-03,2070.0,2070.0,2015.0,2030.0,13518.0,0.49504950495049505,0.0,0.0,24664165.0,2931690.0,0.0,0.0,27595855.0,0.0,27595855.0
2020-04-06,2035.0,2110.0,2030.0,2090.0,20307.0,2.955665024630542,0.0,0.0,33680865.0,8684490.0,0.0,0.0,42137000.0,228355.0,42365355.0
2020-04-07,2230.0,2350.0,2150.0,2210.0,135041.0,5.741626794258373,5506580.0,32410.0,284502210.0,12444435.0,5526840.0,30170.0,283005930.0,13922695.0,302485635.0
2020-04-08,2210.0,2295.0,2180.0,2250.0,31174.0,1.809954751131222,4420.0,0.0,59050320.0,10895985.0,6630.0,0.0,65995045.0,3949050.0,69950725.0
2020-04-09,2305.0,2315.0,2260.0,2280.0,23813.0,1.3333333333333335,0.0,0.0,44753200.0,9611730.0,0.0,0.0,54326340.0,38590.0,54364930.0
2020-04-10,2250.0,2550.0,2250.0,2400.0,201389.0,5.263157894736842,14777655.0,0.0,451793555.0,21869580.0,14826985.0,1546290.0,452976350.0,19091165.0,488440790.0
2020-04-13,2350.0,2490.0,2345.0,2395.0,40642.0,-0.20833333333333334,0.0,1459350.0,81451230.0,14201165.0,0.0,0.0,86397455.0,10714290.0,97111745.0
2020-04-14,2380.0,2445.0,2380.0,2405.0,45819.0,0.41753653444676403,1945460.0,0.0,97353055.0,10843135.0,1967635.0,0.0,107569570.0,604445.0,110141650.0
2020-04-16,2400.0,2410.0,2375.0,2390.0,12149.0,-0.6237006237006237,0.0,0.0,23260305.0,5708070.0,0.0,0.0,28608240.0,360135.0,28968375.0
2020-04-17,2430.0,2580.0,2385.0,2500.0,54923.0,4.602510460251046,312500.0,0.0,124284050.0,11207660.0,314635.0,0.0,126563830.0,8925745.0,135804210.0
2020-04-20,2510.0,2525.0,2470.0,2495.0,24724.0,-0.2,0.0,0.0,56517370.0,5145155.0,0.0,0.0,61009925.0,652600.0,61662525.0
2020-04-21,2470.0,2505.0,2280.0,2425.0,46126.0,-2.80561122244489,7582345.0,0.0,85923685.0,18922125.0,7636150.0,0.0,95734735.0,9057270.0,112428155.0
2020-04-22,2360.0,2430.0,2305.0,2430.0,11639.0,0.2061855670103093,153780.0,0.0,24260470.0,3241295.0,155100.0,0.0,27201585.0,298860.0,27655545.0
2020-04-23,2445.0,2470.0,2420.0,2435.0,11832.0,0.205761316872428,1207580.0,0.0,22961070.0,4656825.0,1215815.0,0.0,26661740.0,947920.0,28825475.0
2020-04-24,2440.0,2475.0,2390.0,2410.0,11300.0,-1.0266940451745379,508510.0,0.0,22600010.0,4253135.0,513130.0,0.0,22184125.0,4664400.0,27361655.0
2020-04-27,2415.0,2475.0,2415.0,2430.0,13768.0,0.8298755186721992,0.0,0.0,32559170.0,942440.0,0.0,0.0,32277665.0,1223945.0,33501610.0
2020-04-28,2430.0,2455.0,2385.0,2425.0,15378.0,-0.205761316872428,0.0,4870000.0,31420080.0,896595.0,0.0,0.0,36218600.0,968075.0,37186675.0
2020-04-29,2435.0,2790.0,2430.0,2550.0,558725.0,5.154639175257731,2138860.0,244790.0,1442355160.0,30932485.0,2154770.0,164460.0,1436158685.0,37193380.0,1475671295.0
2020-05-04,2545.0,2545.0,2460.0,2495.0,43327.0,-2.156862745098039,1986020.0,0.0,95897860.0,10566750.0,1985955.0,91620.0,105417825.0,955230.0,108450630.0
2020-05-06,2525.0,2685.0,2525.0,2585.0,117029.0,3.6072144288577155,5426815.0,65125.0,290816620.0,9260810.0,5437950.0,0.0,293378755.0,6752665.0,305569370.0
2020-05-07,2585.0,2605.0,2555.0,2555.0,28095.0,-1.160541586073501,0.0,0.0,62749230.0,9580100.0,0.0,64475.0,70703915.0,1560940.0,72329330.0
2020-05-08,2555.0,2635.0,2550.0,2550.0,16445.0,-0.19569471624266144,0.0,0.0,42054790.0,169370.0,0.0,0.0,40242790.0,1981370.0,42224160.0
2020-05-11,2600.0,2610.0,2485.0,2500.0,41370.0,-1.9607843137254901,2026545.0,0.0,95010730.0,6592060.0,2022640.0,0.0,101492870.0,113825.0,103629335.0
2020-05-12,2505.0,2520.0,2450.0,2490.0,23921.0,-0.4,1389215.0,0.0,49590065.0,8294640.0,1392935.0,0.0,53015780.0,4865205.0,59273920.0
2020-05-13,2425.0,2505.0,2425.0,2505.0,5935.0,0.6024096385542169,0.0,0.0,11647470.0,3062130.0,0.0,0.0,14660300.0,49300.0,14709600.0
2020-05-14,2470.0,2570.0,2465.0,2500.0,8777.0,-0.19960079840319359,1304480.0,0.0,19938185.0,770705.0,80000.0,37800.0,19830060.0,2065510.0,22013370.0
2020-05-15,2560.0,2925.0,2560.0,2585.0,536866.0,3.4000000000000004,7264765.0,3558915.0,1435040150.0,21641440.0,8644260.0,3142950.0,1418904125.0,36813935.0,1467505270.0
2020-05-18,2585.0,2900.0,2585.0,2730.0,429079.0,5.609284332688588,2770910.0,531000.0,1094821190.0,65873885.0,2760265.0,3654600.0,1098797130.0,58784990.0,1163996985.0
2020-05-19,2735.0,2755.0,2655.0,2700.0,92283.0,-1.098901098901099,0.0,0.0,222421035.0,26743660.0,0.0,0.0,238449955.0,10714740.0,249164695.0
2020-05-20,2700.0,2725.0,2660.0,2705.0,46333.0,0.1851851851851852,0.0,0.0,119732905.0,4829805.0,0.0,0.0,116810675.0,7752035.0,124562710.0
2020-05-21,2705.0,2705.0,2645.0,2680.0,45569.0,-0.9242144177449169,2005640.0,1352500.0,99756385.0,18613125.0,2013550.0,0.0,108024810.0,11689290.0,121727650.0
2020-05-22,2685.0,2700.0,2600.0,2635.0,28690.0,-1.6791044776119404,0.0,268000.0,74380025.0,967500.0,0.0,0.0,66619550.0,8995975.0,75615525.0
2020-05-25,2630.0,2645.0,2605.0,2640.0,14749.0,0.18975332068311196,500160.0,0.0,32443680.0,5720325.0,504960.0,0.0,35846055.0,2313150.0,38664165.0
2020-05-26,2625.0,2650.0,2600.0,2640.0,27691.0,0.0,0.0,0.0,63774605.0,8894600.0,0.0,0.0,70814405.0,1854800.0,72669205.0
2020-05-27,2665.0,2665.0,2595.0,2625.0,32896.0,-0.5681818181818182,0.0,0.0,79832210.0,6521160.0,0.0,0.0,76983995.0,9369375.0,86353370.0
2020-05-28,2660.0,2665.0,2575.0,2575.0,40973.0,-1.9047619047619049,0.0,0.0,93453145.0,14001060.0,0.0,0.0,99506105.0,7948100.0,107454205.0
2020-05-29,2585.0,2585.0,2550.0,2580.0,13469.0,0.1941747572815534,0.0,0.0,29888515.0,4522620.0,0.0,0.0,24367190.0,10043945.0,34411135.0
2020-06-01,2540.0,2725.0,2535.0,2600.0,80055.0,0.7751937984496124,1211050.0,0.0,202040900.0,7718570.0,1215620.0,0.0,202509900.0,7245000.0,210970520.0
2020-06-02,2620.0,2700.0,2600.0,2655.0,64960.0,2.1153846153846154,0.0,5460215.0,139295855.0,27412085.0,0.0,0.0,168166985.0,4001170.0,172168155.0
2020-06-03,2720.0,2735.0,2660.0,2705.0,72447.0,1.8832391713747645,0.0,10476000.0,163649770.0,21766410.0,0.0,0.0,183221070.0,12671110.0,195892180.0
2020-06-04,2750.0,2750.0,2680.0,2680.0,57206.0,-0.9242144177449169,0.0,0.0,140031570.0,14603720.0,0.0,0.0,130367055.0,24268235.0,154635290.0
2020-06-05,2670.0,2720.0,2600.0,2715.0,60983.0,1.3059701492537312,2001430.0,0.0,122782530.0,38535120.0,1978600.0,0.0,157083825.0,4256655.0,163319080.0
2020-06-08,2735.0,2815.0,2685.0,2720.0,59876.0,0.1841620626151013,360460.0,8753160.0,144898100.0,9119580.0,363140.0,0.0,147904460.0,14863700.0,163131300.0
2020-06-09,2730.0,2900.0,2730.0,2815.0,316037.0,3.4926470588235294,0.0,0.0,843820405.0,53017775.0,0.0,990500.0,850746180.0,45101500.0,896838180.0
2020-06-10,2800.0,3190.0,2800.0,3150.0,698235.0,11.900532859680284,4074130.0,287500.0,1933993990.0,147669425.0,4125915.0,15045000.0,1992729495.0,74124635.0,2086025045.0
2020-06-11,3240.0,3250.0,2900.0,3015.0,410017.0,-4.285714285714286,8128190.0,0.0,1192813105.0,52390765.0,8130240.0,3150000.0,1121141455.0,120910365.0,1253332060.0
2020-06-12,2730.0,3510.0,2720.0,3175.0,1099121.0,5.306799336650083,6797295.0,3582000.0,3298819445.0,161519480.0,6860830.0,11962060.0,3251400125.0,200495205.0,3470718220.0
2020-06-15,3540.0,4125.0,3410.0,4125.0,1125719.0,29.92125984251969,179342625.0,0.0,4183424555.0,33965360.0,0.0,0.0,4340589870.0,56142670.0,4396732540.0
2020-06-16,5360.0,5360.0,5360.0,5360.0,205071.0,29.939393939393938,17152000.0,2680000.0,1075592855.0,3752000.0,54505840.0,3591200.0,1041069095.0,10720.0,1099176855.0
2020-06-17,6960.0,6960.0,6570.0,6960.0,818419.0,29.850746268656714,205688880.0,7054740.0,5187219770.0,291262080.0,254095680.0,13926960.0,5419722830.0,3480000.0,5691225470.0
2020-06-18,9040.0,9040.0,9040.0,9040.0,296514.0,29.88505747126437,13108000.0,6328000.0,2658821280.0,2187680.0,0.0,3127840.0,2495613120.0,181704000.0,2680444960.0
2020-06-19,11750.0,11750.0,7500.0,9840.0,14254375.0,8.849557522123893,226986500.0,212838820.0,134860490950.0,637668620.0,591000000.0,269180290.0,134138202550.0,939602050.0,135937984890.0
2020-06-22,0.0,0.0,0.0,9840.0,0.0,0.0,,,,,,,,,
2020-06-23,9260.0,10200.0,6980.0,7970.0,7075336.0,-19.004065040650406,0.0,147221360.0,57794250280.0,1160163040.0,0.0,81346090.0,57665255310.0,1355033280.0,59101634680.0
2020-06-24,7270.0,9500.0,6300.0,7220.0,12952855.0,-9.410288582183187,18795200.0,59431970.0,98349323310.0,2762527000.0,18903910.0,82263690.0,98106386990.0,2982522890.0,101190077480.0
2020-06-25,7930.0,9100.0,7790.0,8370.0,10891195.0,15.927977839335181,0.0,84042020.0,89785970880.0,2554223350.0,0.0,124346630.0,89720071830.0,2579817790.0,92424236250.0
2020-06-26,8900.0,9050.0,7770.0,8030.0,3324485.0,-4.062126642771804,0.0,80896630.0,25923324630.0,1579949070.0,0.0,61386750.0,25920005420.0,1602778160.0,27584170330.0
2020-06-29,7650.0,8430.0,7350.0,7840.0,2059618.0,-2.3661270236612704,22430180.0,68623970.0,15112263940.0,1169392290.0,22404840.0,69090390.0,15081395970.0,1199819180.0,16372710380.0
2020-06-30,7950.0,8060.0,7010.0,7370.0,1283771.0,-5.994897959183673,13635960.0,29160.0,8870878380.0,656989550.0,13711910.0,0.0,8878192270.0,649628870.0,9541533050.0
2020-07-01,7240.0,9580.0,6800.0,9580.0,9702756.0,29.986431478968793,16807940.0,48489420.0,80909244360.0,3515352580.0,16958420.0,51872530.0,80868841660.0,3552221690.0,84489894300.0
2020-07-02,11500.0,12050.0,8200.0,9780.0,16544319.0,2.0876826722338206,30900770.0,36403220.0,160815399370.0,4657254130.0,30878030.0,58762540.0,160774113250.0,4676203670.0,165539957490.0
2020-07-03,9780.0,9780.0,7820.0,7820.0,4532752.0,-20.040899795501023,5138550.0,23530620.0,37404827640.0,2219269460.0,4281950.0,23248290.0,37484325420.0,2140910610.0,39652766270.0
2020-07-06,7610.0,8380.0,7000.0,7420.0,4724272.0,-5.115089514066496,18773430.0,62636540.0,33995187930.0,2205011070.0,19704490.0,57718380.0,33942328930.0,2261857170.0,36281608970.0
2020-07-07,7420.0,7800.0,7120.0,7220.0,1846443.0,-2.6954177897574128,2970420.0,34275290.0,12941589040.0,706060900.0,2962450.0,29471870.0,12929265640.0,723195690.0,13684895650.0
2020-07-08,7200.0,8960.0,7020.0,7800.0,10945388.0,8.033240997229916,11338120.0,190642850.0,85977677350.0,3598985770.0,11394820.0,31592520.0,86042577650.0,3693079100.0,89778644090.0
2020-07-09,7720.0,8870.0,7650.0,8110.0,4007219.0,3.974358974358974,6225620.0,15009810.0,31603650480.0,1599890850.0,6290130.0,20922090.0,31616103420.0,1581461120.0,33224776760.0
2020-07-10,8020.0,8030.0,7370.0,7450.0,1051418.0,-8.138101109741061,111900.0,0.0,7622029090.0,435779040.0,112800.0,19133730.0,7674386370.0,364287130.0,8057920030.0
2020-07-13,7450.0,7600.0,7050.0,7330.0,633931.0,-1.6107382550335572,1126320.0,245850.0,4318643190.0,358225770.0,1135440.0,242040.0,4363950030.0,312913620.0,4678241130.0
2020-07-14,7360.0,7530.0,7150.0,7190.0,744502.0,-1.9099590723055935,0.0,0.0,5073589370.0,369738350.0,0.0,7484270.0,5052205290.0,383638160.0,5443327720.0
2020-07-15,7280.0,7360.0,7000.0,7110.0,517662.0,-1.1126564673157162,678300.0,382660.0,3483261750.0,230530440.0,684000.0,109223110.0,3385987080.0,218958960.0,3714853150.0
2020-07-16,7140.0,7340.0,7010.0,7020.0,530821.0,-1.2658227848101267,0.0,0.0,3367565470.0,429986550.0,0.0,0.0,3466717190.0,330834830.0,3797552020.0
2020-07-17,7090.0,7460.0,6800.0,7070.0,1014878.0,0.7122507122507122,2533520.0,0.0,6807213100.0,412201550.0,2547710.0,0.0,6816988710.0,402411750.0,7221948170.0
2020-07-20,7070.0,7270.0,6940.0,6950.0,514842.0,-1.6973125884016973,0.0,0.0,3445868690.0,191819780.0,0.0,0.0,3471312200.0,166376270.0,3637688470.0
2020-07-21,7010.0,7350.0,6940.0,7010.0,1308915.0,0.8633093525179856,2034090.0,406980.0,9022471780.0,375266720.0,2036800.0,397020.0,9017446710.0,380299040.0,9400179570.0
2020-07-22,7700.0,8260.0,7300.0,7430.0,3941352.0,5.991440798858773,8448760.0,0.0,29468377020.0,983935110.0,8478650.0,0.0,29477555130.0,974727110.0,30460760890.0
2020-07-23,7380.0,7380.0,6950.0,6970.0,879342.0,-6.191117092866756,2011960.0,0.0,5856236880.0,345805880.0,2011950.0,0.0,5842686220.0,359356550.0,6204054720.0
2020-07-24,6660.0,7050.0,6390.0,6630.0,1138351.0,-4.878048780487805,2021680.0,0.0,6933486870.0,706852890.0,2016240.0,0.0,7025530470.0,614814730.0,7642361440.0
2020-07-27,6850.0,6850.0,6550.0,6550.0,405630.0,-1.206636500754148,206460.0,0.0,2459680100.0,237757410.0,207080.0,0.0,2424830560.0,272606330.0,2697643970.0
2020-07-28,6720.0,6720.0,6300.0,6430.0,386266.0,-1.8320610687022902,0.0,0.0,2087444410.0,399754760.0,0.0,0.0,2266013440.0,221185730.0,2487199170.0
2020-07-29,6440.0,6560.0,6220.0,6310.0,265198.0,-1.8662519440124419,0.0,0.0,1363678210.0,313822220.0,0.0,0.0,1509594550.0,167905880.0,1677500430.0
2020-07-30,6310.0,6680.0,6240.0,6290.0,429821.0,-0.31695721077654515,4111700.0,0.0,2353585910.0,381953210.0,4134640.0,0.0,2438509470.0,297006710.0,2739650820.0
2020-07-31,6360.0,6420.0,6250.0,6310.0,169336.0,0.3179650238473768,0.0,0.0,908003430.0,162612010.0,0.0,0.0,979052300.0,91563140.0,1070615440.0
2020-08-03,6370.0,6380.0,6010.0,6070.0,269367.0,-3.8034865293185423,2001240.0,0.0,1484279720.0,155131560.0,2024690.0,0.0,1348837550.0,290550280.0,1641412520.0
2020-08-04,6120.0,6320.0,6070.0,6120.0,287728.0,0.8237232289950577,0.0,0.0,1451322460.0,327673330.0,0.0,0.0,1594590800.0,184404990.0,1778995790.0
2020-08-05,6320.0,6320.0,6080.0,6130.0,278728.0,0.16339869281045752,0.0,6090000.0,1611006850.0,105643940.0,0.0,0.0,1528390620.0,194350170.0,1722740790.0
2020-08-06,6130.0,6480.0,6070.0,6210.0,565454.0,1.3050570962479608,3012840.0,980240.0,3270936490.0,278974110.0,3045940.0,666560.0,3264509990.0,285681190.0,3553903680.0
2020-08-07,6210.0,6350.0,6100.0,6200.0,209006.0,-0.1610305958132045,0.0,0.0,1114198600.0,180846140.0,0.0,310500.0,1188768040.0,105966200.0,1295044740.0
2020-08-10,6250.0,6590.0,6120.0,6380.0,893750.0,2.903225806451613,0.0,7747000.0,5328529400.0,370850410.0,0.0,7710400.0,5219954250.0,479462160.0,5707126810.0
2020-08-11,6480.0,6500.0,6140.0,6150.0,308392.0,-3.605015673981191,0.0,0.0,1816713090.0,110764360.0,0.0,0.0,1756106160.0,171371290.0,1927477450.0
2020-08-12,6150.0,6200.0,6000.0,6100.0,198731.0,-0.8130081300813009,0.0,0.0,994548040.0,210489810.0,0.0,0.0,1052974700.0,152063150.0,1205037850.0
2020-08-13,6160.0,6170.0,6000.0,6010.0,163732.0,-1.4754098360655739,0.0,0.0,885527570.0,103828430.0,13171650.0,0.0,835724270.0,140460080.0,989356000.0
2020-08-14,6100.0,6100.0,5740.0,5890.0,194341.0,-1.9966722129783694,0.0,0.0,915813380.0,225611040.0,0.0,0.0,973723910.0,167700510.0,1141424420.0
2020-08-18,5680.0,5890.0,5170.0,5200.0,221409.0,-11.714770797962649,4004370.0,0.0,1029862370.0,180331900.0,2601700.0,0.0,1040397540.0,171199400.0,1214198640.0
2020-08-19,5250.0,5570.0,5190.0,5420.0,136689.0,4.230769230769231,21960.0,0.0,421737540.0,307842880.0,1368400.0,0.0,595457460.0,132776520.0,729602380.0
2020-08-20,5420.0,5420.0,5070.0,5150.0,140803.0,-4.981549815498155,0.0,0.0,429737710.0,300563220.0,0.0,0.0,626385650.0,103915280.0,730300930.0
2020-08-21,5160.0,5300.0,5070.0,5190.0,94232.0,0.7766990291262136,0.0,10440.0,332091100.0,155809170.0,0.0,0.0,405012990.0,82897720.0,487910710.0
2020-08-24,5190.0,5490.0,5000.0,5170.0,160386.0,-0.3853564547206166,2338850.0,300000.0,686438040.0,150104940.0,2337490.0,0.0,683662170.0,153182170.0,839181830.0
2020-08-25,5180.0,6150.0,5180.0,5500.0,552919.0,6.382978723404255,6410060.0,0.0,2612308370.0,478293780.0,6318170.0,354390.0,2680623010.0,409716640.0,3097012210.0
2020-08-26,5570.0,5590.0,5400.0,5450.0,97891.0,-0.9090909090909091,0.0,0.0,430990610.0,104090380.0,0.0,0.0,465128970.0,69952020.0,535080990.0
2020-08-27,5510.0,5510.0,5180.0,5290.0,105862.0,-2.9357798165137616,0.0,0.0,473309660.0,89917050.0,0.0,0.0,447923220.0,115303490.0,563226710.0
2020-08-28,5300.0,5750.0,5270.0,5290.0,286589.0,0.0,2882120.0,0.0,1408432550.0,159465690.0,2896020.0,0.0,1350726870.0,217157470.0,1570780360.0
2020-08-31,5290.0,6000.0,5290.0,5450.0,567126.0,3.0245746691871456,4203990.0,0.0,2834842390.0,374839750.0,4175710.0,0.0,2795913180.0,413797240.0,3213886130.0
2020-09-01,5550.0,5790.0,5400.0,5520.0,171663.0,1.2844036697247707,0.0,0.0,815785810.0,140042050.0,0.0,0.0,833841550.0,121986310.0,955827860.0
2020-09-02,5640.0,5910.0,5500.0,5890.0,308138.0,6.702898550724639,2008380.0,0.0,1495163860.0,279121520.0,2012000.0,0.0,1587383770.0,186897990.0,1776293760.0
2020-09-03,6040.0,6120.0,5680.0,5820.0,284625.0,-1.1884550084889642,1966200.0,0.0,1570989340.0,88400780.0,1972980.0,0.0,1230388830.0,428994510.0,1661356320.0
2020-09-04,5630.0,5750.0,5500.0,5740.0,144246.0,-1.3745704467353952,0.0,0.0,600323070.0,215934670.0,0.0,0.0,712015790.0,104241950.0,816257740.0
2020-09-07,5790.0,6000.0,5660.0,5860.0,251092.0,2.0905923344947737,2008960.0,0.0,1250940220.0,225919910.0,2009310.0,0.0,1210085320.0,266774460.0,1478869090.0
2020-09-08,5820.0,5920.0,5640.0,5650.0,141350.0,-3.583617747440273,0.0,1130000.0,747924850.0,55598960.0,0.0,0.0,605134180.0,199519630.0,804653810.0
2020-09-09,5530.0,5590.0,5440.0,5540.0,77189.0,-1.9469026548672566,0.0,0.0,274680920.0,150803500.0,0.0,0.0,393170520.0,32313900.0,425484420.0
2020-09-10,5590.0,5710.0,5560.0,5630.0,58178.0,1.6245487364620936,0.0,1009030.0,255147750.0,70790450.0,0.0,0.0,294071740.0,32875490.0,326947230.0
2020-09-11,5650.0,5740.0,5530.0,5740.0,95128.0,1.9538188277087036,0.0,0.0,418358520.0,115673960.0,0.0,0.0,476234440.0,57798040.0,534032480.0
2020-09-14,5790.0,6080.0,5630.0,5990.0,333790.0,4.355400696864112,0.0,0.0,1863581220.0,116358930.0,0.0,1070150.0,1712966090.0,265903910.0,1979940150.0
2020-09-15,5990.0,6100.0,5860.0,5950.0,119849.0,-0.667779632721202,0.0,0.0,642035920.0,68025290.0,0.0,0.0,624476000.0,85585210.0,710061210.0
2020-09-16,6090.0,6100.0,5840.0,5870.0,184891.0,-1.3445378151260505,0.0,0.0,1017352340.0,87951650.0,0.0,0.0,948604660.0,156699330.0,1105303990.0
2020-09-17,5940.0,6040.0,5650.0,5670.0,162666.0,-3.4071550255536627,4017920.0,0.0,821657060.0,111792900.0,4000720.0,0.0,733908310.0,199558850.0,937467880.0
2020-09-18,5720.0,6500.0,5680.0,5870.0,2318591.0,3.527336860670194,11719170.0,1258940.0,13290873810.0,1040297840.0,11719870.0,1254500.0,13152809320.0,1178366070.0,14344149760.0
2020-09-21,5820.0,5960.0,5600.0,5600.0,275524.0,-4.599659284497445,7646210.0,0.0,1372396430.0,201192800.0,7666200.0,0.0,1386657650.0,186911590.0,1581235440.0
2020-09-22,5590.0,5660.0,5230.0,5250.0,199114.0,-6.25,475260.0,0.0,802080220.0,257385330.0,473920.0,0.0,759182250.0,300284640.0,1059940810.0
2020-09-23,5220.0,5390.0,5060.0,5270.0,69524.0,0.38095238095238093,5553900.0,0.0,300158470.0,56028440.0,5614790.0,0.0,238565460.0,117560560.0,361740810.0
2020-09-24,5230.0,5230.0,4940.0,5000.0,131159.0,-5.1233396584440225,0.0,0.0,523555660.0,136633060.0,0.0,0.0,479457500.0,180731220.0,660188720.0
2020-09-25,4960.0,5380.0,4950.0,5040.0,209971.0,0.8,7167950.0,0.0,884748790.0,196447540.0,7183950.0,0.0,910885100.0,170295230.0,1088364280.0
2020-09-28,5070.0,5290.0,5050.0,5250.0,80567.0,4.166666666666666,0.0,261500.0,317431100.0,99627840.0,0.0,262500.0,367407350.0,49650590.0,417320440.0
2020-09-29,5300.0,5340.0,5230.0,5260.0,45572.0,0.19047619047619047,0.0,0.0,150992590.0,89509640.0,0.0,0.0,208186120.0,32316110.0,240502230.0
2020-10-05,5310.0,5310.0,5200.0,5220.0,54588.0,-0.7604562737642585,0.0,10500000.0,176009840.0,99095730.0,0.0,0.0,219034150.0,66571420.0,285605570.0
2020-10-06,5290.0,5360.0,5220.0,5270.0,49177.0,0.9578544061302682,0.0,0.0,200996120.0,58727430.0,0.0,0.0,216753130.0,42970420.0,259723550.0
2020-10-07,5170.0,5270.0,5160.0,5200.0,34337.0,-1.3282732447817838,0.0,0.0,137613730.0,41057060.0,0.0,0.0,157392030.0,21278760.0,178670790.0
2020-10-08,5250.0,5510.0,5180.0,5360.0,118680.0,3.076923076923077,0.0,0.0,473417570.0,165778290.0,0.0,0.0,596806810.0,42389050.0,639195860.0
2020-10-12,5400.0,5490.0,5280.0,5360.0,33511.0,0.0,0.0,0.0,140367790.0,38430020.0,0.0,0.0,164709340.0,14088470.0,178797810.0
2020-10-13,5410.0,5420.0,5210.0,5370.0,45781.0,0.18656716417910446,0.0,0.0,233467020.0,11892530.0,0.0,0.0,199055570.0,46303980.0,245359550.0
2020-10-14,5450.0,5590.0,5300.0,5300.0,87021.0,-1.303538175046555,0.0,0.0,445616700.0,25767400.0,0.0,0.0,300593460.0,170790640.0,471384100.0
2020-10-15,5400.0,5920.0,5200.0,5540.0,566021.0,4.528301886792453,11571880.0,0.0,2806285610.0,355483870.0,11573940.0,0.0,2767879320.0,393888100.0,3173341360.0
2020-10-16,5550.0,6900.0,5550.0,5830.0,4324300.0,5.234657039711191,28820620.0,11222550.0,26057056640.0,1161094020.0,28558480.0,17680140.0,25955331950.0,1256623260.0,27258193830.0
2020-10-19,5770.0,5770.0,5250.0,5350.0,753397.0,-8.233276157804461,2634710.0,0.0,3752517160.0,334604160.0,2644430.0,0.0,3675632370.0,411479230.0,4089756030.0
2020-10-20,5250.0,5380.0,4950.0,5070.0,393619.0,-5.233644859813085,7559680.0,15430000.0,1773275575.0,223506410.0,7630240.0,10640000.0,1712163485.0,289337940.0,2019771665.0
2020-10-21,5110.0,6590.0,5080.0,6590.0,3347652.0,29.980276134122285,4197260.0,25192460.0,20087377760.0,616501680.0,4222860.0,33830620.0,19925394690.0,769820990.0,20733269160.0
2020-10-22,7080.0,7940.0,6040.0,6460.0,11836067.0,-1.9726858877086493,23122570.0,103214630.0,82347199900.0,2727811660.0,23029460.0,55719010.0,82268116860.0,2854483430.0,85201348760.0
2020-10-23,6660.0,6770.0,5660.0,5840.0,2248478.0,-9.597523219814242,4008340.0,332750.0,13232738620.0,845705720.0,4048220.0,0.0,13258495480.0,820241730.0,14082785430.0
2020-10-26,5750.0,5810.0,5300.0,5420.0,532817.0,-7.191780821917808,384480.0,310500.0,2619450190.0,303603940.0,385920.0,0.0,2632522690.0,290840500.0,2923749110.0
2020-10-27,5450.0,5810.0,5370.0,5440.0,562130.0,0.36900369003690037,7398360.0,0.0,2856197690.0,264880690.0,7343040.0,0.0,2790737330.0,330396370.0,3128476740.0
2020-10-28,5500.0,6760.0,5440.0,5980.0,5698851.0,9.926470588235293,23705010.0,32850520.0,33479686920.0,1662970310.0,23834550.0,8135310.0,33466898730.0,1700344170.0,35199212760.0
2020-10-29,5810.0,6310.0,5700.0,5840.0,1423012.0,-2.341137123745819,4021900.0,0.0,8049695980.0,473388520.0,4032960.0,32023050.0,7978565880.0,512484510.0,8527106400.0
2020-10-30,5910.0,5920.0,5500.0,5600.0,385251.0,-4.10958904109589,0.0,1108000.0,1994364720.0,191642420.0,0.0,0.0,1951488800.0,235626340.0,2187115140.0
2020-11-02,5600.0,5960.0,5520.0,5700.0,526282.0,1.7857142857142856,2817950.0,0.0,2742261350.0,281761300.0,2803290.0,0.0,2750016130.0,274021180.0,3026840600.0
2020-11-03,5720.0,5920.0,5660.0,5760.0,349722.0,1.0526315789473684,4090810.0,5743650.0,1696149480.0,314485890.0,4105310.0,0.0,1826761010.0,189603510.0,2020469830.0
2020-11-04,5870.0,5870.0,5610.0,5660.0,254916.0,-1.7361111111111112,2044180.0,0.0,1271907100.0,180860840.0,2040820.0,35656860.0,1188589270.0,228525170.0,1454812120.0
2020-11-05,5750.0,5810.0,5660.0,5780.0,169784.0,2.1201413427561837,0.0,17340.0,675636330.0,298897280.0,0.0,0.0,909031130.0,65519820.0,974550950.0
2020-11-06,5870.0,5870.0,5660.0,5700.0,173357.0,-1.384083044982699,2040600.0,11580000.0,805290440.0,180339530.0,2051340.0,17610.0,908776640.0,88404980.0,999250570.0
2020-11-09,5700.0,5870.0,5700.0,5840.0,172423.0,2.456140350877193,0.0,5810000.0,645864870.0,351180680.0,0.0,0.0,943819860.0,59035690.0,1002855550.0
2020-11-10,5910.0,5920.0,5700.0,5730.0,152247.0,-1.8835616438356164,0.0,0.0,776217440.0,102491120.0,0.0,11540000.0,708921830.0,158246730.0,878708560.0
2020-11-11,5740.0,5920.0,5520.0,5830.0,239627.0,1.7452006980802792,2006810.0,8745000.0,1147569900.0,217184550.0,2000160.0,5598000.0,1255408450.0,112499650.0,1375506260.0
2020-11-12,5850.0,5850.0,5670.0,5690.0,170914.0,-2.401372212692967,0.0,5730000.0,841155880.0,131863200.0,0.0,0.0,811978960.0,166770120.0,978749080.0
2020-11-13,5760.0,5810.0,5510.0,5600.0,204595.0,-1.5817223198594026,2021910.0,0.0,1109517320.0,35264380.0,2028530.0,0.0,930885180.0,213889900.0,1146803610.0
2020-11-16,5620.0,5890.0,5570.0,5830.0,468729.0,4.107142857142857,2076360.0,0.0,2422981770.0,278438840.0,2100230.0,0.0,2487723330.0,213673410.0,2703496970.0
2020-11-17,5920.0,5920.0,5660.0,5660.0,157048.0,-2.9159519725557463,0.0,5680000.0,857208380.0,36199840.0,0.0,0.0,767294050.0,131794170.0,899088220.0
2020-11-18,5630.0,5750.0,5610.0,5650.0,98036.0,-0.17667844522968199,0.0,2264000.0,471167940.0,81225680.0,0.0,2264000.0,515895210.0,36498410.0,554657620.0
2020-11-19,5640.0,5690.0,5540.0,5570.0,96973.0,-1.415929203539823,0.0,5550000.0,515622440.0,19692710.0,0.0,0.0,467439540.0,73425610.0,540865150.0
2020-11-20,5550.0,5660.0,5520.0,5560.0,83473.0,-0.17953321364452424,0.0,0.0,413568970.0,51307290.0,0.0,0.0,437316500.0,27559760.0,464876260.0
2020-11-23,5520.0,5690.0,5450.0,5600.0,194644.0,0.7194244604316548,0.0,0.0,908269790.0,179625270.0,0.0,442260.0,988313420.0,99139380.0,1087895060.0
2020-11-24,5690.0,5700.0,5570.0,5590.0,97316.0,-0.17857142857142858,0.0,0.0,511912790.0,34365300.0,0.0,0.0,470045870.0,76232220.0,546278090.0
2020-11-25,5640.0,7260.0,5580.0,7260.0,11448058.0,29.874776386404296,21743710.0,42677220.0,75472337770.0,2265781150.0,20936130.0,69337520.0,75122206190.0,2590060010.0,77802539850.0
2020-11-26,7400.0,7900.0,6190.0,6250.0,3590435.0,-13.911845730027547,8116750.0,34791650.0,23176352410.0,901751630.0,8847900.0,34519120.0,23282536680.0,795108740.0,24121012440.0
2020-11-27,6300.0,6610.0,6100.0,6380.0,1383363.0,2.08,2065040.0,0.0,8556773760.0,320650710.0,2120090.0,6573550.0,8495000770.0,375795100.0,8879489510.0
2020-11-30,6440.0,6480.0,6170.0,6170.0,307654.0,-3.2915360501567394,0.0,0.0,1787403480.0,140260010.0,0.0,6275010.0,1809272960.0,112115520.0,1927663490.0
2020-12-01,6230.0,6670.0,6180.0,6400.0,814752.0,3.727714748784441,2477600.0,19260.0,4932967940.0,325302760.0,2500400.0,19080.0,4816465850.0,441782230.0,5260767560.0
2020-12-02,6440.0,6470.0,6280.0,6400.0,269444.0,0.0,0.0,0.0,1420699270.0,292552970.0,0.0,0.0,1622462080.0,90790160.0,1713252240.0
2020-12-03,6430.0,6440.0,6250.0,6380.0,185870.0,-0.3125,0.0,0.0,1003539160.0,170474420.0,0.0,0.0,1100954970.0,73058610.0,1174013580.0
2020-12-04,6400.0,6910.0,6380.0,6470.0,960620.0,1.4106583072100314,0.0,0.0,6076036550.0,315309000.0,0.0,0.0,5784506350.0,606839200.0,6391345550.0
2020-12-07,6530.0,6710.0,6460.0,6530.0,251031.0,0.9273570324574961,0.0,0.0,1566251300.0,73081570.0,0.0,0.0,1543136070.0,96196800.0,1639332870.0
2020-12-08,6510.0,6530.0,6260.0,6290.0,230780.0,-3.6753445635528332,0.0,0.0,1349148690.0,120092520.0,0.0,0.0,1265088610.0,204152600.0,1469241210.0
2020-12-09,6310.0,6440.0,6280.0,6320.0,126233.0,0.47694753577106513,0.0,12650000.0,670626000.0,117207380.0,0.0,0.0,725971570.0,74511810.0,800483380.0
2020-12-10,6290.0,6290.0,5800.0,5940.0,205411.0,-6.012658227848101,0.0,0.0,1214574050.0,3241330.0,0.0,12000000.0,1195897380.0,9918000.0,1217815380.0
2020-12-11,5910.0,5910.0,5820.0,5860.0,109722.0,-1.3468013468013467,0.0,0.0,640909700.0,1322800.0,0.0,0.0,634042500.0,8190000.0,642232500.0
2020-12-14,5900.0,5900.0,5860.0,5870.0,47699.0,0.17064846416382254,0.0,0.0,279904840.0,0.0,0.0,0.0,279904840.0,0.0,279904840.0
2020-12-15,5910.0,5910.0,5730.0,5730.0,87766.0,-2.385008517887564,0.0,0.0,506177240.0,0.0,0.0,0.0,506177240.0,0.0,506177240.0
2020-12-16,5730.0,5780.0,5730.0,5770.0,41009.0,0.6980802792321117,0.0,0.0,236100660.0,51930.0,0.0,0.0,236152590.0,0.0,236152590.0
2020-12-17,5770.0,5770.0,5660.0,5670.0,43263.0,-1.733102253032929,0.0,0.0,245331330.0,1621600.0,0.0,0.0,246952930.0,0.0,246952930.0
2020-12-18,5670.0,5670.0,5490.0,5490.0,99651.0,-3.1746031746031744,0.0,0.0,550018990.0,1835210.0,0.0,0.0,544254540.0,7599660.0,551854200.0
2020-12-21,5520.0,5570.0,5450.0,5450.0,54195.0,-0.7285974499089253,0.0,0.0,298954440.0,266880.0,0.0,0.0,299221320.0,0.0,299221320.0
2020-12-22,5360.0,5360.0,5100.0,5150.0,101388.0,-5.5045871559633035,0.0,30600.0,525542380.0,662360.0,0.0,0.0,526235340.0,0.0,526235340.0
2020-12-23,5170.0,5250.0,5160.0,5170.0,47797.0,0.3883495145631068,0.0,0.0,247920840.0,310200.0,0.0,31020.0,247940020.0,260000.0,248231040.0
2020-12-24,5350.0,5350.0,5190.0,5200.0,21927.0,0.5802707930367506,0.0,0.0,114791940.0,0.0,0.0,0.0,114791940.0,0.0,114791940.0
2020-12-28,5110.0,5110.0,5020.0,5020.0,52528.0,-3.4615384615384617,0.0,0.0,263349630.0,1619790.0,0.0,0.0,264944320.0,25100.0,264969420.0
2020-12-29,5020.0,5020.0,4990.0,5010.0,33970.0,-0.199203187250996,0.0,0.0,169959910.0,0.0,0.0,0.0,169959910.0,0.0,169959910.0
2020-12-30,5180.0,5200.0,5110.0,5150.0,37552.0,2.7944111776447107,0.0,0.0,194024400.0,0.0,0.0,0.0,192384860.0,1639540.0,194024400.0
2021-01-04,5180.0,5180.0,5040.0,5040.0,49350.0,-2.1359223300970873,0.0,0.0,247935740.0,2731680.0,0.0,0.0,250273520.0,393900.0,250667420.0
2021-01-05,5040.0,5040.0,5020.0,5040.0,28059.0,0.0,0.0,0.0,141292010.0,0.0,0.0,0.0,139049210.0,2242800.0,141292010.0
2021-01-06,5060.0,5960.0,5060.0,5310.0,198664.0,5.357142857142857,0.0,0.0,1111724290.0,2938280.0,0.0,0.0,1114662570.0,0.0,1114662570.0
2021-01-07,5430.0,5430.0,5340.0,5400.0,42110.0,1.694915254237288,0.0,0.0,227473120.0,80100.0,0.0,0.0,223783330.0,3769890.0,227553220.0
2021-01-08,5430.0,5430.0,5270.0,5280.0,38215.0,-2.2222222222222223,0.0,0.0,203082120.0,0.0,0.0,0.0,203082120.0,0.0,203082120.0
2021-01-11,5180.0,5540.0,5180.0,5290.0,94030.0,0.1893939393939394,0.0,0.0,502948680.0,2061640.0,0.0,0.0,498877540.0,6132780.0,505010320.0
2021-01-12,5230.0,5250.0,5150.0,5210.0,35069.0,-1.5122873345935728,0.0,0.0,182256480.0,0.0,0.0,0.0,182256480.0,0.0,182256480.0
2021-01-13,5250.0,5300.0,5250.0,5300.0,35471.0,1.727447216890595,0.0,0.0,186993890.0,0.0,0.0,0.0,186993890.0,0.0,186993890.0
2021-01-14,5350.0,5360.0,5340.0,5340.0,31090.0,0.7547169811320755,0.0,0.0,166397470.0,0.0,0.0,0.0,165824710.0,572760.0,166397470.0
2021-01-15,5390.0,5390.0,5220.0,5220.0,29490.0,-2.247191011235955,0.0,118580.0,155836920.0,0.0,0.0,0.0,155955500.0,0.0,155955500.0
2021-01-18,5200.0,5200.0,5090.0,5090.0,35676.0,-2.490421455938697,0.0,0.0,182444450.0,0.0,0.0,0.0,182444450.0,0.0,182444450.0
2021-01-19,5090.0,5090.0,4950.0,5070.0,41506.0,-0.3929273084479371,0.0,15210.0,207407760.0,54590.0,0.0,1123540.0,205848020.0,506000.0,207477560.0
2021-01-20,5070.0,5080.0,5020.0,5080.0,14431.0,0.19723865877712032,0.0,0.0,71998440.0,728500.0,0.0,0.0,72726940.0,0.0,72726940.0
2021-01-21,5120.0,5120.0,5080.0,5100.0,27680.0,0.39370078740157477,0.0,0.0,141346360.0,0.0,0.0,0.0,141346360.0,0.0,141346360.0
2021-01-22,5090.0,5090.0,5050.0,5060.0,30064.0,-0.7843137254901961,0.0,0.0,152022310.0,0.0,0.0,15180.0,152007130.0,0.0,152022310.0
2021-01-25,5090.0,5130.0,5090.0,5130.0,22534.0,1.383399209486166,0.0,0.0,114905380.0,0.0,0.0,0.0,114900280.0,5100.0,114905380.0
2021-01-26,5180.0,5180.0,5100.0,5100.0,29963.0,-0.5847953216374269,0.0,0.0,152700880.0,1551000.0,0.0,0.0,152501020.0,1750860.0,154251880.0
2021-01-27,5100.0,5110.0,5070.0,5110.0,36511.0,0.19607843137254902,0.0,0.0,186145530.0,0.0,0.0,0.0,186145530.0,0.0,186145530.0
2021-01-28,5080.0,5080.0,4995.0,5000.0,45456.0,-2.152641878669276,0.0,0.0,227494070.0,0.0,0.0,0.0,223392470.0,4101600.0,227494070.0
2021-01-29,5050.0,5060.0,4860.0,4860.0,30453.0,-2.8000000000000003,0.0,0.0,149174050.0,806880.0,0.0,0.0,149980930.0,0.0,149980930.0
2021-02-01,4730.0,4730.0,4640.0,4660.0,90408.0,-4.11522633744856,0.0,0.0,420294805.0,898550.0,0.0,0.0,421193355.0,0.0,421193355.0
2021-02-02,4665.0,4790.0,4665.0,4720.0,15557.0,1.2875536480686696,0.0,0.0,69636025.0,4484000.0,0.0,0.0,74120025.0,0.0,74120025.0
2021-02-03,4820.0,4820.0,4760.0,4760.0,14284.0,0.847457627118644,0.0,0.0,68082395.0,0.0,0.0,0.0,67889595.0,192800.0,68082395.0
2021-02-04,4685.0,4685.0,4655.0,4660.0,17922.0,-2.100840336134454,0.0,0.0,81221630.0,2322850.0,0.0,0.0,83544480.0,0.0,83544480.0
2021-02-05,4690.0,4710.0,4670.0,4670.0,9773.0,0.2145922746781116,0.0,0.0,45913210.0,0.0,0.0,0.0,42942675.0,2970535.0,45913210.0
2021-02-08,4835.0,4835.0,4670.0,4710.0,20903.0,0.8565310492505354,4496550.0,0.0,95385955.0,0.0,0.0,0.0,98325635.0,1556870.0,99882505.0
2021-02-09,4800.0,4800.0,4670.0,4680.0,22463.0,-0.6369426751592357,0.0,0.0,105328035.0,510120.0,0.0,0.0,99763515.0,6074640.0,105838155.0
2021-02-10,4690.0,4710.0,4690.0,4710.0,18479.0,0.641025641025641,0.0,0.0,87012290.0,0.0,0.0,0.0,87012290.0,0.0,87012290.0
2021-02-15,4725.0,4980.0,4725.0,4980.0,43149.0,5.7324840764331215,0.0,0.0,210618025.0,155925.0,0.0,0.0,210773950.0,0.0,210773950.0
2021-02-16,5100.0,5320.0,5000.0,5100.0,81500.0,2.4096385542168677,0.0,31808880.0,393391250.0,0.0,0.0,0.0,425200130.0,0.0,425200130.0
2021-02-17,5260.0,5260.0,5010.0,5010.0,39128.0,-1.7647058823529411,0.0,0.0,201433910.0,0.0,0.0,0.0,199997930.0,1435980.0,201433910.0
2021-02-18,5180.0,5180.0,5040.0,5070.0,36942.0,1.1976047904191618,0.0,15540000.0,173710540.0,0.0,0.0,0.0,181518500.0,7732040.0,189250540.0
2021-02-19,5130.0,5130.0,5100.0,5110.0,25039.0,0.7889546351084813,0.0,894250.0,127399650.0,0.0,0.0,0.0,127738000.0,555900.0,128293900.0
2021-02-22,5050.0,5180.0,5030.0,5120.0,31252.0,0.19569471624266144,8903100.0,0.0,148209980.0,1343300.0,0.0,0.0,154102820.0,4353560.0,158456380.0
2021-02-23,5050.0,5050.0,4990.0,4990.0,27928.0,-2.5390625,0.0,0.0,140136010.0,0.0,0.0,0.0,140136010.0,0.0,140136010.0
2021-02-24,5020.0,5020.0,4910.0,4910.0,19206.0,-1.6032064128256511,0.0,0.0,95277105.0,0.0,0.0,0.0,94468585.0,808520.0,95277105.0
2021-02-25,4910.0,4995.0,4910.0,4965.0,11762.0,1.120162932790224,0.0,0.0,58344520.0,0.0,0.0,0.0,58344520.0,0.0,58344520.0
2021-02-26,4890.0,4895.0,4875.0,4885.0,24792.0,-1.6112789526686808,0.0,0.0,118632325.0,2534090.0,0.0,0.0,121058835.0,107580.0,121166415.0
2021-03-02,4885.0,5020.0,4885.0,4885.0,14757.0,0.0,0.0,0.0,71622880.0,1526550.0,0.0,0.0,73149430.0,0.0,73149430.0
2021-03-03,4800.0,4805.0,4775.0,4805.0,18596.0,-1.6376663254861823,0.0,0.0,85985525.0,3185200.0,0.0,0.0,89170725.0,0.0,89170725.0
2021-03-04,4805.0,4805.0,4500.0,4605.0,39474.0,-4.162330905306972,0.0,0.0,179517750.0,1800000.0,0.0,0.0,181267150.0,50600.0,181317750.0
2021-03-05,4600.0,4600.0,4530.0,4540.0,22767.0,-1.4115092290988056,0.0,0.0,101665840.0,1816000.0,0.0,0.0,103058640.0,423200.0,103481840.0
2021-03-08,4650.0,4650.0,4415.0,4445.0,15404.0,-2.092511013215859,6975000.0,0.0,62671510.0,0.0,0.0,0.0,69646510.0,0.0,69646510.0
2021-03-09,4360.0,4360.0,4200.0,4250.0,29392.0,-4.386951631046119,0.0,0.0,125476460.0,0.0,0.0,0.0,125476460.0,0.0,125476460.0
2021-03-10,4310.0,4500.0,4310.0,4400.0,25953.0,3.5294117647058822,0.0,0.0,114983230.0,0.0,0.0,0.0,114983230.0,0.0,114983230.0
2021-03-11,4425.0,5000.0,4425.0,5000.0,109748.0,13.636363636363635,0.0,0.0,548240730.0,0.0,0.0,0.0,547751230.0,489500.0,548240730.0
2021-03-12,5370.0,5370.0,4840.0,4985.0,70957.0,-0.3,0.0,268500.0,351313075.0,7910900.0,0.0,249000.0,359243475.0,0.0,359492475.0
2021-03-15,4940.0,4960.0,4800.0,4920.0,37590.0,-1.3039117352056169,0.0,0.0,184849015.0,4960.0,0.0,0.0,184853975.0,0.0,184853975.0
2021-03-16,5030.0,5030.0,4890.0,4890.0,28996.0,-0.6097560975609756,0.0,0.0,143339560.0,0.0,0.0,0.0,143083030.0,256530.0,143339560.0
2021-03-17,4860.0,4860.0,4365.0,4780.0,63993.0,-2.2494887525562373,0.0,0.0,292887780.0,2352500.0,0.0,0.0,295240280.0,0.0,295240280.0
2021-03-18,4755.0,4755.0,4560.0,4595.0,55816.0,-3.8702928870292883,0.0,0.0,255937495.0,521160.0,0.0,0.0,256454050.0,4605.0,256458655.0
2021-03-19,4550.0,4650.0,4550.0,4650.0,25354.0,1.1969532100108813,0.0,0.0,113932980.0,2343100.0,0.0,0.0,116276080.0,0.0,116276080.0
2021-03-22,4690.0,4700.0,4510.0,4550.0,34730.0,-2.1505376344086025,0.0,0.0,158303715.0,9030.0,0.0,0.0,158312745.0,0.0,158312745.0
2021-03-23,4550.0,4550.0,4450.0,4450.0,17829.0,-2.197802197802198,0.0,0.0,80392955.0,44500.0,0.0,0.0,80437455.0,0.0,80437455.0
2021-03-24,4415.0,4415.0,4390.0,4400.0,17907.0,-1.1235955056179776,0.0,0.0,78716370.0,0.0,0.0,0.0,78672370.0,44000.0,78716370.0
2021-03-25,4435.0,4645.0,4355.0,4540.0,21790.0,3.1818181818181817,0.0,0.0,99117875.0,0.0,0.0,0.0,99117875.0,0.0,99117875.0
2021-03-26,4730.0,4730.0,4425.0,4590.0,35641.0,1.1013215859030838,0.0,0.0,162065575.0,4425.0,0.0,0.0,160826010.0,1243990.0,162070000.0
2021-03-29,4680.0,4680.0,4410.0,4500.0,28854.0,-1.9607843137254901,0.0,0.0,131335850.0,0.0,0.0,0.0,131335850.0,0.0,131335850.0
2021-03-30,4460.0,4635.0,4460.0,4635.0,19012.0,3.0,0.0,67920.0,86754460.0,160560.0,0.0,0.0,86848390.0,134550.0,86982940.0
2021-03-31,4760.0,4940.0,4645.0,4940.0,93961.0,6.580366774541532,0.0,0.0,452156470.0,0.0,0.0,0.0,450201920.0,1954550.0,452156470.0
2021-04-01,4990.0,5040.0,4935.0,4935.0,74754.0,-0.10121457489878542,0.0,9890.0,374061660.0,0.0,0.0,74850.0,373996700.0,0.0,374071550.0
2021-04-02,4905.0,4905.0,4780.0,4780.0,44432.0,-3.1408308004052685,0.0,24525.0,214069130.0,0.0,0.0,0.0,214093655.0,0.0,214093655.0
2021-04-05,4720.0,4870.0,4705.0,4870.0,41016.0,1.882845188284519,0.0,0.0,195251405.0,405920.0,0.0,0.0,195657325.0,0.0,195657325.0
2021-04-06,5000.0,5640.0,5000.0,5640.0,492691.0,15.811088295687886,0.0,7450820.0,2664720510.0,1736140.0,0.0,11040000.0,2662471830.0,395640.0,2673907470.0
2021-04-07,5750.0,7120.0,5700.0,5770.0,1319420.0,2.304964539007092,0.0,12920350.0,8500167170.0,11413980.0,0.0,19701050.0,8481812310.0,22988140.0,8524501500.0
2021-04-08,6340.0,6620.0,5530.0,5650.0,733897.0,-2.079722703639515,0.0,25360.0,4466286640.0,7830110.0,0.0,22320.0,4461111830.0,13007960.0,4474142110.0
2021-04-09,5650.0,5650.0,5310.0,5360.0,191309.0,-5.132743362831858,0.0,0.0,1033679760.0,678150.0,0.0,0.0,1033767760.0,590150.0,1034357910.0
2021-04-12,5370.0,5980.0,5300.0,5730.0,287025.0,6.902985074626866,0.0,0.0,1619216060.0,1161500.0,0.0,0.0,1613944560.0,6433000.0,1620377560.0
2021-04-13,5810.0,5810.0,5400.0,5430.0,150125.0,-5.2356020942408374,0.0,51141440.0,778706750.0,54400.0,23100000.0,47779200.0,755256080.0,3767310.0,829902590.0
2021-04-14,5440.0,5690.0,5440.0,5520.0,102808.0,1.6574585635359116,0.0,0.0,571839710.0,2556640.0,0.0,0.0,561329070.0,13067280.0,574396350.0
2021-04-15,5500.0,5500.0,5380.0,5390.0,103359.0,-2.355072463768116,0.0,0.0,556902160.0,2139500.0,0.0,7560000.0,544229910.0,7251750.0,559041660.0
2021-04-16,5400.0,5570.0,5400.0,5470.0,73079.0,1.4842300556586272,0.0,0.0,401647610.0,136420.0,0.0,0.0,401685030.0,99000.0,401784030.0
2021-04-19,5650.0,5650.0,5540.0,5610.0,78495.0,2.5594149908592323,0.0,0.0,440276290.0,0.0,0.0,0.0,440276290.0,0.0,440276290.0
2021-04-20,5610.0,6170.0,5610.0,6090.0,305110.0,8.55614973262032,0.0,3030000.0,1847218510.0,2012500.0,0.0,9255000.0,1838305210.0,4700800.0,1852261010.0
2021-04-21,6400.0,6400.0,5820.0,6050.0,186426.0,-0.6568144499178982,0.0,0.0,1146067200.0,0.0,0.0,2997000.0,1143070200.0,0.0,1146067200.0
2021-04-22,6050.0,6050.0,5850.0,5880.0,110631.0,-2.809917355371901,0.0,983050.0,657939180.0,0.0,0.0,0.0,654968890.0,3953340.0,658922230.0
2021-04-23,5880.0,6000.0,5760.0,6000.0,79230.0,2.0408163265306123,0.0,0.0,466287170.0,0.0,0.0,0.0,466287170.0,0.0,466287170.0
2021-04-26,6260.0,6260.0,6030.0,6050.0,70076.0,0.8333333333333334,0.0,0.0,424033090.0,3163320.0,0.0,0.0,427172170.0,24240.0,427196410.0
2021-04-27,5860.0,5980.0,5800.0,5820.0,77092.0,-3.8016528925619832,0.0,0.0,446924360.0,7090600.0,0.0,0.0,454008980.0,5980.0,454014960.0
2021-04-28,5820.0,5900.0,5610.0,5630.0,61350.0,-3.264604810996564,0.0,0.0,348037050.0,0.0,0.0,0.0,348037050.0,0.0,348037050.0
2021-04-29,5600.0,5600.0,5400.0,5500.0,54401.0,-2.3090586145648313,0.0,0.0,298328300.0,27600.0,0.0,891000.0,297464900.0,0.0,298355900.0
2021-04-30,5510.0,5660.0,5500.0,5650.0,47244.0,2.727272727272727,0.0,0.0,263566020.0,28000.0,0.0,0.0,263594020.0,0.0,263594020.0
2021-05-03,5640.0,5640.0,5400.0,5400.0,50029.0,-4.424778761061947,0.0,0.0,274495600.0,0.0,0.0,0.0,274495600.0,0.0,274495600.0
2021-05-04,5400.0,5410.0,5300.0,5410.0,48247.0,0.1851851851851852,0.0,0.0,254582990.0,2918680.0,0.0,0.0,257501670.0,0.0,257501670.0
2021-05-06,5410.0,5650.0,5410.0,5650.0,66754.0,4.436229205175601,0.0,0.0,373098950.0,238720.0,0.0,0.0,371390250.0,1947420.0,373337670.0
2021-05-07,5760.0,5760.0,5600.0,5630.0,50948.0,-0.35398230088495575,0.0,0.0,290792980.0,57000.0,0.0,0.0,289697980.0,1152000.0,290849980.0
2021-05-10,5630.0,5960.0,5630.0,5960.0,116002.0,5.86145648312611,0.0,0.0,686409350.0,1178000.0,0.0,26820000.0,660767350.0,0.0,687587350.0
2021-05-11,6100.0,6100.0,5760.0,5800.0,90706.0,-2.684563758389262,0.0,0.0,530069730.0,12200.0,0.0,0.0,527312530.0,2769400.0,530081930.0
2021-05-12,5870.0,5870.0,5600.0,5600.0,56531.0,-3.4482758620689653,0.0,0.0,321987190.0,1174000.0,0.0,0.0,322497880.0,663310.0,323161190.0
2021-05-13,5450.0,5650.0,5450.0,5500.0,34203.0,-1.7857142857142856,0.0,0.0,188066080.0,1107650.0,0.0,0.0,189173730.0,0.0,189173730.0
2021-05-14,5540.0,5540.0,5500.0,5500.0,29557.0,0.0,0.0,0.0,162980960.0,0.0,0.0,0.0,162980960.0,0.0,162980960.0
2021-05-17,5450.0,5470.0,5450.0,5460.0,32954.0,-0.7272727272727273,0.0,0.0,177851790.0,1952090.0,0.0,0.0,177561180.0,2242700.0,179803880.0
2021-05-18,5400.0,5430.0,5400.0,5420.0,19378.0,-0.7326007326007326,0.0,0.0,104402640.0,579950.0,0.0,0.0,104873990.0,108600.0,104982590.0
2021-05-20,5430.0,5470.0,5360.0,5370.0,24218.0,-0.9225092250922509,0.0,0.0,131032290.0,91890.0,0.0,0.0,130893270.0,230910.0,131124180.0
2021-05-21,5390.0,5390.0,5300.0,5330.0,28406.0,-0.74487895716946,0.0,0.0,145216500.0,6469330.0,0.0,0.0,151552580.0,133250.0,151685830.0
2021-05-24,5340.0,5370.0,5340.0,5370.0,13296.0,0.7504690431519699,0.0,0.0,71153280.0,0.0,0.0,0.0,69805410.0,1347870.0,71153280.0
2021-05-25,5400.0,5400.0,5360.0,5390.0,22875.0,0.37243947858473,0.0,0.0,122900420.0,0.0,0.0,0.0,122625530.0,274890.0,122900420.0
2021-05-26,5390.0,5410.0,5390.0,5410.0,27677.0,0.3710575139146568,0.0,0.0,149210900.0,0.0,0.0,0.0,148655210.0,555690.0,149210900.0
2021-05-27,5420.0,5420.0,5350.0,5370.0,27531.0,-0.7393715341959335,0.0,0.0,147680110.0,270500.0,0.0,0.0,146629480.0,1321130.0,147950610.0
2021-05-28,5370.0,5370.0,5340.0,5370.0,21615.0,0.0,0.0,0.0,115701030.0,0.0,0.0,0.0,115701030.0,0.0,115701030.0
2021-05-31,5370.0,5370.0,5320.0,5320.0,21648.0,-0.931098696461825,0.0,0.0,115555300.0,0.0,0.0,0.0,115555300.0,0.0,115555300.0
2021-06-01,5320.0,5420.0,5200.0,5420.0,46116.0,1.8796992481203008,0.0,0.0,243601770.0,0.0,0.0,0.0,242414790.0,1186980.0,243601770.0
2021-06-02,5370.0,5370.0,5330.0,5340.0,18084.0,-1.4760147601476015,0.0,0.0,96703050.0,0.0,0.0,0.0,96703050.0,0.0,96703050.0
2021-06-03,5340.0,5340.0,5310.0,5340.0,16959.0,0.0,0.0,0.0,88981810.0,1332500.0,0.0,0.0,90314310.0,0.0,90314310.0
2021-06-04,5380.0,5380.0,5360.0,5380.0,19667.0,0.7490636704119851,0.0,0.0,104326390.0,1345000.0,0.0,0.0,105671390.0,0.0,105671390.0
2021-06-07,5400.0,5400.0,5290.0,5300.0,19524.0,-1.486988847583643,0.0,0.0,103631130.0,0.0,0.0,0.0,103631130.0,0.0,103631130.0
2021-06-08,5260.0,5260.0,5220.0,5220.0,30241.0,-1.509433962264151,0.0,0.0,158187510.0,0.0,0.0,0.0,158187510.0,0.0,158187510.0
2021-06-09,5220.0,5220.0,5140.0,5160.0,29196.0,-1.1494252873563218,0.0,0.0,150636780.0,0.0,0.0,0.0,150636780.0,0.0,150636780.0
2021-06-10,5140.0,5140.0,5110.0,5110.0,14508.0,-0.9689922480620154,0.0,0.0,74245190.0,0.0,0.0,0.0,71685190.0,2560000.0,74245190.0
2021-06-11,5110.0,5270.0,5110.0,5200.0,28875.0,1.761252446183953,0.0,0.0,150565440.0,0.0,0.0,0.0,150565440.0,0.0,150565440.0
2021-06-14,5200.0,5200.0,5070.0,5100.0,19731.0,-1.9230769230769231,0.0,0.0,100629690.0,0.0,0.0,0.0,100629690.0,0.0,100629690.0
2021-06-15,5110.0,5110.0,5060.0,5080.0,34000.0,-0.39215686274509803,0.0,0.0,172518710.0,0.0,0.0,0.0,172518710.0,0.0,172518710.0
2021-06-16,5080.0,5190.0,5080.0,5130.0,18747.0,0.984251968503937,0.0,0.0,96465820.0,0.0,0.0,0.0,96465820.0,0.0,96465820.0
2021-06-17,5100.0,5100.0,5040.0,5040.0,23987.0,-1.7543859649122806,0.0,0.0,117145430.0,4042000.0,0.0,0.0,121187430.0,0.0,121187430.0
2021-06-18,5000.0,5000.0,4930.0,4955.0,42728.0,-1.6865079365079365,0.0,0.0,212305065.0,0.0,0.0,0.0,212305065.0,0.0,212305065.0
2021-06-21,4860.0,4890.0,4860.0,4880.0,28204.0,-1.513622603430878,0.0,0.0,137419030.0,122100.0,0.0,0.0,137541130.0,0.0,137541130.0
2021-06-22,4880.0,4915.0,4880.0,4915.0,13657.0,0.7172131147540983,0.0,0.0,66908555.0,0.0,0.0,0.0,66908555.0,0.0,66908555.0
2021-06-23,4910.0,5000.0,4910.0,5000.0,15364.0,1.7293997965412005,0.0,0.0,76442890.0,0.0,0.0,0.0,76442890.0,0.0,76442890.0
2021-06-24,4940.0,4950.0,4900.0,4940.0,13268.0,-1.2,0.0,0.0,65164145.0,153140.0,0.0,0.0,65317285.0,0.0,65317285.0
2021-06-25,4995.0,5000.0,4970.0,4970.0,13345.0,0.6072874493927125,0.0,0.0,65834510.0,749250.0,0.0,0.0,66583760.0,0.0,66583760.0
2021-06-28,5050.0,5050.0,4920.0,4930.0,12510.0,-0.8048289738430584,0.0,0.0,61961500.0,0.0,0.0,0.0,61875650.0,85850.0,61961500.0
2021-06-29,4930.0,4940.0,4910.0,4920.0,10635.0,-0.2028397565922921,0.0,0.0,52381340.0,49350.0,0.0,0.0,52430690.0,0.0,52430690.0
2021-06-30,4925.0,4925.0,4885.0,4920.0,11953.0,0.0,0.0,4920000.0,53751650.0,0.0,0.0,0.0,58671650.0,0.0,58671650.0
2021-07-01,4900.0,4900.0,4875.0,4895.0,19685.0,-0.5081300813008129,0.0,0.0,96172860.0,0.0,0.0,0.0,96172860.0,0.0,96172860.0
2021-07-02,4890.0,4890.0,4860.0,4880.0,23332.0,-0.30643513789581206,0.0,0.0,113656470.0,0.0,0.0,0.0,113656470.0,0.0,113656470.0
2021-07-05,4870.0,4870.0,4700.0,4800.0,25702.0,-1.639344262295082,0.0,47500.0,122163325.0,0.0,0.0,0.0,122210825.0,0.0,122210825.0
2021-07-06,4795.0,4795.0,4770.0,4775.0,19575.0,-0.5208333333333333,0.0,0.0,89695245.0,3839850.0,0.0,0.0,93535095.0,0.0,93535095.0
2021-07-07,4700.0,4715.0,4680.0,4715.0,26353.0,-1.256544502617801,0.0,0.0,122773010.0,938000.0,0.0,0.0,123711010.0,0.0,123711010.0
2021-07-08,4730.0,4765.0,4650.0,4650.0,25550.0,-1.378579003181336,0.0,0.0,119540570.0,0.0,0.0,0.0,119540570.0,0.0,119540570.0
2021-07-09,4600.0,4600.0,4500.0,4575.0,29695.0,-1.6129032258064515,0.0,0.0,134361690.0,0.0,0.0,46000.0,134315690.0,0.0,134361690.0
2021-07-12,4610.0,4765.0,4610.0,4765.0,19327.0,4.1530054644808745,0.0,0.0,91477150.0,0.0,0.0,0.0,91477150.0,0.0,91477150.0
2021-07-13,4850.0,4850.0,4790.0,4790.0,24646.0,0.5246589716684155,0.0,0.0,118962800.0,0.0,0.0,0.0,118962800.0,0.0,118962800.0
2021-07-14,4790.0,4790.0,4705.0,4750.0,7271.0,-0.8350730688935281,0.0,0.0,34356235.0,0.0,0.0,0.0,34356235.0,0.0,34356235.0
2021-07-15,4720.0,4720.0,4675.0,4700.0,19082.0,-1.0526315789473684,0.0,0.0,88966100.0,467500.0,0.0,0.0,89433600.0,0.0,89433600.0
2021-07-16,4700.0,4700.0,4675.0,4675.0,9872.0,-0.5319148936170213,0.0,0.0,46290995.0,0.0,0.0,0.0,46290995.0,0.0,46290995.0
2021-07-19,4680.0,4720.0,4595.0,4595.0,14821.0,-1.7112299465240641,0.0,0.0,68524735.0,0.0,0.0,0.0,68524735.0,0.0,68524735.0
2021-07-20,4585.0,4585.0,4515.0,4585.0,18018.0,-0.2176278563656148,0.0,0.0,77020755.0,4550000.0,0.0,0.0,80881435.0,689320.0,81570755.0
2021-07-21,4600.0,4640.0,4580.0,4585.0,8942.0,0.0,0.0,0.0,41150500.0,46030.0,0.0,0.0,41196530.0,0.0,41196530.0
2021-07-22,4640.0,4640.0,4590.0,4590.0,7165.0,0.10905125408942204,0.0,0.0,33000985.0,0.0,0.0,0.0,33000985.0,0.0,33000985.0
2021-07-23,4610.0,4620.0,4590.0,4620.0,6959.0,0.6535947712418301,0.0,0.0,31956800.0,0.0,0.0,0.0,31956800.0,0.0,31956800.0
2021-07-26,4620.0,4620.0,4565.0,4615.0,10202.0,-0.10822510822510822,0.0,0.0,46850355.0,0.0,0.0,0.0,46850355.0,0.0,46850355.0
2021-07-27,4660.0,4660.0,4620.0,4620.0,6634.0,0.10834236186348861,0.0,0.0,30747310.0,0.0,0.0,0.0,30747310.0,0.0,30747310.0
2021-07-28,4620.0,4620.0,4575.0,4590.0,6911.0,-0.6493506493506493,0.0,0.0,31749625.0,0.0,0.0,0.0,31749625.0,0.0,31749625.0
2021-07-29,4620.0,4620.0,4600.0,4600.0,10805.0,0.2178649237472767,0.0,0.0,49775945.0,0.0,0.0,0.0,49535705.0,240240.0,49775945.0
2021-07-30,4575.0,4575.0,4545.0,4545.0,14796.0,-1.1956521739130435,0.0,0.0,67441940.0,0.0,0.0,0.0,67441940.0,0.0,67441940.0
2021-08-02,4540.0,4540.0,4500.0,4500.0,12564.0,-0.9900990099009901,0.0,0.0,56551900.0,0.0,0.0,0.0,56551900.0,0.0,56551900.0
2021-08-03,4480.0,4590.0,4480.0,4500.0,8601.0,0.0,0.0,0.0,38946570.0,0.0,0.0,0.0,38946570.0,0.0,38946570.0
2021-08-04,4510.0,4630.0,4510.0,4530.0,4058.0,0.6666666666666667,0.0,0.0,18542430.0,0.0,0.0,0.0,18542430.0,0.0,18542430.0
2021-08-05,4500.0,4580.0,4500.0,4560.0,6002.0,0.6622516556291391,0.0,0.0,27246600.0,0.0,0.0,0.0,27246600.0,0.0,27246600.0
2021-08-06,4610.0,4610.0,4540.0,4575.0,6608.0,0.3289473684210526,0.0,0.0,30085250.0,0.0,0.0,0.0,30076030.0,9220.0,30085250.0
2021-08-09,4570.0,4570.0,4520.0,4520.0,9742.0,-1.2021857923497268,0.0,0.0,44167380.0,0.0,0.0,0.0,44167380.0,0.0,44167380.0
2021-08-10,4525.0,4525.0,4500.0,4500.0,9092.0,-0.4424778761061947,0.0,0.0,38699420.0,2268015.0,0.0,0.0,40967435.0,0.0,40967435.0
2021-08-11,4495.0,4500.0,4480.0,4480.0,11268.0,-0.4444444444444444,0.0,0.0,50608360.0,0.0,0.0,0.0,50037495.0,570865.0,50608360.0
2021-08-12,4520.0,4545.0,4500.0,4510.0,6512.0,0.6696428571428571,0.0,0.0,29446455.0,0.0,0.0,0.0,29446455.0,0.0,29446455.0
2021-08-13,4510.0,4510.0,4445.0,4450.0,12018.0,-1.3303769401330376,0.0,0.0,53727340.0,0.0,0.0,0.0,53727340.0,0.0,53727340.0
2021-08-17,4430.0,4430.0,4360.0,4365.0,15148.0,-1.9101123595505618,0.0,0.0,66410300.0,0.0,0.0,0.0,66410300.0,0.0,66410300.0
2021-08-18,4385.0,4385.0,4370.0,4380.0,13325.0,0.3436426116838488,0.0,0.0,58157025.0,187910.0,0.0,0.0,58344935.0,0.0,58344935.0
2021-08-19,4380.0,4380.0,4190.0,4235.0,15506.0,-3.3105022831050226,0.0,0.0,66093925.0,0.0,0.0,0.0,65918725.0,175200.0,66093925.0
2021-08-20,4235.0,4235.0,4185.0,4185.0,13585.0,-1.1806375442739079,0.0,0.0,57157465.0,0.0,0.0,0.0,57157465.0,0.0,57157465.0
2021-08-23,4420.0,4420.0,4210.0,4290.0,26861.0,2.5089605734767026,0.0,0.0,115920890.0,0.0,0.0,0.0,110939550.0,4981340.0,115920890.0
2021-08-24,4380.0,4380.0,4335.0,4360.0,25036.0,1.6317016317016315,0.0,0.0,109332125.0,0.0,0.0,0.0,109332125.0,0.0,109332125.0
2021-08-25,4350.0,4350.0,4245.0,4300.0,10668.0,-1.3761467889908259,0.0,0.0,45633185.0,12855.0,0.0,0.0,45646040.0,0.0,45646040.0
2021-08-26,4260.0,4360.0,4260.0,4265.0,4751.0,-0.813953488372093,0.0,0.0,20305020.0,86900.0,0.0,0.0,20391920.0,0.0,20391920.0
2021-08-27,4255.0,4295.0,4245.0,4250.0,12045.0,-0.3516998827667058,0.0,0.0,51349515.0,0.0,0.0,0.0,51336780.0,12735.0,51349515.0
2021-08-30,4270.0,4275.0,4250.0,4275.0,6959.0,0.5882352941176471,0.0,0.0,29595245.0,4250.0,0.0,0.0,29599495.0,0.0,29599495.0
2021-08-31,4240.0,4280.0,4220.0,4280.0,8507.0,0.11695906432748539,0.0,0.0,36072845.0,8560.0,0.0,0.0,36081405.0,0.0,36081405.0
2021-09-01,4285.0,4380.0,4280.0,4380.0,14155.0,2.336448598130841,0.0,0.0,61588870.0,0.0,0.0,0.0,58958750.0,2630120.0,61588870.0
2021-09-02,4390.0,4390.0,4285.0,4300.0,17597.0,-1.82648401826484,0.0,0.0,75742740.0,4290.0,0.0,0.0,73169340.0,2577690.0,75747030.0
2021-09-03,4315.0,4325.0,4285.0,4285.0,7473.0,-0.3488372093023256,0.0,0.0,32174550.0,0.0,0.0,0.0,30676765.0,1497785.0,32174550.0
2021-09-06,4270.0,4280.0,4265.0,4280.0,6244.0,-0.11668611435239205,0.0,0.0,26655625.0,0.0,0.0,0.0,23440355.0,3215270.0,26655625.0
2021-09-07,4295.0,4295.0,4255.0,4280.0,7732.0,0.0,0.0,0.0,33057570.0,0.0,0.0,0.0,24679765.0,8377805.0,33057570.0
2021-09-08,4295.0,4295.0,4260.0,4265.0,6474.0,-0.35046728971962615,0.0,0.0,25565675.0,2130000.0,0.0,0.0,23446745.0,4248930.0,27695675.0
2021-09-09,4265.0,4265.0,4235.0,4235.0,8311.0,-0.7033997655334115,0.0,0.0,35226415.0,0.0,0.0,0.0,32045915.0,3180500.0,35226415.0
2021-09-10,4600.0,4600.0,4330.0,4385.0,20042.0,3.541912632821724,0.0,0.0,88960275.0,0.0,0.0,0.0,88960275.0,0.0,88960275.0
2021-09-13,4340.0,4380.0,4340.0,4360.0,6944.0,-0.5701254275940707,0.0,0.0,30305625.0,0.0,0.0,0.0,30305625.0,0.0,30305625.0
2021-09-14,4360.0,4365.0,4320.0,4325.0,5373.0,-0.8027522935779817,0.0,0.0,23283830.0,0.0,0.0,0.0,23283830.0,0.0,23283830.0
2021-09-15,4330.0,4330.0,4320.0,4325.0,1944.0,0.0,0.0,0.0,8411755.0,0.0,0.0,0.0,8411755.0,0.0,8411755.0
2021-09-16,4325.0,4325.0,4305.0,4325.0,8163.0,0.0,0.0,0.0,35236490.0,0.0,0.0,0.0,35236490.0,0.0,35236490.0
2021-09-17,4335.0,4335.0,4300.0,4300.0,5170.0,-0.5780346820809248,0.0,0.0,22260435.0,0.0,0.0,0.0,22260435.0,0.0,22260435.0
2021-09-23,4295.0,4295.0,4165.0,4215.0,11744.0,-1.9767441860465116,0.0,0.0,49203980.0,0.0,0.0,0.0,49203980.0,0.0,49203980.0
2021-09-24,4215.0,4240.0,4180.0,4230.0,7639.0,0.3558718861209964,0.0,0.0,32162710.0,0.0,0.0,0.0,32158490.0,4220.0,32162710.0
2021-09-27,4230.0,4230.0,4170.0,4190.0,5295.0,-0.9456264775413712,0.0,0.0,22150555.0,0.0,0.0,0.0,22146355.0,4200.0,22150555.0
2021-09-28,4260.0,4260.0,4160.0,4185.0,3671.0,-0.11933174224343676,0.0,0.0,15398150.0,0.0,0.0,0.0,15398150.0,0.0,15398150.0
2021-09-29,4175.0,4175.0,4085.0,4110.0,18720.0,-1.7921146953405016,0.0,963500.0,75917860.0,0.0,0.0,0.0,76881360.0,0.0,76881360.0
2021-09-30,4110.0,4110.0,4000.0,4000.0,18290.0,-2.67639902676399,0.0,0.0,73442935.0,0.0,0.0,0.0,73442935.0,0.0,73442935.0
2021-10-01,4050.0,4050.0,3845.0,3910.0,22200.0,-2.25,0.0,0.0,86390005.0,0.0,0.0,0.0,86390005.0,0.0,86390005.0
2021-10-05,3845.0,3920.0,3840.0,3900.0,8075.0,-0.2557544757033248,0.0,5096000.0,26284455.0,0.0,0.0,0.0,31380455.0,0.0,31380455.0
2021-10-06,3850.0,3880.0,3690.0,3690.0,15644.0,-5.384615384615385,0.0,0.0,58864075.0,0.0,0.0,0.0,58864075.0,0.0,58864075.0
2021-10-07,3690.0,3700.0,3660.0,3660.0,23849.0,-0.8130081300813009,0.0,0.0,87867965.0,0.0,0.0,0.0,87867965.0,0.0,87867965.0
2021-10-08,3670.0,3670.0,3650.0,3655.0,5904.0,-0.1366120218579235,0.0,0.0,21602165.0,0.0,0.0,0.0,21602165.0,0.0,21602165.0
2021-10-12,3635.0,3635.0,3565.0,3580.0,7206.0,-2.0519835841313268,0.0,0.0,25918860.0,0.0,0.0,0.0,25918860.0,0.0,25918860.0
2021-10-13,3595.0,3595.0,3575.0,3595.0,13138.0,0.41899441340782123,0.0,0.0,45333705.0,1862210.0,0.0,0.0,47195915.0,0.0,47195915.0
2021-10-14,3650.0,3840.0,3650.0,3840.0,18725.0,6.815020862308763,0.0,0.0,70497190.0,152000.0,0.0,0.0,70649190.0,0.0,70649190.0
2021-10-15,3850.0,3875.0,3830.0,3845.0,9578.0,0.13020833333333331,0.0,0.0,36924085.0,0.0,0.0,0.0,36924085.0,0.0,36924085.0
2021-10-18,3845.0,4090.0,3845.0,4055.0,10176.0,5.461638491547465,0.0,0.0,40270475.0,0.0,0.0,0.0,40270475.0,0.0,40270475.0
2021-10-19,4055.0,4425.0,4055.0,4425.0,41416.0,9.124537607891492,0.0,0.0,180013635.0,0.0,0.0,0.0,179991635.0,22000.0,180013635.0
2021-10-20,4580.0,4580.0,4270.0,4330.0,27223.0,-2.1468926553672314,0.0,0.0,116344340.0,2135000.0,0.0,0.0,118479340.0,0.0,118479340.0
2021-10-21,4295.0,4340.0,4250.0,4265.0,10339.0,-1.5011547344110854,0.0,0.0,42452695.0,2181475.0,0.0,0.0,44634170.0,0.0,44634170.0
2021-10-22,4250.0,4250.0,4210.0,4210.0,4386.0,-1.2895662368112544,0.0,0.0,18541370.0,0.0,0.0,0.0,18541370.0,0.0,18541370.0
2021-10-25,4380.0,4380.0,4340.0,4350.0,11591.0,3.32541567695962,0.0,0.0,50565710.0,0.0,0.0,0.0,50565710.0,0.0,50565710.0
2021-10-26,4350.0,4365.0,4350.0,4350.0,7482.0,0.0,0.0,0.0,32586445.0,0.0,0.0,0.0,30626560.0,1959885.0,32586445.0
2021-10-27,4420.0,4420.0,4305.0,4310.0,3310.0,-0.9195402298850575,0.0,216000.0,14132400.0,0.0,0.0,0.0,14322540.0,25860.0,14348400.0
2021-10-28,4310.0,4310.0,4220.0,4220.0,5713.0,-2.088167053364269,0.0,84500.0,20729420.0,3384000.0,0.0,0.0,24197920.0,0.0,24197920.0
2021-10-29,4220.0,4240.0,4175.0,4240.0,10382.0,0.47393364928909953,0.0,0.0,40277990.0,3493800.0,0.0,0.0,43391990.0,379800.0,43771790.0
2021-11-01,4250.0,4250.0,4190.0,4205.0,10625.0,-0.8254716981132075,0.0,0.0,44853120.0,0.0,0.0,0.0,44853120.0,0.0,44853120.0
2021-11-02,4215.0,4215.0,4170.0,4205.0,4706.0,0.0,0.0,0.0,19574645.0,133760.0,0.0,0.0,19708405.0,0.0,19708405.0
2021-11-03,4175.0,4180.0,4140.0,4140.0,7834.0,-1.5457788347205708,0.0,0.0,30418640.0,2075000.0,0.0,0.0,32493640.0,0.0,32493640.0
2021-11-04,4150.0,4150.0,4125.0,4130.0,3233.0,-0.24154589371980675,0.0,0.0,13364150.0,0.0,0.0,0.0,13285300.0,78850.0,13364150.0
2021-11-05,4240.0,4240.0,4145.0,4145.0,4449.0,0.36319612590799033,0.0,0.0,18582955.0,0.0,0.0,0.0,18582955.0,0.0,18582955.0
2021-11-08,4200.0,4220.0,4135.0,4220.0,8884.0,1.8094089264173705,0.0,0.0,37079110.0,0.0,0.0,0.0,37079110.0,0.0,37079110.0
2021-11-09,4260.0,4265.0,4235.0,4235.0,6785.0,0.35545023696682465,0.0,0.0,26138505.0,2759220.0,0.0,0.0,22500225.0,6397500.0,28897725.0
2021-11-10,4270.0,4270.0,4235.0,4235.0,2580.0,0.0,0.0,0.0,10946535.0,0.0,0.0,0.0,10946535.0,0.0,10946535.0
2021-11-11,4200.0,4200.0,4080.0,4080.0,10346.0,-3.659976387249114,0.0,0.0,42414780.0,0.0,0.0,0.0,42081060.0,333720.0,42414780.0
2021-11-12,4060.0,4085.0,4010.0,4045.0,8566.0,-0.857843137254902,0.0,160400.0,34513515.0,0.0,0.0,0.0,32384095.0,2289820.0,34673915.0
2021-11-15,4050.0,4060.0,4020.0,4060.0,9433.0,0.3708281829419036,0.0,0.0,38192650.0,0.0,0.0,0.0,38192650.0,0.0,38192650.0
2021-11-16,4080.0,4090.0,4040.0,4040.0,2654.0,-0.49261083743842365,0.0,0.0,10758425.0,0.0,0.0,0.0,10758425.0,0.0,10758425.0
2021-11-17,4050.0,4080.0,4010.0,4015.0,8676.0,-0.6188118811881188,0.0,0.0,35051095.0,0.0,0.0,0.0,35051095.0,0.0,35051095.0
2021-11-18,4015.0,4015.0,3985.0,3985.0,4676.0,-0.7471980074719801,0.0,0.0,18680955.0,0.0,0.0,0.0,18680955.0,0.0,18680955.0
2021-11-19,4000.0,4000.0,3970.0,3970.0,5972.0,-0.37641154328732745,0.0,0.0,23764005.0,0.0,0.0,0.0,23764005.0,0.0,23764005.0
2021-11-22,3955.0,3965.0,3955.0,3960.0,2345.0,-0.2518891687657431,0.0,0.0,9284620.0,0.0,0.0,0.0,8928220.0,356400.0,9284620.0
2021-11-23,3960.0,4000.0,3960.0,3995.0,5609.0,0.8838383838383838,0.0,0.0,22389585.0,0.0,0.0,0.0,22389585.0,0.0,22389585.0
2021-11-24,3995.0,4005.0,3990.0,3990.0,4572.0,-0.1251564455569462,0.0,0.0,18267530.0,0.0,0.0,0.0,13167190.0,5100340.0,18267530.0
2021-11-25,4000.0,4000.0,3965.0,3975.0,3352.0,-0.37593984962406013,0.0,198750.0,13130810.0,0.0,0.0,0.0,12869560.0,460000.0,13329560.0
2021-11-26,3970.0,3970.0,3915.0,3930.0,4706.0,-1.1320754716981132,0.0,0.0,18521260.0,0.0,0.0,0.0,18521260.0,0.0,18521260.0
2021-11-29,3800.0,3860.0,3800.0,3860.0,3119.0,-1.7811704834605597,0.0,0.0,12009655.0,0.0,0.0,0.0,12009655.0,0.0,12009655.0
2021-11-30,3865.0,3870.0,3840.0,3840.0,3114.0,-0.5181347150259068,0.0,0.0,12004595.0,0.0,0.0,0.0,12004595.0,0.0,12004595.0
2021-12-01,3700.0,3790.0,3700.0,3785.0,7478.0,-1.4322916666666665,0.0,0.0,28013030.0,0.0,0.0,0.0,28013030.0,0.0,28013030.0
2021-12-02,3735.0,3825.0,3735.0,3825.0,1869.0,1.0568031704095113,0.0,0.0,7067605.0,0.0,0.0,0.0,7067605.0,0.0,7067605.0
2021-12-03,3830.0,3910.0,3825.0,3910.0,5007.0,2.2222222222222223,0.0,0.0,19334375.0,0.0,0.0,0.0,19140875.0,193500.0,19334375.0
2021-12-06,4320.0,4320.0,3930.0,4020.0,7588.0,2.813299232736573,0.0,0.0,30494105.0,0.0,0.0,0.0,30494105.0,0.0,30494105.0
2021-12-07,4035.0,4035.0,3990.0,4005.0,2889.0,-0.3731343283582089,0.0,0.0,11563145.0,0.0,0.0,0.0,11563145.0,0.0,11563145.0
2021-12-08,4035.0,4040.0,4025.0,4040.0,4257.0,0.8739076154806492,0.0,0.0,17181640.0,0.0,0.0,0.0,17181640.0,0.0,17181640.0
2021-12-09,4090.0,4110.0,4090.0,4110.0,5412.0,1.7326732673267329,0.0,0.0,22208900.0,0.0,0.0,0.0,20564800.0,1644100.0,22208900.0
2021-12-10,4100.0,4160.0,4055.0,4160.0,6754.0,1.2165450121654502,0.0,0.0,27769925.0,0.0,0.0,0.0,27769925.0,0.0,27769925.0
2021-12-13,4160.0,4180.0,4160.0,4170.0,4878.0,0.2403846153846154,0.0,0.0,20353335.0,0.0,0.0,0.0,14090835.0,6262500.0,20353335.0
2021-12-14,4120.0,4130.0,4100.0,4100.0,4394.0,-1.6786570743405276,0.0,41150.0,18024650.0,0.0,0.0,0.0,18065800.0,0.0,18065800.0
2021-12-15,4100.0,4110.0,4100.0,4100.0,6876.0,0.0,0.0,0.0,28214000.0,0.0,0.0,0.0,28214000.0,0.0,28214000.0
2021-12-16,4105.0,4125.0,4025.0,4040.0,7611.0,-1.4634146341463417,0.0,0.0,30963140.0,0.0,0.0,0.0,30963140.0,0.0,30963140.0
2021-12-17,4040.0,4040.0,4005.0,4040.0,5460.0,0.0,0.0,0.0,21941790.0,0.0,0.0,0.0,21941790.0,0.0,21941790.0
2021-12-20,4055.0,4055.0,4020.0,4030.0,3278.0,-0.24752475247524752,0.0,0.0,13267725.0,0.0,0.0,0.0,13267725.0,0.0,13267725.0
2021-12-21,4000.0,4005.0,3990.0,3990.0,4407.0,-0.9925558312655087,0.0,0.0,17623035.0,0.0,0.0,0.0,17623035.0,0.0,17623035.0
2021-12-22,4010.0,4010.0,3990.0,4005.0,2505.0,0.37593984962406013,0.0,0.0,10019855.0,0.0,0.0,0.0,10019855.0,0.0,10019855.0
2021-12-23,3995.0,3995.0,3925.0,3995.0,7513.0,-0.24968789013732834,0.0,0.0,29746245.0,0.0,0.0,0.0,29746245.0,0.0,29746245.0
2021-12-24,4020.0,4020.0,3985.0,4010.0,2990.0,0.37546933667083854,0.0,0.0,11979900.0,0.0,0.0,0.0,11979900.0,0.0,11979900.0
2021-12-27,3995.0,4025.0,3990.0,4000.0,2446.0,-0.24937655860349126,0.0,0.0,9799715.0,0.0,0.0,0.0,9799715.0,0.0,9799715.0
2021-12-28,4010.0,4010.0,3955.0,3955.0,7881.0,-1.125,0.0,0.0,31320015.0,0.0,0.0,0.0,31320015.0,0.0,31320015.0
2021-12-29,3955.0,3975.0,3955.0,3970.0,2166.0,0.37926675094816686,0.0,0.0,8588685.0,0.0,0.0,0.0,8588685.0,0.0,8588685.0
2021-12-30,3980.0,3980.0,3930.0,3950.0,3219.0,-0.5037783375314862,0.0,0.0,12691675.0,0.0,0.0,0.0,12612075.0,79600.0,12691675.0
2022-01-03,3995.0,3995.0,3950.0,3950.0,3506.0,0.0,0.0,0.0,13881125.0,0.0,0.0,0.0,13322525.0,558600.0,13881125.0
2022-01-04,3950.0,3955.0,3940.0,3950.0,4287.0,0.0,0.0,0.0,16919475.0,0.0,0.0,0.0,16891790.0,27685.0,16919475.0
2022-01-05,3955.0,3955.0,3930.0,3930.0,4980.0,-0.5063291139240507,0.0,0.0,19615420.0,0.0,0.0,0.0,18594960.0,1020460.0,19615420.0
2022-01-06,3860.0,3885.0,3855.0,3855.0,6489.0,-1.9083969465648856,0.0,0.0,25056295.0,0.0,0.0,0.0,24496270.0,560025.0,25056295.0
2022-01-07,3815.0,3850.0,3815.0,3850.0,3758.0,-0.12970168612191957,0.0,0.0,14393105.0,0.0,0.0,0.0,14093845.0,299260.0,14393105.0
2022-01-10,3850.0,3870.0,3850.0,3860.0,3235.0,0.2597402597402597,0.0,0.0,12469850.0,0.0,0.0,0.0,12226445.0,243405.0,12469850.0
2022-01-11,3860.0,3865.0,3815.0,3815.0,3724.0,-1.16580310880829,0.0,0.0,14293140.0,0.0,0.0,0.0,14215950.0,77190.0,14293140.0
2022-01-12,3845.0,3860.0,3845.0,3860.0,6489.0,1.1795543905635648,0.0,0.0,24955980.0,0.0,0.0,0.0,24844040.0,111940.0,24955980.0
2022-01-13,3875.0,3875.0,3860.0,3870.0,1709.0,0.2590673575129534,0.0,0.0,6613940.0,0.0,0.0,0.0,6613940.0,0.0,6613940.0
2022-01-14,3875.0,3875.0,3815.0,3840.0,6881.0,-0.7751937984496124,0.0,0.0,26397565.0,0.0,0.0,0.0,26397565.0,0.0,26397565.0
2022-01-17,3840.0,3840.0,3800.0,3800.0,3329.0,-1.0416666666666665,0.0,0.0,12678045.0,0.0,0.0,0.0,12678045.0,0.0,12678045.0
2022-01-18,3810.0,3810.0,3750.0,3750.0,4869.0,-1.3157894736842104,0.0,0.0,18347390.0,0.0,0.0,0.0,18347390.0,0.0,18347390.0
2022-01-19,3705.0,3715.0,3700.0,3700.0,6381.0,-1.3333333333333335,0.0,0.0,23643095.0,0.0,0.0,0.0,23643095.0,0.0,23643095.0
2022-01-20,3705.0,3705.0,3690.0,3705.0,7343.0,0.13513513513513514,0.0,0.0,27132580.0,0.0,0.0,0.0,27132580.0,0.0,27132580.0
2022-01-21,3710.0,3730.0,3675.0,3730.0,15825.0,0.6747638326585695,0.0,0.0,58513485.0,0.0,0.0,0.0,58513485.0,0.0,58513485.0
2022-01-24,3730.0,3730.0,3675.0,3695.0,5576.0,-0.938337801608579,0.0,0.0,20718755.0,0.0,0.0,0.0,20718755.0,0.0,20718755.0
2022-01-25,3695.0,3695.0,3570.0,3570.0,14965.0,-3.3829499323410013,0.0,0.0,53699150.0,0.0,0.0,0.0,53699150.0,0.0,53699150.0
2022-01-26,3530.0,3600.0,3530.0,3590.0,8345.0,0.5602240896358543,0.0,0.0,29879435.0,0.0,0.0,0.0,29879435.0,0.0,29879435.0
2022-01-27,3535.0,3545.0,3510.0,3510.0,17859.0,-2.2284122562674096,0.0,0.0,62974995.0,0.0,0.0,0.0,62974995.0,0.0,62974995.0
2022-01-28,3620.0,3655.0,3580.0,3595.0,8383.0,2.4216524216524213,0.0,0.0,30413040.0,7280.0,0.0,0.0,30420320.0,0.0,30420320.0
2022-02-03,3610.0,3645.0,3610.0,3645.0,2748.0,1.3908205841446455,0.0,0.0,9949720.0,0.0,0.0,0.0,9942470.0,7250.0,9949720.0
2022-02-04,3640.0,3665.0,3635.0,3665.0,3952.0,0.5486968449931412,0.0,0.0,14379450.0,0.0,0.0,0.0,14379450.0,0.0,14379450.0
2022-02-07,3685.0,3685.0,3625.0,3640.0,2132.0,-0.6821282401091405,0.0,0.0,7781910.0,0.0,0.0,0.0,7781910.0,0.0,7781910.0
2022-02-08,3630.0,3680.0,3615.0,3640.0,3029.0,0.0,0.0,0.0,11073715.0,0.0,0.0,0.0,11073715.0,0.0,11073715.0
2022-02-09,3680.0,3680.0,3660.0,3670.0,3344.0,0.8241758241758242,0.0,0.0,12274435.0,0.0,0.0,0.0,12274435.0,0.0,12274435.0
2022-02-10,3700.0,3700.0,3645.0,3675.0,1509.0,0.13623978201634876,0.0,0.0,5432270.0,80190.0,0.0,0.0,5512460.0,0.0,5512460.0
2022-02-11,3645.0,3675.0,3630.0,3675.0,2096.0,0.0,0.0,0.0,7662505.0,0.0,0.0,0.0,7581805.0,80700.0,7662505.0
2022-02-14,3630.0,3630.0,3605.0,3605.0,7026.0,-1.9047619047619049,0.0,0.0,25437050.0,0.0,0.0,0.0,25437050.0,0.0,25437050.0
2022-02-15,3650.0,3650.0,3595.0,3600.0,1999.0,-0.13869625520110956,0.0,0.0,7235455.0,0.0,0.0,0.0,7235455.0,0.0,7235455.0
2022-02-16,3595.0,3625.0,3595.0,3600.0,5389.0,0.0,0.0,0.0,19446960.0,0.0,0.0,0.0,19446960.0,0.0,19446960.0
2022-02-17,3610.0,3640.0,3610.0,3615.0,5855.0,0.4166666666666667,0.0,0.0,21225555.0,0.0,0.0,0.0,21225555.0,0.0,21225555.0
2022-02-18,3550.0,3700.0,3550.0,3650.0,2971.0,0.9681881051175657,0.0,0.0,10800110.0,3675.0,0.0,0.0,10803785.0,0.0,10803785.0
2022-02-21,3750.0,3750.0,3670.0,3675.0,4588.0,0.684931506849315,0.0,0.0,16940930.0,7350.0,0.0,0.0,16948280.0,0.0,16948280.0
2022-02-22,3540.0,3645.0,3540.0,3645.0,3402.0,-0.8163265306122449,0.0,0.0,12231580.0,0.0,0.0,0.0,12231580.0,0.0,12231580.0
2022-02-23,3615.0,3620.0,3590.0,3590.0,3626.0,-1.5089163237311385,0.0,0.0,12686195.0,361500.0,0.0,0.0,13047695.0,0.0,13047695.0
2022-02-24,3590.0,3590.0,3520.0,3520.0,3608.0,-1.9498607242339834,0.0,0.0,12850130.0,0.0,0.0,0.0,12850130.0,0.0,12850130.0
2022-02-25,3555.0,3560.0,3510.0,3525.0,4203.0,0.14204545454545456,0.0,0.0,14848105.0,0.0,0.0,0.0,14848105.0,0.0,14848105.0
2022-02-28,3600.0,3600.0,3555.0,3555.0,1449.0,0.851063829787234,0.0,0.0,5181950.0,0.0,0.0,0.0,5181950.0,0.0,5181950.0
2022-03-02,3545.0,3605.0,3545.0,3590.0,8759.0,0.9845288326300985,0.0,0.0,31505605.0,0.0,0.0,0.0,31502060.0,3545.0,31505605.0
2022-03-03,3620.0,3620.0,3590.0,3595.0,1488.0,0.1392757660167131,0.0,0.0,5359830.0,0.0,0.0,0.0,5359830.0,0.0,5359830.0
2022-03-04,3620.0,3620.0,3555.0,3565.0,3254.0,-0.8344923504867872,0.0,0.0,11665895.0,0.0,0.0,0.0,11665895.0,0.0,11665895.0
2022-03-07,3550.0,3550.0,3520.0,3545.0,1864.0,-0.5610098176718092,0.0,0.0,6590140.0,0.0,0.0,0.0,6590140.0,0.0,6590140.0
2022-03-08,3515.0,3515.0,3495.0,3515.0,2797.0,-0.846262341325811,0.0,0.0,9799575.0,0.0,0.0,0.0,9799575.0,0.0,9799575.0
2022-03-10,3520.0,3545.0,3520.0,3545.0,3008.0,0.8534850640113799,0.0,0.0,10645975.0,0.0,0.0,0.0,10070340.0,575635.0,10645975.0
2022-03-11,3510.0,3760.0,3510.0,3650.0,8750.0,2.9619181946403383,0.0,0.0,32392720.0,0.0,0.0,0.0,32392720.0,0.0,32392720.0
2022-03-14,3650.0,3650.0,3620.0,3650.0,1411.0,0.0,0.0,0.0,5143400.0,0.0,0.0,0.0,5143400.0,0.0,5143400.0
2022-03-15,3560.0,3630.0,3560.0,3630.0,2523.0,-0.547945205479452,0.0,0.0,9099320.0,0.0,0.0,0.0,9099320.0,0.0,9099320.0
2022-03-16,3570.0,3640.0,3570.0,3620.0,5239.0,-0.27548209366391185,0.0,0.0,18984595.0,14480.0,0.0,0.0,18999075.0,0.0,18999075.0
2022-03-17,3615.0,3645.0,3555.0,3645.0,4466.0,0.6906077348066298,0.0,0.0,16053775.0,0.0,0.0,0.0,10610645.0,5443130.0,16053775.0
2022-03-18,3625.0,3650.0,3625.0,3650.0,2133.0,0.1371742112482853,0.0,0.0,7779565.0,0.0,0.0,0.0,5935195.0,1844370.0,7779565.0
2022-03-21,3650.0,3655.0,3640.0,3640.0,474.0,-0.273972602739726,0.0,0.0,1727210.0,0.0,0.0,0.0,1727210.0,0.0,1727210.0
2022-03-22,3600.0,3640.0,3600.0,3640.0,2618.0,0.0,0.0,0.0,9444625.0,0.0,0.0,0.0,9441020.0,3605.0,9444625.0
2022-03-23,3640.0,3705.0,3640.0,3705.0,3913.0,1.7857142857142856,0.0,0.0,14411650.0,0.0,0.0,0.0,14411650.0,0.0,14411650.0
2022-03-24,3705.0,3730.0,3705.0,3725.0,3846.0,0.5398110661268556,0.0,0.0,14296395.0,0.0,0.0,0.0,14296395.0,0.0,14296395.0
2022-03-25,3765.0,3850.0,3765.0,3800.0,4730.0,2.013422818791946,0.0,0.0,18043745.0,0.0,0.0,0.0,18043745.0,0.0,18043745.0
2022-03-28,3795.0,3920.0,3765.0,3920.0,6581.0,3.1578947368421053,0.0,0.0,25256280.0,0.0,0.0,0.0,25256280.0,0.0,25256280.0
2022-03-29,3875.0,3895.0,3840.0,3890.0,7751.0,-0.7653061224489796,0.0,0.0,29990310.0,0.0,0.0,0.0,29990310.0,0.0,29990310.0
2022-03-30,3955.0,3995.0,3795.0,3840.0,14665.0,-1.2853470437017995,0.0,0.0,56916140.0,182400.0,0.0,0.0,57098540.0,0.0,57098540.0
2022-03-31,3835.0,3880.0,3835.0,3850.0,3889.0,0.26041666666666663,0.0,0.0,14946420.0,0.0,0.0,0.0,14946420.0,0.0,14946420.0
2022-04-01,3800.0,3800.0,3735.0,3780.0,5858.0,-1.8181818181818181,0.0,0.0,22036890.0,0.0,0.0,0.0,22036890.0,0.0,22036890.0
2022-04-04,3760.0,3770.0,3750.0,3760.0,2268.0,-0.5291005291005291,0.0,0.0,8514715.0,0.0,0.0,0.0,8480830.0,33885.0,8514715.0
2022-04-05,3760.0,3780.0,3735.0,3770.0,1411.0,0.26595744680851063,0.0,0.0,5304210.0,0.0,0.0,0.0,5304210.0,0.0,5304210.0
2022-04-06,3735.0,3745.0,3725.0,3725.0,5347.0,-1.1936339522546418,0.0,0.0,19967715.0,0.0,0.0,0.0,19967715.0,0.0,19967715.0
2022-04-07,3715.0,3730.0,3690.0,3730.0,4059.0,0.1342281879194631,0.0,0.0,15044905.0,0.0,0.0,0.0,15041185.0,3720.0,15044905.0
2022-04-08,3780.0,3800.0,3745.0,3800.0,6549.0,1.876675603217158,0.0,0.0,24754310.0,0.0,0.0,0.0,24754310.0,0.0,24754310.0
2022-04-11,3800.0,3810.0,3780.0,3780.0,2163.0,-0.5263157894736842,0.0,0.0,8195640.0,0.0,0.0,0.0,8195640.0,0.0,8195640.0
2022-04-12,3745.0,3780.0,3735.0,3780.0,3367.0,0.0,0.0,0.0,12658510.0,0.0,0.0,0.0,12658510.0,0.0,12658510.0
2022-04-13,3740.0,3775.0,3740.0,3775.0,1741.0,-0.13227513227513227,0.0,0.0,6537335.0,0.0,0.0,0.0,6537335.0,0.0,6537335.0
2022-04-14,3810.0,3810.0,3770.0,3770.0,5622.0,-0.13245033112582782,0.0,0.0,21284700.0,0.0,0.0,0.0,21284700.0,0.0,21284700.0
2022-04-15,3940.0,3950.0,3820.0,3930.0,28323.0,4.244031830238726,0.0,0.0,109468755.0,1216600.0,0.0,0.0,110685355.0,0.0,110685355.0
2022-04-18,3895.0,3950.0,3885.0,3905.0,9551.0,-0.6361323155216284,0.0,0.0,37545970.0,0.0,0.0,0.0,36332450.0,1213520.0,37545970.0
2022-04-19,3910.0,3930.0,3880.0,3910.0,7294.0,0.12804097311139565,0.0,0.0,28536425.0,0.0,0.0,0.0,28536425.0,0.0,28536425.0
2022-04-20,3895.0,3955.0,3895.0,3950.0,7378.0,1.0230179028132993,0.0,0.0,29117105.0,0.0,0.0,0.0,29117105.0,0.0,29117105.0
2022-04-21,3965.0,3990.0,3965.0,3985.0,8424.0,0.8860759493670887,0.0,0.0,33550950.0,0.0,0.0,0.0,33515220.0,35730.0,33550950.0
2022-04-22,3985.0,3985.0,3900.0,3930.0,9819.0,-1.3801756587202008,0.0,0.0,38629965.0,0.0,0.0,0.0,38231465.0,398500.0,38629965.0
2022-04-25,3915.0,3925.0,3750.0,3820.0,8052.0,-2.7989821882951653,0.0,0.0,30647920.0,0.0,0.0,0.0,30647920.0,0.0,30647920.0
2022-04-26,3820.0,3850.0,3820.0,3825.0,5138.0,0.13089005235602094,0.0,0.0,19715055.0,0.0,0.0,0.0,19715055.0,0.0,19715055.0
2022-04-27,3710.0,3750.0,3710.0,3750.0,3467.0,-1.9607843137254901,0.0,0.0,12930830.0,0.0,0.0,0.0,12930830.0,0.0,12930830.0
2022-04-28,3740.0,3810.0,3730.0,3810.0,2339.0,1.6,0.0,0.0,8812595.0,0.0,0.0,0.0,8812595.0,0.0,8812595.0
2022-04-29,3800.0,3900.0,3800.0,3900.0,3100.0,2.3622047244094486,0.0,0.0,11970290.0,0.0,0.0,0.0,11962610.0,7680.0,11970290.0
2022-05-02,3895.0,3900.0,3850.0,3860.0,3038.0,-1.0256410256410255,0.0,0.0,11752245.0,0.0,0.0,0.0,11752245.0,0.0,11752245.0
2022-05-03,3860.0,3880.0,3860.0,3880.0,2751.0,0.5181347150259068,0.0,0.0,10643670.0,0.0,0.0,0.0,10643670.0,0.0,10643670.0
2022-05-04,3855.0,3890.0,3850.0,3875.0,1807.0,-0.12886597938144329,0.0,0.0,6994840.0,0.0,0.0,0.0,6994840.0,0.0,6994840.0
2022-05-06,3830.0,3830.0,3750.0,3795.0,4034.0,-2.064516129032258,0.0,0.0,15311160.0,0.0,0.0,0.0,15311160.0,0.0,15311160.0
2022-05-09,3755.0,3780.0,3745.0,3760.0,2759.0,-0.922266139657444,0.0,0.0,10359075.0,0.0,0.0,0.0,10359075.0,0.0,10359075.0
2022-05-10,3690.0,3690.0,3610.0,3665.0,3747.0,-2.5265957446808507,0.0,0.0,13589660.0,0.0,0.0,0.0,13589660.0,0.0,13589660.0
2022-05-11,3665.0,3680.0,3660.0,3680.0,3885.0,0.4092769440654843,0.0,0.0,14274870.0,0.0,0.0,0.0,13312215.0,962655.0,14274870.0
2022-05-12,3660.0,3660.0,3635.0,3635.0,4434.0,-1.2228260869565217,0.0,0.0,16158845.0,0.0,0.0,0.0,16158845.0,0.0,16158845.0
2022-05-13,3610.0,3635.0,3600.0,3635.0,2820.0,0.0,0.0,0.0,10186385.0,0.0,0.0,0.0,10186385.0,0.0,10186385.0
2022-05-16,3610.0,3645.0,3610.0,3640.0,2319.0,0.1375515818431912,0.0,0.0,8448310.0,0.0,0.0,0.0,8448310.0,0.0,8448310.0
2022-05-17,3640.0,3710.0,3605.0,3680.0,1320.0,1.098901098901099,0.0,0.0,4875865.0,0.0,0.0,0.0,4875865.0,0.0,4875865.0
2022-05-18,3710.0,3710.0,3685.0,3690.0,478.0,0.2717391304347826,0.0,0.0,1767705.0,0.0,0.0,0.0,1767705.0,0.0,1767705.0
2022-05-19,3585.0,3650.0,3585.0,3650.0,3005.0,-1.084010840108401,0.0,0.0,10846595.0,0.0,0.0,0.0,10846595.0,0.0,10846595.0
2022-05-20,3670.0,3670.0,3650.0,3660.0,1567.0,0.273972602739726,0.0,0.0,5740455.0,0.0,0.0,0.0,5740455.0,0.0,5740455.0
2022-05-23,3620.0,3620.0,3600.0,3605.0,3249.0,-1.5027322404371584,0.0,0.0,11710085.0,0.0,0.0,0.0,11710085.0,0.0,11710085.0
2022-05-24,3640.0,3640.0,3600.0,3600.0,1271.0,-0.13869625520110956,0.0,0.0,4602895.0,0.0,0.0,0.0,4602895.0,0.0,4602895.0
2022-05-25,3600.0,3600.0,3585.0,3585.0,1501.0,-0.4166666666666667,0.0,0.0,5394290.0,0.0,0.0,0.0,5394290.0,0.0,5394290.0
2022-05-26,3580.0,3590.0,3570.0,3570.0,968.0,-0.41841004184100417,0.0,0.0,3465365.0,0.0,0.0,0.0,3465365.0,0.0,3465365.0
2022-05-27,3515.0,3565.0,3515.0,3560.0,2437.0,-0.2801120448179272,0.0,0.0,8628520.0,0.0,0.0,0.0,8628520.0,0.0,8628520.0
2022-05-30,3565.0,3600.0,3565.0,3595.0,2808.0,0.9831460674157303,0.0,0.0,10106545.0,0.0,0.0,0.0,10106545.0,0.0,10106545.0
2022-05-31,3595.0,3595.0,3575.0,3580.0,5813.0,-0.4172461752433936,0.0,0.0,2913425.0,17896420.0,0.0,0.0,2895475.0,17914370.0,20809845.0
2022-06-02,3555.0,3600.0,3555.0,3585.0,1150.0,0.13966480446927373,0.0,0.0,4129000.0,0.0,0.0,0.0,4129000.0,0.0,4129000.0
2022-06-03,3590.0,3615.0,3590.0,3595.0,1464.0,0.2789400278940028,0.0,0.0,5267410.0,0.0,0.0,0.0,5267410.0,0.0,5267410.0
2022-06-07,3640.0,3640.0,3580.0,3580.0,1995.0,-0.4172461752433936,0.0,0.0,7210685.0,0.0,0.0,0.0,7210685.0,0.0,7210685.0
2022-06-08,3570.0,3600.0,3570.0,3575.0,985.0,-0.13966480446927373,0.0,0.0,3529975.0,0.0,0.0,0.0,3529975.0,0.0,3529975.0
2022-06-09,3550.0,3550.0,3535.0,3540.0,2820.0,-0.9790209790209791,0.0,0.0,9987760.0,0.0,0.0,0.0,9987760.0,0.0,9987760.0
2022-06-10,3460.0,3500.0,3460.0,3500.0,3507.0,-1.1299435028248588,0.0,0.0,12229365.0,0.0,0.0,0.0,12229365.0,0.0,12229365.0
2022-06-13,3460.0,3460.0,3380.0,3380.0,8900.0,-3.428571428571429,0.0,0.0,30409590.0,0.0,0.0,0.0,30409590.0,0.0,30409590.0
2022-06-14,3350.0,3350.0,3260.0,3280.0,11999.0,-2.9585798816568047,0.0,0.0,39339215.0,0.0,0.0,0.0,39339215.0,0.0,39339215.0
2022-06-15,3220.0,3310.0,3220.0,3290.0,1978.0,0.3048780487804878,0.0,0.0,6508085.0,0.0,0.0,0.0,6508085.0,0.0,6508085.0
2022-06-16,3290.0,3330.0,3285.0,3295.0,8070.0,0.1519756838905775,0.0,0.0,26630565.0,0.0,0.0,0.0,26630565.0,0.0,26630565.0
2022-06-17,3200.0,4280.0,3200.0,3900.0,164384.0,18.361153262518968,0.0,0.0,650553115.0,0.0,0.0,0.0,650553115.0,0.0,650553115.0
2022-06-20,3340.0,3340.0,3180.0,3180.0,143518.0,-18.461538461538463,0.0,0.0,468520625.0,965020.0,0.0,0.0,469485645.0,0.0,469485645.0
2022-06-21,3130.0,3155.0,3115.0,3120.0,18337.0,-1.8867924528301887,0.0,0.0,57416640.0,71760.0,0.0,0.0,56549175.0,939225.0,57488400.0
2022-06-22,3120.0,3130.0,3010.0,3010.0,20422.0,-3.5256410256410255,0.0,0.0,62951140.0,0.0,0.0,0.0,62951140.0,0.0,62951140.0
2022-06-23,3000.0,3020.0,2870.0,2870.0,18550.0,-4.651162790697675,0.0,0.0,53958800.0,0.0,0.0,0.0,53958800.0,0.0,53958800.0
2022-06-24,2870.0,2990.0,2870.0,2990.0,9564.0,4.181184668989547,0.0,0.0,28077075.0,0.0,0.0,0.0,28077075.0,0.0,28077075.0
2022-06-27,2990.0,3075.0,2990.0,3075.0,6222.0,2.842809364548495,0.0,0.0,18889550.0,0.0,0.0,0.0,18880325.0,9225.0,18889550.0
2022-06-28,3030.0,3060.0,3015.0,3060.0,6100.0,-0.4878048780487805,0.0,0.0,18453680.0,0.0,0.0,0.0,18453680.0,0.0,18453680.0
2022-06-29,3060.0,3165.0,3055.0,3120.0,18770.0,1.9607843137254901,0.0,0.0,58952530.0,0.0,0.0,0.0,58949475.0,3055.0,58952530.0
2022-06-30,3150.0,3150.0,3035.0,3035.0,7434.0,-2.7243589743589745,0.0,0.0,22876680.0,0.0,0.0,0.0,22876680.0,0.0,22876680.0
2022-07-01,3020.0,3095.0,3000.0,3005.0,6875.0,-0.9884678747940692,0.0,0.0,20783470.0,0.0,0.0,0.0,20783470.0,0.0,20783470.0
2022-07-04,3010.0,3050.0,2960.0,2970.0,4361.0,-1.1647254575707155,0.0,0.0,13036740.0,0.0,0.0,0.0,13036740.0,0.0,13036740.0
2022-07-05,2940.0,3110.0,2940.0,3035.0,17005.0,2.1885521885521886,0.0,0.0,52000035.0,0.0,0.0,0.0,52000035.0,0.0,52000035.0
2022-07-06,3045.0,3045.0,2995.0,3025.0,4068.0,-0.3294892915980231,0.0,0.0,12259490.0,0.0,0.0,0.0,12259490.0,0.0,12259490.0
2022-07-07,2990.0,3000.0,2970.0,2970.0,20591.0,-1.8181818181818181,0.0,0.0,61396455.0,0.0,0.0,0.0,61396455.0,0.0,61396455.0
2022-07-08,3000.0,3030.0,2970.0,2980.0,3275.0,0.33670033670033667,0.0,0.0,9817705.0,0.0,0.0,0.0,9817705.0,0.0,9817705.0
2022-07-11,2970.0,3040.0,2970.0,2985.0,5403.0,0.16778523489932887,0.0,0.0,16250350.0,0.0,0.0,0.0,16250350.0,0.0,16250350.0
2022-07-12,2990.0,2990.0,2965.0,2970.0,1703.0,-0.5025125628140703,0.0,0.0,5059595.0,0.0,0.0,0.0,5059595.0,0.0,5059595.0
2022-07-13,2950.0,2970.0,2945.0,2955.0,3872.0,-0.5050505050505051,0.0,0.0,11448835.0,0.0,0.0,0.0,11448835.0,0.0,11448835.0
2022-07-14,2935.0,2975.0,2935.0,2965.0,4543.0,0.338409475465313,0.0,0.0,13486850.0,0.0,0.0,0.0,13486850.0,0.0,13486850.0
2022-07-15,2980.0,2980.0,2965.0,2970.0,2929.0,0.16863406408094433,0.0,0.0,8711260.0,0.0,0.0,0.0,8711260.0,0.0,8711260.0
2022-07-18,2985.0,3000.0,2975.0,3000.0,2934.0,1.0101010101010102,0.0,0.0,8794215.0,0.0,0.0,0.0,8794215.0,0.0,8794215.0
2022-07-19,3000.0,3020.0,2960.0,3020.0,5083.0,0.6666666666666667,0.0,0.0,15189910.0,0.0,0.0,0.0,15189910.0,0.0,15189910.0
2022-07-20,3030.0,3055.0,3015.0,3020.0,5725.0,0.0,0.0,0.0,17314565.0,0.0,0.0,0.0,17314565.0,0.0,17314565.0
2022-07-21,3030.0,3030.0,3010.0,3010.0,5216.0,-0.33112582781456956,0.0,603000.0,15146690.0,0.0,0.0,0.0,15749690.0,0.0,15749690.0
2022-07-22,2990.0,3035.0,2980.0,3010.0,1199.0,0.0,0.0,0.0,3600950.0,0.0,0.0,0.0,3600950.0,0.0,3600950.0
2022-07-25,2975.0,3020.0,2975.0,3010.0,3202.0,0.0,0.0,0.0,9638885.0,0.0,0.0,0.0,9638885.0,0.0,9638885.0
2022-07-26,3010.0,3015.0,3005.0,3005.0,1111.0,-0.16611295681063123,0.0,0.0,3342345.0,0.0,0.0,0.0,3342345.0,0.0,3342345.0
2022-07-27,3000.0,3000.0,2990.0,2990.0,3202.0,-0.49916805324459235,0.0,0.0,9592550.0,0.0,0.0,0.0,9592550.0,0.0,9592550.0
2022-07-28,3030.0,3030.0,2990.0,2990.0,10913.0,0.0,0.0,0.0,32807935.0,0.0,0.0,0.0,32807935.0,0.0,32807935.0
2022-07-29,2990.0,3020.0,2990.0,3015.0,22894.0,0.8361204013377926,0.0,0.0,6518425.0,61985690.0,0.0,0.0,6518425.0,61985690.0,68504115.0
2022-08-01,3010.0,3055.0,3010.0,3025.0,1003.0,0.33167495854063017,0.0,0.0,3034360.0,0.0,0.0,0.0,3034360.0,0.0,3034360.0
2022-08-02,3035.0,3035.0,3025.0,3030.0,7233.0,0.1652892561983471,0.0,0.0,21890575.0,0.0,0.0,0.0,21890575.0,0.0,21890575.0
2022-08-03,3015.0,3040.0,3015.0,3035.0,1472.0,0.16501650165016502,0.0,0.0,4468495.0,0.0,0.0,0.0,4468495.0,0.0,4468495.0
2022-08-04,3060.0,3060.0,3020.0,3040.0,8619.0,0.16474464579901155,0.0,0.0,26046245.0,0.0,0.0,0.0,26031045.0,15200.0,26046245.0
2022-08-05,3035.0,3055.0,3035.0,3055.0,5650.0,0.4934210526315789,0.0,0.0,17212455.0,0.0,0.0,0.0,17212455.0,0.0,17212455.0
2022-08-08,3055.0,3055.0,3025.0,3030.0,786.0,-0.8183306055646482,0.0,0.0,2392520.0,0.0,0.0,0.0,2392520.0,0.0,2392520.0
2022-08-09,3030.0,3080.0,3030.0,3080.0,6189.0,1.65016501650165,0.0,0.0,18924880.0,0.0,0.0,0.0,18924880.0,0.0,18924880.0
2022-08-10,3080.0,3090.0,3070.0,3090.0,1563.0,0.3246753246753247,0.0,0.0,4810035.0,0.0,0.0,0.0,4810035.0,0.0,4810035.0
2022-08-11,3190.0,3190.0,3095.0,3125.0,7592.0,1.132686084142395,0.0,0.0,23729680.0,0.0,0.0,0.0,23595735.0,133945.0,23729680.0
2022-08-12,3145.0,3145.0,3115.0,3115.0,1915.0,-0.32,0.0,0.0,5999100.0,0.0,0.0,0.0,5999100.0,0.0,5999100.0
2022-08-16,3150.0,3150.0,3115.0,3150.0,5179.0,1.1235955056179776,0.0,0.0,16274940.0,0.0,0.0,0.0,16274940.0,0.0,16274940.0
2022-08-17,3150.0,3150.0,3130.0,3130.0,2089.0,-0.6349206349206349,0.0,0.0,6561220.0,0.0,0.0,0.0,6561220.0,0.0,6561220.0
2022-08-18,3125.0,3150.0,3125.0,3145.0,1200.0,0.4792332268370607,0.0,0.0,3773375.0,0.0,0.0,0.0,3773375.0,0.0,3773375.0
2022-08-19,3140.0,3140.0,3130.0,3130.0,2030.0,-0.47694753577106513,0.0,0.0,6371200.0,0.0,0.0,0.0,6371200.0,0.0,6371200.0
2022-08-22,3155.0,3155.0,3045.0,3045.0,3361.0,-2.7156549520766773,0.0,0.0,10336060.0,0.0,0.0,0.0,10336060.0,0.0,10336060.0
2022-08-23,3010.0,3045.0,3010.0,3040.0,2115.0,-0.16420361247947454,0.0,0.0,6415085.0,0.0,0.0,0.0,6415085.0,0.0,6415085.0
2022-08-24,3030.0,3040.0,3020.0,3035.0,2804.0,-0.1644736842105263,0.0,0.0,8486720.0,0.0,0.0,0.0,8486720.0,0.0,8486720.0
2022-08-25,3060.0,3100.0,3060.0,3065.0,1599.0,0.9884678747940692,0.0,0.0,4935470.0,0.0,0.0,0.0,4935470.0,0.0,4935470.0
2022-08-26,3105.0,3105.0,3085.0,3085.0,403.0,0.6525285481239804,0.0,0.0,1247640.0,0.0,0.0,0.0,1247640.0,0.0,1247640.0
2022-08-29,3040.0,3045.0,3030.0,3045.0,4513.0,-1.2965964343598055,0.0,6070.0,13683495.0,0.0,0.0,0.0,13689565.0,0.0,13689565.0
2022-08-30,3030.0,3045.0,3005.0,3005.0,6753.0,-1.3136288998357963,0.0,0.0,20378305.0,0.0,0.0,0.0,20378305.0,0.0,20378305.0
2022-08-31,3000.0,3025.0,3000.0,3000.0,2247.0,-0.16638935108153077,0.0,0.0,6751355.0,0.0,0.0,0.0,6751355.0,0.0,6751355.0
2022-09-01,2995.0,3000.0,2955.0,2955.0,4875.0,-1.5,0.0,0.0,14479630.0,0.0,0.0,0.0,14449630.0,30000.0,14479630.0
2022-09-02,2945.0,3095.0,2945.0,3010.0,3030.0,1.8612521150592216,0.0,6190000.0,3098435.0,0.0,0.0,0.0,9288435.0,0.0,9288435.0
2022-09-05,3040.0,3040.0,2950.0,2955.0,3708.0,-1.8272425249169437,0.0,0.0,11008715.0,0.0,0.0,0.0,11008715.0,0.0,11008715.0
2022-09-06,2960.0,2990.0,2960.0,2980.0,1527.0,0.8460236886632826,0.0,0.0,4553750.0,0.0,0.0,0.0,4553750.0,0.0,4553750.0
2022-09-07,2985.0,3300.0,2900.0,3010.0,17006.0,1.006711409395973,0.0,0.0,51992590.0,165550.0,0.0,0.0,52158140.0,0.0,52158140.0
2022-09-08,3030.0,3050.0,2980.0,2990.0,5155.0,-0.6644518272425249,0.0,0.0,15562235.0,0.0,0.0,0.0,15562235.0,0.0,15562235.0
2022-09-13,2995.0,3005.0,2975.0,3005.0,3977.0,0.5016722408026756,0.0,0.0,11858935.0,0.0,0.0,0.0,11858935.0,0.0,11858935.0
2022-09-14,2960.0,3000.0,2960.0,3000.0,3538.0,-0.16638935108153077,0.0,0.0,10531145.0,0.0,0.0,0.0,10531145.0,0.0,10531145.0
2022-09-15,3005.0,3025.0,2990.0,3010.0,2921.0,0.33333333333333337,0.0,0.0,8797335.0,0.0,0.0,0.0,8797335.0,0.0,8797335.0
2022-09-16,3010.0,3010.0,2925.0,2930.0,8392.0,-2.6578073089700998,0.0,0.0,24672410.0,0.0,0.0,0.0,24672410.0,0.0,24672410.0
2022-09-19,2905.0,2925.0,2905.0,2920.0,4559.0,-0.3412969283276451,0.0,0.0,13289500.0,0.0,0.0,0.0,13289500.0,0.0,13289500.0
2022-09-20,2940.0,3000.0,2930.0,3000.0,3921.0,2.73972602739726,0.0,0.0,11610735.0,0.0,0.0,0.0,11581335.0,29400.0,11610735.0
2022-09-21,3005.0,3065.0,2970.0,3045.0,3228.0,1.5,0.0,0.0,9813120.0,0.0,0.0,5940.0,9807180.0,0.0,9813120.0
2022-09-22,2990.0,3080.0,2990.0,3050.0,4442.0,0.16420361247947454,0.0,0.0,13503745.0,0.0,0.0,0.0,13503745.0,0.0,13503745.0
2022-09-23,3030.0,3030.0,2955.0,3030.0,5691.0,-0.6557377049180327,0.0,0.0,16972125.0,0.0,0.0,0.0,16972125.0,0.0,16972125.0
2022-09-26,2970.0,2970.0,2935.0,2935.0,7781.0,-3.1353135313531353,0.0,0.0,22928145.0,0.0,0.0,0.0,22928145.0,0.0,22928145.0
2022-09-27,2880.0,2940.0,2880.0,2935.0,4289.0,0.0,0.0,0.0,12509535.0,0.0,0.0,0.0,12169190.0,340345.0,12509535.0
2022-09-28,2890.0,2905.0,2865.0,2900.0,8868.0,-1.192504258943782,0.0,0.0,25634260.0,0.0,0.0,0.0,25494820.0,139440.0,25634260.0
2022-09-29,2930.0,2930.0,2885.0,2920.0,6893.0,0.6896551724137931,0.0,0.0,19967660.0,0.0,0.0,0.0,19675030.0,292630.0,19967660.0
2022-09-30,2915.0,2915.0,2870.0,2880.0,3606.0,-1.36986301369863,0.0,0.0,10446255.0,0.0,0.0,0.0,10417105.0,29150.0,10446255.0
2022-10-04,2860.0,2890.0,2840.0,2840.0,8990.0,-1.3888888888888888,0.0,0.0,25778305.0,0.0,0.0,0.0,25749605.0,28700.0,25778305.0
2022-10-05,2880.0,2880.0,2840.0,2865.0,2503.0,0.8802816901408451,0.0,0.0,7122405.0,0.0,0.0,0.0,7122405.0,0.0,7122405.0
2022-10-06,2865.0,3000.0,2865.0,2935.0,5836.0,2.4432809773123907,0.0,0.0,17194995.0,0.0,0.0,0.0,17019220.0,175775.0,17194995.0
2022-10-07,2905.0,2935.0,2850.0,2915.0,9083.0,-0.6814310051107325,0.0,0.0,26341345.0,0.0,0.0,0.0,26253295.0,88050.0,26341345.0
2022-10-11,2900.0,2900.0,2830.0,2885.0,1948.0,-1.0291595197255576,0.0,0.0,5573915.0,0.0,0.0,0.0,4848915.0,725000.0,5573915.0
2022-10-12,2850.0,2860.0,2830.0,2860.0,3247.0,-0.8665511265164645,0.0,0.0,9236325.0,0.0,0.0,0.0,8720435.0,515890.0,9236325.0
2022-10-13,2860.0,2860.0,2775.0,2775.0,5295.0,-2.972027972027972,0.0,0.0,14782885.0,0.0,0.0,0.0,14782885.0,0.0,14782885.0
2022-10-14,2810.0,2830.0,2795.0,2830.0,2561.0,1.981981981981982,0.0,0.0,7188360.0,0.0,0.0,0.0,7112425.0,75935.0,7188360.0
2022-10-17,2790.0,2835.0,2790.0,2835.0,4962.0,0.17667844522968199,0.0,0.0,13943525.0,0.0,0.0,0.0,12528340.0,1415185.0,13943525.0
2022-10-18,2870.0,2870.0,2815.0,2815.0,2422.0,-0.7054673721340388,0.0,0.0,6892260.0,0.0,0.0,0.0,6892260.0,0.0,6892260.0
2022-10-19,2840.0,2855.0,2765.0,2840.0,5317.0,0.8880994671403196,0.0,0.0,14959260.0,0.0,0.0,0.0,14770930.0,188330.0,14959260.0
2022-10-20,2835.0,2855.0,2835.0,2835.0,3588.0,-0.17605633802816903,0.0,0.0,10189720.0,0.0,0.0,0.0,10070125.0,119595.0,10189720.0
2022-10-21,2835.0,2860.0,2810.0,2855.0,773.0,0.7054673721340388,0.0,0.0,2196780.0,0.0,0.0,0.0,2111180.0,85600.0,2196780.0
2022-10-24,2900.0,2900.0,2820.0,2835.0,1855.0,-0.7005253940455342,0.0,0.0,5249355.0,0.0,0.0,0.0,5191455.0,57900.0,5249355.0
2022-10-25,2835.0,2845.0,2825.0,2845.0,957.0,0.3527336860670194,0.0,0.0,2707410.0,0.0,0.0,0.0,2667650.0,39760.0,2707410.0
2022-10-26,2845.0,2875.0,2845.0,2855.0,1299.0,0.35149384885764495,0.0,0.0,3712280.0,0.0,0.0,0.0,3557690.0,154590.0,3712280.0
2022-10-27,2825.0,2865.0,2820.0,2850.0,5163.0,-0.17513134851138354,0.0,0.0,14622025.0,0.0,0.0,0.0,14102490.0,519535.0,14622025.0
2022-10-28,2825.0,2825.0,2810.0,2820.0,281.0,-1.0526315789473684,0.0,0.0,791975.0,0.0,0.0,0.0,791975.0,0.0,791975.0
2022-10-31,2820.0,2850.0,2805.0,2830.0,1902.0,0.3546099290780142,0.0,0.0,5396550.0,0.0,0.0,0.0,5228400.0,168150.0,5396550.0
2022-11-01,2815.0,2855.0,2815.0,2855.0,2844.0,0.88339222614841,0.0,0.0,8096130.0,0.0,0.0,0.0,7897320.0,198810.0,8096130.0
2022-11-02,2860.0,2860.0,2800.0,2835.0,2212.0,-0.7005253940455342,0.0,0.0,6215470.0,0.0,0.0,0.0,6215470.0,0.0,6215470.0
2022-11-03,2860.0,2860.0,2830.0,2830.0,1783.0,-0.1763668430335097,0.0,0.0,5077310.0,0.0,0.0,0.0,5048760.0,28550.0,5077310.0
2022-11-04,2800.0,2825.0,2775.0,2775.0,6314.0,-1.9434628975265018,0.0,0.0,17645945.0,0.0,0.0,0.0,17569805.0,76140.0,17645945.0
2022-11-07,2730.0,2785.0,2730.0,2775.0,7381.0,0.0,0.0,0.0,20509145.0,0.0,0.0,0.0,16783360.0,3725785.0,20509145.0
2022-11-08,2760.0,2765.0,2750.0,2765.0,6437.0,-0.36036036036036034,0.0,0.0,17753010.0,0.0,0.0,0.0,17753010.0,0.0,17753010.0
2022-11-09,2720.0,2765.0,2720.0,2745.0,5507.0,-0.7233273056057866,0.0,0.0,15146695.0,0.0,0.0,0.0,15146695.0,0.0,15146695.0
2022-11-10,2745.0,2745.0,2695.0,2705.0,6987.0,-1.4571948998178506,0.0,0.0,18952940.0,0.0,0.0,0.0,15325890.0,3627050.0,18952940.0
2022-11-11,2790.0,2790.0,2715.0,2790.0,11873.0,3.1423290203327174,0.0,0.0,32762830.0,0.0,0.0,0.0,26238330.0,6524500.0,32762830.0
2022-11-14,2890.0,2890.0,2790.0,2840.0,13946.0,1.7921146953405016,0.0,0.0,39335235.0,0.0,0.0,0.0,31556395.0,7778840.0,39335235.0
2022-11-15,2845.0,2845.0,2830.0,2845.0,8571.0,0.17605633802816903,0.0,0.0,24364050.0,0.0,0.0,0.0,19493725.0,4870325.0,24364050.0
2022-11-16,2840.0,2860.0,2835.0,2860.0,2417.0,0.5272407732864675,0.0,0.0,6875035.0,0.0,0.0,0.0,5495630.0,1379405.0,6875035.0
2022-11-17,2820.0,2825.0,2815.0,2820.0,1888.0,-1.3986013986013985,0.0,0.0,5318845.0,0.0,0.0,0.0,4158080.0,1160765.0,5318845.0
2022-11-18,2830.0,2920.0,2820.0,2860.0,5257.0,1.4184397163120568,0.0,0.0,15146775.0,0.0,0.0,0.0,12123555.0,3023220.0,15146775.0
2022-11-21,2880.0,2880.0,2825.0,2825.0,1388.0,-1.2237762237762237,0.0,0.0,3936365.0,0.0,0.0,0.0,3201830.0,734535.0,3936365.0
2022-11-22,2780.0,2820.0,2780.0,2790.0,583.0,-1.238938053097345,0.0,0.0,1623410.0,0.0,0.0,0.0,1300740.0,322670.0,1623410.0
2022-11-23,2750.0,2780.0,2750.0,2765.0,4388.0,-0.8960573476702508,0.0,0.0,12130215.0,0.0,0.0,0.0,9713135.0,2417080.0,12130215.0
2022-11-24,2750.0,2785.0,2740.0,2785.0,8266.0,0.7233273056057866,0.0,0.0,22770765.0,0.0,0.0,0.0,16952600.0,5818165.0,22770765.0
2022-11-25,2770.0,2790.0,2770.0,2775.0,4049.0,-0.3590664272890485,0.0,0.0,9315545.0,1946000.0,0.0,0.0,8722185.0,2539360.0,11261545.0
2022-11-28,2780.0,2780.0,2760.0,2780.0,304.0,0.18018018018018017,0.0,0.0,842830.0,0.0,0.0,0.0,673685.0,169145.0,842830.0
2022-11-29,2775.0,2775.0,2740.0,2755.0,2307.0,-0.8992805755395683,0.0,0.0,6356860.0,0.0,0.0,0.0,5072465.0,1284395.0,6356860.0
2022-11-30,2740.0,2755.0,2735.0,2755.0,4806.0,0.0,0.0,0.0,11920180.0,1258100.0,0.0,0.0,10540030.0,2638250.0,13178280.0
2022-12-01,2770.0,2840.0,2770.0,2835.0,16175.0,2.9038112522686026,0.0,0.0,45368695.0,0.0,0.0,0.0,38483700.0,6884995.0,45368695.0
2022-12-02,2835.0,2835.0,2770.0,2800.0,4519.0,-1.2345679012345678,0.0,0.0,12610210.0,0.0,0.0,0.0,12610210.0,0.0,12610210.0
2022-12-05,2820.0,2820.0,2780.0,2800.0,2681.0,0.0,0.0,0.0,7512330.0,0.0,0.0,0.0,7464475.0,47855.0,7512330.0
2022-12-06,2795.0,2820.0,2780.0,2810.0,2931.0,0.35714285714285715,0.0,0.0,8199160.0,0.0,0.0,0.0,7937730.0,261430.0,8199160.0
2022-12-07,2785.0,2795.0,2785.0,2790.0,1819.0,-0.7117437722419928,0.0,0.0,5067600.0,0.0,0.0,0.0,4978320.0,89280.0,5067600.0
2022-12-08,2760.0,2775.0,2745.0,2760.0,5786.0,-1.0752688172043012,0.0,0.0,15937680.0,0.0,0.0,0.0,15821385.0,116295.0,15937680.0
2022-12-09,2740.0,2770.0,2740.0,2770.0,2067.0,0.36231884057971014,0.0,0.0,5683695.0,0.0,0.0,0.0,5551215.0,132480.0,5683695.0
2022-12-12,2785.0,2785.0,2735.0,2740.0,804.0,-1.083032490974729,0.0,0.0,2205730.0,0.0,0.0,0.0,2205730.0,0.0,2205730.0
2022-12-13,2760.0,2760.0,2725.0,2745.0,4566.0,0.18248175182481752,0.0,0.0,12443565.0,0.0,0.0,0.0,12443565.0,0.0,12443565.0
2022-12-14,2755.0,2760.0,2750.0,2760.0,1923.0,0.546448087431694,0.0,0.0,5297520.0,0.0,0.0,0.0,4388825.0,908695.0,5297520.0
2022-12-15,2760.0,2760.0,2725.0,2755.0,969.0,-0.18115942028985507,0.0,0.0,2653830.0,0.0,0.0,0.0,2618015.0,35815.0,2653830.0
2022-12-16,2720.0,2750.0,2715.0,2725.0,2435.0,-1.0889292196007259,0.0,0.0,6649530.0,0.0,0.0,0.0,6515430.0,134100.0,6649530.0
2022-12-19,2715.0,2735.0,2715.0,2715.0,1707.0,-0.3669724770642202,0.0,0.0,4642205.0,0.0,0.0,0.0,4642205.0,0.0,4642205.0
2022-12-20,2690.0,2705.0,2675.0,2680.0,9385.0,-1.289134438305709,0.0,0.0,25209735.0,0.0,0.0,0.0,25144990.0,64745.0,25209735.0
2022-12-21,2715.0,2715.0,2685.0,2700.0,6344.0,0.7462686567164178,0.0,0.0,16628110.0,499500.0,0.0,0.0,17127610.0,0.0,17127610.0
2022-12-22,2725.0,2730.0,2700.0,2700.0,1066.0,0.0,0.0,0.0,2884445.0,0.0,0.0,0.0,2816345.0,68100.0,2884445.0
2022-12-23,2695.0,2695.0,2650.0,2650.0,4704.0,-1.8518518518518516,0.0,0.0,12570370.0,0.0,0.0,0.0,12543420.0,26950.0,12570370.0
2022-12-26,2630.0,2630.0,2570.0,2575.0,10787.0,-2.8301886792452833,0.0,0.0,27990035.0,0.0,0.0,0.0,27990035.0,0.0,27990035.0
2022-12-27,2570.0,2630.0,2570.0,2620.0,3815.0,1.7475728155339807,0.0,0.0,9996870.0,0.0,0.0,0.0,9952160.0,44710.0,9996870.0
2022-12-28,2600.0,2605.0,2570.0,2590.0,5142.0,-1.1450381679389312,0.0,0.0,13283110.0,0.0,0.0,0.0,13189330.0,93780.0,13283110.0
2022-12-29,2560.0,2570.0,2560.0,2570.0,4399.0,-0.7722007722007722,0.0,0.0,11272045.0,0.0,0.0,0.0,11012890.0,259155.0,11272045.0
2023-01-02,2585.0,2585.0,2525.0,2525.0,2905.0,-1.7509727626459144,0.0,0.0,7383465.0,0.0,0.0,0.0,7202755.0,180710.0,7383465.0
2023-01-03,2510.0,2515.0,2480.0,2495.0,7224.0,-1.188118811881188,0.0,0.0,18002695.0,0.0,0.0,0.0,17959940.0,42755.0,18002695.0
2023-01-04,2465.0,2525.0,2465.0,2525.0,5861.0,1.2024048096192386,0.0,0.0,14712845.0,0.0,0.0,0.0,13732185.0,980660.0,14712845.0
2023-01-05,2570.0,2625.0,2565.0,2595.0,11530.0,2.7722772277227725,0.0,0.0,30066455.0,0.0,0.0,0.0,29881580.0,184875.0,30066455.0
2023-01-06,2580.0,2590.0,2535.0,2565.0,3052.0,-1.1560693641618496,0.0,0.0,7781880.0,25600.0,0.0,0.0,7807480.0,0.0,7807480.0
2023-01-09,2595.0,2600.0,2570.0,2590.0,4977.0,0.9746588693957114,0.0,0.0,12855530.0,0.0,0.0,0.0,12795730.0,59800.0,12855530.0
2023-01-10,2610.0,2610.0,2580.0,2595.0,1652.0,0.19305019305019305,0.0,0.0,4292625.0,0.0,0.0,0.0,4292625.0,0.0,4292625.0
2023-01-11,2590.0,2605.0,2580.0,2600.0,678.0,0.1926782273603083,0.0,0.0,1760715.0,0.0,0.0,0.0,1474970.0,285745.0,1760715.0
2023-01-12,2640.0,2660.0,2620.0,2660.0,4547.0,2.307692307692308,0.0,0.0,11996650.0,0.0,0.0,0.0,11237185.0,759465.0,11996650.0
2023-01-13,2665.0,2665.0,2650.0,2665.0,803.0,0.18796992481203006,0.0,0.0,2138200.0,0.0,0.0,0.0,2111550.0,26650.0,2138200.0
2023-01-16,2690.0,2705.0,2655.0,2680.0,8665.0,0.5628517823639775,0.0,0.0,23337410.0,0.0,0.0,0.0,22393690.0,943720.0,23337410.0
2023-01-17,2700.0,2705.0,2680.0,2685.0,1679.0,0.18656716417910446,0.0,0.0,4516250.0,0.0,0.0,0.0,4516250.0,0.0,4516250.0
2023-01-18,2705.0,2705.0,2585.0,2690.0,23111.0,0.186219739292365,0.0,0.0,61366640.0,0.0,0.0,0.0,61366640.0,0.0,61366640.0
2023-01-19,2650.0,2710.0,2650.0,2695.0,9759.0,0.18587360594795538,0.0,0.0,26367365.0,0.0,0.0,0.0,26195565.0,171800.0,26367365.0
2023-01-20,2660.0,2675.0,2650.0,2660.0,8121.0,-1.2987012987012987,0.0,0.0,21622465.0,0.0,0.0,0.0,21566395.0,56070.0,21622465.0
2023-01-25,2695.0,3300.0,2695.0,3010.0,167863.0,13.157894736842104,0.0,618750.0,516465425.0,1089000.0,0.0,592965.0,512111475.0,5468735.0,518173175.0
2023-01-26,2930.0,3015.0,2930.0,2965.0,40187.0,-1.495016611295681,0.0,0.0,118612275.0,0.0,0.0,0.0,117794300.0,817975.0,118612275.0
2023-01-27,2905.0,2905.0,2825.0,2825.0,34383.0,-4.721753794266442,0.0,0.0,98105120.0,0.0,0.0,0.0,98105120.0,0.0,98105120.0
2023-01-30,2805.0,2825.0,2800.0,2820.0,9288.0,-0.17699115044247787,0.0,0.0,26129505.0,0.0,0.0,0.0,24313120.0,1816385.0,26129505.0
2023-01-31,2800.0,2860.0,2800.0,2850.0,6392.0,1.0638297872340425,0.0,0.0,18158200.0,0.0,0.0,0.0,17041595.0,1116605.0,18158200.0
2023-02-01,2870.0,3590.0,2855.0,3590.0,87073.0,25.964912280701753,0.0,0.0,300825755.0,28200.0,0.0,0.0,297410215.0,3443740.0,300853955.0
2023-02-02,3250.0,3700.0,3250.0,3360.0,188010.0,-6.406685236768802,0.0,0.0,660938995.0,436600.0,0.0,0.0,660711315.0,664280.0,661375595.0
2023-02-03,3400.0,3400.0,3090.0,3095.0,71401.0,-7.886904761904762,0.0,0.0,223307055.0,1028970.0,0.0,0.0,223287075.0,1048950.0,224336025.0
2023-02-06,3135.0,3135.0,2945.0,3095.0,43762.0,0.0,0.0,0.0,131770905.0,0.0,0.0,0.0,131770905.0,0.0,131770905.0
2023-02-07,3065.0,3265.0,3065.0,3155.0,25067.0,1.938610662358643,0.0,0.0,80083030.0,0.0,0.0,0.0,78679500.0,1403530.0,80083030.0
2023-02-08,3150.0,3250.0,3150.0,3165.0,14703.0,0.31695721077654515,0.0,0.0,46918530.0,0.0,0.0,0.0,45681930.0,1236600.0,46918530.0
2023-02-09,3180.0,3180.0,3020.0,3020.0,21305.0,-4.581358609794629,0.0,0.0,65418625.0,0.0,0.0,0.0,65418625.0,0.0,65418625.0
2023-02-10,3040.0,3040.0,2945.0,3015.0,25765.0,-0.16556291390728478,0.0,0.0,76837915.0,0.0,0.0,0.0,76837915.0,0.0,76837915.0
2023-02-13,3075.0,3075.0,2945.0,2960.0,47953.0,-1.8242122719734661,0.0,0.0,142357825.0,0.0,0.0,0.0,142357825.0,0.0,142357825.0
2023-02-14,2990.0,3000.0,2980.0,3000.0,6638.0,1.3513513513513513,0.0,0.0,19874060.0,0.0,0.0,0.0,17999980.0,1874080.0,19874060.0
2023-02-15,2990.0,3065.0,2990.0,3060.0,17305.0,2.0,0.0,0.0,52768675.0,0.0,0.0,0.0,50195630.0,2573045.0,52768675.0
2023-02-16,3090.0,3090.0,3035.0,3090.0,6034.0,0.9803921568627451,0.0,0.0,18502020.0,0.0,0.0,0.0,17896380.0,605640.0,18502020.0
2023-02-17,3090.0,3095.0,2980.0,2980.0,8452.0,-3.559870550161812,0.0,0.0,25584710.0,0.0,0.0,0.0,25584710.0,0.0,25584710.0
2023-02-20,3180.0,3180.0,2900.0,2995.0,30602.0,0.5033557046979865,0.0,0.0,90318390.0,2226000.0,0.0,0.0,92544390.0,0.0,92544390.0
2023-02-21,3000.0,3020.0,2995.0,3020.0,11770.0,0.8347245409015025,0.0,0.0,35327075.0,0.0,0.0,0.0,34254670.0,1072405.0,35327075.0
2023-02-22,2950.0,2965.0,2910.0,2940.0,9967.0,-2.6490066225165565,0.0,0.0,29114125.0,0.0,0.0,0.0,28832900.0,281225.0,29114125.0
2023-02-23,2970.0,2970.0,2885.0,2920.0,9037.0,-0.6802721088435374,0.0,0.0,26279190.0,0.0,0.0,0.0,26279190.0,0.0,26279190.0
2023-02-24,2880.0,2905.0,2880.0,2885.0,6052.0,-1.1986301369863013,0.0,0.0,17506265.0,0.0,0.0,0.0,17060050.0,446215.0,17506265.0
2023-02-27,2880.0,2880.0,2860.0,2860.0,3533.0,-0.8665511265164645,0.0,0.0,10107245.0,0.0,0.0,0.0,10098650.0,8595.0,10107245.0
2023-02-28,2920.0,2920.0,2850.0,2865.0,1585.0,0.17482517482517482,0.0,0.0,4540630.0,0.0,0.0,0.0,4540630.0,0.0,4540630.0
2023-03-02,2895.0,2900.0,2870.0,2870.0,6728.0,0.17452006980802792,0.0,0.0,19447215.0,0.0,0.0,0.0,19331215.0,116000.0,19447215.0
2023-03-03,2860.0,2900.0,2860.0,2885.0,2460.0,0.5226480836236934,0.0,0.0,7104530.0,0.0,0.0,0.0,7104530.0,0.0,7104530.0
2023-03-06,2895.0,2895.0,2820.0,2825.0,11658.0,-2.079722703639515,0.0,0.0,33217725.0,0.0,0.0,0.0,33217725.0,0.0,33217725.0
2023-03-07,2815.0,2825.0,2765.0,2820.0,9826.0,-0.17699115044247787,0.0,0.0,27418550.0,0.0,0.0,0.0,27150345.0,268205.0,27418550.0
2023-03-08,2805.0,2805.0,2755.0,2765.0,5788.0,-1.950354609929078,0.0,0.0,16052225.0,0.0,0.0,0.0,16052225.0,0.0,16052225.0
2023-03-09,2765.0,2790.0,2765.0,2770.0,2467.0,0.18083182640144665,0.0,0.0,6867620.0,0.0,0.0,0.0,6090870.0,776750.0,6867620.0
2023-03-10,2700.0,2735.0,2700.0,2735.0,3437.0,-1.263537906137184,0.0,0.0,9318995.0,0.0,0.0,0.0,9318995.0,0.0,9318995.0
2023-03-13,2730.0,2730.0,2700.0,2710.0,7798.0,-0.9140767824497258,0.0,0.0,21217290.0,0.0,0.0,0.0,21217290.0,0.0,21217290.0
2023-03-14,2705.0,2705.0,2630.0,2640.0,7878.0,-2.5830258302583027,0.0,0.0,20902765.0,0.0,0.0,0.0,20902765.0,0.0,20902765.0
2023-03-15,2650.0,2700.0,2650.0,2650.0,7982.0,0.3787878787878788,0.0,0.0,21240985.0,0.0,0.0,0.0,20996340.0,244645.0,21240985.0
2023-03-16,2670.0,2670.0,2580.0,2610.0,5130.0,-1.509433962264151,0.0,0.0,13308870.0,0.0,0.0,0.0,13308870.0,0.0,13308870.0
2023-03-17,2665.0,2665.0,2615.0,2665.0,3378.0,2.10727969348659,0.0,0.0,8929345.0,0.0,0.0,0.0,8902695.0,26650.0,8929345.0
2023-03-20,2605.0,2645.0,2605.0,2645.0,4279.0,-0.7504690431519699,0.0,0.0,11254455.0,0.0,0.0,0.0,10762310.0,492145.0,11254455.0
2023-03-21,2675.0,2680.0,2645.0,2675.0,2430.0,1.1342155009451798,0.0,0.0,6481400.0,0.0,0.0,0.0,6454600.0,26800.0,6481400.0
2023-03-22,2680.0,2695.0,2670.0,2695.0,5540.0,0.7476635514018692,0.0,0.0,14859455.0,0.0,0.0,0.0,13672655.0,1186800.0,14859455.0
2023-03-23,2645.0,2670.0,2640.0,2670.0,7565.0,-0.927643784786642,0.0,0.0,20061845.0,0.0,0.0,0.0,19380450.0,681395.0,20061845.0
2023-03-24,2685.0,2700.0,2685.0,2700.0,1303.0,1.1235955056179776,0.0,0.0,3511310.0,0.0,0.0,0.0,3376685.0,134625.0,3511310.0
2023-03-27,2675.0,2690.0,2650.0,2690.0,11003.0,-0.3703703703703704,0.0,0.0,29193295.0,0.0,0.0,0.0,29193295.0,0.0,29193295.0
2023-03-28,2620.0,2650.0,2620.0,2625.0,12926.0,-2.41635687732342,0.0,0.0,33962980.0,0.0,0.0,0.0,33962980.0,0.0,33962980.0
2023-03-29,2625.0,2640.0,2580.0,2635.0,7154.0,0.38095238095238093,0.0,0.0,18631480.0,0.0,0.0,0.0,17883275.0,748205.0,18631480.0
2023-03-30,2700.0,2735.0,2675.0,2735.0,8533.0,3.795066413662239,0.0,0.0,23099700.0,0.0,0.0,0.0,22436460.0,663240.0,23099700.0
2023-03-31,2770.0,2770.0,2725.0,2750.0,2650.0,0.5484460694698354,0.0,0.0,7283005.0,0.0,0.0,0.0,6837840.0,445165.0,7283005.0
2023-04-03,2790.0,2790.0,2705.0,2770.0,4366.0,0.7272727272727273,0.0,0.0,12000790.0,0.0,0.0,0.0,12000790.0,0.0,12000790.0
2023-04-04,2770.0,2770.0,2760.0,2770.0,2482.0,0.0,0.0,0.0,6865295.0,0.0,0.0,0.0,6671395.0,193900.0,6865295.0
2023-04-05,2765.0,2785.0,2760.0,2770.0,2434.0,0.0,0.0,0.0,6753010.0,0.0,0.0,0.0,6547290.0,205720.0,6753010.0
2023-04-06,2770.0,2770.0,2670.0,2685.0,5488.0,-3.068592057761733,0.0,0.0,14797630.0,0.0,0.0,0.0,14797630.0,0.0,14797630.0
2023-04-07,2720.0,2735.0,2715.0,2720.0,2645.0,1.303538175046555,0.0,0.0,7222000.0,0.0,0.0,0.0,7126275.0,95725.0,7222000.0
2023-04-10,2740.0,2740.0,2655.0,2655.0,7596.0,-2.389705882352941,0.0,0.0,20263000.0,0.0,0.0,0.0,20263000.0,0.0,20263000.0
2023-04-11,2660.0,2700.0,2645.0,2695.0,4520.0,1.5065913370998116,0.0,0.0,12062280.0,0.0,0.0,0.0,11751725.0,310555.0,12062280.0
2023-04-12,2650.0,2735.0,2650.0,2735.0,6045.0,1.4842300556586272,0.0,0.0,16217585.0,0.0,0.0,0.0,16008145.0,209440.0,16217585.0
2023-04-13,2700.0,2820.0,2700.0,2815.0,8842.0,2.9250457038391224,0.0,0.0,24673685.0,0.0,0.0,0.0,24099360.0,574325.0,24673685.0
2023-04-14,2800.0,2800.0,2750.0,2755.0,4572.0,-2.1314387211367674,0.0,0.0,12637930.0,0.0,0.0,0.0,12637930.0,0.0,12637930.0
2023-04-17,2755.0,2760.0,2700.0,2700.0,8131.0,-1.9963702359346642,0.0,0.0,22029250.0,2705.0,0.0,0.0,22004355.0,27600.0,22031955.0
2023-04-18,2700.0,2700.0,2595.0,2640.0,28350.0,-2.2222222222222223,0.0,0.0,74576755.0,0.0,0.0,1080000.0,73496755.0,0.0,74576755.0
2023-04-19,2670.0,2675.0,2620.0,2675.0,5893.0,1.3257575757575757,0.0,0.0,15668885.0,0.0,0.0,0.0,13673290.0,1995595.0,15668885.0
2023-04-20,2650.0,2665.0,2630.0,2630.0,6175.0,-1.6822429906542056,0.0,0.0,16300035.0,0.0,0.0,0.0,16036530.0,263505.0,16300035.0
2023-04-21,2635.0,2670.0,2625.0,2665.0,3050.0,1.3307984790874523,0.0,0.0,7849110.0,228375.0,0.0,0.0,7341760.0,735725.0,8077485.0
2023-04-24,2650.0,2650.0,2605.0,2605.0,9333.0,-2.25140712945591,0.0,0.0,24519275.0,0.0,0.0,0.0,24519275.0,0.0,24519275.0
2023-04-25,2640.0,2645.0,2595.0,2635.0,4015.0,1.1516314779270633,0.0,0.0,10464580.0,0.0,0.0,0.0,10374650.0,89930.0,10464580.0
2023-04-26,2605.0,2635.0,2600.0,2635.0,4658.0,0.0,0.0,0.0,12148655.0,0.0,0.0,0.0,11176585.0,972070.0,12148655.0
2023-04-27,2580.0,2625.0,2580.0,2590.0,1969.0,-1.7077798861480076,0.0,0.0,5108555.0,0.0,0.0,0.0,5108555.0,0.0,5108555.0
2023-04-28,2635.0,2730.0,2600.0,2720.0,12241.0,5.019305019305019,0.0,0.0,32415525.0,0.0,0.0,0.0,32249505.0,166020.0,32415525.0
2023-05-02,2720.0,2745.0,2655.0,2665.0,3876.0,-2.0220588235294117,0.0,0.0,10460705.0,0.0,0.0,0.0,10109345.0,351360.0,10460705.0
2023-05-03,2640.0,2640.0,2590.0,2610.0,6263.0,-2.0637898686679175,0.0,0.0,16292970.0,20805.0,0.0,0.0,16313775.0,0.0,16313775.0
2023-05-04,2590.0,2655.0,2590.0,2600.0,10230.0,-0.38314176245210724,0.0,0.0,26693785.0,5200.0,0.0,0.0,26285365.0,413620.0,26698985.0
2023-05-08,2600.0,2600.0,2570.0,2590.0,20641.0,-0.38461538461538464,0.0,0.0,53358940.0,0.0,0.0,0.0,53358940.0,0.0,53358940.0
2023-05-09,2590.0,2590.0,2555.0,2570.0,3659.0,-0.7722007722007722,0.0,0.0,9371500.0,10280.0,0.0,0.0,9381780.0,0.0,9381780.0
2023-05-10,2600.0,2600.0,2575.0,2590.0,1573.0,0.7782101167315175,0.0,0.0,4064780.0,0.0,0.0,0.0,4064780.0,0.0,4064780.0
2023-05-11,2600.0,2630.0,2585.0,2630.0,2156.0,1.5444015444015444,0.0,0.0,5603515.0,0.0,0.0,0.0,5265560.0,337955.0,5603515.0
2023-05-12,2620.0,2620.0,2590.0,2615.0,854.0,-0.5703422053231939,0.0,0.0,2220970.0,0.0,0.0,0.0,2220970.0,0.0,2220970.0
2023-05-15,2595.0,2610.0,2590.0,2605.0,2616.0,-0.3824091778202677,0.0,0.0,6799085.0,0.0,0.0,0.0,6554215.0,244870.0,6799085.0
2023-05-16,2565.0,2600.0,2565.0,2595.0,7801.0,-0.3838771593090211,0.0,0.0,20178340.0,5135.0,0.0,0.0,19889675.0,293800.0,20183475.0
2023-05-17,2575.0,2605.0,2575.0,2585.0,17600.0,-0.3853564547206166,0.0,0.0,45638715.0,0.0,0.0,0.0,45186220.0,452495.0,45638715.0
2023-05-18,2595.0,2600.0,2565.0,2595.0,10186.0,0.3868471953578337,0.0,0.0,26421230.0,0.0,0.0,0.0,26421230.0,0.0,26421230.0
2023-05-19,2585.0,2595.0,2565.0,2595.0,3015.0,0.0,0.0,0.0,7750315.0,0.0,0.0,0.0,7530165.0,220150.0,7750315.0
2023-05-22,2600.0,2600.0,2565.0,2565.0,8921.0,-1.1560693641618496,0.0,0.0,23014365.0,2570.0,0.0,0.0,23016935.0,0.0,23016935.0
2023-05-23,2560.0,2595.0,2540.0,2595.0,8912.0,1.1695906432748537,0.0,0.0,21558105.0,1274805.0,0.0,0.0,21628345.0,1204565.0,22832910.0
2023-05-24,2570.0,2605.0,2565.0,2595.0,2983.0,0.0,0.0,0.0,6786945.0,938050.0,0.0,0.0,7392685.0,332310.0,7724995.0
2023-05-25,2575.0,2595.0,2575.0,2595.0,4320.0,0.0,0.0,0.0,11144425.0,2580.0,0.0,0.0,10989410.0,157595.0,11147005.0
2023-05-26,2590.0,2615.0,2590.0,2610.0,3890.0,0.5780346820809248,0.0,0.0,10108860.0,0.0,0.0,0.0,9782860.0,326000.0,10108860.0
2023-05-30,2620.0,2620.0,2605.0,2620.0,3796.0,0.38314176245210724,0.0,0.0,9924405.0,0.0,0.0,0.0,9924405.0,0.0,9924405.0
2023-05-31,2625.0,2625.0,2575.0,2575.0,3796.0,-1.717557251908397,0.0,0.0,9860300.0,2575.0,0.0,0.0,9802500.0,60375.0,9862875.0
2023-06-01,2590.0,2590.0,2570.0,2570.0,1551.0,-0.1941747572815534,0.0,0.0,3989135.0,0.0,0.0,0.0,3963285.0,25850.0,3989135.0
2023-06-02,2580.0,2665.0,2550.0,2600.0,3210.0,1.1673151750972763,0.0,0.0,8316055.0,0.0,0.0,0.0,8265420.0,50635.0,8316055.0
2023-06-05,2605.0,2605.0,2570.0,2595.0,4025.0,-0.19230769230769232,0.0,0.0,10434645.0,0.0,0.0,0.0,9943245.0,491400.0,10434645.0
2023-06-07,2585.0,2640.0,2585.0,2640.0,3745.0,1.7341040462427744,0.0,0.0,9783815.0,0.0,0.0,0.0,9221740.0,562075.0,9783815.0
2023-06-08,2610.0,2640.0,2610.0,2640.0,5176.0,0.0,0.0,0.0,13642220.0,0.0,0.0,0.0,12734710.0,907510.0,13642220.0
2023-06-09,2645.0,2655.0,2620.0,2625.0,2643.0,-0.5681818181818182,0.0,0.0,6974800.0,0.0,0.0,0.0,6911080.0,63720.0,6974800.0
2023-06-12,2625.0,2625.0,2570.0,2580.0,6121.0,-1.7142857142857144,0.0,0.0,15586945.0,303260.0,0.0,0.0,15493830.0,396375.0,15890205.0
2023-06-13,2585.0,2640.0,2585.0,2610.0,1657.0,1.1627906976744187,0.0,0.0,4339705.0,0.0,0.0,0.0,4183175.0,156530.0,4339705.0
2023-06-14,2635.0,2635.0,2585.0,2585.0,4356.0,-0.9578544061302682,0.0,0.0,11372210.0,0.0,0.0,0.0,11372210.0,0.0,11372210.0
2023-06-15,2580.0,2670.0,2580.0,2630.0,4742.0,1.7408123791102514,0.0,0.0,12556625.0,0.0,0.0,0.0,11502315.0,1054310.0,12556625.0
2023-06-16,2630.0,2660.0,2630.0,2650.0,3864.0,0.7604562737642585,0.0,0.0,5237505.0,4985825.0,0.0,0.0,8744230.0,1479100.0,10223330.0
2023-06-19,2650.0,2650.0,2575.0,2580.0,3250.0,-2.6415094339622645,0.0,0.0,8448475.0,0.0,0.0,0.0,8403425.0,45050.0,8448475.0
2023-06-20,2580.0,2640.0,2580.0,2615.0,3352.0,1.3565891472868217,0.0,0.0,8767435.0,0.0,0.0,0.0,8499250.0,268185.0,8767435.0
2023-06-21,2635.0,2635.0,2575.0,2585.0,2852.0,-1.147227533460803,0.0,0.0,7362350.0,0.0,0.0,0.0,7362350.0,0.0,7362350.0
2023-06-22,2570.0,2585.0,2565.0,2585.0,7892.0,0.0,0.0,0.0,20264810.0,0.0,0.0,0.0,19592795.0,672015.0,20264810.0
2023-06-23,2590.0,2590.0,2565.0,2585.0,2793.0,0.0,0.0,0.0,7174255.0,0.0,0.0,0.0,7122555.0,51700.0,7174255.0
2023-06-26,2530.0,2565.0,2530.0,2565.0,5553.0,-0.7736943907156674,0.0,0.0,14140725.0,0.0,0.0,0.0,14140725.0,0.0,14140725.0
2023-06-27,2565.0,2565.0,2550.0,2565.0,1100.0,0.0,0.0,0.0,2815190.0,0.0,0.0,0.0,2815190.0,0.0,2815190.0
2023-06-28,2605.0,2605.0,2565.0,2570.0,915.0,0.1949317738791423,0.0,0.0,2363045.0,0.0,0.0,0.0,2321445.0,41600.0,2363045.0
2023-06-29,2565.0,2565.0,2535.0,2550.0,12553.0,-0.7782101167315175,0.0,0.0,32099785.0,0.0,0.0,0.0,31740685.0,359100.0,32099785.0
2023-06-30,2550.0,2550.0,2530.0,2535.0,2512.0,-0.5882352941176471,0.0,0.0,6361650.0,7600.0,0.0,0.0,6369250.0,0.0,6369250.0
2023-07-03,2520.0,2520.0,2490.0,2495.0,12905.0,-1.5779092702169626,0.0,0.0,32278550.0,0.0,0.0,0.0,32278550.0,0.0,32278550.0
2023-07-04,2500.0,2510.0,2495.0,2495.0,3205.0,0.0,0.0,0.0,8013695.0,0.0,0.0,0.0,7913395.0,100300.0,8013695.0
2023-07-05,2480.0,2510.0,2480.0,2510.0,15828.0,0.6012024048096193,177370.0,0.0,39405390.0,0.0,0.0,0.0,38717310.0,865450.0,39582760.0
2023-07-06,2435.0,2450.0,2415.0,2430.0,21160.0,-3.187250996015936,0.0,0.0,51380745.0,0.0,0.0,0.0,51047545.0,333200.0,51380745.0
2023-07-07,2410.0,2430.0,2395.0,2430.0,5702.0,0.0,0.0,0.0,13738300.0,0.0,0.0,0.0,13438005.0,300295.0,13738300.0
2023-07-10,2405.0,2405.0,2375.0,2400.0,830.0,-1.2345679012345678,0.0,0.0,1982365.0,0.0,0.0,0.0,1958315.0,24050.0,1982365.0
2023-07-11,2380.0,2415.0,2380.0,2410.0,3575.0,0.4166666666666667,0.0,0.0,8578660.0,0.0,0.0,0.0,8409960.0,168700.0,8578660.0
2023-07-12,2425.0,2425.0,2385.0,2385.0,7803.0,-1.0373443983402488,0.0,0.0,17683205.0,1026935.0,0.0,0.0,18710140.0,0.0,18710140.0
2023-07-13,2385.0,2395.0,2345.0,2370.0,18269.0,-0.628930817610063,0.0,0.0,42206230.0,1004625.0,0.0,0.0,43039735.0,171120.0,43210855.0
2023-07-14,2375.0,2455.0,2375.0,2455.0,6184.0,3.5864978902953584,0.0,0.0,14923040.0,0.0,0.0,0.0,12916930.0,2006110.0,14923040.0
2023-07-17,2430.0,2455.0,2425.0,2430.0,1658.0,-1.0183299389002036,0.0,0.0,4043850.0,0.0,0.0,0.0,3950710.0,93140.0,4043850.0
2023-07-18,2430.0,2435.0,2415.0,2420.0,1131.0,-0.411522633744856,0.0,0.0,2748730.0,0.0,0.0,0.0,2196250.0,552480.0,2748730.0
2023-07-19,2420.0,2420.0,2405.0,2420.0,6991.0,0.0,0.0,0.0,16846545.0,0.0,0.0,0.0,16846545.0,0.0,16846545.0
2023-07-20,2410.0,2410.0,2370.0,2395.0,5950.0,-1.0330578512396695,0.0,0.0,14146895.0,0.0,0.0,0.0,14146895.0,0.0,14146895.0
2023-07-21,2375.0,2420.0,2370.0,2400.0,14819.0,0.20876826722338201,0.0,0.0,35404715.0,0.0,0.0,0.0,34828885.0,575830.0,35404715.0
2023-07-24,2390.0,2390.0,2335.0,2340.0,5328.0,-2.5,0.0,0.0,12575150.0,0.0,0.0,0.0,12551250.0,23900.0,12575150.0
2023-07-25,2320.0,2320.0,2230.0,2245.0,15300.0,-4.05982905982906,0.0,0.0,34794025.0,0.0,0.0,0.0,34780105.0,13920.0,34794025.0
2023-07-26,2200.0,2200.0,2120.0,2140.0,11613.0,-4.67706013363029,0.0,0.0,24827155.0,0.0,0.0,0.0,24827155.0,0.0,24827155.0
2023-07-27,2140.0,2165.0,2140.0,2150.0,8531.0,0.46728971962616817,0.0,0.0,18381220.0,0.0,0.0,0.0,18082820.0,298400.0,18381220.0
2023-07-28,2120.0,2180.0,2120.0,2180.0,17722.0,1.3953488372093024,0.0,0.0,38439815.0,0.0,0.0,0.0,38074145.0,365670.0,38439815.0
2023-07-31,2180.0,2200.0,2145.0,2190.0,6720.0,0.45871559633027525,0.0,0.0,14575965.0,0.0,0.0,0.0,14556165.0,19800.0,14575965.0
2023-08-01,2190.0,2190.0,2140.0,2190.0,11141.0,0.0,0.0,0.0,24153405.0,0.0,0.0,0.0,24059255.0,94150.0,24153405.0
2023-08-02,2160.0,2205.0,2160.0,2180.0,5725.0,-0.45662100456621,0.0,0.0,12530145.0,0.0,0.0,0.0,11431125.0,1099020.0,12530145.0
2023-08-03,2140.0,2215.0,2140.0,2180.0,12842.0,0.0,202590.0,0.0,27975400.0,0.0,0.0,0.0,28177990.0,0.0,28177990.0
2023-08-04,2175.0,2255.0,2175.0,2255.0,8174.0,3.4403669724770642,0.0,0.0,18293405.0,0.0,0.0,0.0,18293405.0,0.0,18293405.0
2023-08-07,2275.0,2280.0,2265.0,2270.0,7035.0,0.6651884700665188,0.0,0.0,16009155.0,0.0,0.0,0.0,16009155.0,0.0,16009155.0
2023-08-08,2285.0,2295.0,2275.0,2275.0,4810.0,0.22026431718061676,0.0,0.0,10965915.0,0.0,0.0,0.0,10965915.0,0.0,10965915.0
2023-08-09,2275.0,2275.0,2225.0,2240.0,1661.0,-1.5384615384615385,0.0,0.0,3725990.0,0.0,0.0,0.0,3725990.0,0.0,3725990.0
2023-08-10,2210.0,2210.0,2195.0,2200.0,11684.0,-1.7857142857142856,0.0,0.0,25721880.0,2200.0,0.0,0.0,25724080.0,0.0,25724080.0
2023-08-11,2200.0,2200.0,2170.0,2170.0,4496.0,-1.3636363636363635,0.0,0.0,9828730.0,0.0,0.0,0.0,9828730.0,0.0,9828730.0
2023-08-14,2125.0,2180.0,2125.0,2150.0,4427.0,-0.9216589861751152,0.0,0.0,9533950.0,0.0,0.0,0.0,9533950.0,0.0,9533950.0
2023-08-16,2150.0,2175.0,2150.0,2155.0,5655.0,0.23255813953488372,0.0,0.0,12219830.0,0.0,0.0,0.0,12219830.0,0.0,12219830.0
2023-08-17,2135.0,2145.0,2110.0,2135.0,5495.0,-0.9280742459396751,0.0,0.0,11652090.0,0.0,0.0,0.0,11652090.0,0.0,11652090.0
2023-08-18,2105.0,2135.0,2095.0,2095.0,4461.0,-1.873536299765808,0.0,0.0,9414435.0,0.0,0.0,0.0,9414435.0,0.0,9414435.0
2023-08-21,2100.0,2100.0,2040.0,2090.0,19889.0,-0.23866348448687352,0.0,0.0,41067450.0,0.0,0.0,0.0,41067450.0,0.0,41067450.0
2023-08-22,2090.0,2105.0,2055.0,2075.0,1610.0,-0.7177033492822966,0.0,0.0,3320350.0,0.0,0.0,0.0,3320350.0,0.0,3320350.0
2023-08-23,2060.0,2065.0,2035.0,2040.0,8968.0,-1.6867469879518073,0.0,0.0,18399480.0,0.0,0.0,0.0,18399480.0,0.0,18399480.0
2023-08-24,2020.0,2055.0,2020.0,2055.0,1330.0,0.7352941176470588,0.0,0.0,2715600.0,0.0,0.0,0.0,2715600.0,0.0,2715600.0
2023-08-25,2055.0,2065.0,2030.0,2065.0,474.0,0.48661800486618007,0.0,0.0,963800.0,6135.0,0.0,0.0,969935.0,0.0,969935.0
2023-08-28,2085.0,2220.0,2085.0,2190.0,21250.0,6.053268765133172,0.0,0.0,46526595.0,0.0,357755.0,0.0,46168840.0,0.0,46526595.0
2023-08-29,2185.0,2185.0,2135.0,2170.0,11301.0,-0.91324200913242,0.0,0.0,24314590.0,0.0,0.0,0.0,24314590.0,0.0,24314590.0
2023-08-30,2130.0,2170.0,2130.0,2145.0,8747.0,-1.1520737327188941,0.0,0.0,18768760.0,0.0,0.0,0.0,18768760.0,0.0,18768760.0
2023-08-31,2140.0,2150.0,2135.0,2150.0,1845.0,0.2331002331002331,0.0,0.0,3942440.0,0.0,0.0,0.0,3942440.0,0.0,3942440.0
2023-09-01,2175.0,2175.0,2135.0,2140.0,2246.0,-0.46511627906976744,0.0,0.0,4824975.0,0.0,0.0,0.0,4824975.0,0.0,4824975.0
2023-09-04,2140.0,2140.0,2100.0,2110.0,1464.0,-1.4018691588785046,0.0,0.0,3085140.0,0.0,0.0,0.0,3085140.0,0.0,3085140.0
2023-09-05,2100.0,2115.0,2095.0,2110.0,4508.0,0.0,0.0,0.0,9489040.0,0.0,0.0,0.0,9489040.0,0.0,9489040.0
2023-09-06,2100.0,2115.0,2080.0,2095.0,3240.0,-0.7109004739336493,0.0,0.0,6782910.0,0.0,0.0,0.0,6782910.0,0.0,6782910.0
2023-09-07,2040.0,2065.0,2030.0,2035.0,13271.0,-2.863961813842482,0.0,0.0,27009690.0,0.0,0.0,0.0,27009690.0,0.0,27009690.0
2023-09-08,2050.0,2050.0,2025.0,2025.0,5463.0,-0.4914004914004914,0.0,0.0,11144550.0,0.0,0.0,0.0,11144550.0,0.0,11144550.0
2023-09-11,2045.0,2045.0,2000.0,2030.0,6729.0,0.24691358024691357,0.0,0.0,13652220.0,0.0,0.0,0.0,13652220.0,0.0,13652220.0
2023-09-12,2030.0,2030.0,2015.0,2025.0,4085.0,-0.24630541871921183,0.0,0.0,8266775.0,0.0,0.0,0.0,8266775.0,0.0,8266775.0
2023-09-13,2000.0,2035.0,2000.0,2030.0,1441.0,0.24691358024691357,0.0,0.0,2905785.0,0.0,0.0,0.0,2905785.0,0.0,2905785.0
2023-09-14,2025.0,2070.0,2025.0,2070.0,7142.0,1.9704433497536946,0.0,0.0,14702465.0,0.0,0.0,0.0,14702465.0,0.0,14702465.0
2023-09-15,2070.0,2100.0,2070.0,2080.0,5546.0,0.4830917874396135,0.0,0.0,11626480.0,0.0,0.0,0.0,11626480.0,0.0,11626480.0
2023-09-18,2055.0,2115.0,2055.0,2085.0,1097.0,0.2403846153846154,0.0,0.0,2301660.0,0.0,0.0,0.0,2301660.0,0.0,2301660.0
2023-09-19,2090.0,2105.0,2085.0,2105.0,9911.0,0.9592326139088728,0.0,0.0,20818060.0,0.0,0.0,0.0,20818060.0,0.0,20818060.0
2023-09-20,2075.0,2095.0,2075.0,2095.0,341.0,-0.4750593824228029,0.0,0.0,713090.0,0.0,0.0,0.0,713090.0,0.0,713090.0
2023-09-21,2070.0,2080.0,2060.0,2080.0,1097.0,-0.7159904534606205,0.0,0.0,2269205.0,0.0,0.0,0.0,2269205.0,0.0,2269205.0
2023-09-22,2090.0,2090.0,2060.0,2060.0,1739.0,-0.9615384615384616,0.0,0.0,3598205.0,0.0,0.0,0.0,3598205.0,0.0,3598205.0
2023-09-25,2060.0,2060.0,2055.0,2060.0,1160.0,0.0,0.0,0.0,2385560.0,0.0,0.0,0.0,2385560.0,0.0,2385560.0
2023-09-26,2075.0,2075.0,2045.0,2055.0,837.0,-0.24271844660194172,0.0,0.0,1718610.0,0.0,0.0,0.0,1718610.0,0.0,1718610.0
2023-09-27,2015.0,2065.0,2015.0,2060.0,1577.0,0.24330900243309003,0.0,0.0,3230430.0,0.0,0.0,0.0,3230430.0,0.0,3230430.0
2023-10-04,2060.0,2065.0,2050.0,2060.0,1577.0,0.0,0.0,0.0,3250800.0,0.0,0.0,0.0,3250800.0,0.0,3250800.0
2023-10-05,2060.0,2060.0,2040.0,2045.0,1479.0,-0.7281553398058253,0.0,0.0,3025125.0,0.0,0.0,0.0,3025125.0,0.0,3025125.0
2023-10-06,2030.0,2040.0,2030.0,2040.0,1053.0,-0.24449877750611246,0.0,0.0,2147955.0,0.0,0.0,0.0,2147955.0,0.0,2147955.0
2023-10-10,2040.0,2045.0,2030.0,2030.0,6162.0,-0.49019607843137253,0.0,0.0,12564295.0,0.0,0.0,0.0,12564295.0,0.0,12564295.0
2023-10-11,2030.0,2055.0,2030.0,2050.0,5000.0,0.9852216748768473,0.0,0.0,10190150.0,0.0,0.0,0.0,10190150.0,0.0,10190150.0
2023-10-12,2050.0,2055.0,2040.0,2040.0,1532.0,-0.4878048780487805,0.0,0.0,3130995.0,0.0,0.0,0.0,3130995.0,0.0,3130995.0
2023-10-13,2040.0,2040.0,2015.0,2035.0,457.0,-0.24509803921568626,0.0,0.0,925535.0,0.0,0.0,0.0,925535.0,0.0,925535.0
2023-10-16,2020.0,2025.0,2000.0,2010.0,1949.0,-1.2285012285012284,0.0,0.0,3900205.0,10000.0,0.0,0.0,3910205.0,0.0,3910205.0
2023-10-17,2010.0,2015.0,2005.0,2015.0,641.0,0.24875621890547264,0.0,0.0,1286040.0,0.0,0.0,0.0,1286040.0,0.0,1286040.0
2023-10-18,2030.0,2030.0,2000.0,2000.0,2273.0,-0.7444168734491315,0.0,0.0,4579360.0,0.0,0.0,0.0,4579360.0,0.0,4579360.0
2023-10-19,2000.0,2000.0,1989.0,1989.0,1904.0,-0.5499999999999999,0.0,0.0,3792077.0,0.0,0.0,0.0,3792077.0,0.0,3792077.0
2023-10-20,1986.0,1986.0,1924.0,1924.0,8704.0,-3.2679738562091507,0.0,0.0,16931420.0,0.0,0.0,0.0,16931420.0,0.0,16931420.0
2023-10-23,1894.0,1907.0,1894.0,1901.0,2338.0,-1.1954261954261955,0.0,0.0,4447544.0,0.0,0.0,0.0,4447544.0,0.0,4447544.0
2023-10-24,1880.0,1896.0,1880.0,1895.0,3551.0,-0.31562335612835346,0.0,0.0,6725043.0,0.0,0.0,0.0,6725043.0,0.0,6725043.0
2023-10-25,1900.0,1944.0,1900.0,1944.0,2437.0,2.5857519788918206,0.0,0.0,4713039.0,0.0,0.0,0.0,4713039.0,0.0,4713039.0
2023-10-26,1943.0,1943.0,1925.0,1925.0,5081.0,-0.977366255144033,0.0,0.0,9832052.0,0.0,0.0,0.0,9832052.0,0.0,9832052.0
2023-10-27,1907.0,1907.0,1896.0,1902.0,4922.0,-1.194805194805195,0.0,0.0,9355639.0,0.0,0.0,0.0,9355639.0,0.0,9355639.0
2023-10-30,1901.0,1902.0,1889.0,1892.0,5109.0,-0.5257623554153523,0.0,0.0,9655839.0,0.0,0.0,0.0,9655839.0,0.0,9655839.0
2023-10-31,1902.0,1902.0,1889.0,1889.0,1005.0,-0.15856236786469344,0.0,0.0,1904016.0,0.0,0.0,0.0,1904016.0,0.0,1904016.0
2023-11-01,1895.0,1896.0,1892.0,1892.0,1763.0,0.15881418740074113,0.0,0.0,3340846.0,0.0,0.0,0.0,3340846.0,0.0,3340846.0
2023-11-02,1905.0,1905.0,1901.0,1902.0,1590.0,0.5285412262156448,0.0,0.0,3027977.0,0.0,0.0,0.0,3027977.0,0.0,3027977.0
2023-11-03,1928.0,1928.0,1903.0,1903.0,1730.0,0.052576235541535225,0.0,0.0,3299095.0,0.0,0.0,0.0,3299095.0,0.0,3299095.0
2023-11-06,1920.0,1960.0,1920.0,1960.0,14465.0,2.9952706253284287,0.0,0.0,27882152.0,0.0,0.0,0.0,27882152.0,0.0,27882152.0
2023-11-07,1980.0,1988.0,1980.0,1988.0,11368.0,1.4285714285714286,0.0,0.0,22529230.0,0.0,0.0,0.0,22529230.0,0.0,22529230.0
2023-11-08,2020.0,2020.0,1991.0,1991.0,5222.0,0.15090543259557343,0.0,0.0,10465962.0,0.0,0.0,0.0,10465962.0,0.0,10465962.0
2023-11-09,2000.0,2000.0,1976.0,1976.0,2044.0,-0.7533902561526872,0.0,0.0,4053328.0,0.0,0.0,0.0,4053328.0,0.0,4053328.0
2023-11-10,1997.0,2000.0,1972.0,2000.0,5030.0,1.214574898785425,0.0,0.0,10024703.0,0.0,0.0,0.0,10024703.0,0.0,10024703.0
2023-11-13,2040.0,2040.0,2000.0,2005.0,4263.0,0.25,0.0,0.0,8649905.0,0.0,0.0,0.0,8649905.0,0.0,8649905.0
2023-11-14,2025.0,2080.0,2025.0,2045.0,4192.0,1.99501246882793,0.0,0.0,8581520.0,0.0,0.0,0.0,8581520.0,0.0,8581520.0
2023-11-15,2065.0,2100.0,2050.0,2065.0,4085.0,0.9779951100244498,0.0,0.0,8503865.0,0.0,0.0,0.0,8503865.0,0.0,8503865.0
2023-11-16,2065.0,2080.0,2055.0,2080.0,2257.0,0.7263922518159807,0.0,0.0,4664630.0,0.0,0.0,0.0,4664630.0,0.0,4664630.0
2023-11-17,2065.0,2065.0,2045.0,2045.0,2715.0,-1.6826923076923077,0.0,0.0,5598065.0,0.0,0.0,0.0,5598065.0,0.0,5598065.0
2023-11-20,2040.0,2050.0,2015.0,2050.0,3413.0,0.24449877750611246,0.0,0.0,6954910.0,0.0,0.0,0.0,6954910.0,0.0,6954910.0
2023-11-21,2080.0,2080.0,2020.0,2030.0,4001.0,-0.975609756097561,0.0,0.0,8177960.0,0.0,0.0,0.0,8177960.0,0.0,8177960.0
2023-11-22,2040.0,2080.0,2015.0,2075.0,7168.0,2.2167487684729066,0.0,0.0,14579685.0,0.0,0.0,0.0,14579685.0,0.0,14579685.0
2023-11-23,2100.0,2100.0,2070.0,2085.0,2268.0,0.48192771084337355,0.0,0.0,4707595.0,0.0,0.0,0.0,4707595.0,0.0,4707595.0
2023-11-24,2115.0,2185.0,2085.0,2185.0,7900.0,4.796163069544365,0.0,0.0,16990555.0,0.0,0.0,0.0,16511105.0,479450.0,16990555.0
2023-11-27,2200.0,2250.0,2165.0,2165.0,7888.0,-0.9153318077803204,0.0,0.0,17446585.0,0.0,0.0,0.0,17442165.0,4420.0,17446585.0
2023-11-28,2165.0,2165.0,2110.0,2130.0,3234.0,-1.6166281755196306,0.0,0.0,6864675.0,0.0,0.0,0.0,6864675.0,0.0,6864675.0
2023-11-29,2100.0,2130.0,2100.0,2105.0,2368.0,-1.1737089201877933,0.0,0.0,4988450.0,0.0,0.0,0.0,4988450.0,0.0,4988450.0
2023-11-30,2110.0,2200.0,2110.0,2200.0,8466.0,4.513064133016627,0.0,0.0,18434260.0,0.0,0.0,0.0,18434260.0,0.0,18434260.0
2023-12-01,2250.0,2495.0,2250.0,2360.0,21891.0,7.2727272727272725,0.0,0.0,52380820.0,0.0,0.0,0.0,52380820.0,0.0,52380820.0
2023-12-04,2460.0,3065.0,2460.0,3065.0,169234.0,29.8728813559322,0.0,1054360.0,503826500.0,1425000.0,0.0,0.0,505944190.0,361670.0,506305860.0
2023-12-05,3300.0,3300.0,2500.0,2605.0,397827.0,-15.00815660685155,0.0,3492000.0,1139852120.0,14649250.0,0.0,0.0,1157211870.0,781500.0,1157993370.0
2023-12-06,2555.0,2850.0,2390.0,2700.0,179253.0,3.6468330134357005,0.0,0.0,470494270.0,2163550.0,0.0,0.0,471590120.0,1067700.0,472657820.0
2023-12-07,2700.0,2950.0,2700.0,2845.0,76581.0,5.37037037037037,0.0,0.0,214574910.0,1150200.0,0.0,0.0,212988910.0,2736200.0,215725110.0
2023-12-08,2780.0,2780.0,2640.0,2720.0,48298.0,-4.393673110720562,0.0,0.0,129394775.0,1153740.0,0.0,0.0,127032515.0,3516000.0,130548515.0
2023-12-11,2695.0,2855.0,2695.0,2800.0,31318.0,2.941176470588235,0.0,0.0,86745900.0,1073080.0,0.0,0.0,78002260.0,9816720.0,87818980.0
2023-12-12,2800.0,2850.0,2795.0,2795.0,30334.0,-0.17857142857142858,0.0,0.0,85722245.0,0.0,0.0,0.0,85408745.0,313500.0,85722245.0
2023-12-13,2800.0,2800.0,2710.0,2715.0,18105.0,-2.862254025044723,0.0,0.0,50037140.0,0.0,0.0,0.0,50031700.0,5440.0,50037140.0
2023-12-14,2745.0,2745.0,2545.0,2745.0,42270.0,1.1049723756906076,0.0,0.0,110984140.0,13075.0,0.0,0.0,110997215.0,0.0,110997215.0
2023-12-15,2735.0,2735.0,2655.0,2655.0,12805.0,-3.278688524590164,0.0,0.0,34333105.0,0.0,0.0,0.0,34333105.0,0.0,34333105.0
2023-12-18,2685.0,2685.0,2555.0,2555.0,10783.0,-3.766478342749529,0.0,0.0,27830000.0,0.0,0.0,3981320.0,23848680.0,0.0,27830000.0
2023-12-19,2540.0,2540.0,2480.0,2490.0,20908.0,-2.5440313111545985,0.0,0.0,52529480.0,0.0,0.0,0.0,52529480.0,0.0,52529480.0
2023-12-20,2530.0,2535.0,2475.0,2490.0,7074.0,0.0,0.0,0.0,17656990.0,0.0,0.0,0.0,17656990.0,0.0,17656990.0
2023-12-21,2480.0,2490.0,2430.0,2430.0,15845.0,-2.4096385542168677,0.0,0.0,38642450.0,12175.0,0.0,0.0,38654625.0,0.0,38654625.0
2023-12-22,2455.0,2455.0,2410.0,2430.0,4002.0,0.0,0.0,0.0,9742265.0,7305.0,0.0,0.0,9749570.0,0.0,9749570.0
2023-12-26,2405.0,2415.0,2385.0,2400.0,11731.0,-1.2345679012345678,0.0,0.0,28160070.0,0.0,0.0,0.0,28160070.0,0.0,28160070.0
2023-12-27,2415.0,2415.0,2325.0,2325.0,7538.0,-3.125,0.0,0.0,17685605.0,0.0,0.0,0.0,17685605.0,0.0,17685605.0
2023-12-28,2335.0,2425.0,2335.0,2420.0,5742.0,4.086021505376344,0.0,0.0,12469555.0,1385120.0,0.0,0.0,13854675.0,0.0,13854675.0
2024-01-02,2420.0,2420.0,2400.0,2420.0,4466.0,0.0,0.0,0.0,9323730.0,1408810.0,0.0,0.0,10732540.0,0.0,10732540.0
2024-01-03,2425.0,2445.0,2425.0,2435.0,2512.0,0.6198347107438017,0.0,0.0,6111125.0,0.0,0.0,0.0,6111125.0,0.0,6111125.0
2024-01-04,2440.0,2440.0,2385.0,2385.0,3472.0,-2.0533880903490758,0.0,0.0,8338335.0,0.0,0.0,0.0,8338335.0,0.0,8338335.0
2024-01-05,2370.0,2390.0,2345.0,2365.0,7494.0,-0.8385744234800839,0.0,0.0,17738610.0,0.0,0.0,0.0,17738610.0,0.0,17738610.0
2024-01-08,2370.0,2415.0,2300.0,2395.0,30907.0,1.2684989429175475,0.0,0.0,72544350.0,0.0,0.0,0.0,72544350.0,0.0,72544350.0
2024-01-09,2425.0,2435.0,2385.0,2395.0,5165.0,0.0,0.0,0.0,12426075.0,0.0,0.0,0.0,12426075.0,0.0,12426075.0
2024-01-10,2385.0,2385.0,2330.0,2330.0,2845.0,-2.7139874739039667,0.0,0.0,6672795.0,0.0,0.0,0.0,6672795.0,0.0,6672795.0
2024-01-11,2365.0,2895.0,2365.0,2555.0,95929.0,9.656652360515022,0.0,0.0,262058780.0,0.0,0.0,0.0,262058780.0,0.0,262058780.0
2024-01-12,2450.0,2625.0,2450.0,2625.0,19349.0,2.73972602739726,0.0,0.0,48274380.0,0.0,0.0,0.0,48274380.0,0.0,48274380.0
2024-01-15,2530.0,2530.0,2440.0,2520.0,14516.0,-4.0,0.0,0.0,35297915.0,687960.0,0.0,0.0,35985875.0,0.0,35985875.0
2024-01-16,2500.0,2500.0,2420.0,2445.0,5327.0,-2.976190476190476,0.0,0.0,12970100.0,4980.0,0.0,0.0,12975080.0,0.0,12975080.0
2024-01-17,2400.0,2400.0,2300.0,2340.0,10580.0,-4.294478527607362,0.0,0.0,24586290.0,0.0,0.0,0.0,24586290.0,0.0,24586290.0
2024-01-18,2310.0,2370.0,2310.0,2355.0,3445.0,0.641025641025641,0.0,0.0,8124250.0,0.0,0.0,0.0,6931570.0,1192680.0,8124250.0
2024-01-19,2380.0,2410.0,2380.0,2390.0,4809.0,1.48619957537155,0.0,0.0,11500790.0,0.0,0.0,0.0,11500790.0,0.0,11500790.0
2024-01-22,2405.0,2405.0,2300.0,2310.0,6441.0,-3.3472803347280333,0.0,0.0,14914730.0,0.0,0.0,0.0,14748830.0,165900.0,14914730.0
2024-01-23,2350.0,2350.0,2255.0,2255.0,7886.0,-2.380952380952381,0.0,0.0,18036875.0,0.0,0.0,0.0,18036875.0,0.0,18036875.0
2024-01-24,2225.0,2225.0,2200.0,2225.0,8474.0,-1.3303769401330376,0.0,0.0,18748520.0,0.0,0.0,0.0,18748520.0,0.0,18748520.0
2024-01-25,2245.0,2325.0,2205.0,2325.0,10786.0,4.49438202247191,0.0,0.0,24621875.0,0.0,0.0,0.0,24621875.0,0.0,24621875.0
2024-01-26,2325.0,2370.0,2320.0,2335.0,4876.0,0.43010752688172044,0.0,0.0,11487930.0,0.0,0.0,0.0,11487930.0,0.0,11487930.0
2024-01-29,2335.0,2375.0,2335.0,2370.0,5574.0,1.4989293361884368,0.0,0.0,13187025.0,0.0,0.0,0.0,13187025.0,0.0,13187025.0
2024-01-30,2380.0,2425.0,2380.0,2410.0,5670.0,1.6877637130801686,0.0,0.0,13697115.0,0.0,0.0,0.0,13697115.0,0.0,13697115.0
2024-01-31,2360.0,2365.0,2345.0,2365.0,2347.0,-1.8672199170124482,0.0,0.0,5517190.0,0.0,0.0,0.0,5517190.0,0.0,5517190.0
2024-02-01,2320.0,2580.0,2320.0,2565.0,22413.0,8.456659619450317,0.0,0.0,57109830.0,0.0,0.0,0.0,56412315.0,697515.0,57109830.0
2024-02-02,2700.0,2700.0,2540.0,2550.0,13340.0,-0.5847953216374269,0.0,0.0,34285645.0,0.0,0.0,0.0,34285645.0,0.0,34285645.0
2024-02-05,2800.0,2800.0,2650.0,2755.0,29306.0,8.03921568627451,0.0,0.0,79876870.0,26950.0,0.0,0.0,79876270.0,27550.0,79903820.0
2024-02-06,2710.0,2715.0,2565.0,2565.0,16382.0,-6.896551724137931,0.0,0.0,42439955.0,0.0,0.0,0.0,42439955.0,0.0,42439955.0
2024-02-07,2570.0,2660.0,2565.0,2645.0,5630.0,3.1189083820662766,0.0,0.0,14829355.0,0.0,0.0,0.0,14829355.0,0.0,14829355.0
2024-02-08,2625.0,2635.0,2565.0,2565.0,8718.0,-3.0245746691871456,0.0,0.0,22633630.0,0.0,0.0,0.0,22633630.0,0.0,22633630.0
2024-02-13,2575.0,2640.0,2535.0,2570.0,8770.0,0.1949317738791423,0.0,0.0,22649285.0,0.0,0.0,0.0,21153545.0,1495740.0,22649285.0
2024-02-14,2510.0,2530.0,2500.0,2520.0,4508.0,-1.9455252918287937,0.0,0.0,11312555.0,0.0,0.0,0.0,11312555.0,0.0,11312555.0
2024-02-15,2530.0,2650.0,2530.0,2545.0,7336.0,0.992063492063492,0.0,0.0,18852930.0,0.0,0.0,0.0,18852930.0,0.0,18852930.0
2024-02-16,2610.0,2650.0,2610.0,2610.0,6535.0,2.5540275049115913,0.0,0.0,17128375.0,0.0,0.0,0.0,17128375.0,0.0,17128375.0
2024-02-19,2610.0,2690.0,2595.0,2605.0,11625.0,-0.19157088122605362,0.0,0.0,30479495.0,0.0,0.0,0.0,30479495.0,0.0,30479495.0
2024-02-20,2665.0,2665.0,2570.0,2595.0,5658.0,-0.3838771593090211,0.0,0.0,14592835.0,0.0,0.0,0.0,14592835.0,0.0,14592835.0
2024-02-21,2565.0,2585.0,2545.0,2560.0,5394.0,-1.348747591522158,0.0,0.0,13771830.0,0.0,0.0,0.0,13771830.0,0.0,13771830.0
2024-02-22,2540.0,2540.0,2525.0,2530.0,13345.0,-1.171875,0.0,0.0,33792875.0,0.0,0.0,0.0,33792875.0,0.0,33792875.0
2024-02-23,2540.0,2540.0,2525.0,2530.0,3702.0,0.0,0.0,0.0,9379510.0,0.0,0.0,0.0,8074570.0,1304940.0,9379510.0
2024-02-26,2535.0,2545.0,2515.0,2525.0,2636.0,-0.1976284584980237,0.0,0.0,6672230.0,0.0,0.0,0.0,6672230.0,0.0,6672230.0
2024-02-27,2545.0,2545.0,2510.0,2520.0,2992.0,-0.19801980198019803,0.0,0.0,7525715.0,0.0,0.0,0.0,7525715.0,0.0,7525715.0
2024-02-28,2470.0,2485.0,2400.0,2400.0,19544.0,-4.761904761904762,0.0,0.0,47201260.0,0.0,0.0,0.0,47201260.0,0.0,47201260.0
2024-02-29,2450.0,2450.0,2400.0,2405.0,15765.0,0.20833333333333334,0.0,0.0,37890345.0,0.0,0.0,0.0,37890345.0,0.0,37890345.0
2024-03-04,2370.0,2420.0,2365.0,2365.0,9681.0,-1.6632016632016633,0.0,0.0,22986160.0,0.0,0.0,0.0,22986160.0,0.0,22986160.0
2024-03-05,2320.0,2325.0,2305.0,2305.0,19910.0,-2.536997885835095,0.0,0.0,46158675.0,0.0,0.0,0.0,46158675.0,0.0,46158675.0
2024-03-06,2250.0,2305.0,2250.0,2300.0,7262.0,-0.21691973969631237,0.0,0.0,16528820.0,0.0,0.0,0.0,16528820.0,0.0,16528820.0
2024-03-07,2340.0,2340.0,2305.0,2330.0,2893.0,1.3043478260869565,0.0,0.0,6708425.0,0.0,0.0,0.0,6708425.0,0.0,6708425.0
2024-03-08,2375.0,2375.0,2320.0,2340.0,4087.0,0.4291845493562232,0.0,0.0,9542510.0,0.0,0.0,0.0,9542510.0,0.0,9542510.0
2024-03-11,2380.0,2380.0,2250.0,2260.0,13685.0,-3.418803418803419,0.0,0.0,31073500.0,0.0,0.0,0.0,31073500.0,0.0,31073500.0
2024-03-12,2260.0,2260.0,2220.0,2260.0,3898.0,0.0,0.0,0.0,8693575.0,0.0,0.0,0.0,8693575.0,0.0,8693575.0
2024-03-13,2280.0,2280.0,2220.0,2220.0,9864.0,-1.7699115044247788,0.0,0.0,19760930.0,2242225.0,0.0,0.0,22003155.0,0.0,22003155.0
2024-03-14,2190.0,2260.0,2190.0,2260.0,14683.0,1.8018018018018018,0.0,0.0,32506550.0,0.0,0.0,0.0,32506550.0,0.0,32506550.0
2024-03-15,2265.0,2265.0,2205.0,2245.0,3023.0,-0.6637168141592921,0.0,0.0,6740715.0,0.0,0.0,0.0,6740715.0,0.0,6740715.0
2024-03-18,2245.0,2335.0,2245.0,2320.0,9729.0,3.34075723830735,0.0,0.0,22559565.0,0.0,0.0,0.0,22559565.0,0.0,22559565.0
2024-03-19,2320.0,2440.0,2320.0,2350.0,10126.0,1.293103448275862,0.0,0.0,24175545.0,0.0,0.0,0.0,24175545.0,0.0,24175545.0
2024-03-20,2380.0,2385.0,2365.0,2370.0,4297.0,0.851063829787234,0.0,0.0,10183260.0,0.0,0.0,0.0,10183260.0,0.0,10183260.0
2024-03-21,2345.0,2430.0,2345.0,2390.0,5576.0,0.8438818565400843,0.0,0.0,13365520.0,0.0,0.0,0.0,13365520.0,0.0,13365520.0
2024-03-22,2400.0,2400.0,2315.0,2335.0,6516.0,-2.301255230125523,0.0,0.0,15335825.0,0.0,0.0,0.0,15335825.0,0.0,15335825.0
2024-03-25,2300.0,2330.0,2265.0,2300.0,7483.0,-1.4989293361884368,0.0,0.0,17136600.0,0.0,0.0,0.0,17136600.0,0.0,17136600.0
2024-03-26,2260.0,2295.0,2260.0,2290.0,2388.0,-0.43478260869565216,0.0,0.0,5452840.0,0.0,0.0,0.0,5452840.0,0.0,5452840.0
2024-03-27,2295.0,2295.0,2285.0,2285.0,1388.0,-0.21834061135371177,0.0,0.0,3180865.0,0.0,0.0,0.0,3180865.0,0.0,3180865.0
2024-03-28,2330.0,2330.0,2285.0,2295.0,4905.0,0.437636761487965,0.0,0.0,11284490.0,0.0,0.0,0.0,11284490.0,0.0,11284490.0
2024-03-29,2280.0,2290.0,2275.0,2280.0,3174.0,-0.6535947712418301,0.0,0.0,7239865.0,0.0,0.0,0.0,7239865.0,0.0,7239865.0
2024-04-01,2260.0,2290.0,2245.0,2245.0,5954.0,-1.5350877192982455,0.0,0.0,13486265.0,0.0,0.0,0.0,13486265.0,0.0,13486265.0
2024-04-02,2220.0,2220.0,2125.0,2160.0,20873.0,-3.78619153674833,0.0,0.0,45188860.0,0.0,0.0,0.0,45188860.0,0.0,45188860.0
2024-04-03,2160.0,2160.0,2000.0,2070.0,29137.0,-4.166666666666666,0.0,0.0,60728435.0,0.0,0.0,0.0,60728435.0,0.0,60728435.0
2024-04-04,2095.0,2160.0,2095.0,2150.0,13569.0,3.864734299516908,0.0,0.0,29168870.0,0.0,0.0,0.0,29168870.0,0.0,29168870.0
2024-04-05,2080.0,2115.0,2080.0,2110.0,4508.0,-1.8604651162790697,0.0,0.0,9453545.0,0.0,0.0,0.0,9453545.0,0.0,9453545.0
2024-04-08,2055.0,2085.0,2055.0,2075.0,4206.0,-1.6587677725118484,0.0,0.0,8684065.0,0.0,0.0,0.0,8684065.0,0.0,8684065.0
2024-04-09,2070.0,2070.0,2030.0,2050.0,11826.0,-1.2048192771084338,0.0,0.0,24349555.0,0.0,0.0,0.0,24349555.0,0.0,24349555.0
2024-04-11,2050.0,2055.0,2040.0,2040.0,1495.0,-0.4878048780487805,0.0,0.0,3058120.0,0.0,0.0,0.0,3058120.0,0.0,3058120.0
2024-04-12,2035.0,2060.0,2025.0,2060.0,18074.0,0.9803921568627451,0.0,0.0,36815440.0,0.0,0.0,0.0,36815440.0,0.0,36815440.0
2024-04-15,2035.0,2110.0,2035.0,2055.0,2549.0,-0.24271844660194172,0.0,0.0,5275110.0,0.0,0.0,0.0,5275110.0,0.0,5275110.0
2024-04-16,2090.0,2110.0,2060.0,2060.0,6195.0,0.24330900243309003,0.0,0.0,12897590.0,0.0,0.0,0.0,12897590.0,0.0,12897590.0
2024-04-17,2050.0,2055.0,2040.0,2050.0,1554.0,-0.48543689320388345,0.0,0.0,3183330.0,0.0,0.0,0.0,3183330.0,0.0,3183330.0
2024-04-18,2020.0,2050.0,2020.0,2050.0,9514.0,0.0,0.0,0.0,19319890.0,0.0,0.0,0.0,19319890.0,0.0,19319890.0
2024-04-19,2010.0,2045.0,2010.0,2035.0,1290.0,-0.7317073170731708,0.0,0.0,2615515.0,0.0,0.0,0.0,2615515.0,0.0,2615515.0
2024-04-22,2065.0,2070.0,2045.0,2060.0,932.0,1.2285012285012284,0.0,0.0,1926110.0,0.0,0.0,0.0,1926110.0,0.0,1926110.0
2024-04-23,2090.0,2095.0,2065.0,2085.0,16481.0,1.2135922330097086,0.0,0.0,34386620.0,0.0,0.0,0.0,34386620.0,0.0,34386620.0
2024-04-24,2085.0,2115.0,2060.0,2110.0,2295.0,1.1990407673860912,0.0,0.0,4827435.0,0.0,0.0,0.0,4827435.0,0.0,4827435.0
2024-04-25,2105.0,2170.0,2100.0,2165.0,5844.0,2.6066350710900474,0.0,0.0,12496960.0,0.0,0.0,0.0,12496960.0,0.0,12496960.0
2024-04-26,2165.0,2175.0,2135.0,2135.0,7787.0,-1.3856812933025404,0.0,0.0,16701290.0,0.0,0.0,0.0,16701290.0,0.0,16701290.0
2024-04-29,2135.0,2135.0,2100.0,2115.0,1791.0,-0.936768149882904,0.0,0.0,3767675.0,0.0,0.0,0.0,3767675.0,0.0,3767675.0
2024-04-30,2100.0,2115.0,2100.0,2115.0,1674.0,0.0,0.0,0.0,3534570.0,0.0,0.0,0.0,3534570.0,0.0,3534570.0
2024-05-02,2115.0,2120.0,2105.0,2120.0,2967.0,0.2364066193853428,0.0,0.0,6281700.0,0.0,0.0,0.0,6281700.0,0.0,6281700.0
2024-05-03,2120.0,2120.0,2100.0,2105.0,2482.0,-0.7075471698113208,0.0,0.0,5230350.0,0.0,0.0,0.0,5230350.0,0.0,5230350.0
2024-05-07,2125.0,2200.0,2125.0,2150.0,4963.0,2.137767220902613,0.0,0.0,10789560.0,0.0,0.0,0.0,10789560.0,0.0,10789560.0
2024-05-08,2120.0,2145.0,2120.0,2140.0,3768.0,-0.46511627906976744,0.0,0.0,8015505.0,0.0,0.0,0.0,8015505.0,0.0,8015505.0
2024-05-09,2150.0,2165.0,2110.0,2160.0,3027.0,0.9345794392523363,0.0,0.0,6453075.0,0.0,0.0,0.0,6453075.0,0.0,6453075.0
2024-05-10,2175.0,2260.0,2175.0,2200.0,7793.0,1.8518518518518516,0.0,0.0,17289520.0,0.0,0.0,0.0,17289520.0,0.0,17289520.0
2024-05-13,2190.0,2190.0,2170.0,2170.0,6628.0,-1.3636363636363635,0.0,0.0,14444730.0,0.0,0.0,0.0,14444730.0,0.0,14444730.0
2024-05-14,2180.0,2180.0,2160.0,2165.0,563.0,-0.2304147465437788,0.0,0.0,1221015.0,0.0,0.0,0.0,1221015.0,0.0,1221015.0
2024-05-16,2165.0,2170.0,2135.0,2135.0,7886.0,-1.3856812933025404,0.0,0.0,16987775.0,0.0,0.0,0.0,16987775.0,0.0,16987775.0
2024-05-17,2135.0,2135.0,2055.0,2065.0,18036.0,-3.278688524590164,0.0,0.0,37402320.0,0.0,0.0,0.0,37402320.0,0.0,37402320.0
2024-05-20,2075.0,2100.0,2065.0,2100.0,11614.0,1.694915254237288,0.0,0.0,24054755.0,0.0,0.0,0.0,23453005.0,601750.0,24054755.0
2024-05-21,2105.0,2140.0,2105.0,2120.0,4189.0,0.9523809523809524,0.0,0.0,8899250.0,0.0,0.0,0.0,8685250.0,214000.0,8899250.0
2024-05-22,2130.0,2130.0,2115.0,2125.0,747.0,0.2358490566037736,0.0,0.0,1585305.0,0.0,0.0,0.0,1585305.0,0.0,1585305.0
2024-05-23,2120.0,2120.0,2085.0,2100.0,2797.0,-1.1764705882352942,0.0,0.0,5856430.0,0.0,0.0,0.0,5856430.0,0.0,5856430.0
2024-05-24,2030.0,2090.0,2030.0,2050.0,3456.0,-2.380952380952381,0.0,0.0,7114520.0,0.0,0.0,0.0,7114520.0,0.0,7114520.0
2024-05-27,2040.0,2060.0,2035.0,2060.0,3034.0,0.4878048780487805,0.0,0.0,6184695.0,0.0,0.0,0.0,6184695.0,0.0,6184695.0
2024-05-28,2080.0,2080.0,2030.0,2060.0,7010.0,0.0,0.0,0.0,14288125.0,0.0,0.0,0.0,14288125.0,0.0,14288125.0
2024-05-29,2050.0,2100.0,2050.0,2080.0,5570.0,0.9708737864077669,0.0,0.0,11572875.0,0.0,0.0,0.0,11572875.0,0.0,11572875.0
2024-05-30,2100.0,2110.0,2070.0,2070.0,8210.0,-0.4807692307692308,0.0,0.0,17094855.0,0.0,0.0,0.0,17094855.0,0.0,17094855.0
2024-05-31,2090.0,2100.0,2045.0,2070.0,6202.0,0.0,0.0,0.0,12833880.0,0.0,0.0,0.0,12833880.0,0.0,12833880.0
2024-06-03,2075.0,2110.0,2055.0,2060.0,3790.0,-0.4830917874396135,0.0,0.0,7877150.0,0.0,0.0,0.0,7877150.0,0.0,7877150.0
2024-06-04,2080.0,2080.0,2055.0,2060.0,1771.0,0.0,0.0,0.0,3659050.0,0.0,0.0,0.0,3659050.0,0.0,3659050.0
2024-06-05,2060.0,2060.0,2040.0,2055.0,2228.0,-0.24271844660194172,0.0,0.0,4571045.0,0.0,0.0,0.0,4571045.0,0.0,4571045.0
2024-06-07,2055.0,2060.0,2050.0,2055.0,3094.0,0.0,0.0,0.0,6363465.0,0.0,0.0,0.0,6363465.0,0.0,6363465.0
2024-06-10,2055.0,2080.0,2055.0,2080.0,4140.0,1.2165450121654502,0.0,0.0,8536000.0,0.0,0.0,0.0,8536000.0,0.0,8536000.0
2024-06-11,2050.0,2100.0,2050.0,2090.0,3416.0,0.4807692307692308,0.0,0.0,7119025.0,0.0,0.0,0.0,7119025.0,0.0,7119025.0
2024-06-12,2105.0,2105.0,2050.0,2080.0,2376.0,-0.4784688995215311,0.0,0.0,4940960.0,0.0,0.0,0.0,4940960.0,0.0,4940960.0
2024-06-13,2090.0,2090.0,2055.0,2060.0,12497.0,-0.9615384615384616,0.0,0.0,25727410.0,0.0,0.0,0.0,25727410.0,0.0,25727410.0
2024-06-14,2085.0,2085.0,2025.0,2050.0,4366.0,-0.48543689320388345,0.0,0.0,8940565.0,0.0,0.0,0.0,8934430.0,6135.0,8940565.0
2024-06-17,2045.0,2045.0,2040.0,2045.0,1405.0,-0.24390243902439024,0.0,0.0,2871995.0,0.0,0.0,163200.0,2504795.0,204000.0,2871995.0
2024-06-18,2025.0,2025.0,2000.0,2010.0,12514.0,-1.7114914425427872,0.0,0.0,25140950.0,0.0,0.0,0.0,25140950.0,0.0,25140950.0
2024-06-19,2030.0,2045.0,2025.0,2040.0,2510.0,1.4925373134328357,0.0,0.0,5113740.0,0.0,0.0,0.0,5113740.0,0.0,5113740.0
2024-06-20,2020.0,2060.0,2020.0,2050.0,3085.0,0.49019607843137253,0.0,0.0,6123395.0,205000.0,0.0,0.0,6125395.0,203000.0,6328395.0
2024-06-21,2050.0,2075.0,2040.0,2050.0,2904.0,0.0,0.0,0.0,5990005.0,2065.0,0.0,0.0,5992070.0,0.0,5992070.0
2024-06-24,2050.0,2055.0,2015.0,2035.0,3870.0,-0.7317073170731708,0.0,0.0,7869920.0,0.0,0.0,0.0,7869920.0,0.0,7869920.0
2024-06-25,2030.0,2065.0,2030.0,2045.0,2929.0,0.4914004914004914,0.0,0.0,5989740.0,0.0,0.0,0.0,5958765.0,30975.0,5989740.0
2024-06-26,2025.0,2045.0,2025.0,2040.0,5304.0,-0.24449877750611246,0.0,0.0,10837900.0,0.0,0.0,0.0,10837900.0,0.0,10837900.0
2024-06-27,2000.0,2020.0,2000.0,2000.0,11412.0,-1.9607843137254901,0.0,0.0,22847910.0,0.0,0.0,0.0,22847910.0,0.0,22847910.0
2024-06-28,2010.0,2010.0,1946.0,1950.0,7988.0,-2.5,0.0,0.0,15749420.0,0.0,0.0,0.0,15749420.0,0.0,15749420.0
2024-07-01,1950.0,1950.0,1879.0,1900.0,6983.0,-2.564102564102564,0.0,0.0,13352805.0,19390.0,0.0,0.0,13372195.0,0.0,13372195.0
2024-07-02,1900.0,1900.0,1871.0,1890.0,3436.0,-0.5263157894736842,0.0,0.0,6481531.0,0.0,0.0,0.0,5923255.0,558276.0,6481531.0
2024-07-03,1890.0,1890.0,1870.0,1876.0,1486.0,-0.7407407407407408,0.0,0.0,2794784.0,0.0,0.0,0.0,2027444.0,767340.0,2794784.0
2024-07-04,1876.0,1900.0,1876.0,1900.0,14765.0,1.279317697228145,0.0,0.0,27769244.0,0.0,0.0,0.0,27750474.0,18770.0,27769244.0
2024-07-05,1906.0,1924.0,1900.0,1906.0,9397.0,0.3157894736842105,0.0,0.0,17975744.0,0.0,0.0,0.0,17975744.0,0.0,17975744.0
2024-07-08,1900.0,1906.0,1883.0,1889.0,7477.0,-0.8919202518363064,0.0,0.0,14116875.0,0.0,0.0,0.0,14116875.0,0.0,14116875.0
2024-07-09,1889.0,1900.0,1883.0,1883.0,7871.0,-0.31762837480148226,0.0,0.0,14852250.0,0.0,0.0,0.0,14852250.0,0.0,14852250.0
2024-07-10,1872.0,1873.0,1870.0,1873.0,7833.0,-0.5310674455655868,0.0,0.0,14662464.0,0.0,0.0,0.0,14662464.0,0.0,14662464.0
2024-07-11,1882.0,1891.0,1882.0,1891.0,8778.0,0.9610250934329952,0.0,0.0,16562322.0,0.0,0.0,0.0,16562322.0,0.0,16562322.0
2024-07-12,1869.0,1883.0,1869.0,1883.0,4224.0,-0.42305658381808564,0.0,0.0,7915289.0,0.0,0.0,0.0,7915289.0,0.0,7915289.0
2024-07-15,1890.0,2160.0,1888.0,2000.0,26541.0,6.213489113117366,0.0,0.0,54444137.0,0.0,0.0,0.0,54444137.0,0.0,54444137.0
2024-07-16,1990.0,1996.0,1920.0,1921.0,12674.0,-3.95,0.0,0.0,24667234.0,0.0,0.0,0.0,24667234.0,0.0,24667234.0
2024-07-17,1927.0,1928.0,1902.0,1902.0,7981.0,-0.989068193649141,0.0,0.0,15305653.0,0.0,0.0,0.0,15305653.0,0.0,15305653.0
2024-07-18,1909.0,1910.0,1900.0,1910.0,5616.0,0.4206098843322818,0.0,0.0,10720202.0,0.0,0.0,0.0,10720202.0,0.0,10720202.0
2024-07-19,1903.0,1925.0,1903.0,1925.0,1555.0,0.7853403141361256,0.0,0.0,2980036.0,0.0,0.0,0.0,2980036.0,0.0,2980036.0
2024-07-22,2005.0,2005.0,1925.0,1929.0,5874.0,0.2077922077922078,0.0,0.0,11404336.0,0.0,0.0,0.0,11404336.0,0.0,11404336.0
2024-07-23,1929.0,1930.0,1900.0,1910.0,4031.0,-0.9849663037843441,0.0,0.0,7705617.0,0.0,0.0,0.0,7705617.0,0.0,7705617.0
2024-07-24,1902.0,1919.0,1900.0,1916.0,7769.0,0.31413612565445026,0.0,0.0,14897391.0,0.0,0.0,0.0,14897391.0,0.0,14897391.0
2024-07-25,1920.0,1920.0,1876.0,1883.0,9291.0,-1.7223382045929019,0.0,0.0,17475311.0,0.0,0.0,0.0,17475311.0,0.0,17475311.0
2024-07-26,1883.0,1887.0,1869.0,1869.0,5748.0,-0.7434944237918215,0.0,0.0,10760445.0,0.0,0.0,0.0,10760445.0,0.0,10760445.0
2024-07-29,1870.0,1950.0,1870.0,1881.0,6931.0,0.6420545746388443,0.0,0.0,13089743.0,0.0,0.0,0.0,13089743.0,0.0,13089743.0
2024-07-30,1881.0,1882.0,1850.0,1855.0,3256.0,-1.3822434875066454,0.0,0.0,6041755.0,0.0,0.0,0.0,6041755.0,0.0,6041755.0
2024-07-31,1823.0,1850.0,1823.0,1831.0,3170.0,-1.293800539083558,0.0,0.0,5786238.0,0.0,0.0,0.0,5786238.0,0.0,5786238.0
2024-08-01,1830.0,1843.0,1830.0,1843.0,2772.0,0.6553795740032768,0.0,0.0,5095512.0,0.0,0.0,0.0,5095512.0,0.0,5095512.0
2024-08-02,1838.0,1838.0,1821.0,1824.0,7505.0,-1.0309278350515463,0.0,0.0,13704780.0,0.0,0.0,0.0,13704780.0,0.0,13704780.0
2024-08-05,1811.0,1811.0,1780.0,1786.0,10600.0,-2.083333333333333,0.0,0.0,19008621.0,0.0,0.0,0.0,19008621.0,0.0,19008621.0
2024-08-06,1750.0,1779.0,1750.0,1779.0,7176.0,-0.3919372900335946,0.0,0.0,12682322.0,0.0,0.0,0.0,12682322.0,0.0,12682322.0
2024-08-07,1779.0,1840.0,1779.0,1823.0,3563.0,2.4732996065205173,0.0,0.0,6500135.0,0.0,0.0,0.0,6500135.0,0.0,6500135.0
2024-08-08,1812.0,1813.0,1808.0,1813.0,4197.0,-0.5485463521667581,0.0,0.0,7594637.0,0.0,0.0,0.0,7594637.0,0.0,7594637.0
2024-08-09,1819.0,1820.0,1814.0,1820.0,2093.0,0.3861003861003861,0.0,0.0,3804214.0,0.0,0.0,0.0,3804214.0,0.0,3804214.0
2024-08-12,1818.0,1818.0,1806.0,1817.0,5614.0,-0.16483516483516483,0.0,0.0,10160033.0,0.0,0.0,0.0,10160033.0,0.0,10160033.0
2024-08-13,1814.0,1825.0,1810.0,1824.0,4240.0,0.3852504127682994,0.0,0.0,7704170.0,0.0,0.0,0.0,7704170.0,0.0,7704170.0
2024-08-14,1847.0,1955.0,1847.0,1943.0,15982.0,6.524122807017544,0.0,0.0,30489985.0,0.0,0.0,0.0,30489985.0,0.0,30489985.0
2024-08-16,1943.0,2000.0,1943.0,2000.0,20556.0,2.9336078229541944,0.0,0.0,40920731.0,0.0,0.0,0.0,40920731.0,0.0,40920731.0
2024-08-19,2010.0,2045.0,2000.0,2040.0,7294.0,2.0,0.0,0.0,14691325.0,0.0,0.0,0.0,14691325.0,0.0,14691325.0
2024-08-20,2025.0,2080.0,2025.0,2080.0,8287.0,1.9607843137254901,0.0,0.0,17035650.0,0.0,0.0,0.0,13135770.0,3899880.0,17035650.0
2024-08-21,2100.0,2105.0,2090.0,2105.0,5224.0,1.201923076923077,0.0,0.0,10961360.0,0.0,0.0,0.0,10961360.0,0.0,10961360.0
2024-08-22,2100.0,2100.0,2020.0,2030.0,4403.0,-3.5629453681710213,0.0,0.0,8997505.0,0.0,0.0,0.0,8997505.0,0.0,8997505.0
2024-08-23,2050.0,2070.0,2025.0,2070.0,8357.0,1.9704433497536946,0.0,0.0,17200600.0,0.0,0.0,0.0,17200600.0,0.0,17200600.0
2024-08-26,2100.0,2105.0,2070.0,2090.0,6936.0,0.966183574879227,0.0,0.0,14514000.0,0.0,0.0,0.0,14514000.0,0.0,14514000.0
2024-08-27,2060.0,2075.0,2050.0,2075.0,731.0,-0.7177033492822966,0.0,0.0,1501920.0,0.0,0.0,0.0,1501920.0,0.0,1501920.0
2024-08-28,2040.0,2100.0,2040.0,2095.0,1389.0,0.9638554216867471,0.0,0.0,2894220.0,0.0,0.0,0.0,2894220.0,0.0,2894220.0
2024-08-29,2095.0,2105.0,2060.0,2070.0,1929.0,-1.1933174224343674,0.0,0.0,4001490.0,0.0,0.0,0.0,4001490.0,0.0,4001490.0
2024-08-30,2090.0,2160.0,2075.0,2160.0,9545.0,4.3478260869565215,0.0,0.0,20416215.0,0.0,0.0,0.0,20416215.0,0.0,20416215.0
2024-09-02,2100.0,2150.0,2100.0,2100.0,1856.0,-2.7777777777777777,0.0,0.0,3913300.0,0.0,0.0,0.0,3913300.0,0.0,3913300.0
2024-09-03,2075.0,2150.0,2075.0,2125.0,5265.0,1.1904761904761905,0.0,0.0,11973700.0,0.0,0.0,0.0,11973700.0,0.0,11973700.0
2024-09-04,2640.0,2760.0,2380.0,2760.0,902156.0,29.88235294117647,0.0,6751910.0,2350611055.0,2077255.0,0.0,7146295.0,2350659690.0,1634235.0,2359440220.0
2024-09-05,2530.0,2565.0,2285.0,2320.0,367163.0,-15.942028985507244,0.0,0.0,892675530.0,1792105.0,0.0,0.0,894467635.0,0.0,894467635.0
2024-09-06,2290.0,2290.0,2090.0,2185.0,214317.0,-5.818965517241379,0.0,1787585.0,458413215.0,0.0,0.0,1742860.0,457329270.0,1128670.0,460200800.0
2024-09-09,2050.0,2135.0,2050.0,2115.0,77283.0,-3.203661327231121,0.0,0.0,160982650.0,0.0,0.0,0.0,160982650.0,0.0,160982650.0
2024-09-10,2090.0,2090.0,1975.0,1975.0,117161.0,-6.619385342789598,0.0,0.0,237191650.0,0.0,0.0,0.0,237181400.0,10250.0,237191650.0
2024-09-11,1950.0,2030.0,1870.0,1876.0,98125.0,-5.012658227848101,0.0,0.0,187326430.0,0.0,0.0,0.0,187310190.0,16240.0,187326430.0
2024-09-12,1877.0,1897.0,1877.0,1894.0,41718.0,0.9594882729211088,0.0,0.0,78619985.0,0.0,0.0,0.0,78619985.0,0.0,78619985.0
2024-09-13,1893.0,1910.0,1883.0,1884.0,25673.0,-0.5279831045406547,0.0,0.0,48525849.0,0.0,0.0,0.0,48525849.0,0.0,48525849.0
2024-09-19,1907.0,1907.0,1852.0,1875.0,31187.0,-0.47770700636942676,0.0,0.0,58024681.0,0.0,0.0,0.0,58022822.0,1859.0,58024681.0
2024-09-20,1875.0,1884.0,1858.0,1884.0,24388.0,0.48,0.0,0.0,45626359.0,0.0,0.0,0.0,45626359.0,0.0,45626359.0
2024-09-23,1889.0,1889.0,1884.0,1887.0,20940.0,0.15923566878980894,0.0,0.0,38347639.0,1171130.0,0.0,0.0,39518769.0,0.0,39518769.0
2024-09-24,1887.0,1901.0,1865.0,1868.0,17380.0,-1.00688924218336,0.0,0.0,32559959.0,9355.0,0.0,0.0,32195314.0,374000.0,32569314.0
2024-09-25,1868.0,1942.0,1868.0,1901.0,10181.0,1.7665952890792294,0.0,0.0,19424210.0,3779.0,0.0,0.0,19427989.0,0.0,19427989.0
2024-09-26,1948.0,2010.0,1913.0,1941.0,15041.0,2.1041557075223567,0.0,0.0,29736972.0,25768.0,0.0,0.0,29762740.0,0.0,29762740.0
2024-09-27,1933.0,1940.0,1924.0,1940.0,13308.0,-0.05151983513652757,0.0,0.0,25677789.0,28955.0,0.0,0.0,25706744.0,0.0,25706744.0
2024-09-30,1970.0,1999.0,1958.0,1968.0,13453.0,1.443298969072165,0.0,0.0,26609981.0,9900.0,0.0,0.0,26599891.0,19990.0,26619881.0
2024-10-02,1959.0,1959.0,1912.0,1945.0,3477.0,-1.16869918699187,0.0,0.0,6716478.0,0.0,0.0,0.0,6716478.0,0.0,6716478.0
2024-10-04,1914.0,1948.0,1905.0,1947.0,9514.0,0.10282776349614395,0.0,0.0,18209579.0,0.0,0.0,0.0,18209579.0,0.0,18209579.0
2024-10-07,1975.0,1975.0,1951.0,1951.0,5383.0,0.2054442732408834,0.0,0.0,10517205.0,0.0,0.0,0.0,10511340.0,5865.0,10517205.0
2024-10-08,1975.0,1975.0,1900.0,1901.0,13511.0,-2.5627883136852896,0.0,0.0,25829515.0,0.0,0.0,0.0,25829515.0,0.0,25829515.0
2024-10-10,1917.0,1917.0,1902.0,1914.0,3282.0,0.6838506049447659,0.0,0.0,6277636.0,0.0,0.0,0.0,6277636.0,0.0,6277636.0
2024-10-11,1915.0,1949.0,1915.0,1924.0,5978.0,0.522466039707419,0.0,0.0,11511996.0,0.0,0.0,0.0,11291025.0,220971.0,11511996.0
2024-10-14,1949.0,1949.0,1927.0,1927.0,17756.0,0.15592515592515593,0.0,0.0,34506824.0,0.0,0.0,0.0,33339824.0,1167000.0,34506824.0
2024-10-15,1943.0,1943.0,1927.0,1934.0,9507.0,0.3632589517384536,0.0,0.0,18323442.0,0.0,0.0,0.0,18323442.0,0.0,18323442.0
2024-10-16,1937.0,1937.0,1888.0,1888.0,26616.0,-2.378490175801448,0.0,0.0,50316537.0,0.0,0.0,0.0,50316537.0,0.0,50316537.0
2024-10-17,1862.0,1892.0,1862.0,1880.0,6623.0,-0.423728813559322,0.0,0.0,12483970.0,0.0,0.0,0.0,12483970.0,0.0,12483970.0
2024-10-18,1851.0,1862.0,1851.0,1856.0,10089.0,-1.276595744680851,0.0,0.0,18732492.0,0.0,0.0,0.0,18732492.0,0.0,18732492.0
2024-10-21,1856.0,1865.0,1786.0,1817.0,20446.0,-2.101293103448276,0.0,0.0,36988183.0,0.0,0.0,0.0,36988183.0,0.0,36988183.0
2024-10-22,1820.0,1821.0,1815.0,1818.0,5153.0,0.0550357732526142,0.0,0.0,9367258.0,0.0,0.0,0.0,9367258.0,0.0,9367258.0
2024-10-23,1818.0,1818.0,1807.0,1818.0,4259.0,0.0,0.0,0.0,7718124.0,0.0,0.0,0.0,7718124.0,0.0,7718124.0
2024-10-24,1820.0,1820.0,1805.0,1805.0,6040.0,-0.7150715071507151,0.0,0.0,10925839.0,0.0,0.0,0.0,10925839.0,0.0,10925839.0
2024-10-25,1800.0,1802.0,1779.0,1779.0,8634.0,-1.440443213296399,0.0,0.0,15456708.0,0.0,0.0,0.0,15456708.0,0.0,15456708.0
2024-10-28,1775.0,1813.0,1775.0,1800.0,13132.0,1.1804384485666104,0.0,0.0,23501845.0,0.0,0.0,0.0,23501845.0,0.0,23501845.0
2024-10-29,1800.0,1815.0,1798.0,1800.0,2182.0,0.0,0.0,0.0,3939439.0,0.0,0.0,0.0,3939439.0,0.0,3939439.0
2024-10-30,1786.0,1797.0,1780.0,1781.0,3570.0,-1.0555555555555556,0.0,0.0,6366160.0,0.0,0.0,0.0,6366160.0,0.0,6366160.0
2024-10-31,1809.0,1820.0,1800.0,1820.0,8959.0,2.18978102189781,0.0,0.0,16164551.0,0.0,0.0,0.0,16164551.0,0.0,16164551.0
2024-11-01,1801.0,1829.0,1798.0,1828.0,2624.0,0.43956043956043955,0.0,0.0,4767524.0,0.0,0.0,0.0,4767524.0,0.0,4767524.0
2024-11-04,1806.0,1811.0,1798.0,1811.0,2455.0,-0.9299781181619257,0.0,0.0,4434319.0,0.0,0.0,0.0,4434319.0,0.0,4434319.0
2024-11-05,1828.0,1828.0,1810.0,1815.0,2450.0,0.22087244616234128,0.0,0.0,4456946.0,0.0,0.0,0.0,4456946.0,0.0,4456946.0
2024-11-06,1776.0,1850.0,1776.0,1850.0,4318.0,1.9283746556473829,0.0,0.0,7811382.0,0.0,0.0,0.0,7811382.0,0.0,7811382.0
2024-11-07,1848.0,1848.0,1792.0,1825.0,9915.0,-1.3513513513513513,0.0,0.0,17907899.0,0.0,0.0,0.0,17907899.0,0.0,17907899.0
2024-11-08,1819.0,1819.0,1788.0,1789.0,7063.0,-1.9726027397260273,0.0,0.0,12645129.0,0.0,0.0,0.0,12645129.0,0.0,12645129.0
2024-11-11,1795.0,1795.0,1755.0,1770.0,12225.0,-1.0620458356623812,0.0,0.0,21708086.0,0.0,0.0,0.0,21708086.0,0.0,21708086.0
2024-11-12,1760.0,1760.0,1730.0,1730.0,7268.0,-2.2598870056497176,0.0,0.0,12660537.0,0.0,0.0,0.0,12660537.0,0.0,12660537.0
2024-11-13,1710.0,1715.0,1649.0,1649.0,14325.0,-4.682080924855491,0.0,0.0,23864619.0,0.0,0.0,0.0,23864619.0,0.0,23864619.0
2024-11-14,1607.0,1626.0,1607.0,1626.0,19541.0,-1.3947847180109159,0.0,0.0,31531278.0,0.0,0.0,0.0,31531278.0,0.0,31531278.0
2024-11-15,1632.0,1632.0,1621.0,1621.0,5947.0,-0.3075030750307503,0.0,0.0,9648630.0,0.0,0.0,0.0,9648630.0,0.0,9648630.0
2024-11-18,1623.0,1680.0,1623.0,1660.0,3862.0,2.405922270203578,0.0,0.0,6383100.0,0.0,0.0,0.0,6383100.0,0.0,6383100.0
2024-11-19,1665.0,1715.0,1665.0,1690.0,2599.0,1.8072289156626504,0.0,0.0,4421062.0,0.0,0.0,0.0,4421062.0,0.0,4421062.0
2024-11-20,1682.0,1695.0,1636.0,1636.0,4614.0,-3.195266272189349,0.0,0.0,7670899.0,0.0,0.0,0.0,7670899.0,0.0,7670899.0
2024-11-21,1648.0,1662.0,1598.0,1658.0,6847.0,1.3447432762836184,0.0,0.0,11172749.0,0.0,0.0,0.0,11172749.0,0.0,11172749.0
2024-11-22,1662.0,1662.0,1585.0,1605.0,26807.0,-3.1966224366706877,0.0,0.0,42810823.0,0.0,0.0,0.0,42778723.0,32100.0,42810823.0
2024-11-25,1613.0,1618.0,1595.0,1615.0,7882.0,0.6230529595015576,0.0,0.0,12615254.0,0.0,0.0,0.0,12615254.0,0.0,12615254.0
2024-11-26,1612.0,1619.0,1610.0,1615.0,3498.0,0.0,0.0,0.0,5642567.0,0.0,0.0,0.0,5642567.0,0.0,5642567.0
2024-11-27,1620.0,1620.0,1610.0,1616.0,11106.0,0.061919504643962855,0.0,0.0,17933804.0,0.0,0.0,0.0,17933804.0,0.0,17933804.0
2024-11-28,1620.0,1680.0,1620.0,1679.0,8221.0,3.8985148514851486,0.0,0.0,13549344.0,0.0,0.0,0.0,13549344.0,0.0,13549344.0
2024-11-29,1698.0,1698.0,1666.0,1675.0,4574.0,-0.23823704586063135,0.0,0.0,7708747.0,0.0,0.0,0.0,7625097.0,83650.0,7708747.0
2024-12-02,1740.0,1740.0,1669.0,1673.0,5940.0,-0.11940298507462686,0.0,0.0,10083055.0,0.0,0.0,0.0,10066325.0,16730.0,10083055.0
2024-12-03,1653.0,1788.0,1653.0,1785.0,16190.0,6.694560669456067,0.0,0.0,28014732.0,115173.0,0.0,0.0,28060345.0,69560.0,28129905.0
2024-12-04,1786.0,1789.0,1692.0,1785.0,7958.0,0.0,0.0,0.0,13937672.0,0.0,0.0,0.0,13821159.0,116513.0,13937672.0
2024-12-05,1790.0,1790.0,1732.0,1774.0,2581.0,-0.6162464985994398,0.0,0.0,4537014.0,0.0,0.0,0.0,4537014.0,0.0,4537014.0
2024-12-06,1752.0,1773.0,1692.0,1730.0,6717.0,-2.480270574971815,0.0,0.0,11498386.0,0.0,0.0,0.0,11498386.0,0.0,11498386.0
2024-12-09,1673.0,1698.0,1670.0,1686.0,3221.0,-2.5433526011560694,0.0,0.0,5398531.0,0.0,0.0,0.0,5398531.0,0.0,5398531.0
2024-12-10,1684.0,1740.0,1684.0,1731.0,3032.0,2.6690391459074734,0.0,0.0,5179745.0,0.0,0.0,0.0,5179745.0,0.0,5179745.0
2024-12-11,1780.0,1780.0,1699.0,1706.0,6364.0,-1.4442518775274409,0.0,0.0,10914458.0,0.0,0.0,0.0,10914458.0,0.0,10914458.0
2024-12-12,1719.0,1723.0,1692.0,1722.0,4082.0,0.9378663540445485,0.0,0.0,6949568.0,0.0,0.0,0.0,6949568.0,0.0,6949568.0
2024-12-13,1680.0,1739.0,1680.0,1737.0,1640.0,0.8710801393728222,0.0,0.0,2821653.0,0.0,0.0,0.0,2821653.0,0.0,2821653.0
2024-12-16,1737.0,1787.0,1736.0,1787.0,3471.0,2.8785261945883707,0.0,0.0,6153333.0,0.0,0.0,0.0,6153333.0,0.0,6153333.0
2024-12-17,1794.0,1797.0,1735.0,1783.0,3967.0,-0.22383883603805263,0.0,0.0,7034488.0,0.0,0.0,0.0,7034488.0,0.0,7034488.0
2024-12-18,1757.0,1784.0,1756.0,1782.0,2668.0,-0.056085249579360626,0.0,0.0,4735093.0,0.0,0.0,0.0,4735093.0,0.0,4735093.0
2024-12-19,1789.0,1789.0,1733.0,1744.0,4563.0,-2.132435465768799,0.0,0.0,8024156.0,0.0,0.0,0.0,8024156.0,0.0,8024156.0
2024-12-20,1729.0,1783.0,1729.0,1761.0,1512.0,0.974770642201835,0.0,0.0,2675018.0,0.0,0.0,0.0,2675018.0,0.0,2675018.0
2024-12-23,1725.0,1785.0,1725.0,1744.0,6255.0,-0.9653605905735378,0.0,0.0,10921123.0,0.0,0.0,0.0,10921123.0,0.0,10921123.0
2024-12-24,1780.0,1780.0,1738.0,1767.0,1046.0,1.3188073394495414,0.0,0.0,1843108.0,7108.0,0.0,0.0,1850216.0,0.0,1850216.0
2024-12-26,1780.0,1780.0,1709.0,1780.0,7219.0,0.7357102433503113,0.0,0.0,12516509.0,0.0,0.0,0.0,12516509.0,0.0,12516509.0
2024-12-27,1760.0,1760.0,1728.0,1728.0,1378.0,-2.9213483146067416,0.0,0.0,2392107.0,0.0,0.0,0.0,2392107.0,0.0,2392107.0
2024-12-30,1727.0,1727.0,1690.0,1690.0,1512.0,-2.199074074074074,0.0,0.0,2580038.0,0.0,0.0,0.0,2580038.0,0.0,2580038.0
2025-01-02,1683.0,1735.0,1683.0,1700.0,12881.0,0.591715976331361,0.0,0.0,21891627.0,0.0,0.0,0.0,21891627.0,0.0,21891627.0
2025-01-03,1735.0,1735.0,1698.0,1712.0,8503.0,0.7058823529411765,0.0,0.0,14562232.0,0.0,0.0,0.0,14562232.0,0.0,14562232.0
2025-01-06,1743.0,1770.0,1702.0,1770.0,5860.0,3.387850467289719,0.0,0.0,10179658.0,0.0,0.0,0.0,10179658.0,0.0,10179658.0
2025-01-07,1780.0,1780.0,1732.0,1758.0,2830.0,-0.6779661016949152,0.0,0.0,4948937.0,0.0,0.0,0.0,4948937.0,0.0,4948937.0
2025-01-08,1750.0,1750.0,1711.0,1711.0,5021.0,-2.6734926052332195,0.0,0.0,8634152.0,0.0,0.0,0.0,8634152.0,0.0,8634152.0
2025-01-09,1711.0,1718.0,1701.0,1711.0,4876.0,0.0,0.0,0.0,8304239.0,0.0,0.0,0.0,8304239.0,0.0,8304239.0
2025-01-10,1711.0,1730.0,1710.0,1720.0,341.0,0.5260081823495032,0.0,0.0,585822.0,1730.0,0.0,0.0,587552.0,0.0,587552.0
2025-01-13,1723.0,1723.0,1688.0,1713.0,1422.0,-0.4069767441860465,0.0,0.0,2418453.0,0.0,0.0,0.0,2418453.0,0.0,2418453.0
2025-01-14,1691.0,1719.0,1691.0,1719.0,676.0,0.3502626970227671,0.0,0.0,1159389.0,0.0,0.0,0.0,1159389.0,0.0,1159389.0
2025-01-15,1719.0,1719.0,1670.0,1672.0,2370.0,-2.734147760325771,0.0,0.0,3966887.0,0.0,0.0,0.0,3966887.0,0.0,3966887.0
2025-01-16,1696.0,1696.0,1673.0,1679.0,1944.0,0.41866028708133973,0.0,0.0,3260522.0,0.0,0.0,0.0,3260522.0,0.0,3260522.0
2025-01-17,1688.0,1699.0,1688.0,1699.0,472.0,1.1911852293031566,0.0,0.0,800226.0,0.0,0.0,0.0,800226.0,0.0,800226.0
2025-01-20,1699.0,1700.0,1690.0,1699.0,191.0,0.0,0.0,0.0,324276.0,0.0,0.0,0.0,324276.0,0.0,324276.0
2025-01-21,1699.0,1699.0,1661.0,1661.0,4528.0,-2.2366097704532075,0.0,0.0,7545038.0,0.0,0.0,0.0,7545038.0,0.0,7545038.0
2025-01-22,1689.0,1689.0,1641.0,1679.0,3891.0,1.0836845273931366,0.0,0.0,6415200.0,0.0,0.0,0.0,6415200.0,0.0,6415200.0
2025-01-23,1679.0,1687.0,1679.0,1680.0,2373.0,0.05955926146515784,0.0,0.0,3994487.0,0.0,0.0,0.0,3994487.0,0.0,3994487.0
2025-01-24,1693.0,1693.0,1656.0,1685.0,6701.0,0.2976190476190476,0.0,0.0,11181010.0,0.0,0.0,0.0,11181010.0,0.0,11181010.0
2025-01-31,1661.0,1661.0,1647.0,1647.0,12890.0,-2.2551928783382786,0.0,0.0,21290156.0,0.0,0.0,0.0,21290156.0,0.0,21290156.0
2025-02-03,1647.0,1656.0,1646.0,1647.0,2595.0,0.0,0.0,0.0,4279935.0,0.0,0.0,0.0,4279935.0,0.0,4279935.0
2025-02-04,1642.0,1654.0,1642.0,1653.0,5748.0,0.36429872495446264,0.0,0.0,9490090.0,0.0,0.0,0.0,9490090.0,0.0,9490090.0
2025-02-05,1657.0,1660.0,1655.0,1657.0,2626.0,0.24198427102238357,0.0,0.0,4354476.0,0.0,0.0,0.0,4354476.0,0.0,4354476.0
2025-02-06,1664.0,1676.0,1664.0,1671.0,5558.0,0.8449004224502112,0.0,0.0,9282864.0,0.0,0.0,0.0,9282864.0,0.0,9282864.0
2025-02-07,1677.0,1677.0,1621.0,1642.0,5190.0,-1.7354877318970678,0.0,0.0,8453810.0,0.0,0.0,0.0,8453810.0,0.0,8453810.0
2025-02-10,1635.0,1654.0,1631.0,1651.0,2247.0,0.5481120584652862,0.0,0.0,3702420.0,0.0,0.0,0.0,3702420.0,0.0,3702420.0
2025-02-11,1660.0,1662.0,1657.0,1659.0,5672.0,0.48455481526347666,0.0,0.0,9409860.0,0.0,0.0,0.0,9409860.0,0.0,9409860.0
2025-02-12,1698.0,1699.0,1680.0,1698.0,7039.0,2.3508137432188065,0.0,0.0,11911974.0,0.0,0.0,0.0,11911974.0,0.0,11911974.0
2025-02-13,1698.0,1734.0,1666.0,1711.0,2249.0,0.7656065959952886,0.0,0.0,3831538.0,0.0,0.0,0.0,3829828.0,1710.0,3831538.0
2025-02-14,1726.0,1726.0,1699.0,1720.0,6068.0,0.5260081823495032,0.0,0.0,10399956.0,0.0,0.0,0.0,10399956.0,0.0,10399956.0
2025-02-17,1670.0,1745.0,1670.0,1735.0,18767.0,0.872093023255814,0.0,0.0,32557150.0,0.0,0.0,0.0,32557150.0,0.0,32557150.0
2025-02-18,1748.0,1748.0,1724.0,1744.0,3083.0,0.5187319884726225,0.0,0.0,5344917.0,0.0,0.0,0.0,5344917.0,0.0,5344917.0
2025-02-19,1756.0,1767.0,1756.0,1761.0,6559.0,0.974770642201835,0.0,0.0,11559088.0,0.0,0.0,0.0,11559088.0,0.0,11559088.0
2025-02-20,1760.0,1760.0,1724.0,1731.0,5533.0,-1.7035775127768313,0.0,0.0,9565334.0,0.0,0.0,0.0,9565334.0,0.0,9565334.0
2025-02-21,1760.0,1760.0,1707.0,1754.0,1409.0,1.3287117273252456,0.0,0.0,2461008.0,0.0,0.0,0.0,2461008.0,0.0,2461008.0
2025-02-24,1754.0,1769.0,1754.0,1757.0,26600.0,0.17103762827822122,0.0,0.0,46880433.0,0.0,0.0,0.0,46880433.0,0.0,46880433.0
2025-02-25,1755.0,1761.0,1719.0,1719.0,16561.0,-2.1627774615822424,0.0,0.0,28734377.0,0.0,0.0,0.0,28734377.0,0.0,28734377.0
2025-02-26,1730.0,1730.0,1700.0,1705.0,4266.0,-0.8144269924374636,0.0,0.0,7332704.0,0.0,0.0,0.0,7332704.0,0.0,7332704.0
2025-02-27,1720.0,1745.0,1720.0,1743.0,9167.0,2.2287390029325516,0.0,0.0,15880265.0,0.0,0.0,0.0,15880265.0,0.0,15880265.0
2025-02-28,1694.0,1729.0,1694.0,1718.0,6630.0,-1.4343086632243258,0.0,0.0,11357375.0,0.0,0.0,0.0,11357375.0,0.0,11357375.0
2025-03-04,1745.0,1753.0,1731.0,1731.0,6147.0,0.7566938300349243,0.0,0.0,10697607.0,0.0,0.0,0.0,10697607.0,0.0,10697607.0
2025-03-05,1692.0,1780.0,1692.0,1771.0,8125.0,2.310803004043905,0.0,0.0,14379896.0,0.0,0.0,0.0,14379896.0,0.0,14379896.0
2025-03-06,1756.0,1799.0,1756.0,1770.0,6633.0,-0.0564652738565782,0.0,0.0,11784024.0,0.0,0.0,0.0,11784024.0,0.0,11784024.0
2025-03-07,1783.0,1783.0,1755.0,1762.0,4070.0,-0.4519774011299435,0.0,0.0,7177238.0,0.0,0.0,0.0,7177238.0,0.0,7177238.0
2025-03-10,1764.0,1780.0,1744.0,1779.0,4112.0,0.9648127128263337,0.0,0.0,7275390.0,0.0,0.0,0.0,7275390.0,0.0,7275390.0
2025-03-11,1743.0,1743.0,1696.0,1708.0,12091.0,-3.9910061832490165,0.0,0.0,20633081.0,0.0,0.0,0.0,20633081.0,0.0,20633081.0
2025-03-12,1717.0,1740.0,1717.0,1727.0,6418.0,1.1124121779859486,0.0,0.0,11092136.0,0.0,0.0,0.0,11092136.0,0.0,11092136.0
2025-03-13,1736.0,1756.0,1716.0,1720.0,3561.0,-0.4053271569195136,0.0,0.0,6155780.0,0.0,0.0,0.0,6155780.0,0.0,6155780.0
2025-03-14,1720.0,1729.0,1720.0,1729.0,2443.0,0.5232558139534884,0.0,0.0,4208312.0,0.0,0.0,0.0,4208312.0,0.0,4208312.0
2025-03-17,1718.0,1729.0,1718.0,1726.0,623.0,-0.1735106998264893,0.0,0.0,1074158.0,0.0,0.0,0.0,1074158.0,0.0,1074158.0
2025-03-18,1716.0,1736.0,1714.0,1714.0,2851.0,-0.6952491309385863,0.0,0.0,4881297.0,8650.0,0.0,0.0,4889947.0,0.0,4889947.0
2025-03-19,1721.0,1721.0,1700.0,1714.0,6197.0,0.0,0.0,0.0,10561040.0,0.0,0.0,0.0,10561040.0,0.0,10561040.0
2025-03-20,1672.0,1700.0,1672.0,1692.0,9461.0,-1.2835472578763127,0.0,0.0,15904305.0,0.0,0.0,0.0,15904305.0,0.0,15904305.0
2025-03-21,1697.0,1697.0,1684.0,1684.0,2777.0,-0.4728132387706856,0.0,0.0,4682550.0,0.0,0.0,0.0,4682550.0,0.0,4682550.0
2025-03-24,1650.0,1696.0,1650.0,1683.0,11395.0,-0.05938242280285036,0.0,0.0,19189622.0,0.0,0.0,0.0,19189622.0,0.0,19189622.0
2025-03-25,1691.0,1691.0,1671.0,1671.0,3109.0,-0.7130124777183601,0.0,0.0,5220603.0,0.0,0.0,0.0,5220603.0,0.0,5220603.0
2025-03-26,1665.0,1679.0,1665.0,1671.0,4040.0,0.0,0.0,0.0,6740775.0,0.0,0.0,0.0,6740775.0,0.0,6740775.0
2025-03-27,1670.0,1670.0,1645.0,1658.0,4344.0,-0.7779772591262717,0.0,0.0,7161111.0,0.0,0.0,0.0,7161111.0,0.0,7161111.0
2025-03-28,1664.0,1664.0,1649.0,1650.0,1756.0,-0.48250904704463204,0.0,0.0,2901514.0,0.0,0.0,0.0,2901514.0,0.0,2901514.0
2025-03-31,1652.0,1652.0,1599.0,1612.0,5711.0,-2.3030303030303028,0.0,0.0,9186168.0,0.0,0.0,0.0,9186168.0,0.0,9186168.0
2025-04-01,1652.0,1652.0,1636.0,1638.0,1863.0,1.6129032258064515,0.0,0.0,3065700.0,0.0,0.0,0.0,3065700.0,0.0,3065700.0
2025-04-02,1614.0,1664.0,1614.0,1644.0,3045.0,0.3663003663003663,0.0,0.0,5003132.0,0.0,0.0,0.0,5003132.0,0.0,5003132.0
2025-04-03,1643.0,1643.0,1605.0,1640.0,5415.0,-0.24330900243309003,0.0,0.0,8844739.0,0.0,0.0,0.0,8844739.0,0.0,8844739.0
2025-04-04,1667.0,1700.0,1658.0,1700.0,5589.0,3.6585365853658534,0.0,0.0,9375884.0,0.0,0.0,0.0,9375884.0,0.0,9375884.0
2025-04-07,1771.0,1771.0,1692.0,1695.0,6810.0,-0.29411764705882354,0.0,0.0,11625324.0,0.0,0.0,0.0,11625324.0,0.0,11625324.0
2025-04-08,1720.0,1730.0,1693.0,1716.0,4157.0,1.238938053097345,0.0,0.0,7117292.0,0.0,0.0,0.0,7117292.0,0.0,7117292.0
2025-04-09,1734.0,1734.0,1664.0,1664.0,4252.0,-3.0303030303030303,0.0,0.0,7146539.0,0.0,0.0,0.0,7146539.0,0.0,7146539.0
2025-04-10,1707.0,1707.0,1672.0,1704.0,2325.0,2.403846153846154,0.0,0.0,3944550.0,0.0,0.0,0.0,3944550.0,0.0,3944550.0
2025-04-11,1707.0,1708.0,1701.0,1701.0,6664.0,-0.17605633802816903,0.0,0.0,11352747.0,0.0,0.0,0.0,11352747.0,0.0,11352747.0
2025-04-14,1701.0,1701.0,1694.0,1696.0,4513.0,-0.29394473838918284,0.0,0.0,7652942.0,0.0,0.0,0.0,7652942.0,0.0,7652942.0
2025-04-15,1689.0,1720.0,1680.0,1687.0,11955.0,-0.5306603773584906,0.0,0.0,20139104.0,0.0,0.0,0.0,20139104.0,0.0,20139104.0
2025-04-16,1709.0,1759.0,1709.0,1748.0,8589.0,3.615886188500297,0.0,0.0,14967696.0,0.0,0.0,0.0,14967696.0,0.0,14967696.0
2025-04-17,1731.0,1785.0,1720.0,1785.0,13959.0,2.116704805491991,0.0,0.0,24675463.0,0.0,0.0,0.0,24675463.0,0.0,24675463.0
2025-04-18,1770.0,1785.0,1766.0,1772.0,8805.0,-0.7282913165266106,0.0,0.0,15604508.0,0.0,0.0,0.0,15604508.0,0.0,15604508.0
2025-04-21,1791.0,1792.0,1728.0,1728.0,12563.0,-2.4830699774266365,0.0,0.0,21941747.0,0.0,0.0,0.0,21923827.0,17920.0,21941747.0
2025-04-22,1702.0,1775.0,1702.0,1773.0,11514.0,2.604166666666667,0.0,0.0,20299659.0,0.0,0.0,0.0,20299659.0,0.0,20299659.0
2025-04-23,1797.0,1799.0,1783.0,1783.0,18248.0,0.5640157924421884,0.0,0.0,32733486.0,0.0,0.0,0.0,32733486.0,0.0,32733486.0
2025-04-24,1783.0,1783.0,1749.0,1774.0,6141.0,-0.5047672462142456,0.0,0.0,10843618.0,0.0,0.0,0.0,10843618.0,0.0,10843618.0
2025-04-25,1796.0,1819.0,1795.0,1800.0,29073.0,1.4656144306651635,0.0,0.0,52419744.0,0.0,0.0,0.0,52419744.0,0.0,52419744.0
2025-04-28,1778.0,1819.0,1775.0,1784.0,13333.0,-0.8888888888888888,0.0,0.0,23914975.0,0.0,0.0,0.0,23914975.0,0.0,23914975.0
2025-04-29,1773.0,1840.0,1773.0,1840.0,15042.0,3.1390134529147984,0.0,0.0,27567774.0,0.0,0.0,0.0,27567774.0,0.0,27567774.0
2025-04-30,1845.0,1861.0,1790.0,1790.0,13289.0,-2.717391304347826,0.0,0.0,24197011.0,0.0,0.0,0.0,24197011.0,0.0,24197011.0
2025-05-02,1781.0,1850.0,1781.0,1840.0,9896.0,2.793296089385475,0.0,0.0,18185732.0,0.0,0.0,0.0,18185732.0,0.0,18185732.0
2025-05-07,1825.0,1827.0,1810.0,1810.0,6389.0,-1.6304347826086956,0.0,0.0,11602946.0,0.0,0.0,0.0,11602946.0,0.0,11602946.0
2025-05-08,1785.0,1785.0,1772.0,1772.0,11967.0,-2.0994475138121547,0.0,0.0,21246884.0,0.0,0.0,0.0,21246884.0,0.0,21246884.0
2025-05-09,1800.0,1850.0,1760.0,1765.0,39622.0,-0.39503386004514673,0.0,0.0,70171725.0,0.0,0.0,0.0,70171725.0,0.0,70171725.0
2025-05-12,1762.0,1787.0,1751.0,1783.0,14482.0,1.019830028328612,0.0,0.0,25657660.0,0.0,0.0,0.0,25657660.0,0.0,25657660.0
2025-05-13,1762.0,1762.0,1750.0,1756.0,4093.0,-1.5143017386427369,0.0,0.0,7184625.0,0.0,0.0,0.0,7184625.0,0.0,7184625.0
2025-05-14,1756.0,1762.0,1750.0,1752.0,3962.0,-0.22779043280182232,0.0,0.0,6950519.0,0.0,0.0,0.0,6950519.0,0.0,6950519.0
2025-05-15,1760.0,1761.0,1718.0,1718.0,10243.0,-1.9406392694063925,0.0,0.0,17261846.0,522900.0,0.0,0.0,17784746.0,0.0,17784746.0
2025-05-16,1715.0,1733.0,1704.0,1733.0,10548.0,0.8731082654249126,0.0,0.0,18026775.0,0.0,0.0,0.0,18026775.0,0.0,18026775.0
2025-05-19,1710.0,1710.0,1703.0,1710.0,3712.0,-1.3271783035199076,0.0,0.0,6347933.0,0.0,0.0,0.0,6347933.0,0.0,6347933.0
2025-05-20,1711.0,1731.0,1702.0,1728.0,3734.0,1.0526315789473684,0.0,0.0,6422596.0,0.0,0.0,0.0,6422596.0,0.0,6422596.0
2025-05-21,1731.0,1755.0,1710.0,1744.0,4248.0,0.9259259259259258,0.0,0.0,7394074.0,0.0,0.0,0.0,7394074.0,0.0,7394074.0
2025-05-22,1739.0,1739.0,1698.0,1718.0,17353.0,-1.4908256880733946,0.0,0.0,29599410.0,0.0,0.0,0.0,29599410.0,0.0,29599410.0
2025-05-23,1718.0,1750.0,1710.0,1747.0,9133.0,1.6880093131548313,0.0,0.0,15725723.0,0.0,0.0,0.0,15725723.0,0.0,15725723.0
2025-05-26,1747.0,1750.0,1743.0,1749.0,6930.0,0.11448196908986834,0.0,0.0,12103383.0,0.0,0.0,0.0,12103383.0,0.0,12103383.0
2025-05-27,1740.0,1760.0,1728.0,1748.0,12017.0,-0.05717552887364208,0.0,0.0,20952688.0,0.0,0.0,0.0,20952688.0,0.0,20952688.0
2025-05-28,1748.0,1785.0,1743.0,1765.0,12249.0,0.9725400457665904,0.0,0.0,21599609.0,0.0,0.0,0.0,21599609.0,0.0,21599609.0
2025-05-29,1747.0,1849.0,1747.0,1849.0,24902.0,4.759206798866856,0.0,0.0,45353004.0,0.0,0.0,0.0,45353004.0,0.0,45353004.0
2025-05-30,1865.0,1949.0,1865.0,1878.0,45982.0,1.5684153596538668,0.0,0.0,88351929.0,0.0,0.0,0.0,88351929.0,0.0,88351929.0
2025-06-02,1847.0,1902.0,1847.0,1902.0,12316.0,1.2779552715654952,0.0,0.0,22999891.0,0.0,0.0,0.0,22999891.0,0.0,22999891.0
2025-06-04,1940.0,2120.0,1940.0,2110.0,105942.0,10.935856992639327,0.0,0.0,216755125.0,0.0,0.0,0.0,216755125.0,0.0,216755125.0
2025-06-05,2120.0,2150.0,2075.0,2150.0,77700.0,1.8957345971563981,0.0,0.0,143363710.0,21250000.0,0.0,0.0,164613710.0,0.0,164613710.0
2025-06-09,2165.0,2270.0,2165.0,2185.0,38878.0,1.627906976744186,0.0,0.0,86226325.0,0.0,0.0,0.0,86226325.0,0.0,86226325.0
2025-06-10,2185.0,2185.0,2110.0,2150.0,30163.0,-1.6018306636155606,0.0,0.0,62118065.0,2004500.0,0.0,0.0,64122565.0,0.0,64122565.0
2025-06-11,2150.0,2210.0,2125.0,2210.0,20306.0,2.7906976744186047,0.0,0.0,44583760.0,48480.0,0.0,0.0,44632240.0,0.0,44632240.0
2025-06-12,2210.0,2330.0,2170.0,2270.0,24578.0,2.7149321266968327,0.0,0.0,55727085.0,0.0,0.0,0.0,53656085.0,2071000.0,55727085.0
2025-06-13,2325.0,2325.0,2185.0,2220.0,16123.0,-2.2026431718061676,0.0,0.0,35798590.0,0.0,0.0,0.0,35798590.0,0.0,35798590.0
2025-06-16,2175.0,2180.0,2155.0,2175.0,33550.0,-2.027027027027027,0.0,0.0,70036230.0,2914650.0,0.0,0.0,72950880.0,0.0,72950880.0
2025-06-17,2195.0,2250.0,2175.0,2230.0,28090.0,2.528735632183908,0.0,0.0,62368260.0,108750.0,0.0,0.0,59623510.0,2853500.0,62477010.0
2025-06-18,2280.0,2350.0,2255.0,2335.0,37462.0,4.708520179372197,0.0,0.0,86786310.0,0.0,0.0,0.0,86786310.0,0.0,86786310.0
2025-06-19,2360.0,2360.0,2190.0,2205.0,31042.0,-5.567451820128479,0.0,0.0,68881770.0,17640.0,0.0,0.0,68899410.0,0.0,68899410.0
2025-06-20,2210.0,2215.0,2185.0,2190.0,22954.0,-0.6802721088435374,0.0,0.0,49623360.0,671915.0,0.0,0.0,50295275.0,0.0,50295275.0
2025-06-23,2180.0,2180.0,2160.0,2175.0,5855.0,-0.684931506849315,0.0,0.0,9632200.0,3091125.0,0.0,0.0,12723325.0,0.0,12723325.0
2025-06-24,2185.0,2240.0,2185.0,2210.0,8635.0,1.6091954022988506,0.0,0.0,18942970.0,230880.0,0.0,0.0,18943490.0,230360.0,19173850.0
2025-06-25,2220.0,2395.0,2220.0,2305.0,32375.0,4.298642533936651,0.0,0.0,71943745.0,3155500.0,0.0,0.0,72078445.0,3020800.0,75099245.0
2025-06-26,2305.0,2315.0,2225.0,2310.0,13680.0,0.21691973969631237,0.0,0.0,31136330.0,0.0,0.0,0.0,28126830.0,3009500.0,31136330.0
2025-06-27,2360.0,2360.0,2280.0,2320.0,8824.0,0.4329004329004329,0.0,0.0,20356780.0,0.0,0.0,0.0,20356780.0,0.0,20356780.0
2025-06-30,2390.0,2390.0,2180.0,2280.0,6977.0,-1.7241379310344827,0.0,0.0,15762910.0,0.0,0.0,0.0,15394135.0,368775.0,15762910.0
2025-07-01,2280.0,2350.0,2280.0,2325.0,14965.0,1.9736842105263157,0.0,0.0,34902290.0,0.0,0.0,0.0,34667790.0,234500.0,34902290.0
2025-07-02,2325.0,2325.0,2225.0,2320.0,5735.0,-0.21505376344086022,0.0,0.0,12941525.0,0.0,0.0,0.0,12941525.0,0.0,12941525.0
2025-07-03,2360.0,2360.0,2250.0,2255.0,3671.0,-2.8017241379310347,0.0,0.0,8413195.0,0.0,0.0,0.0,8413195.0,0.0,8413195.0
2025-07-04,2255.0,2255.0,2090.0,2090.0,7729.0,-7.317073170731707,0.0,0.0,16250875.0,434000.0,0.0,0.0,16684875.0,0.0,16684875.0
2025-07-07,2050.0,2100.0,2050.0,2080.0,11574.0,-0.4784688995215311,0.0,0.0,23639020.0,412000.0,0.0,0.0,24051020.0,0.0,24051020.0
2025-07-08,2095.0,2230.0,2095.0,2230.0,15854.0,7.211538461538461,0.0,0.0,33843525.0,0.0,0.0,0.0,33843525.0,0.0,33843525.0
2025-07-09,2280.0,2370.0,2280.0,2370.0,73740.0,6.278026905829597,0.0,0.0,173391850.0,0.0,0.0,0.0,150317530.0,23074320.0,173391850.0
2025-07-10,2390.0,2390.0,2305.0,2325.0,13883.0,-1.89873417721519,0.0,0.0,32232135.0,0.0,0.0,0.0,32232135.0,0.0,32232135.0
2025-07-11,2335.0,2365.0,2315.0,2355.0,15431.0,1.2903225806451613,0.0,0.0,36233775.0,0.0,0.0,0.0,36233775.0,0.0,36233775.0
2025-07-14,2355.0,2355.0,2255.0,2300.0,12740.0,-2.335456475583864,0.0,0.0,29591675.0,0.0,0.0,0.0,29591675.0,0.0,29591675.0
2025-07-15,2385.0,2390.0,2350.0,2355.0,19364.0,2.391304347826087,0.0,0.0,46205400.0,0.0,0.0,0.0,46205400.0,0.0,46205400.0
2025-07-16,2400.0,2400.0,2360.0,2360.0,24680.0,0.21231422505307856,0.0,0.0,58738810.0,0.0,0.0,0.0,58738810.0,0.0,58738810.0
2025-07-17,2390.0,2390.0,2355.0,2370.0,11300.0,0.423728813559322,0.0,0.0,26840135.0,0.0,0.0,0.0,26840135.0,0.0,26840135.0
2025-07-18,2400.0,2400.0,2345.0,2345.0,8506.0,-1.0548523206751055,0.0,0.0,20040035.0,0.0,0.0,0.0,20040035.0,0.0,20040035.0
2025-07-21,2390.0,2395.0,2375.0,2375.0,5262.0,1.279317697228145,0.0,0.0,12566995.0,0.0,0.0,0.0,12566995.0,0.0,12566995.0
2025-07-22,2375.0,2375.0,2340.0,2375.0,5062.0,0.0,0.0,0.0,11988680.0,0.0,0.0,0.0,11988680.0,0.0,11988680.0
2025-07-23,2375.0,2375.0,2320.0,2340.0,4764.0,-1.4736842105263157,0.0,0.0,11180185.0,0.0,0.0,0.0,11180185.0,0.0,11180185.0
2025-07-24,2340.0,2365.0,2225.0,2290.0,7011.0,-2.1367521367521367,0.0,0.0,16208440.0,0.0,0.0,0.0,16208440.0,0.0,16208440.0
2025-07-25,2285.0,2285.0,2275.0,2275.0,2228.0,-0.6550218340611353,0.0,0.0,5109980.0,0.0,0.0,0.0,5109980.0,0.0,5109980.0
2025-07-28,2275.0,2275.0,2185.0,2185.0,10730.0,-3.9560439560439558,0.0,0.0,23887565.0,0.0,0.0,0.0,23887565.0,0.0,23887565.0
2025-07-29,2220.0,2220.0,2115.0,2205.0,6238.0,0.9153318077803204,0.0,0.0,13491615.0,0.0,0.0,0.0,13491615.0,0.0,13491615.0
2025-07-30,2230.0,2235.0,2195.0,2225.0,4366.0,0.9070294784580499,0.0,0.0,9729025.0,0.0,0.0,0.0,9729025.0,0.0,9729025.0
2025-07-31,2245.0,2245.0,2200.0,2235.0,2368.0,0.44943820224719105,0.0,0.0,5293615.0,0.0,0.0,0.0,5293615.0,0.0,5293615.0
2025-08-01,2175.0,2190.0,2100.0,2190.0,28594.0,-2.013422818791946,0.0,0.0,60225490.0,0.0,0.0,0.0,60225490.0,0.0,60225490.0
2025-08-04,2190.0,2225.0,2130.0,2225.0,6421.0,1.5981735159817352,0.0,0.0,14061905.0,0.0,0.0,0.0,14061905.0,0.0,14061905.0
2025-08-05,2180.0,2245.0,2180.0,2225.0,9074.0,0.0,0.0,0.0,20306210.0,0.0,0.0,0.0,20306210.0,0.0,20306210.0
2025-08-06,2235.0,2235.0,2200.0,2225.0,3775.0,0.0,0.0,0.0,8394285.0,0.0,0.0,0.0,8394285.0,0.0,8394285.0
2025-08-07,2225.0,2225.0,2145.0,2215.0,5932.0,-0.44943820224719105,0.0,0.0,12885350.0,0.0,0.0,0.0,12885350.0,0.0,12885350.0
2025-08-08,2235.0,2255.0,2195.0,2230.0,3503.0,0.6772009029345373,0.0,0.0,7803190.0,0.0,0.0,0.0,7803190.0,0.0,7803190.0
2025-08-11,2225.0,2225.0,2175.0,2200.0,1527.0,-1.345291479820628,0.0,0.0,3363050.0,0.0,0.0,0.0,3363050.0,0.0,3363050.0
2025-08-12,2235.0,2235.0,2165.0,2220.0,1300.0,0.9090909090909091,0.0,0.0,2847030.0,0.0,0.0,0.0,2847030.0,0.0,2847030.0
2025-08-13,2225.0,2225.0,2170.0,2175.0,2628.0,-2.027027027027027,0.0,0.0,5762115.0,0.0,0.0,0.0,5762115.0,0.0,5762115.0
2025-08-14,2175.0,2260.0,2160.0,2210.0,4495.0,1.6091954022988506,0.0,0.0,9937835.0,0.0,0.0,0.0,9937835.0,0.0,9937835.0
2025-08-18,2210.0,2210.0,2180.0,2190.0,1188.0,-0.904977375565611,0.0,0.0,2602630.0,0.0,0.0,0.0,2602630.0,0.0,2602630.0
2025-08-19,2165.0,2200.0,2165.0,2195.0,710.0,0.228310502283105,0.0,0.0,1553770.0,0.0,0.0,0.0,1553770.0,0.0,1553770.0
2025-08-20,2195.0,2195.0,2135.0,2145.0,3983.0,-2.277904328018223,0.0,0.0,8601635.0,0.0,0.0,0.0,8601635.0,0.0,8601635.0
2025-08-21,2145.0,2145.0,2120.0,2120.0,1997.0,-1.1655011655011656,0.0,0.0,4272140.0,0.0,0.0,0.0,4272140.0,0.0,4272140.0
2025-08-22,2135.0,2140.0,2015.0,2015.0,7743.0,-4.952830188679245,0.0,0.0,16040755.0,0.0,0.0,0.0,16040755.0,0.0,16040755.0
2025-08-25,2045.0,2045.0,2010.0,2025.0,3506.0,0.49627791563275436,0.0,0.0,7127265.0,0.0,0.0,0.0,7127265.0,0.0,7127265.0
2025-08-26,2025.0,2025.0,1976.0,1981.0,7707.0,-2.1728395061728394,0.0,0.0,15325125.0,0.0,0.0,0.0,15325125.0,0.0,15325125.0
2025-08-27,2000.0,2005.0,1975.0,1982.0,7411.0,0.05047955577990913,0.0,0.0,14711051.0,0.0,0.0,0.0,14711051.0,0.0,14711051.0
2025-08-28,2000.0,2100.0,2000.0,2095.0,2494.0,5.701311806256307,0.0,0.0,5207440.0,0.0,0.0,0.0,5207440.0,0.0,5207440.0
2025-08-29,2100.0,2120.0,2095.0,2115.0,2347.0,0.9546539379474941,0.0,0.0,4946495.0,0.0,0.0,0.0,4946495.0,0.0,4946495.0
2025-09-01,2110.0,2110.0,2070.0,2070.0,2287.0,-2.127659574468085,0.0,0.0,4776620.0,0.0,0.0,0.0,4776620.0,0.0,4776620.0
2025-09-02,2070.0,2145.0,2015.0,2040.0,1545.0,-1.4492753623188406,0.0,0.0,3176545.0,0.0,0.0,0.0,3176545.0,0.0,3176545.0
2025-09-03,2090.0,2090.0,1990.0,2015.0,4450.0,-1.2254901960784315,0.0,0.0,8926130.0,0.0,0.0,0.0,8926130.0,0.0,8926130.0
2025-09-04,2030.0,2030.0,1999.0,2015.0,673.0,0.0,0.0,0.0,1354313.0,0.0,0.0,0.0,1354313.0,0.0,1354313.0
2025-09-05,2070.0,2070.0,1980.0,1985.0,9980.0,-1.488833746898263,0.0,0.0,19842414.0,0.0,0.0,0.0,19842414.0,0.0,19842414.0
2025-09-08,1986.0,2100.0,1986.0,2020.0,1290.0,1.7632241813602016,0.0,0.0,2682403.0,0.0,0.0,0.0,2682403.0,0.0,2682403.0
2025-09-09,2035.0,2080.0,2030.0,2030.0,5844.0,0.49504950495049505,0.0,0.0,12048325.0,0.0,0.0,0.0,12048325.0,0.0,12048325.0
2025-09-10,2070.0,2070.0,2020.0,2020.0,16363.0,-0.49261083743842365,0.0,0.0,33200410.0,0.0,0.0,0.0,33200410.0,0.0,33200410.0
2025-09-11,2035.0,2035.0,1996.0,1996.0,3134.0,-1.188118811881188,0.0,0.0,6263812.0,0.0,0.0,0.0,6263812.0,0.0,6263812.0
2025-09-12,2005.0,2005.0,1984.0,1990.0,8253.0,-0.30060120240480964,0.0,0.0,14815819.0,1596000.0,0.0,0.0,16411819.0,0.0,16411819.0
2025-09-15,1960.0,1990.0,1900.0,1900.0,63519.0,-4.522613065326634,0.0,0.0,120570887.0,0.0,0.0,0.0,120570887.0,0.0,120570887.0
2025-09-16,1855.0,1865.0,1844.0,1863.0,29310.0,-1.9473684210526316,0.0,0.0,54390869.0,0.0,0.0,0.0,54390869.0,0.0,54390869.0
2025-09-17,1863.0,1885.0,1857.0,1885.0,9449.0,1.1808910359634999,0.0,0.0,17645144.0,0.0,0.0,0.0,17645144.0,0.0,17645144.0
2025-09-18,1911.0,1930.0,1896.0,1930.0,10785.0,2.3872679045092835,0.0,0.0,20723703.0,0.0,0.0,0.0,20723703.0,0.0,20723703.0
2025-09-19,1965.0,1965.0,1900.0,1900.0,5850.0,-1.5544041450777202,0.0,0.0,11424914.0,0.0,0.0,0.0,11424914.0,0.0,11424914.0
2025-09-22,1850.0,1881.0,1850.0,1877.0,25028.0,-1.2105263157894737,0.0,0.0,46822369.0,0.0,0.0,0.0,46822369.0,0.0,46822369.0
2025-09-23,1881.0,1881.0,1851.0,1876.0,7769.0,-0.05327650506126798,0.0,0.0,14436711.0,0.0,0.0,0.0,14436711.0,0.0,14436711.0
2025-09-24,1876.0,1876.0,1842.0,1853.0,5206.0,-1.2260127931769722,0.0,0.0,9674438.0,0.0,0.0,0.0,9674438.0,0.0,9674438.0
2025-09-25,1873.0,1873.0,1852.0,1860.0,5463.0,0.37776578521316784,0.0,0.0,10158081.0,0.0,0.0,0.0,10158081.0,0.0,10158081.0
2025-09-26,1838.0,1860.0,1838.0,1848.0,3444.0,-0.6451612903225806,0.0,0.0,6359094.0,48100.0,0.0,0.0,6407194.0,0.0,6407194.0
2025-09-29,1848.0,2085.0,1848.0,2085.0,50667.0,12.824675324675324,0.0,0.0,104623710.0,303960.0,0.0,0.0,104927670.0,0.0,104927670.0
2025-09-30,2190.0,2710.0,2090.0,2710.0,244313.0,29.97601918465228,0.0,0.0,640771460.0,0.0,0.0,0.0,640771460.0,0.0,640771460.0
2025-10-01,2500.0,3070.0,2320.0,2320.0,440642.0,-14.391143911439114,0.0,0.0,1165254365.0,2658870.0,0.0,0.0,1166881180.0,1032055.0,1167913235.0
2025-10-02,2320.0,2600.0,2300.0,2600.0,113287.0,12.068965517241379,0.0,0.0,280520730.0,0.0,0.0,0.0,280520730.0,0.0,280520730.0
2025-10-10,2510.0,2935.0,2510.0,2800.0,149730.0,7.6923076923076925,0.0,0.0,408411945.0,3886435.0,0.0,13476260.0,395370475.0,3451645.0,412298380.0
2025-10-13,2725.0,2950.0,2725.0,2945.0,79769.0,5.178571428571429,0.0,0.0,228516850.0,2044000.0,0.0,0.0,227993625.0,2567225.0,230560850.0
2025-10-14,2925.0,2925.0,2670.0,2705.0,74694.0,-8.149405772495756,0.0,0.0,198203975.0,6138230.0,0.0,0.0,204245905.0,96300.0,204342205.0
2025-10-15,2705.0,2705.0,2540.0,2580.0,57551.0,-4.621072088724584,0.0,0.0,147507825.0,1670905.0,0.0,0.0,149178730.0,0.0,149178730.0
2025-10-16,2640.0,2730.0,2480.0,2480.0,40289.0,-3.875968992248062,0.0,0.0,103893895.0,0.0,0.0,0.0,103893895.0,0.0,103893895.0
2025-10-17,2575.0,2575.0,2400.0,2540.0,15145.0,2.4193548387096775,0.0,0.0,37379100.0,122400.0,0.0,0.0,33568860.0,3932640.0,37501500.0
2025-10-20,2560.0,2620.0,2495.0,2615.0,20852.0,2.952755905511811,0.0,0.0,53610315.0,0.0,0.0,0.0,53610315.0,0.0,53610315.0
2025-10-21,2650.0,2650.0,2500.0,2540.0,19618.0,-2.8680688336520075,0.0,0.0,49626505.0,0.0,0.0,0.0,49626505.0,0.0,49626505.0
2025-10-22,2540.0,2540.0,2500.0,2520.0,8871.0,-0.7874015748031495,0.0,0.0,22264060.0,0.0,0.0,0.0,22264060.0,0.0,22264060.0
2025-10-23,2530.0,2530.0,2375.0,2405.0,23441.0,-4.563492063492063,0.0,0.0,56024440.0,830000.0,0.0,0.0,56031080.0,823360.0,56854440.0
2025-10-24,2405.0,2405.0,2350.0,2400.0,34944.0,-0.2079002079002079,0.0,0.0,83304265.0,0.0,0.0,0.0,83304265.0,0.0,83304265.0
2025-10-27,2400.0,2445.0,2400.0,2425.0,14279.0,1.0416666666666665,0.0,0.0,34633780.0,0.0,0.0,0.0,34633780.0,0.0,34633780.0
2025-10-28,2425.0,2425.0,2335.0,2360.0,10314.0,-2.6804123711340204,0.0,0.0,24207940.0,118250.0,0.0,0.0,24009170.0,317020.0,24326190.0
2025-10-29,2310.0,2350.0,2280.0,2345.0,23377.0,-0.6355932203389831,0.0,0.0,53621450.0,0.0,0.0,0.0,48738110.0,4883340.0,53621450.0
2025-10-30,2365.0,2365.0,2325.0,2355.0,8001.0,0.42643923240938164,0.0,0.0,18403740.0,468000.0,0.0,0.0,18871740.0,0.0,18871740.0
2025-10-31,2355.0,2360.0,2300.0,2330.0,7484.0,-1.0615711252653928,0.0,0.0,17371385.0,0.0,0.0,0.0,16561635.0,809750.0,17371385.0
2025-11-03,2330.0,2330.0,2300.0,2300.0,14362.0,-1.2875536480686696,0.0,0.0,33368910.0,0.0,0.0,0.0,32911530.0,457380.0,33368910.0
2025-11-04,2340.0,2340.0,2255.0,2265.0,4842.0,-1.5217391304347827,0.0,0.0,11089270.0,0.0,0.0,0.0,11089270.0,0.0,11089270.0
2025-11-05,2200.0,2200.0,2190.0,2195.0,26491.0,-3.090507726269316,0.0,0.0,58196395.0,0.0,0.0,0.0,58196395.0,0.0,58196395.0
2025-11-06,2195.0,2195.0,2160.0,2160.0,9969.0,-1.5945330296127564,0.0,0.0,21749685.0,0.0,0.0,0.0,21749685.0,0.0,21749685.0
2025-11-07,2110.0,2130.0,2100.0,2120.0,5595.0,-1.8518518518518516,0.0,0.0,11838910.0,0.0,0.0,0.0,11838910.0,0.0,11838910.0
2025-11-10,2130.0,2200.0,2130.0,2195.0,9306.0,3.5377358490566038,0.0,0.0,20212660.0,0.0,0.0,0.0,20212660.0,0.0,20212660.0
2025-11-11,2240.0,2240.0,2155.0,2160.0,4952.0,-1.5945330296127564,0.0,0.0,10774030.0,0.0,0.0,0.0,10774030.0,0.0,10774030.0
2025-11-12,2190.0,2190.0,2160.0,2175.0,6695.0,0.6944444444444444,0.0,0.0,14481265.0,0.0,0.0,0.0,14481265.0,0.0,14481265.0
2025-11-13,2185.0,2225.0,2175.0,2220.0,4285.0,2.0689655172413794,0.0,0.0,9392735.0,0.0,0.0,0.0,9392735.0,0.0,9392735.0
2025-11-14,2215.0,2225.0,2185.0,2215.0,3764.0,-0.22522522522522523,0.0,0.0,8315995.0,0.0,0.0,0.0,8315995.0,0.0,8315995.0
2025-11-17,2215.0,2215.0,2160.0,2195.0,3746.0,-0.9029345372460496,0.0,0.0,8192375.0,0.0,0.0,0.0,8192375.0,0.0,8192375.0
2025-11-18,2220.0,2220.0,2140.0,2140.0,1373.0,-2.5056947608200453,0.0,0.0,2976665.0,0.0,0.0,0.0,2976665.0,0.0,2976665.0
2025-11-19,2150.0,2150.0,2095.0,2150.0,11502.0,0.46728971962616817,0.0,0.0,24216450.0,0.0,0.0,0.0,24216450.0,0.0,24216450.0
2025-11-20,2250.0,2250.0,2220.0,2235.0,2041.0,3.953488372093023,0.0,0.0,4575780.0,0.0,0.0,0.0,4575780.0,0.0,4575780.0
2025-11-21,2250.0,2250.0,2160.0,2235.0,8204.0,0.0,0.0,0.0,18304825.0,0.0,0.0,0.0,18304825.0,0.0,18304825.0
2025-11-24,2260.0,2260.0,2160.0,2185.0,4720.0,-2.237136465324385,0.0,0.0,10257985.0,0.0,0.0,0.0,10257985.0,0.0,10257985.0
2025-11-25,2160.0,2185.0,2155.0,2155.0,5265.0,-1.3729977116704806,0.0,0.0,11375210.0,0.0,0.0,0.0,11375210.0,0.0,11375210.0
2025-11-26,2185.0,2190.0,2145.0,2190.0,4723.0,1.6241299303944314,0.0,0.0,10227895.0,0.0,0.0,0.0,10227895.0,0.0,10227895.0
2025-11-27,2225.0,2225.0,2165.0,2165.0,3155.0,-1.141552511415525,0.0,0.0,6873900.0,0.0,0.0,0.0,6873900.0,0.0,6873900.0
2025-11-28,2165.0,2175.0,2100.0,2100.0,5851.0,-3.0023094688221708,0.0,0.0,12462465.0,0.0,0.0,0.0,12462465.0,0.0,12462465.0
2025-12-01,2160.0,2160.0,2100.0,2125.0,4372.0,1.1904761904761905,0.0,0.0,9269065.0,0.0,0.0,0.0,9269065.0,0.0,9269065.0
2025-12-02,2110.0,2110.0,2070.0,2090.0,17565.0,-1.647058823529412,0.0,0.0,36486765.0,0.0,0.0,0.0,36486765.0,0.0,36486765.0
2025-12-03,2085.0,2175.0,2080.0,2170.0,6281.0,3.827751196172249,0.0,0.0,13337035.0,0.0,0.0,0.0,13337035.0,0.0,13337035.0
2025-12-04,2170.0,2170.0,2155.0,2160.0,1714.0,-0.4608294930875576,0.0,0.0,3716200.0,0.0,0.0,0.0,3716200.0,0.0,3716200.0
2025-12-05,2160.0,2180.0,2115.0,2180.0,1666.0,0.9259259259259258,0.0,0.0,3570740.0,0.0,0.0,0.0,3570740.0,0.0,3570740.0
2025-12-08,2195.0,2195.0,2140.0,2180.0,3772.0,0.0,0.0,0.0,8211980.0,0.0,0.0,0.0,8211980.0,0.0,8211980.0
2025-12-09,2180.0,2180.0,2130.0,2170.0,4301.0,-0.45871559633027525,0.0,0.0,9252090.0,0.0,0.0,0.0,9252090.0,0.0,9252090.0
2025-12-10,2170.0,2185.0,2150.0,2170.0,3422.0,0.0,0.0,0.0,7421320.0,0.0,0.0,0.0,7421320.0,0.0,7421320.0
2025-12-11,2190.0,2190.0,2135.0,2175.0,5842.0,0.2304147465437788,0.0,0.0,12741320.0,0.0,0.0,0.0,12741320.0,0.0,12741320.0
2025-12-12,2175.0,2195.0,2160.0,2175.0,2487.0,0.0,0.0,0.0,5380605.0,0.0,0.0,0.0,5380605.0,0.0,5380605.0
2025-12-15,2175.0,2175.0,2130.0,2130.0,928.0,-2.0689655172413794,0.0,0.0,1990980.0,0.0,0.0,0.0,1990980.0,0.0,1990980.0
2025-12-16,2135.0,2135.0,2030.0,2105.0,9413.0,-1.1737089201877933,0.0,0.0,19417100.0,0.0,0.0,0.0,19417100.0,0.0,19417100.0
2025-12-17,2105.0,2105.0,2030.0,2070.0,6438.0,-1.66270783847981,0.0,0.0,13153360.0,0.0,0.0,0.0,13153360.0,0.0,13153360.0
2025-12-18,2070.0,2070.0,2040.0,2040.0,13662.0,-1.4492753623188406,0.0,0.0,27962360.0,0.0,0.0,0.0,27962360.0,0.0,27962360.0
2025-12-19,2075.0,2195.0,2055.0,2195.0,29173.0,7.598039215686274,0.0,0.0,60413065.0,0.0,0.0,0.0,57086800.0,3326265.0,60413065.0
2025-12-22,2210.0,2310.0,2170.0,2170.0,13882.0,-1.1389521640091116,0.0,0.0,31054400.0,0.0,0.0,0.0,31052195.0,2205.0,31054400.0
2025-12-23,2135.0,2285.0,2135.0,2285.0,23706.0,5.299539170506913,0.0,0.0,53438305.0,0.0,0.0,0.0,53438305.0,0.0,53438305.0
2025-12-24,2395.0,2395.0,2250.0,2350.0,20445.0,2.8446389496717726,0.0,0.0,48137255.0,0.0,0.0,0.0,48137255.0,0.0,48137255.0
2025-12-26,2360.0,2370.0,2300.0,2300.0,15218.0,-2.127659574468085,0.0,0.0,35715975.0,0.0,0.0,0.0,35715975.0,0.0,35715975.0
2025-12-29,2250.0,2550.0,2220.0,2550.0,50639.0,10.869565217391305,0.0,0.0,125574600.0,0.0,0.0,0.0,125574600.0,0.0,125574600.0
2025-12-30,2610.0,2745.0,2385.0,2490.0,60294.0,-2.3529411764705883,0.0,0.0,157101870.0,0.0,0.0,0.0,157101870.0,0.0,157101870.0
